document_number,question,answer,num_hops,num_set_operations,multiple_answer_dimension
102,In what organization does adam finerman work?,olshan frome wolosky llp,1,0,0
102,In what organization does katherine bell work?,paul hastings llp,1,0,0
102,In what organization does kathy r plisko work?,wells fargo bank national association,1,0,0
116,In what organization does nicholas jordan work?,cibc bank usa,1,0,0
116,In what organization does orit mizrachi work?,morgan stanley direct lending fund,1,0,0
116,In what organization does venu rathi work?,morgan stanley direct lending fund,1,0,0
116,In what organization does venugopal rathi work?,morgan stanley direct lending fund,1,0,0
117,In what organization does chris burns work?,hsbc bank usa national association,1,0,0
117,In what organization does dawn mace moore work?,wells fargo bank national association,1,0,0
117,In what organization does jim a swanson work?,columbia sportswear company,1,0,0
117,In what organization does kirsten jakobsen work?,royal bank of canada,1,0,0
117,In what organization does lynn braun work?,jpmorgan chase bank na,1,0,0
117,In what organization does michael snook work?,bank of america na,1,0,0
103,In what organization does gavin baiera work?,angelo gordonand co lp,1,0,0
103,In what organization does matthew trybula work?,cortland capital market services llc,1,0,0
103,In what organization does paul a barker work?,claires luxembourg sa rl,1,0,0
103,In what organization does stephen sernett work?,claires gibraltar holdings limited,1,0,0
14,In what organization does james harris work?,pacific drilling sa,1,0,0
129,In what organization does elizabeth a jordan work?,jpmorgan chase bank na,1,0,0
115,In what organization does adam rose work?,bank of america na,1,0,0
101,In what organization does deborah t purvin work?,texas capital bank national association,1,0,0
101,In what organization does spencer sockwell work?,legacytexas bank,1,0,0
101,In what organization does stanton m nelson work?,foundation healthcare inc,1,0,0
100,In what organization does alexis coyle work?,east west bank,1,0,0
100,In what organization does christopher m ames work?,hsbc bank usa,1,0,0
100,In what organization does dan johnston work?,omnicellinc,1,0,0
100,In what organization does darran wee work?,citizens bank national association,1,0,0
100,In what organization does lee merkle raymond work?,bank of the west,1,0,0
100,In what organization does mark strzynski work?,comerica bank,1,0,0
100,In what organization does marshall trenckmann work?,jpmorgan chase bank,1,0,0
100,In what organization does min park work?,suntrust bank,1,0,0
100,In what organization does peter kuipers work?,omnicellinc,1,0,0
100,In what organization does ray aguilar work?,wells fargo bank national association,1,0,0
100,In what organization does sony ben moshe work?,lathamand watkins llp,1,0,0
100,In what organization does teuta ghilaga work?,mufg union bank,1,0,0
100,In what organization does thomas avery work?,fifth third bank,1,0,0
100,In what organization does tyler j mei work?,bbva compass,1,0,0
114,In what organization does maurice amsellem work?,apollo capital management gp llc,1,0,0
128,In what organization does derek jensen work?,wells fargo bank national association,1,0,0
128,In what organization does frank pelzer work?,f5 networks inc,1,0,0
128,In what organization does gill skala work?,barclays bank plc,1,0,0
128,In what organization does leni preciado work?,bank of the west,1,0,0
128,In what organization does mario de luca work?,silicon valley bank,1,0,0
128,In what organization does nicholas heslip work?,royal bank of canada,1,0,0
128,In what organization does ryan zimmerman work?,jpmorgan chase bank na,1,0,0
128,In what organization does timothy g holsapple work?,bank of america na,1,0,0
29,In what organization does efrain rivera work?,paychex inc,1,0,0
15,In what organization does jared randall work?,ubs ag,1,0,0
15,In what organization does racquel ac small work?,ubs ag,1,0,0
15,In what organization does shawn matthews work?,2477 deerfield drive llc,1,0,0
39,In what organization does david b thayer work?,pnc bank national association,1,0,0
39,In what organization does james foley work?,bank of america na,1,0,0
11,In what organization does carolyn kee work?,citibank na,1,0,0
11,In what organization does craig malloy work?,barclays bank plc,1,0,0
11,In what organization does john j tus work?,honeywell international inc,1,0,0
11,In what organization does mukesh singh work?,bank of america na,1,0,0
11,In what organization does robert ehudin work?,goldman sachs bank usa,1,0,0
11,In what organization does virginia cosenza work?,deutsche bank ag new york branch,1,0,0
110,In what organization does alan dawson work?,the bank of nova scotia houston branch,1,0,0
110,In what organization does alia qaddumi work?,bank of america na,1,0,0
110,In what organization does annie dorval work?,the toronto dominion bank new york branch,1,0,0
110,In what organization does brendan heneghan work?,bnp paribas,1,0,0
110,In what organization does dave katz work?,jpmorgan chase bank na,1,0,0
110,In what organization does david l berger work?,bnp paribas,1,0,0
110,In what organization does donna demagistris work?,mizuho bank ltd,1,0,0
110,In what organization does houssem daly work?,ubs ag stamford branch,1,0,0
110,In what organization does jason s york work?,royal bank of canada,1,0,0
110,In what organization does john prigge work?,us bank national association,1,0,0
110,In what organization does josh rosenthal work?,goldman sachs bank usa,1,0,0
110,In what organization does kenneth chin work?,ubs ag stamford branch,1,0,0
110,In what organization does michael zeller work?,citibank na,1,0,0
110,In what organization does nathan starr work?,wells fargo bank national association,1,0,0
110,In what organization does peter gilgen work?,mplx gp llc,1,0,0
110,In what organization does stephen hoffman work?,the huntington national bank,1,0,0
110,In what organization does stephen monto work?,pnc bank national association,1,0,0
110,In what organization does sydney g dennis work?,barclays bank plc,1,0,0
110,In what organization does traci bankston work?,the bank of tokyo mitsubishi ufj ltd,1,0,0
110,In what organization does yann pirio work?,suntrust bank,1,0,0
104,In what organization does andre s valentine work?,convergys corporation,1,0,0
104,In what organization does david r wiedwald work?,convergys corporation,1,0,0
104,In what organization does diane emanuel work?,the bank of nova scotia,1,0,0
104,In what organization does jeffrey p fisher work?,pnc bank national association,1,0,0
104,In what organization does john di legge work?,the northern trust company,1,0,0
104,In what organization does kyle r holtz work?,wells fargo bank national association,1,0,0
104,In what organization does lillian kim work?,the bank of tokyo mitsubishi ufj ltd,1,0,0
104,In what organization does mark irey work?,us bank national association,1,0,0
104,In what organization does maurici lladó work?,banco de sabadell sa miami branch,1,0,0
104,In what organization does michael vondriska work?,citibank na,1,0,0
104,In what organization does robert kling work?,bank of america na,1,0,0
104,In what organization does ryan durkin work?,goldman sachs bank usa,1,0,0
104,In what organization does sherlyn nelson work?,the huntington national bank,1,0,0
104,In what organization does steven aloupis work?,standard chartered bank,1,0,0
104,In what organization does ted koerner work?,cobank acb,1,0,0
104,In what organization does william w carroll work?,associated bank na,1,0,0
138,In what organization does adeel khan work?,rexford industrial realty lp,1,0,0
138,In what organization does christopher harahan work?,us bank national association,1,0,0
138,In what organization does frederick h denecke work?,capital one national association,1,0,0
138,In what organization does nicolas zitelli work?,pnc bank national association,1,0,0
139,In what organization does arthur chen work?,land bank of taiwan new york branch,1,0,0
139,In what organization does bertram h tang work?,mizuho bank ltd,1,0,0
139,In what organization does bruce s borden work?,jpmorgan chase bank na,1,0,0
139,In what organization does christopher keenan work?,pnc bank national association,1,0,0
139,In what organization does cynthia w burton work?,suntrust bank,1,0,0
139,In what organization does david clark work?,citizens bank na,1,0,0
139,In what organization does david w kee work?,sumitomo mitsui banking corporation,1,0,0
139,In what organization does eric ridgway work?,bank of america na,1,0,0
139,In what organization does glen mastey work?,fifth third bank,1,0,0
139,In what organization does jay a brown work?,crown castle international corp,1,0,0
139,In what organization does kestrina budina work?,crédit agricole corporate and investment bank,1,0,0
139,In what organization does lennie blakeslee work?,cobank acb,1,0,0
139,In what organization does linda tam work?,societe generale,1,0,0
139,In what organization does michael vondriska work?,citibank na,1,0,0
139,In what organization does ola anderssen work?,the bank of tokyo mitsubishi ufj ltd,1,0,0
139,In what organization does peter c rogers work?,wells fargo bank na,1,0,0
139,In what organization does ronnie glenn work?,barclays bank plc,1,0,0
139,In what organization does savo bozic work?,toronto dominion new york llc,1,0,0
139,In what organization does sheldon pinto work?,royal bank of canada,1,0,0
139,In what organization does shivani agarwal work?,td bank na,1,0,0
139,In what organization does tanya crossley work?,crédit agricole corporate and investment bank,1,0,0
105,In what organization does gary s loffredo work?,cinedigm corp,1,0,0
105,In what organization does xu peixin work?,bison entertainment and media group,1,0,0
111,In what organization does bill seabrook work?,national australia bank limited,1,0,0
111,In what organization does clive paul thomas work?,enstar us asia pac holdings limited,1,0,0
111,In what organization does doug kennedy work?,suntrust bank,1,0,0
111,In what organization does duncan scott work?,kenmare holdings ltd,1,0,0
111,In what organization does eoin naughton work?,barclays bank plc,1,0,0
111,In what organization does guy bowker work?,enstar group limited,1,0,0
111,In what organization does hector j varona work?,jpmorgan chase bank na,1,0,0
111,In what organization does kevin chan work?,the bank of nova scotia,1,0,0
111,In what organization does louise twiss west work?,hsbc bank bermuda limited,1,0,0
111,In what organization does neville grant work?,hsbc bank bermuda limited,1,0,0
111,In what organization does william r goley work?,wells fargo bank national association,1,0,0
10,In what organization does alex figueroa work?,royal bank of canada,1,0,0
10,In what organization does kenise henry larmond work?,jpmorgan chase bank na,1,0,0
10,In what organization does michael king work?,morgan stanley senior fundinginc,1,0,0
10,In what organization does rodney beeks work?,bank of america na,1,0,0
10,In what organization does shane m leary work?,keybank national association,1,0,0
10,In what organization does susan khokher work?,royal bank of canada,1,0,0
10,In what organization does terence f sullivan work?,victory capital holdingsinc,1,0,0
38,In what organization does albert l richey work?,anadarko petroleum corporation,1,0,0
38,In what organization does ann rhoads work?,bnp paribas,1,0,0
38,In what organization does borden tennant work?,wells fargo bank national association,1,0,0
38,In what organization does dave katz work?,jpmorgan chase bank na,1,0,0
38,In what organization does david kee work?,sumitomo mitsui banking corporation,1,0,0
38,In what organization does dennis petito work?,credit agricole corporate and investment,1,0,0
38,In what organization does diego medina work?,societe generale,1,0,0
38,In what organization does donna demagistris work?,mizuho bank ltd,1,0,0
38,In what organization does houssem daly work?,ubs ag,1,0,0
38,In what organization does hussam s alsahlani work?,the bank of new york mellon,1,0,0
38,In what organization does j frazell work?,the bank of nova scotia,1,0,0
38,In what organization does jamie grubb work?,dnb capital llc,1,0,0
38,In what organization does joe hykle work?,dnb capital llc,1,0,0
38,In what organization does kenneth chin work?,ubs ag,1,0,0
38,In what organization does kenneth phelan work?,bank of america na,1,0,0
38,In what organization does maureen maroney work?,citibank na,1,0,0
38,In what organization does michael king work?,morgan stanley bank na,1,0,0
38,In what organization does michael willis work?,credit agricole corporate and investment,1,0,0
38,In what organization does ming k chu work?,deutsche bank ag,1,0,0
38,In what organization does nupur kumar work?,credit suisse ag,1,0,0
38,In what organization does pablo gonzalez spahr work?,the standard bank of south africa limited,1,0,0
38,In what organization does rebecca kratz work?,goldman sachs bank usa,1,0,0
38,In what organization does ross levitsky work?,deutsche bank ag,1,0,0
38,In what organization does sherwin brandford work?,the bank of tokyo mitsubishi ufj ltd,1,0,0
38,In what organization does sriram chandrasekaran work?,bnp paribas,1,0,0
38,In what organization does stefan dickenmann work?,credit suisse ag,1,0,0
38,In what organization does steven aloupis work?,standard chartered bank,1,0,0
38,In what organization does vanessa kurbatskiy work?,barclays bank plc,1,0,0
12,In what organization does aidan clare work?,walgreens boots alliance inc,1,0,0
12,In what organization does conan schleicher work?,us bank national association,1,0,0
12,In what organization does dawn lee lum work?,jpmorgan chase bank na,1,0,0
12,In what organization does francesco di mario work?,intesa sanpaolo spa new york branch,1,0,0
12,In what organization does graham gibson work?,national westminster bank plc,1,0,0
12,In what organization does gráinne kelly work?,walgreens boots alliance inc,1,0,0
12,In what organization does j casey cosgrove work?,bank of america na,1,0,0
12,In what organization does jack lonker work?,mufg bank ltd,1,0,0
12,In what organization does linh dang work?,the toronto dominion bank new york branch,1,0,0
12,In what organization does lorenzo rodino work?,intesa sanpaolo spa new york branch,1,0,0
12,In what organization does luca balestra work?,unicredit bank ag new york branch,1,0,0
12,In what organization does marco pagni work?,walgreens boots alliance inc,1,0,0
12,In what organization does sara la berg work?,walgreens boots alliance inc,1,0,0
12,In what organization does thilo huber work?,unicredit bank ag new york branch,1,0,0
12,In what organization does thomas foley work?,hsbc bank usa na,1,0,0
12,In what organization does tracy rahn work?,mizuho bank ltd,1,0,0
107,In what organization does ritam bhalla work?,barclays bank plc,1,0,0
113,In what organization does jonathan m phillips work?,bank of america na,1,0,0
113,In what organization does michael doar work?,hurco companies inc,1,0,0
112,In what organization does amy u lessner work?,jpmorgan chase bank na,1,0,0
112,In what organization does michael a doyle work?,forrester research inc,1,0,0
112,In what organization does robert c megan work?,bank of america na,1,0,0
112,In what organization does sean riordan work?,citizens bank na,1,0,0
106,In what organization does ann hurley work?,royal bank of canada,1,0,0
106,In what organization does joselin fernandes work?,ubs ag stamford branch,1,0,0
106,In what organization does kirkwood roland work?,citibank na,1,0,0
106,In what organization does lana gifas work?,ubs ag stamford branch,1,0,0
106,In what organization does robert ehudin work?,goldman sachs bank usa,1,0,0
106,In what organization does thomas casey work?,royal bank of canada,1,0,0
106,In what organization does vanessa a kurbatskiy work?,barclays bank plc,1,0,0
13,In what organization does tracy d jackson work?,cvr energyinc,1,0,0
60,In what organization does anthony galea work?,jpmorgan chase bank na,1,0,0
60,In what organization does bernadette collins work?,td bank na,1,0,0
60,In what organization does caroline smith work?,bank of the west,1,0,0
60,In what organization does eric h williams work?,pnc bank national association,1,0,0
60,In what organization does greg strauss work?,wells fargo bank national association,1,0,0
60,In what organization does harry yergey work?,bank of the west,1,0,0
60,In what organization does jason rinne work?,the bank of nova scotia,1,0,0
60,In what organization does joshua dearmon work?,capital one national association,1,0,0
60,In what organization does laura dodd work?,city national bank a national banking association,1,0,0
60,In what organization does lukas coleman work?,us bank national association,1,0,0
60,In what organization does marc h crown work?,leidos holdings inc,1,0,0
60,In what organization does michael maguire work?,sumitomo mitsui banking corporation,1,0,0
60,In what organization does michael s barnett work?,fifth third bank national association,1,0,0
60,In what organization does oscar cortez work?,mufg bank ltd,1,0,0
60,In what organization does patrick hartweger work?,bank of montreal,1,0,0
60,In what organization does ryan durkin work?,goldman sachs bank usa,1,0,0
60,In what organization does stephanie herndon work?,regions bank,1,0,0
60,In what organization does susan m olsen work?,citibank na,1,0,0
60,In what organization does thor oconnell work?,bank of america na,1,0,0
60,In what organization does tracy rahn work?,mizuho bank ltd,1,0,0
74,In what organization does christopher day work?,credit suisse ag cayman islands branch,1,0,0
74,In what organization does christopher t mckee work?,gtt communicationsinc,1,0,0
74,In what organization does jeff kalinowski work?,keybank national association,1,0,0
74,In what organization does jon singer work?,credit suisse securities usa llc,1,0,0
74,In what organization does karim rahimtoola work?,credit suisse ag cayman islands branch,1,0,0
74,In what organization does nick hahn work?,suntrust bank,1,0,0
74,In what organization does stacy moritz work?,keybanc capital markets inc,1,0,0
74,In what organization does todd m koetje work?,suntrust robinson humphreyinc,1,0,0
48,In what organization does jonathan rose work?,enbridge energy partners lp,1,0,0
48,In what organization does stephen j neyland work?,enbridge energy management llc,1,0,0
149,In what organization does seth burroughs work?,xcel brands inc,1,0,0
161,In what organization does joe white work?,the huntington national bank,1,0,0
161,In what organization does john wilgus work?,first financial bank,1,0,0
161,In what organization does jonas robinson work?,bmo harris bank na,1,0,0
161,In what organization does raymond j pacini work?,modiv operating partnership lp,1,0,0
161,In what organization does ryan almond work?,truist bank,1,0,0
161,In what organization does sean apicella work?,sandt bank,1,0,0
161,In what organization does thomas z schmitt work?,keybank national association,1,0,0
161,In what organization does zachary braun work?,synovus bank,1,0,0
160,In what organization does amanuel assefa work?,bank of america na,1,0,0
160,In what organization does daniel d tempesta work?,nuance communications inc,1,0,0
160,In what organization does helen d davis work?,jpmorgan chase bank na,1,0,0
160,In what organization does joseph siri work?,mufg bank ltd,1,0,0
160,In what organization does martin corrigan work?,barclays bank plc,1,0,0
160,In what organization does michael king work?,morgan stanley bank na,1,0,0
160,In what organization does robert g shaw work?,citibank na,1,0,0
160,In what organization does steve curran work?,truist bank,1,0,0
148,In what organization does craig malloy work?,barclays bank plc,1,0,0
148,In what organization does emily chott work?,td bank,1,0,0
148,In what organization does greg strauss work?,wells fargo bank,1,0,0
148,In what organization does jonathan eady work?,national westminster bank plc,1,0,0
148,In what organization does jonathan f lindvall work?,us bank national association,1,0,0
148,In what organization does karim remtoula work?,bnp paribas,1,0,0
148,In what organization does katherine bass work?,truist bank,1,0,0
148,In what organization does kevin berryman work?,jacobs engineering group inc,1,0,0
148,In what organization does liliana claar work?,bank of america,1,0,0
148,In what organization does meng zhang work?,mufg union bank,1,0,0
148,In what organization does michael king work?,morgan stanley bank,1,0,0
148,In what organization does mukesh singh work?,bank of america,1,0,0
148,In what organization does p nicholas rogers work?,bnp paribas,1,0,0
148,In what organization does peter s preoun work?,jpmorgan chase bank,1,0,0
148,In what organization does r ruining nguyen work?,pnc bank,1,0,0
148,In what organization does rumesha ahmed work?,hsbc bank usa,1,0,0
148,In what organization does todd kennedy work?,the bank of nova scotia,1,0,0
148,In what organization does will hicks work?,the northern trust company,1,0,0
75,In what organization does justin b kelley work?,jpmorgan chase bank,1,0,0
75,In what organization does karl johnsen work?,aspen technologyinc,1,0,0
61,In what organization does amanuel assefa work?,bank of america na,1,0,0
61,In what organization does brian l shytle work?,citrix systems inc,1,0,0
61,In what organization does bridgett j manduk mowry work?,bank of america na,1,0,0
61,In what organization does christopher shafto work?,wells fargo bank national association,1,0,0
61,In what organization does gregory paul work?,bnp paribas,1,0,0
61,In what organization does jim cahow work?,citibank na,1,0,0
61,In what organization does liz cheng work?,bnp paribas,1,0,0
61,In what organization does maria riaz work?,jpmorgan chase bank na,1,0,0
61,In what organization does marko lukin work?,deutsche bank ag new york branch,1,0,0
61,In what organization does ming k chu work?,deutsche bank ag new york branch,1,0,0
77,In what organization does blair w todt work?,wellcare health plans inc,1,0,0
77,In what organization does david c mruk work?,us bank national association,1,0,0
77,In what organization does hector j varona work?,jpmorgan chase bank,1,0,0
77,In what organization does katherine bass work?,suntrust bank,1,0,0
77,In what organization does kenneth c misemer work?,hancock bank,1,0,0
77,In what organization does mark hardison work?,bank of america,1,0,0
77,In what organization does matthew olson work?,wells fargo bank national association,1,0,0
77,In what organization does rebecca kratz work?,goldman sachs bank usa,1,0,0
77,In what organization does teresa stinson work?,cadence bank,1,0,0
77,In what organization does teuta ghilaga work?,mufg union bank,1,0,0
88,In what organization does r scott turicchi work?,j2 cloud services llc,1,0,0
88,In what organization does westley white work?,mufg union bank,1,0,0
162,In what organization does corbin m womac work?,wells fargo bank na,1,0,0
162,In what organization does ivan davey work?,citibank na,1,0,0
162,In what organization does jay fort work?,hsbc bank usa na,1,0,0
162,In what organization does michael j niedermaier work?,canrig drilling technology canada ltd,1,0,0
162,In what organization does michael king work?,morgan stanley senior funding inc,1,0,0
162,In what organization does thomas manning work?,goldman sachs bank usa,1,0,0
163,In what organization does brian m carolan work?,commvault systems inc,1,0,0
163,In what organization does david tepper work?,jpmorgan chase bank na,1,0,0
89,In what organization does james b pekarek work?,agiliti surgical inc,1,0,0
89,In what organization does james pekarek work?,agiliti healthinc,1,0,0
89,In what organization does lee neumann work?,agiliti healthinc,1,0,0
89,In what organization does matthew mccabe work?,agiliti healthinc,1,0,0
89,In what organization does sabir hashmy work?,jpmorgan chase bank,1,0,0
62,In what organization does annie dorval work?,toronto dominion texas llc,1,0,0
62,In what organization does brian macfarlane work?,the toronto dominion bank new york branch,1,0,0
62,In what organization does gretchen l holloway work?,michigan electric transmission company llc,1,0,0
62,In what organization does pradeep mehra work?,td securities usa llc,1,0,0
76,In what organization does john w hohener work?,microsemi corporation,1,0,0
76,In what organization does jonathon rauen work?,morgan stanley senior funding inc,1,0,0
72,In what organization does carolyn kee work?,citibank,1,0,0
72,In what organization does craig a douglas work?,stanley blackand decker inc,1,0,0
72,In what organization does john summers work?,citigroup global markets inc,1,0,0
72,In what organization does kay reedy work?,wells fargo securities llc,1,0,0
72,In what organization does ryan durkin work?,goldman sachs bank usa,1,0,0
66,In what organization does ben snodgrass work?,pnc bank national association,1,0,0
66,In what organization does bret douglas work?,dnb capital llc,1,0,0
66,In what organization does brian m bonnell work?,icu medical inc,1,0,0
66,In what organization does cecile segovia work?,bank of thewest,1,0,0
66,In what organization does darin mullis work?,wells fargo bank national association,1,0,0
66,In what organization does erik barragan work?,jpmorgan chase bank na,1,0,0
66,In what organization does erin robinson work?,silicon valley bank,1,0,0
66,In what organization does james riley work?,citibank na,1,0,0
66,In what organization does joseph d hricovsky work?,the huntington national bank,1,0,0
66,In what organization does karen m dahlquist work?,capital one national association,1,0,0
66,In what organization does kathryn e benjamin work?,hsbc bank usa national association,1,0,0
66,In what organization does kevin wood work?,mufg bank ltd,1,0,0
66,In what organization does kristie li work?,dnb capital llc,1,0,0
66,In what organization does tanille ingle work?,keybank national association,1,0,0
66,In what organization does tom priedeman work?,us bank national association,1,0,0
99,In what organization does adriaan weststrate work?,coöperatieve centrale raiffeisen boerenleenbank ba rabobank,1,0,0
99,In what organization does anne h lovette work?,synovus bank,1,0,0
99,In what organization does carol s titus work?,avenue bank,1,0,0
99,In what organization does chris ciavarra work?,cb music llc,1,0,0
99,In what organization does christine howatt work?,the bank of tokyo mitsubishi ufj ltd,1,0,0
99,In what organization does elizabeth wilson work?,rocking chair inc,1,0,0
99,In what organization does henry spark work?,suntrust bank,1,0,0
99,In what organization does jeff pavlik work?,greenstone farm credit services,1,0,0
99,In what organization does john thurman work?,pnc bank national association,1,0,0
99,In what organization does laura daily work?,cbocs distribution inc,1,0,0
99,In what organization does lawrence e hyatt work?,crackerbarreloldcountrystoreinc,1,0,0
99,In what organization does lisa r cook work?,fifth third bank,1,0,0
99,In what organization does mac atsup work?,first tennessee bank national association,1,0,0
99,In what organization does michael t harder work?,coöperatieve centrale raiffeisen boerenleenbank ba rabobank,1,0,0
99,In what organization does r andrew beam work?,branch banking and trust company,1,0,0
99,In what organization does robert j beckley work?,bank of america,1,0,0
99,In what organization does s victoria harvey work?,cbocs properties inc,1,0,0
99,In what organization does scott c tocci work?,regions bank,1,0,0
99,In what organization does stephen a leon work?,wellsfargobanknationalassociation,1,0,0
99,In what organization does steven dixon work?,us bank national association,1,0,0
99,In what organization does william h diehl work?,pinnacle bank,1,0,0
167,In what organization does shelley a mcgregor work?,bank of america na,1,0,0
166,In what organization does carl roberts work?,australia and new zealand banking group limited,1,0,0
166,In what organization does dipak gupta work?,kotak mahindra bank limited,1,0,0
166,In what organization does james perkins work?,standard chartered bank,1,0,0
166,In what organization does lisa kwok work?,ing bank nv,1,0,0
166,In what organization does mark pope work?,barclays bank plc,1,0,0
166,In what organization does nishant kumar work?,icici bank uk plc,1,0,0
166,In what organization does r srinivasa sekaran work?,state bank of india,1,0,0
166,In what organization does rachit bhatia work?,axis bank limited,1,0,0
166,In what organization does rajeev mohan work?,kotak mahindra bank limited,1,0,0
166,In what organization does richard cox work?,ing bank nv,1,0,0
166,In what organization does sandeep patnaik work?,axis bank limited,1,0,0
166,In what organization does sanjay jha work?,icici bank limited,1,0,0
166,In what organization does shannon curran work?,novelis aluminium holding unlimited company,1,0,0
166,In what organization does siddarth bansal work?,citibank na,1,0,0
166,In what organization does simon williams work?,standard chartered bank,1,0,0
166,In what organization does sudip kumar ghatak work?,bank of baroda,1,0,0
166,In what organization does suguru hattori work?,the bank of tokyo mitsubishi ufj ltd,1,0,0
166,In what organization does valdeep singh work?,standard chartered bank,1,0,0
166,In what organization does vikashh mehta work?,icici bank uk plc,1,0,0
67,In what organization does michael fleming work?,intekrin therapeutics inc,1,0,0
73,In what organization does benjamin souh work?,deutsche bank securities inc,1,0,0
73,In what organization does christopher m aitkin work?,barclays bank plc,1,0,0
73,In what organization does clifford abramsky work?,crédit industriel et commercial new york bank,1,0,0
73,In what organization does don b pinzon work?,bank of america,1,0,0
73,In what organization does j david izard work?,fifth third bank,1,0,0
73,In what organization does karim rahimtoola work?,credit suisse securities usa llc,1,0,0
73,In what organization does lindsey mcgraw work?,wells fargo securities llc,1,0,0
73,In what organization does marcus edward work?,crédit industriel et commercial new york bank,1,0,0
73,In what organization does marie f harrison work?,bank of america,1,0,0
73,In what organization does michael chanin work?,suntrust robinson humphrey inc,1,0,0
73,In what organization does michael pelletier work?,raymond james bank na,1,0,0
73,In what organization does ola anderssen work?,the bank of tokyo mitsubishi ufj ltd,1,0,0
73,In what organization does peter cucchiara work?,deutsche bank securities inc,1,0,0
73,In what organization does srbui seferian cfa work?,citizens bank national association,1,0,0
73,In what organization does thomas c king jr work?,capital one,1,0,0
73,In what organization does vipul dhadda work?,credit suisse securities usa llc,1,0,0
9,In what organization does ann e sutton work?,barclays bank plc,1,0,0
9,In what organization does brian d williams work?,the royal bank of scotland plc,1,0,0
9,In what organization does eric searls work?,branch banking and trust company,1,0,0
9,In what organization does james disher work?,royal bank of canada,1,0,0
9,In what organization does jonathan m phillips work?,bank of america na,1,0,0
9,In what organization does mark walton work?,goldman sachs bank usa,1,0,0
9,In what organization does mikhail faybusovich work?,credit suisse ag cayman islands branch,1,0,0
9,In what organization does peter predun work?,jpmorgan chase bank na,1,0,0
9,In what organization does raymond g dunning work?,citibank na,1,0,0
9,In what organization does wei jen yuan work?,credit suisse ag cayman islands branch,1,0,0
65,In what organization does andrew griffin work?,credit suisse ag cayman islands branch,1,0,0
65,In what organization does brian d corum work?,bank of america na,1,0,0
65,In what organization does frank mccormack work?,truist bank,1,0,0
65,In what organization does lise hinton work?,fifth third bank,1,0,0
65,In what organization does mario c kontomerkos work?,mohegan tribal gaming authority,1,0,0
65,In what organization does matthew j bradley work?,keybank national association,1,0,0
65,In what organization does philip tancorra work?,deutsche bank ag new york branch,1,0,0
65,In what organization does sean mcwhinnie work?,citizens bank na,1,0,0
65,In what organization does thomas manning work?,goldman sachs bank usa,1,0,0
65,In what organization does whitney gaston work?,credit suisse ag cayman islands branch,1,0,0
65,In what organization does yumi okabe work?,deutsche bank ag new york branch,1,0,0
71,In what organization does henry pennell work?,bank of america,1,0,0
71,In what organization does paul m todd work?,total system services inc,1,0,0
71,In what organization does ryan maples work?,bank of america merrill lynch,1,0,0
164,In what organization does adam hensley work?,commerce bank,1,0,0
164,In what organization does alex harrison work?,truist bank,1,0,0
164,In what organization does hideo core work?,fifth third bank,1,0,0
164,In what organization does jess adams work?,umb bank na,1,0,0
164,In what organization does kevin williams work?,jack henry and associates inc,1,0,0
164,In what organization does marty mcdonald work?,us bank national association,1,0,0
164,In what organization does richard c griffin jr work?,comerica bank,1,0,0
164,In what organization does richard winesburg work?,arvest bank,1,0,0
164,In what organization does tyler tirpak work?,regions bank,1,0,0
170,In what organization does diane emanuel work?,the bank of nova scotia,1,0,0
170,In what organization does gillian dickson work?,cooperatieve centrale raiffeisen boerenleenbank ba rabobank nederland new york branch,1,0,0
170,In what organization does jason fuqua work?,hsbc bank usa national association,1,0,0
170,In what organization does mark d rodgers work?,us bank national association,1,0,0
170,In what organization does matthew gregg work?,cooperatieve centrale raiffeisen boerenleenbank ba rabobank nederland new york branch,1,0,0
170,In what organization does michael vondriska work?,citibank na,1,0,0
170,In what organization does richard lautch work?,starbucks corporation,1,0,0
170,In what organization does susan t gallagher work?,wells fargo bank na,1,0,0
170,In what organization does tony wong work?,jpmorgan chase bank na,1,0,0
158,In what organization does adam rose work?,bank of america na,1,0,0
159,In what organization does jon c warn work?,us bank national association,1,0,0
165,In what organization does annie carr work?,goldman sachs bank usa,1,0,0
165,In what organization does bridgett j manduk mowry work?,bank of america na,1,0,0
165,In what organization does brigitte m sinclair work?,us bank national association,1,0,0
165,In what organization does charles shaw work?,the bank of tokyo mitsubishi ufj ltd,1,0,0
165,In what organization does christopher aitkin work?,barclays bank plc,1,0,0
165,In what organization does colleen batcheler work?,conagra brands inc,1,0,0
165,In what organization does fik durmus work?,hsbc bank usa na,1,0,0
165,In what organization does gordon macarthur work?,royal bank of canada,1,0,0
165,In what organization does j casey cosgrove work?,bank of america na,1,0,0
165,In what organization does johan nystedt work?,conagra brands inc,1,0,0
165,In what organization does ole koppang work?,bank of the west,1,0,0
165,In what organization does pacella lehane work?,cooperatieve rabobank ua new york branch,1,0,0
165,In what organization does peter duncan work?,cooperatieve rabobank ua new york branch,1,0,0
165,In what organization does ryan zimmerman work?,wells fargo bank national association,1,0,0
165,In what organization does sangeeta shah work?,the bank of nova scotia,1,0,0
165,In what organization does tesha winslow work?,suntrust bank,1,0,0
165,In what organization does tony young work?,jpmorgan chase bank na,1,0,0
165,In what organization does tracy rahn work?,mizuho bank ltd,1,0,0
70,In what organization does eric cohen work?,fifth third bank,1,0,0
64,In what organization does doreen barr work?,credit suisse ag cayman islands branch,1,0,0
64,In what organization does geoff kott work?,affirm inc,1,0,0
64,In what organization does komal shah work?,credit suisse ag cayman islands branch,1,0,0
64,In what organization does martin corrigan work?,barclays bank plc,1,0,0
64,In what organization does michael king work?,morgan stanley senior fundinginc,1,0,0
64,In what organization does richard w jantzen iii work?,truist bank,1,0,0
64,In what organization does thomas manning work?,goldman sachs lending partners llc,1,0,0
58,In what organization does michael fleming work?,intekrin therapeutics inc,1,0,0
41,In what organization does ann m meade work?,webster bank na,1,0,0
41,In what organization does david nussbaum work?,eastern bank,1,0,0
41,In what organization does deborah a colony work?,middlesex savings bank,1,0,0
41,In what organization does je hall work?,keybank national association,1,0,0
41,In what organization does john dillon work?,bmo harris bank na,1,0,0
41,In what organization does marc j lubelczyk work?,citizens bank na,1,0,0
41,In what organization does marina e grossi work?,citibank na,1,0,0
41,In what organization does martin h dodd work?,trc companies inc,1,0,0
41,In what organization does mitchell b feldman work?,santander bank na,1,0,0
7,In what organization does george mckean work?,mutual of omaha bank,1,0,0
7,In what organization does terry barr work?,samson oil and gas usa inc,1,0,0
55,In what organization does cora holland koller work?,wilmington trust national association,1,0,0
69,In what organization does christopher t neil work?,keybank national association,1,0,0
82,In what organization does anthony pantina work?,citibank,1,0,0
82,In what organization does charles r davis work?,the northern trust company,1,0,0
82,In what organization does d scott farquhar work?,jpmorgan chase bank,1,0,0
82,In what organization does david a carroll work?,hsbc bank usa national association,1,0,0
82,In what organization does david c francisco work?,perkinelmer inc,1,0,0
82,In what organization does david m crane work?,wells fargo bank national association,1,0,0
82,In what organization does jennifer hwang work?,us bank national association,1,0,0
82,In what organization does michael richards work?,pnc bank national association,1,0,0
82,In what organization does scott oconnell work?,the bank of tokyo mitsubishi ufj ltd,1,0,0
82,In what organization does shreya shah work?,td bank,1,0,0
82,In what organization does vanessa a kurbatskiy work?,barclays bank plc,1,0,0
82,In what organization does william mcginty work?,the royal bank of scotland plc,1,0,0
82,In what organization does zubin r shroff work?,bank of america,1,0,0
168,In what organization does carolyn a kee work?,citibank na,1,0,0
168,In what organization does michael contreras work?,bank of america na,1,0,0
168,In what organization does robert t paternostro work?,stanley blackand decker inc,1,0,0
96,In what organization does emilio vallejos work?,southwest capital bank,1,0,0
96,In what organization does fernando baca work?,community bank of santa fe,1,0,0
96,In what organization does holland h williams work?,us bank national association,1,0,0
96,In what organization does john m valentine work?,bokf na dba bank of albuquerque,1,0,0
96,In what organization does joshua l smith work?,washington federal bank,1,0,0
96,In what organization does kevin r gillette work?,bank of the west,1,0,0
96,In what organization does larry d cheek work?,first national bank of santa fe,1,0,0
96,In what organization does mike hoyl work?,western commerce bank,1,0,0
96,In what organization does roger lahart work?,four corners community bank,1,0,0
96,In what organization does terry horn work?,public service company of new mexico,1,0,0
96,In what organization does terry r horn work?,public service company of new mexico,1,0,0
140,In what organization does joseph p adams jr work?,fortress transportation and infrastructure investors llc,1,0,0
140,In what organization does tony traynor work?,wwtai airopco malta ltd,1,0,0
140,In what organization does william graham work?,morgan stanley senior funding inc,1,0,0
154,In what organization does erica cross work?,jpmorgan chase bank na,1,0,0
155,In what organization does hank nance work?,boxlightinc,1,0,0
155,In what organization does jens holstebro work?,frontrow calypso llc,1,0,0
155,In what organization does michael pope work?,sahara holdings limited,1,0,0
141,In what organization does andrew d holtz work?,the northern trust company,1,0,0
141,In what organization does ann t anthony work?,south jersey gas company,1,0,0
141,In what organization does david w dinella work?,citizens bank of pennsylvania,1,0,0
141,In what organization does jeff skalka work?,branch banking and trust company,1,0,0
141,In what organization does renee m bonnell work?,keybank national association,1,0,0
141,In what organization does richard r powell work?,bank of america na,1,0,0
141,In what organization does thomas e redmond work?,pnc bank national association,1,0,0
141,In what organization does vijay prasad work?,td bank na,1,0,0
169,In what organization does anwar s young work?,wells fargo bank national association,1,0,0
169,In what organization does jeff bliss work?,coöperatieve centrale raiffeisen boerenleenbank barabobank nederland new york branch,1,0,0
169,In what organization does john m olsen work?,bank of america na,1,0,0
169,In what organization does joseph b johnson work?,chiquita brands international inc,1,0,0
169,In what organization does mark walton work?,goldman sachs bank usa,1,0,0
169,In what organization does noam s azachi work?,barclays bank plc,1,0,0
169,In what organization does timothy j devane work?,coöperatieve centrale raiffeisen boerenleenbank barabobank nederland new york branch,1,0,0
97,In what organization does dague retzlaff work?,general electric capital corporation,1,0,0
97,In what organization does diana pennington work?,general electric capital corporation,1,0,0
97,In what organization does jeffrey m muchmore work?,general electric capital corporation,1,0,0
97,In what organization does kent eikanas work?,summit healthcare reit inc,1,0,0
83,In what organization does andrew hietala work?,hsbc bank usa national association,1,0,0
83,In what organization does bertram h tang work?,mizuho bank ltd,1,0,0
83,In what organization does cecile segovia work?,bank of the west,1,0,0
83,In what organization does charles de clapiers work?,bnp paribas,1,0,0
83,In what organization does danny leung work?,the bank of east asia ltd,1,0,0
83,In what organization does elizabeth willi work?,branch banking and trust company,1,0,0
83,In what organization does eric chen work?,hua nan commercial bank,1,0,0
83,In what organization does eugene dempsey work?,the bank of nova scotia,1,0,0
83,In what organization does haiyong yang work?,bank of china,1,0,0
83,In what organization does henry c r leu work?,land bank of taiwan los angeles branch,1,0,0
83,In what organization does hsiao ho huang work?,mega international commercial bank co ltd los angeles branch,1,0,0
83,In what organization does ivan vera work?,banco de credito e inversiones,1,0,0
83,In what organization does james hua work?,the bank of east asia ltd,1,0,0
83,In what organization does james mcwalters work?,dbs bank ltd,1,0,0
83,In what organization does jane chang work?,bank of taiwan,1,0,0
83,In what organization does jeannette lu work?,bank of america,1,0,0
83,In what organization does johanna minaya work?,standard chartered bank,1,0,0
83,In what organization does johnetta bush work?,suntrust bank,1,0,0
83,In what organization does joseph carrillo work?,western digital ireland ltd,1,0,0
83,In what organization does juan segundo work?,banco de credito e inversiones,1,0,0
83,In what organization does kang yang work?,chang hwa commercial bank ltd,1,0,0
83,In what organization does keith winzenried work?,jpmorgan chase bank,1,0,0
83,In what organization does lacy houstoun work?,wells fargo bank national association,1,0,0
83,In what organization does li hua huang work?,taiwan cooperative bank ltd,1,0,0
83,In what organization does mark c skrzynski work?,comerica bank,1,0,0
83,In what organization does matthew d meister work?,pnc bank national association,1,0,0
83,In what organization does maureen p maroney work?,citiban,1,0,0
83,In what organization does maurici lladó work?,sabadell united bank,1,0,0
83,In what organization does michael dixon work?,compass bank,1,0,0
83,In what organization does michael miller work?,hsbc bank plc,1,0,0
83,In what organization does michael ray work?,western digital technologies inc,1,0,0
83,In what organization does ralph wu work?,ctbc bank co ltd,1,0,0
83,In what organization does rian dubach work?,american savings bank fsb,1,0,0
83,In what organization does richard j ameny jr work?,us bank national association,1,0,0
83,In what organization does richard ong pho work?,thebankoftokyo mitsubishiufjltd,1,0,0
83,In what organization does rita e dillon work?,banner bank,1,0,0
83,In what organization does robert k reddington work?,standard chartered bank,1,0,0
83,In what organization does robin s wu work?,taipei fubon commercial bank co ltd,1,0,0
83,In what organization does sandy lee work?,manufacturers bank,1,0,0
83,In what organization does sheldon pinto work?,royal bank of canada,1,0,0
83,In what organization does shibani faehnle work?,keybank national association,1,0,0
83,In what organization does shu fei sophia lin work?,hua nan commercial bank ltd,1,0,0
83,In what organization does shuji yabe work?,sumitomo mitsui banking corp,1,0,0
83,In what organization does steve levi work?,td bank,1,0,0
83,In what organization does steve ryan work?,the northern trust company,1,0,0
83,In what organization does susan takeda work?,first hawaiian bank,1,0,0
83,In what organization does suzanne m rode work?,fifth third bank,1,0,0
83,In what organization does tim leyden work?,western digital technologies inc,1,0,0
83,In what organization does todd rodgers work?,bnp paribas,1,0,0
68,In what organization does austin lotito work?,jpmorgan chase bank na,1,0,0
68,In what organization does george j carter work?,franklin street properties corp,1,0,0
68,In what organization does john f simon work?,bank of america na,1,0,0
68,In what organization does john wilgus work?,first financial bank na,1,0,0
68,In what organization does jonas l robinson work?,bank of montreal,1,0,0
68,In what organization does kerri colwell work?,citizens bank na,1,0,0
68,In what organization does melissa devito work?,capital one national association,1,0,0
68,In what organization does t barrett vawter work?,regions bank,1,0,0
6,In what organization does j shea morgenroth work?,hines reit one wilshire lp,1,0,0
6,In what organization does ying chen work?,bank of china,1,0,0
54,In what organization does chuckie reddy work?,jpmorgan chase bank,1,0,0
54,In what organization does jonathan olsen work?,2018 1 ih borrower lp,1,0,0
40,In what organization does david reading work?,first niagara bank na,1,0,0
40,In what organization does edward j chidiac work?,associated bank national association,1,0,0
40,In what organization does hector j varona work?,jpmorgan chase bank na,1,0,0
40,In what organization does james cribbet work?,keybank national association,1,0,0
40,In what organization does kevin chan work?,the bank of novia scotia,1,0,0
40,In what organization does michael h weiner work?,national general holdings corp,1,0,0
40,In what organization does michael king work?,morgan stanley bank na,1,0,0
56,In what organization does chris walton work?,barclays bank plc,1,0,0
56,In what organization does d andrew maletta work?,credit suisse ag cayman islands branch,1,0,0
56,In what organization does darlene arias work?,ubs ag stamford branch,1,0,0
56,In what organization does judith smith work?,credit suisse ag cayman islands branch,1,0,0
56,In what organization does kenneth chin work?,ubs ag stamford branch,1,0,0
56,In what organization does lee a olive work?,nomura corporate funding americas llc,1,0,0
56,In what organization does melissa james work?,morgan stanley bank na,1,0,0
56,In what organization does paul m robinson work?,wmg acquisition corp,1,0,0
56,In what organization does rebecca kratz work?,goldman sachs bank usa,1,0,0
4,In what organization does frank byrne work?,bank of america na,1,0,0
4,In what organization does john toronto work?,credit suisse ag,1,0,0
4,In what organization does robert ehudin work?,goldman sachs bank usa,1,0,0
4,In what organization does ronnie glen work?,barclays bank plc,1,0,0
4,In what organization does sarah l freedman work?,jpmorgan chase bank na,1,0,0
42,In what organization does alan garson work?,td bank na,1,0,0
42,In what organization does anthony luppino work?,bank of america na,1,0,0
42,In what organization does helene p sprung work?,jpmorgan chase bank na,1,0,0
42,In what organization does jay r goldstein work?,regions bank,1,0,0
42,In what organization does kelly weaver work?,bank of america na,1,0,0
42,In what organization does maureen s malphus work?,wells fargo bank national association,1,0,0
42,In what organization does paul spearing work?,pnc bank national association,1,0,0
95,In what organization does angela lau work?,bank of america na,1,0,0
95,In what organization does john r fallon work?,kaye scholer llp,1,0,0
95,In what organization does yinghua zhang work?,bank of america na,1,0,0
157,In what organization does jason purser work?,frost bank,1,0,0
157,In what organization does mark w king work?,micropac industries inc,1,0,0
143,In what organization does anthony luppino work?,bank of america na,1,0,0
143,In what organization does daniel nunes work?,first tennessee bank national association,1,0,0
143,In what organization does john kallina work?,texas capital bank na,1,0,0
143,In what organization does keith watanabe work?,bmo harris bank na,1,0,0
143,In what organization does maureen malphus work?,wells fargo bank national association,1,0,0
143,In what organization does michael h keith work?,fifth third bank,1,0,0
143,In what organization does michael j sullivan work?,capital one na,1,0,0
143,In what organization does ravi pillay work?,citizens bank na,1,0,0
143,In what organization does vance waldron work?,cadence bank na,1,0,0
142,In what organization does anar ramji work?,canadian imperial bank of commerce new york branch,1,0,0
142,In what organization does brian l banke work?,bank of montreal chicago branch,1,0,0
142,In what organization does christine r johnston work?,transcanada pipelines limited,1,0,0
142,In what organization does gordon yip work?,credit agricole corporate and investment bank,1,0,0
142,In what organization does j michael quigley work?,wells fargo bank national association,1,0,0
142,In what organization does james campbell work?,bank of america na,1,0,0
142,In what organization does james d weinstein work?,sumitomo mitsui banking corporation,1,0,0
142,In what organization does jason lang work?,hsbc bank canada,1,0,0
142,In what organization does jeff ferrell work?,credit agricole corporate and investment bank,1,0,0
142,In what organization does joel e hunter work?,transcanada pipelines limited,1,0,0
142,In what organization does john niedermier work?,national bank of canada new york branch,1,0,0
142,In what organization does john s mcgill work?,deutsche bank ag new york branch,1,0,0
142,In what organization does jon a dobson work?,columbia pipeline group inc,1,0,0
142,In what organization does jonathan leach work?,the bank of nova scotia,1,0,0
142,In what organization does juan j javellana work?,jpmorgan chase bank na,1,0,0
142,In what organization does lexanne cooper work?,the toronto dominion bank new york branch,1,0,0
142,In what organization does marguerite sutton work?,barclays bank plc,1,0,0
142,In what organization does mark williamson work?,national bank of canada new york branch,1,0,0
142,In what organization does martin eyok work?,export development canada,1,0,0
142,In what organization does michael linder work?,the bank of nova scotia,1,0,0
142,In what organization does michael zeller work?,citibank na,1,0,0
142,In what organization does ming k chu work?,deutsche bank ag new york branch,1,0,0
142,In what organization does nathaniel a brown work?,columbia pipeline group inc,1,0,0
142,In what organization does raj acharya work?,export development canada,1,0,0
142,In what organization does randy geislinger work?,canadian imperial bank of commerce new york branch,1,0,0
142,In what organization does rob mackinnon work?,mizuho bank ltd,1,0,0
142,In what organization does szymon ordys work?,credit suisse ag toronto branch,1,0,0
142,In what organization does tammy oldenburg work?,credit suisse ag toronto branch,1,0,0
142,In what organization does tim vandegriend work?,royal bank of canada,1,0,0
142,In what organization does todd vaubel work?,the bank of tokyo mitsubishi ujf ltd,1,0,0
156,In what organization does andreas christoph beyertt work?,viavi solutions deutschland gmbh,1,0,0
156,In what organization does brian lane work?,wells fargo bank national association,1,0,0
156,In what organization does carmela massari work?,wells fargo capital finance corporation canada,1,0,0
156,In what organization does christopher cassidy work?,bnp paribas,1,0,0
156,In what organization does guelay mese work?,bnp paribas,1,0,0
156,In what organization does jessica lutrario work?,deutsche bank ag new york branch,1,0,0
156,In what organization does kevin siebert work?,viavi solutions canada ulc,1,0,0
156,In what organization does patricia del busto work?,wells fargo bank national association,1,0,0
156,In what organization does philip tancorra work?,deutsche bank ag new york branch,1,0,0
156,In what organization does timothy lee work?,jpmorgan chase bank na,1,0,0
80,In what organization does blake gronich work?,citibank,1,0,0
80,In what organization does brian seipke work?,us bank national association,1,0,0
80,In what organization does charles m swoboda work?,e conolight llc,1,0,0
80,In what organization does chris burns work?,hsbc bank usa national association,1,0,0
80,In what organization does daglas p panchal work?,jp morgan chase bank,1,0,0
80,In what organization does mary k lundin work?,suntrust bank,1,0,0
80,In what organization does michael e mcdevitt work?,cree inc,1,0,0
80,In what organization does michael pugsley work?,wells fargo bank national association,1,0,0
80,In what organization does nicole ferry lacchia work?,goldman sachs bank usa,1,0,0
80,In what organization does richard c brown work?,pnc bank national association,1,0,0
80,In what organization does thomas m paulk work?,bank of america,1,0,0
94,In what organization does adam c derbyshire work?,salix pharmaceuticals ltd,1,0,0
94,In what organization does ben cumming work?,suntrust bank,1,0,0
94,In what organization does cheryl carangelo work?,rbs citizens na,1,0,0
94,In what organization does e joseph hess work?,jefferies finance llc,1,0,0
94,In what organization does edward t crook work?,natixis new york branch,1,0,0
94,In what organization does j stéphane lautner work?,natixis new york branch,1,0,0
94,In what organization does katsuyuki kubo work?,sumitomo mitsui banking corporation,1,0,0
94,In what organization does richard c brown work?,pnc bank national association,1,0,0
94,In what organization does william d priester work?,fifth third bank,1,0,0
57,In what organization does betsy briggs work?,unicredit bank ag new york branch,1,0,0
57,In what organization does chuck b kyrish work?,celanese us holdings llc,1,0,0
57,In what organization does divyang shah work?,pnc bank national association,1,0,0
57,In what organization does henry pennell work?,bank of america na,1,0,0
57,In what organization does john w deegan work?,commerzbank ag new york branch,1,0,0
57,In what organization does julien tizorin work?,unicredit bank ag new york branch,1,0,0
57,In what organization does kara p van duzee work?,us bank national association,1,0,0
57,In what organization does katherine l hurley work?,jpmorgan chase bank na,1,0,0
57,In what organization does lauren steiner work?,hsbc bank usa national association,1,0,0
57,In what organization does mark oberle work?,celanese europe bv,1,0,0
57,In what organization does michael vondriska work?,citibank na,1,0,0
57,In what organization does ming k chu work?,deutsche bank ag new york branch,1,0,0
57,In what organization does mukesh singh work?,bank of america,1,0,0
57,In what organization does robert sullivan work?,commerzbank ag new york branch,1,0,0
57,In what organization does ronnie d berry work?,elwood cv,1,0,0
57,In what organization does scott a richardson work?,celanese corporation,1,0,0
57,In what organization does sydney g dennis work?,barclays bank plc,1,0,0
57,In what organization does thomas j sterr work?,mufg bank ltd,1,0,0
57,In what organization does virginia cosenza work?,deutsche bank ag new york branch,1,0,0
5,In what organization does andrew w hussion work?,wells fargo bank,1,0,0
5,In what organization does denise smyth work?,pnc bank,1,0,0
5,In what organization does robert masters work?,acadia west shore expressway llc,1,0,0
5,In what organization does roy e alexander work?,bank of america na,1,0,0
1,In what organization does alexandra m knights work?,bank of america na,1,0,0
1,In what organization does mark constant work?,franklin resources inc,1,0,0
53,In what organization does charles m joye iii work?,cadence bank,1,0,0
47,In what organization does anthony galea work?,jpmorgan chase bank na,1,0,0
47,In what organization does bremmer kneib work?,pnc bank national association,1,0,0
47,In what organization does brian mcnany work?,the bank of tokyo mitsubishi ufjltd,1,0,0
47,In what organization does james edgemond work?,united therapeutics corporation,1,0,0
47,In what organization does john p treadwell jr work?,hsbc bank usa na,1,0,0
47,In what organization does kirk tesch work?,wells fargo bank national association,1,0,0
47,In what organization does kristie li work?,dnb capital llc,1,0,0
47,In what organization does marni mcmanus work?,citibank na,1,0,0
47,In what organization does ming k chu work?,deutsche bank ag new york branch,1,0,0
47,In what organization does philip f kurpiewski work?,dnb capital llc,1,0,0
47,In what organization does robert laporte work?,bank of america na,1,0,0
47,In what organization does samuel coward work?,barclays bank plc,1,0,0
47,In what organization does virginia cosenza work?,deutsche bank ag new york branch,1,0,0
152,In what organization does barry a hines work?,frost brown todd llc,1,0,0
152,In what organization does michael v shustek work?,mvp realty advisors llc,1,0,0
146,In what organization does adam scozzafava work?,wilmington trust,1,0,0
146,In what organization does victoria chant work?,citibank,1,0,0
90,In what organization does alexander foster work?,hsbc bank usa,1,0,0
90,In what organization does annie chung work?,deutsche bank ag new york branch,1,0,0
90,In what organization does barry fehily work?,ing bank nv,1,0,0
90,In what organization does brad matthews work?,credit agricole corporate and investment bank,1,0,0
90,In what organization does carlos cruz work?,truist bank,1,0,0
90,In what organization does christopher a salek work?,jpmorgan chase bank,1,0,0
90,In what organization does christopher matheson work?,td bank,1,0,0
90,In what organization does clement yu work?,the bank of nova scotia,1,0,0
90,In what organization does david c beckett work?,pnc bank,1,0,0
90,In what organization does donna demagistris work?,mizuho bank ltd,1,0,0
90,In what organization does irv roa work?,santander bank,1,0,0
90,In what organization does kaye ea work?,credit agricole corporate and investment bank,1,0,0
90,In what organization does kelsey e hehman work?,us bank national association,1,0,0
90,In what organization does kevin d higgins work?,ashland services bv,1,0,0
90,In what organization does michael maguire work?,sumitomo mitsui banking corporation,1,0,0
90,In what organization does michael pearce work?,bnp paribas,1,0,0
90,In what organization does michael s barnett work?,fifth third bank,1,0,0
90,In what organization does michael vondriska work?,citibank,1,0,0
90,In what organization does ming k chu work?,deutsche bank ag new york branch,1,0,0
90,In what organization does mukesh singh work?,bank of america,1,0,0
90,In what organization does sean hassett work?,ing bank nv,1,0,0
90,In what organization does thomas m manning work?,goldman sachs bank usa,1,0,0
90,In what organization does todd grossnickle work?,bnp paribas,1,0,0
84,In what organization does ahaz armstrong work?,branch banking and trust company,1,0,0
84,In what organization does alexander wu work?,cathay united bank,1,0,0
84,In what organization does amie l edwards work?,bank of america,1,0,0
84,In what organization does amy trapp work?,credit agricole corporate and investment bank,1,0,0
84,In what organization does andrea s chen work?,wells fargo bank,1,0,0
84,In what organization does audrey pishnery work?,keybank national association,1,0,0
84,In what organization does bershunda j taylor work?,bokf,1,0,0
84,In what organization does bill odaly work?,credit suisse ag,1,0,0
84,In what organization does brian tuerff work?,compass bank,1,0,0
84,In what organization does christina p blackwell work?,city national bank,1,0,0
84,In what organization does chwan ming ho work?,bank of taiwan,1,0,0
84,In what organization does edward chen work?,esun commercial bank,1,0,0
84,In what organization does elsa obrien work?,keybank national association,1,0,0
84,In what organization does helga blum work?,the bank of new york mellon,1,0,0
84,In what organization does james m armstrong work?,raymond james bank,1,0,0
84,In what organization does john c rowland work?,citibank,1,0,0
84,In what organization does joselin fernandes work?,ubs ag,1,0,0
84,In what organization does joshua freedman work?,royal bank of canada,1,0,0
84,In what organization does joshua turner work?,suntrust bank,1,0,0
84,In what organization does kazuhisa matsuda work?,the sumitomo mitsui banking corporation,1,0,0
84,In what organization does kirby r holman work?,pnc bank,1,0,0
84,In what organization does kristy ahee work?,the huntington national bank,1,0,0
84,In what organization does kyle b oneill work?,comerica bank,1,0,0
84,In what organization does lana gifas work?,ubs ag,1,0,0
84,In what organization does laura conway work?,keybank national association,1,0,0
84,In what organization does li hua huang work?,taiwan cooperative bank,1,0,0
84,In what organization does mark costantino work?,jpmorgan chase bank,1,0,0
84,In what organization does megan r brearey work?,fifth third bank,1,0,0
84,In what organization does michael a crabtree work?,health care reit inc,1,0,0
84,In what organization does michael donofrio work?,credit suisse ag,1,0,0
84,In what organization does michael king work?,morgan stanley bank,1,0,0
84,In what organization does ming k chu work?,deutsche bank ag,1,0,0
84,In what organization does mrgeorgel chapman work?,health care reit inc,1,0,0
84,In what organization does noam azachi work?,barclays bank plc,1,0,0
84,In what organization does samuel a bluso work?,rbs citizens,1,0,0
84,In what organization does scott oconnell work?,the bank of tokyo mitsubishi ufj,1,0,0
84,In what organization does tanya crossley work?,credit agricole corporate and investment bank,1,0,0
84,In what organization does virginia cosenza work?,deutsche bank ag,1,0,0
85,In what organization does kenneth butler work?,bank of america,1,0,0
91,In what organization does ray singleton work?,earthstone energy inc,1,0,0
91,In what organization does thomas m foncannon work?,bank of oklahoma,1,0,0
147,In what organization does dawn lee lum work?,jpmorgan chase bank,1,0,0
147,In what organization does eugene yermash work?,citibank,1,0,0
147,In what organization does graham robertson work?,morgan stanley senior funding inc,1,0,0
147,In what organization does jack kelly work?,hsbc bank usa,1,0,0
147,In what organization does joseph l corah work?,bank of america,1,0,0
147,In what organization does komal shah work?,credit suisse ag,1,0,0
147,In what organization does michael strobel work?,deutsche bank,1,0,0
147,In what organization does philip tancorra work?,deutsche bank,1,0,0
147,In what organization does raymond ventura work?,mizuho bank ltd,1,0,0
147,In what organization does ronnie glenn work?,barclays bank plc,1,0,0
147,In what organization does thomas manning work?,goldman sachs bank usa,1,0,0
147,In what organization does whitney gaston work?,credit suisse ag,1,0,0
153,In what organization does colin murphy work?,td bank na,1,0,0
153,In what organization does daniel russell work?,pnc bank national association,1,0,0
153,In what organization does david a wild work?,keybank national association,1,0,0
153,In what organization does francis groccia work?,silicon valley bank,1,0,0
153,In what organization does grace mahood work?,jpmorgan chase bank na,1,0,0
153,In what organization does kenneth gayron work?,avid technology inc,1,0,0
153,In what organization does kyle patterson work?,hsbc bank usa national association,1,0,0
153,In what organization does michael j mcwalters work?,citizens bank na,1,0,0
153,In what organization does renata i levine work?,truist bank,1,0,0
46,In what organization does gregory r russano work?,santander bank na,1,0,0
46,In what organization does james pinto work?,mvc gp ii llc,1,0,0
46,In what organization does john paul hills work?,wintrust bank,1,0,0
52,In what organization does adriana collins work?,bank of the west,1,0,0
52,In what organization does annie carr work?,goldman sachs bank usa,1,0,0
52,In what organization does barry bergman work?,jpmorgan chase bank na,1,0,0
52,In what organization does carolyn kee work?,citibank na,1,0,0
52,In what organization does charles r conradi work?,clorox company,1,0,0
52,In what organization does james travagline work?,wells fargo bank,1,0,0
52,In what organization does jeff benedix work?,us bank national association,1,0,0
52,In what organization does john flores work?,royal bank of canada,1,0,0
52,In what organization does john lascody work?,the northern trust company,1,0,0
52,In what organization does laura stein work?,clorox company,1,0,0
52,In what organization does lauren hom work?,the bank of tokyo mitsubishi ufj ltd,1,0,0
52,In what organization does michael king work?,morgan stanley bank na,1,0,0
52,In what organization does michelle c phillips work?,the bank of nova scotia,1,0,0
78,In what organization does abraham mirman work?,lilis energy inc,1,0,0
78,In what organization does phil thomas work?,heartland bank,1,0,0
44,In what organization does john m hall work?,bank of america,1,0,0
44,In what organization does maria a mcclain work?,bank of america,1,0,0
44,In what organization does matthew j jewell work?,forward air royalty llc,1,0,0
44,In what organization does rodney l bell work?,forward air corporation,1,0,0
44,In what organization does tiffany e gardner work?,first tennessee bank,1,0,0
50,In what organization does darin mullis work?,wells fargo bank,1,0,0
50,In what organization does david green work?,us bank national association,1,0,0
50,In what organization does derek r brunelle work?,silicon valley bank,1,0,0
50,In what organization does michael r brough work?,zions first national bank,1,0,0
50,In what organization does philip k lievscher work?,pnc bank,1,0,0
50,In what organization does r bryan riggsbee work?,myriad genetics inc,1,0,0
50,In what organization does william d priester work?,fifth third bank,1,0,0
50,In what organization does yinghua zhang work?,bank of america na,1,0,0
2,In what organization does adam j kultgen work?,u s bank national association,1,0,0
2,In what organization does alysa trakas work?,truist bank,1,0,0
2,In what organization does anthony hoye work?,bank of america na,1,0,0
2,In what organization does carl hinrichs work?,wells fargo bank national association,1,0,0
2,In what organization does carl s tabacjar jr work?,citizens bank na,1,0,0
2,In what organization does jaime mariano work?,hsbc bank usa na,1,0,0
2,In what organization does mary f molnar work?,pnc bank national association,1,0,0
2,In what organization does mary ramsey work?,fifth third bank national association,1,0,0
2,In what organization does michael borowiecki work?,the toronto dominion bank,1,0,0
2,In what organization does navdeep gupta work?,dicks sporting goods inc,1,0,0
2,In what organization does paul isaac work?,capital one na,1,0,0
2,In what organization does phil andresen work?,the huntington national bank,1,0,0
145,In what organization does emily ergang pappas work?,cortland capital market services llc,1,0,0
145,In what organization does guy major work?,apollo credit master fund ltd,1,0,0
145,In what organization does tammy jennissen work?,apollo credit strategies master fund ltd,1,0,0
151,In what organization does anders holmgaard work?,nordea bank abp,1,0,0
151,In what organization does andrea s chen work?,wells fargo bank,1,0,0
151,In what organization does annie chung work?,deutsche bank ag new york branch,1,0,0
151,In what organization does anthony h smith work?,thermo fisher scientific inc,1,0,0
151,In what organization does arjun talwalkar work?,the bank of nova scotia,1,0,0
151,In what organization does christopher coney work?,bank of america,1,0,0
151,In what organization does cormac langford work?,ing bank nv,1,0,0
151,In what organization does gail motonaga work?,sumitomo mitsui bankning corporation,1,0,0
151,In what organization does gregory t martin work?,jpmorgan chase bank,1,0,0
151,In what organization does iain p stewart work?,hsbc bank usa,1,0,0
151,In what organization does jack lonker work?,mufg bankltd,1,0,0
151,In what organization does jennifer s oneill work?,the bank of new york mellon,1,0,0
151,In what organization does jessica gavarkovs work?,credit suisse ag,1,0,0
151,In what organization does john bosco work?,bnp paribas,1,0,0
151,In what organization does joseph l corah work?,bank of america,1,0,0
151,In what organization does judith e smith work?,credit suisse ag,1,0,0
151,In what organization does maria massimino work?,us bank national association,1,0,0
151,In what organization does michael king work?,morgan stanley bank,1,0,0
151,In what organization does michael pearce work?,bnp paribas,1,0,0
151,In what organization does mindy k chu work?,deutsche bank ag new york branch,1,0,0
151,In what organization does ola anderssen work?,nordea bank abp,1,0,0
151,In what organization does raymond qiao work?,bank of china,1,0,0
151,In what organization does richard rivera work?,citibank,1,0,0
151,In what organization does robert botcherby work?,jpmorgan chase bank,1,0,0
151,In what organization does ronnie glenn work?,barclays bank plc,1,0,0
151,In what organization does scott macvicar work?,royal bank of canada,1,0,0
151,In what organization does sean hassett work?,ing bank nv,1,0,0
151,In what organization does tanille ingle work?,keybank,1,0,0
151,In what organization does tracy rahn work?,mizuho bankltd,1,0,0
151,In what organization does william e briggs iv work?,goldman sachs bank usa,1,0,0
87,In what organization does chris hursey work?,suntrust bank,1,0,0
87,In what organization does douglas b bingham work?,afi licensing llc,1,0,0
87,In what organization does john emery work?,jpmorgan chase bank,1,0,0
87,In what organization does melissa mullis work?,bank of america,1,0,0
87,In what organization does robert levins work?,hsbc bank usa,1,0,0
87,In what organization does ronald d ford work?,armstrongflooringinc,1,0,0
87,In what organization does sarah c lesser work?,manufacturers and traders trust company,1,0,0
93,In what organization does sterling j silver work?,comerica bank,1,0,0
86,In what organization does jay wefel work?,silicon valley bank,1,0,0
86,In what organization does julie yamauchi work?,bank of america,1,0,0
86,In what organization does mark s gronich work?,royal bank of canada,1,0,0
86,In what organization does rosanne parsill work?,bank of america,1,0,0
86,In what organization does wayne liao work?,comerica bank,1,0,0
150,In what organization does jinah lim work?,credit suisse loan funding llc,1,0,0
150,In what organization does raye goldsborough work?,wilmington savings fund society fsb,1,0,0
150,In what organization does tom lesinski work?,national cinemedia llc,1,0,0
144,In what organization does joseph d glatt work?,apollo investment corporation,1,0,0
144,In what organization does maurice amsellem work?,midcap financial trust,1,0,0
51,In what organization does cody gunsch work?,morgan stanley senior funding inc,1,0,0
51,In what organization does sonia flores work?,mufg union bank na,1,0,0
51,In what organization does zamir rauf work?,calpine corporation,1,0,0
3,In what organization does anand j jobanputra work?,wells fargo bank national association,1,0,0
3,In what organization does cindy jordan work?,bank of america na,1,0,0
3,In what organization does kyle pearson work?,bank of america na,1,0,0
45,In what organization does cynthia m olson work?,us bank national association,1,0,0
45,In what organization does eric niedbalski work?,us bank national association,1,0,0
45,In what organization does harold r carpenter work?,pinnacle bank,1,0,0
45,In what organization does mark r cousineau work?,us bank national association,1,0,0
79,In what organization does casey gehrig work?,fifth third bank,1,0,0
79,In what organization does charles mclaughlin work?,bank hapoalim bm,1,0,0
79,In what organization does cheryl snoor work?,bank of america,1,0,0
79,In what organization does craig pearson work?,ubs ag stamford branch,1,0,0
79,In what organization does d bryan gregory work?,wells fargo bank national association,1,0,0
79,In what organization does dan lepage work?,royal bank of canada,1,0,0
79,In what organization does darlene arias work?,ubs ag stamford branch,1,0,0
79,In what organization does david heller work?,us bank national association,1,0,0
79,In what organization does derek chang work?,first hawaiian bank,1,0,0
79,In what organization does gregory a conner work?,associated bank national association,1,0,0
79,In what organization does helen h gateson work?,bank hapoalim bm,1,0,0
79,In what organization does jean m brennan work?,first tennessee bank,1,0,0
79,In what organization does john c popeo work?,select income reit,1,0,0
79,In what organization does john c rowland work?,citigroup global markets inc,1,0,0
79,In what organization does john r roach jr work?,pnc bank national association,1,0,0
79,In what organization does mark edwards work?,branch banking and trust company,1,0,0
79,In what organization does michael king work?,morgan stanley bank,1,0,0
79,In what organization does michael r mellott work?,regions bank,1,0,0
79,In what organization does noel purcell work?,mizuho bankltd,1,0,0
79,In what organization does s kent gorman work?,compass bank,1,0,0
22,In what organization does ajay jagsi work?,bank of america na,1,0,0
22,In what organization does alexandre camerlain work?,royal bank of canada,1,0,0
22,In what organization does anca loghin work?,jpmorgan chase bank na,1,0,0
22,In what organization does lloyd a hajdik work?,oil states international inc,1,0,0
36,In what organization does reagan philipp work?,morgan stanley senior funding inc,1,0,0
36,In what organization does robert j nikl work?,silicon graphics international corp,1,0,0
123,In what organization does andrew payne work?,wells fargo bank,1,0,0
123,In what organization does bill odaly work?,credit suisse ag,1,0,0
123,In what organization does brandon k fiddler work?,pnc bank,1,0,0
123,In what organization does gene r riego de dios work?,jpmorgan chase bank na,1,0,0
123,In what organization does john b ellis work?,newell rubbermaid inc,1,0,0
123,In what organization does julia ivanova work?,royal bank of canada,1,0,0
123,In what organization does kelly heimrich work?,credit suisse ag,1,0,0
123,In what organization does kimberly a crotty work?,the northern trust company,1,0,0
123,In what organization does kyle lewis work?,bank of america na,1,0,0
123,In what organization does lisa huang work?,citibank na,1,0,0
123,In what organization does ravneet mumick work?,the bank of tokyo mitsubishi ufj ltd,1,0,0
123,In what organization does robert ehudin work?,goldman sachs bank usa,1,0,0
123,In what organization does sean hassett work?,ing bank nv,1,0,0
123,In what organization does shaun hawley work?,ing bank nv,1,0,0
123,In what organization does steven l sawyer work?,us bank national association,1,0,0
137,In what organization does alexander l rody work?,raymond james bank na,1,0,0
137,In what organization does eric searls work?,branch banking and trust company,1,0,0
137,In what organization does james komperda work?,keybank national association,1,0,0
137,In what organization does james rolison work?,deutsche bank ag new york branch,1,0,0
137,In what organization does john sletten work?,bank of america na,1,0,0
137,In what organization does joseph j seroke work?,pnc bank national association,1,0,0
137,In what organization does joshua freedman work?,royal bank of canada,1,0,0
137,In what organization does murray mackinnon work?,deutsche bank ag new york branch,1,0,0
137,In what organization does scott dejong work?,us bank national association,1,0,0
137,In what organization does t barrett vawter work?,regions bank,1,0,0
122,In what organization does andres neumeier work?,deutsche bank ag,1,0,0
122,In what organization does andy mcclinton work?,bank of montreal,1,0,0
122,In what organization does anna smith work?,bank of montreal,1,0,0
122,In what organization does arti sugunan work?,barclays bank plc,1,0,0
122,In what organization does bill seabrook work?,national australia bank limited,1,0,0
122,In what organization does christopher choi work?,bank of america na,1,0,0
122,In what organization does craig m pinsly cfa work?,unicredit bank ag,1,0,0
122,In what organization does diederik sluijs work?,ing bank nv,1,0,0
122,In what organization does doreen barr work?,credit suisse ag,1,0,0
122,In what organization does jody feldman work?,hsbc bank usa na,1,0,0
122,In what organization does kenneth p sneiderjr work?,the bank of new york mellon,1,0,0
122,In what organization does kristen m murphy work?,jpmorgan chase bank na,1,0,0
122,In what organization does lingzi huang work?,credit suisse ag,1,0,0
122,In what organization does maria lago work?,unicredit bank ag,1,0,0
122,In what organization does maureen maroney work?,citibank na,1,0,0
122,In what organization does michael king work?,morgan stanley bank na,1,0,0
122,In what organization does michelle s dagenhart work?,wells fargo bank national association,1,0,0
122,In what organization does n j hardman work?,aon uk limited,1,0,0
122,In what organization does p a hogwood work?,aon uk limited,1,0,0
122,In what organization does paul hagy work?,aon corporation,1,0,0
122,In what organization does robert grillo work?,australia and new zealand bank group limited,1,0,0
122,In what organization does ross levitsky work?,deutsche bank ag,1,0,0
122,In what organization does thane rattew work?,the bank of nova scotia,1,0,0
122,In what organization does tony gordon work?,bank of montreal,1,0,0
122,In what organization does zhao caiyan work?,bank of china luxembourg,1,0,0
37,In what organization does bryan ervin work?,cobank acb,1,0,0
37,In what organization does felix miranda work?,wells fargo bank national association,1,0,0
37,In what organization does john kushnerick work?,jpmorgan chase bank na,1,0,0
37,In what organization does judith a huckins work?,citizens bank na,1,0,0
37,In what organization does kelly nash work?,amegy bank national association,1,0,0
37,In what organization does maria f maia work?,bank of america na,1,0,0
37,In what organization does mark grover work?,branch banking and trust company,1,0,0
37,In what organization does philip k liebscher work?,pnc bank national association,1,0,0
37,In what organization does raj nambiar work?,compass bank,1,0,0
37,In what organization does sandra cortes work?,mufg union bank na,1,0,0
37,In what organization does steven dixon work?,us bank national association,1,0,0
37,In what organization does tad stainbrook work?,keybank national association,1,0,0
37,In what organization does worthing f jackman work?,waste connections inc,1,0,0
23,In what organization does andrew sidford work?,credit agricole corporate and investment bank,1,0,0
23,In what organization does holli balzar work?,bank of america na,1,0,0
23,In what organization does jeanna steele work?,clean energy experts llc,1,0,0
23,In what organization does jeremy eisman work?,deutsche bank ag new york branch,1,0,0
23,In what organization does jonathan m bouvet work?,keybank national association,1,0,0
23,In what organization does jordan kanis work?,silicon valley bank,1,0,0
23,In what organization does komal shah work?,credit suisse ag cayman islands branch,1,0,0
23,In what organization does kyle hatze work?,deutsche bank ag new york branch,1,0,0
23,In what organization does mark w condon work?,royal bank of canada,1,0,0
23,In what organization does michael agrimis work?,mufg bank ltd,1,0,0
23,In what organization does michael king work?,morgan stanley senior funding inc,1,0,0
23,In what organization does nawshaer safi work?,credit suisse ag cayman islands branch,1,0,0
23,In what organization does paul dickson work?,sunrun installation services inc,1,0,0
35,In what organization does claudia zarate work?,bnp paribas,1,0,0
35,In what organization does david gurghigian work?,credit agricole corporate and investment bank,1,0,0
35,In what organization does debra hrelja work?,jpmorgan chase bank na,1,0,0
35,In what organization does devon j lang work?,branch banking and trust company,1,0,0
35,In what organization does diane pockaj work?,commerzbank ag,1,0,0
35,In what organization does glen binder work?,intesa sanpaolo spa,1,0,0
35,In what organization does haifeng xu work?,bank of china,1,0,0
35,In what organization does hans beekmans work?,ing capital llc,1,0,0
35,In what organization does hsing h huang work?,standard chartered bank,1,0,0
35,In what organization does j frazell work?,the bank of nova scotia,1,0,0
35,In what organization does james d weinstein work?,sumitomo mitsui banking corporation,1,0,0
35,In what organization does joe hykle work?,dnb capital llc,1,0,0
35,In what organization does john m eyerman work?,us bank national association,1,0,0
35,In what organization does john p rielly work?,hess corporation,1,0,0
35,In what organization does kelton glasscock work?,dnb capital llc,1,0,0
35,In what organization does kevin sparks work?,the bank of tokyo mitsubishi ufj ltd,1,0,0
35,In what organization does leon mo work?,mizuho bank ltd,1,0,0
35,In what organization does marco pizzi work?,intesa sanpaolo spa,1,0,0
35,In what organization does maureen maroney work?,citibank na,1,0,0
35,In what organization does michael king work?,morgan stanley bank na,1,0,0
35,In what organization does michael willis work?,credit agricole corporate and investment bank,1,0,0
35,In what organization does nicolas anberree work?,bnp paribas,1,0,0
35,In what organization does nurys maleki work?,banco bilbao argentaria sa,1,0,0
35,In what organization does peter carini work?,wells fargo bank national association,1,0,0
35,In what organization does raza jafferi work?,bank of america na,1,0,0
35,In what organization does rebecca kratz work?,goldman sachs bank usa,1,0,0
35,In what organization does sophia love work?,the northern trust company,1,0,0
35,In what organization does steve aloupis work?,standard chartered bank,1,0,0
35,In what organization does steve ray work?,the royal bank of scotland plc,1,0,0
35,In what organization does steven smith work?,hsbc bank usa na,1,0,0
35,In what organization does timothy b goodell work?,hess corporation,1,0,0
35,In what organization does veronica incera work?,banco bilbao argentaria sa,1,0,0
21,In what organization does danielle spar work?,goldman sachs bank usa,1,0,0
21,In what organization does eric liaw work?,blackstone holdings finance co llc,1,0,0
21,In what organization does nicole kroll work?,wilmington trust national association,1,0,0
21,In what organization does robert j shusterman work?,ally bank,1,0,0
108,In what organization does gregory w lane work?,keybank national association,1,0,0
108,In what organization does michael p perillo work?,fifth third bank an ohio banking corporation,1,0,0
134,In what organization does janet chao work?,east west bank,1,0,0
134,In what organization does mohammad s hasan work?,jpmorgan chase bank na,1,0,0
134,In what organization does nelson arteaga work?,banc of california national association,1,0,0
120,In what organization does adam markman work?,equity commonwealth,1,0,0
120,In what organization does angela chen work?,mega international commercial bank co ltd,1,0,0
120,In what organization does chad hale work?,the bank of nova scotia,1,0,0
120,In what organization does charles mclaughlin work?,bank hapoalim bm,1,0,0
120,In what organization does cheryl sneor work?,bank of america na,1,0,0
120,In what organization does curt steiner work?,us bank national association,1,0,0
120,In what organization does dan lepage work?,royal bank of canada,1,0,0
120,In what organization does frederick h denecke work?,capital one,1,0,0
120,In what organization does greg conner work?,associated bank,1,0,0
120,In what organization does helga blum work?,the bank of new york mellon,1,0,0
120,In what organization does james p surless work?,bank hapoalim bm,1,0,0
120,In what organization does john t murphy work?,pnc bank,1,0,0
120,In what organization does kent gorman work?,compass bank,1,0,0
120,In what organization does lori chambers work?,regions bank,1,0,0
120,In what organization does marc costantino work?,jpmorgan chase bank na,1,0,0
120,In what organization does mark a edwards work?,branch banking and trust company,1,0,0
120,In what organization does mark w piekos work?,bmo harris bank,1,0,0
120,In what organization does michael glandt work?,fifth third bank,1,0,0
120,In what organization does rory desmond work?,td bank na,1,0,0
120,In what organization does william g karl work?,sumitomo mitsui banking corporation,1,0,0
120,In what organization does winita lau work?,wells fargo bank,1,0,0
121,In what organization does andrey rudnitsky work?,branch banking and trust company,1,0,0
121,In what organization does angela chen work?,mega international commercial bank,1,0,0
121,In what organization does brian grossman work?,jpmorgan chase bank na,1,0,0
121,In what organization does carla balesano work?,united bank,1,0,0
121,In what organization does chris hursey work?,suntrust bank,1,0,0
121,In what organization does christopher r hermann work?,pnc bank,1,0,0
121,In what organization does corey j davis work?,us bank national association,1,0,0
121,In what organization does daniel vilarelle work?,santander bank na,1,0,0
121,In what organization does darran wee work?,citizens bank national association,1,0,0
121,In what organization does derek chang work?,first hawaiian bank,1,0,0
121,In what organization does donna demagistris work?,mizuho bankltd,1,0,0
121,In what organization does eric harvey work?,regions bank,1,0,0
121,In what organization does james hua work?,bank of east asia limited,1,0,0
121,In what organization does jane chang work?,bank of taiwan,1,0,0
121,In what organization does jason jean work?,taiwan business bank,1,0,0
121,In what organization does joseph philbin work?,hsbc bank usa,1,0,0
121,In what organization does joshua r pirozzolo work?,bank of the west,1,0,0
121,In what organization does kefel xu work?,bank of china,1,0,0
121,In what organization does kitty sin work?,bank of east asia limited,1,0,0
121,In what organization does li yin wang work?,taiwan cooperative bank ltd,1,0,0
121,In what organization does mary r wright work?,wells fargo bank na,1,0,0
121,In what organization does michael dixon work?,compass bank,1,0,0
121,In what organization does michele dragonetti work?,td bank na,1,0,0
121,In what organization does murtuza ziauddin work?,the northern trust company,1,0,0
121,In what organization does paul hultgren work?,bmo harris bank na,1,0,0
121,In what organization does peter c underwood work?,regal beloit corporation,1,0,0
121,In what organization does s bradley mcdougall work?,fifth third bank,1,0,0
121,In what organization does shirley shipley work?,first tennessee bank national association,1,0,0
121,In what organization does shuji yabe work?,sumitomo mitsui banking corporation,1,0,0
121,In what organization does steven k kessler work?,bank of america na,1,0,0
121,In what organization does steven r bruno work?,the metropolitan life insurance company,1,0,0
121,In what organization does victor pierzchalski work?,mufg union bank na,1,0,0
135,In what organization does adam h fey work?,bank of america na,1,0,0
135,In what organization does anders platou work?,dnb capital llc,1,0,0
135,In what organization does andreas bubenzer paim work?,deutsche bank ag new york branch,1,0,0
135,In what organization does christine aharonian work?,barclays bank plc,1,0,0
135,In what organization does craig pearson work?,ubs ag stamford branch,1,0,0
135,In what organization does darlene arias work?,ubs ag stamford branch,1,0,0
135,In what organization does david kee work?,sumitomo mitsui banking corporation,1,0,0
135,In what organization does david valentine work?,regions bank,1,0,0
135,In what organization does devon j lang work?,branch banking and trust company,1,0,0
135,In what organization does gabriel juarez work?,citibank na,1,0,0
135,In what organization does gumaro tijerina work?,bmo harris bank na,1,0,0
135,In what organization does james r allred work?,royal bank of canada,1,0,0
135,In what organization does john c lozano work?,us bank national association,1,0,0
135,In what organization does joseph onischuk work?,bnp paribas,1,0,0
135,In what organization does leon mo work?,mizuho bankltd,1,0,0
135,In what organization does les werme work?,compass bank,1,0,0
135,In what organization does m colin warman work?,pnc bank national association,1,0,0
135,In what organization does mark oberreuter work?,the bank of tokyo mitsubishi ufjltd,1,0,0
135,In what organization does mark sparrow work?,the bank of nova scotia,1,0,0
135,In what organization does michael a tribolet work?,wells fargo bank national association,1,0,0
135,In what organization does michael king work?,morgan stanley bank na,1,0,0
135,In what organization does michiel van der voort work?,société générale,1,0,0
135,In what organization does reginald crichlow work?,bnp paribas,1,0,0
135,In what organization does richard antl work?,canadian imperial bank of commerce new york branch,1,0,0
135,In what organization does rosanne parsill work?,bank of america na,1,0,0
135,In what organization does shannon juhan work?,suntrust bank,1,0,0
135,In what organization does sharon s spurlin work?,plains all american pipeline lp,1,0,0
135,In what organization does stephanie balette work?,jpmorgan chase bank na,1,0,0
135,In what organization does virginia cosenza work?,deutsche bank ag new york branch,1,0,0
135,In what organization does william reid work?,canadian imperial bank of commerce new york branch,1,0,0
109,In what organization does denis yevstifeyey work?,liberated syndication inc webmayhem inc and pair networks inc,1,0,0
109,In what organization does douglas polinksy work?,liberated syndication inc webmayhem inc and pair networks inc,1,0,0
109,In what organization does j gregory smith work?,liberated syndication inc webmayhem inc and pair networks inc,1,0,0
109,In what organization does john busshaus work?,liberated syndication inc webmayhem inc and pair networks inc,1,0,0
20,In what organization does benjamin mlot work?,bank of montreal chicago branch,1,0,0
34,In what organization does cameron m bready work?,michigan electric transmission company llc,1,0,0
34,In what organization does rejji p hayes work?,michigan electric transmission company llc,1,0,0
34,In what organization does wendy a mcintyre work?,michigan electric transmission company llc,1,0,0
18,In what organization does craig v koshkarian work?,wells fargo bank national association,1,0,0
18,In what organization does dennis szczesuil work?,raymond james bank na,1,0,0
18,In what organization does elizabeth dove work?,capital one national association,1,0,0
18,In what organization does ghi gavin work?,regions bank,1,0,0
18,In what organization does katherine davidson work?,mufg union bank na,1,0,0
18,In what organization does kevin a stacker work?,wells fargo bank national association,1,0,0
18,In what organization does lainie minnick work?,black creek diversified property operating partnership lp,1,0,0
24,In what organization does chad mcmasters work?,pnc bank national association,1,0,0
24,In what organization does courtney jones work?,suntrust bank,1,0,0
24,In what organization does d bryan gregory work?,wells fargo bank national association,1,0,0
24,In what organization does j craig lee work?,king and spalding llp,1,0,0
24,In what organization does j lee hord work?,us bank national association,1,0,0
24,In what organization does jaime gitler work?,jpmorgan chase bank na,1,0,0
24,In what organization does james a fleming work?,columbia property trust operating partnership lp,1,0,0
24,In what organization does jessica trombly work?,td bank n a,1,0,0
24,In what organization does paul e burgan work?,regions bank,1,0,0
24,In what organization does william g karl work?,sumitomo mitsui banking corporation,1,0,0
131,In what organization does john bumgarner work?,morgan stanley senior funding inc,1,0,0
131,In what organization does matthieu milgrom work?,morgan stanley bank na,1,0,0
131,In what organization does ralph j creasia jr work?,us bank national association,1,0,0
125,In what organization does david r barney work?,bank of america na,1,0,0
125,In what organization does eric j cosgrove work?,us bank national association,1,0,0
125,In what organization does joseph d tarry work?,public service company of new mexico,1,0,0
119,In what organization does delanson d crist work?,international finance corporation,1,0,0
119,In what organization does w russell scheirman work?,vaalco gabon etame inc,1,0,0
118,In what organization does brendan korb work?,jpmorgan chase bank na,1,0,0
118,In what organization does carl a mayer iii work?,nomura corporate funding americas llc,1,0,0
118,In what organization does charles d johnston work?,goldman sachs bank usa,1,0,0
118,In what organization does christopher day work?,credit suisse ag,1,0,0
118,In what organization does daniel j miller work?,pnc bank,1,0,0
118,In what organization does daniel r van aken work?,wells fargo bank national association,1,0,0
118,In what organization does diedre j gray work?,post holdings inc,1,0,0
118,In what organization does hal nelson work?,cobank acb,1,0,0
118,In what organization does j haynes gentry iii work?,suntrust bank,1,0,0
118,In what organization does joan spiotto work?,bmo harris financing inc,1,0,0
118,In what organization does john h phillips work?,stifel bank and trust,1,0,0
118,In what organization does kelly chin work?,morgan stanley bank na,1,0,0
118,In what organization does peter duncan work?,cooperatieve centrale raiffeisen boerenleenbank,1,0,0
118,In what organization does peter glawe work?,cooperatieve centrale raiffeisen boerenleenbank,1,0,0
118,In what organization does roger lumley work?,bank of the west,1,0,0
118,In what organization does ronnie glenn work?,barclays bank plc,1,0,0
118,In what organization does samuel miller work?,credit suisse ag,1,0,0
124,In what organization does catherine damico work?,monro muffler brake inc,1,0,0
124,In what organization does christine keating work?,citibank na,1,0,0
124,In what organization does craig welch work?,td bank na,1,0,0
124,In what organization does michael k makaitis work?,citizens bank na,1,0,0
124,In what organization does michael mcmahon work?,keybank national association,1,0,0
124,In what organization does peter m killea work?,jpmorgan chase bank na,1,0,0
124,In what organization does randall r phillips work?,first niagara bank na,1,0,0
124,In what organization does richard ferrari work?,wells fargo bank na,1,0,0
124,In what organization does thomas c strasenburgh work?,bank of america na,1,0,0
124,In what organization does trevor williams work?,branch banking and trust company,1,0,0
130,In what organization does aaron wade work?,regions bank,1,0,0
130,In what organization does cory miller work?,umb bank na,1,0,0
130,In what organization does j carlos navarrete work?,truist bank,1,0,0
130,In what organization does jacob mcgee work?,bancorpsouth bank,1,0,0
130,In what organization does john flores work?,royal bank of canada,1,0,0
130,In what organization does kevin couch work?,bank of america na,1,0,0
130,In what organization does mark holm work?,wells fargo bank national association,1,0,0
130,In what organization does michael l monninger work?,pnc bank national association,1,0,0
130,In what organization does mike ross work?,fifth third bank national association,1,0,0
130,In what organization does nancy g moragas work?,hancock whitney bank,1,0,0
130,In what organization does stephanie balette work?,jpmorgan chase bank na,1,0,0
130,In what organization does yvonne brazier work?,royal bank of canada,1,0,0
25,In what organization does emily ergang pappas work?,cortland capital market services llc,1,0,0
25,In what organization does william p mcloughlin work?,jefferies leveraged credit products llc,1,0,0
31,In what organization does anthea del bianco work?,bank of america na,1,0,0
31,In what organization does dhiren desai work?,wells fargo bank national association,1,0,0
31,In what organization does eoin roche work?,canadian imperial bank of commerce new york agency,1,0,0
31,In what organization does george manchenko work?,hsbc bank usa national association,1,0,0
31,In what organization does haiyong yang work?,the bank of china,1,0,0
31,In what organization does johanna minaya work?,standard chartered bank,1,0,0
31,In what organization does kurban h merchant work?,us bank national association,1,0,0
31,In what organization does mark timms work?,barclays bank plc,1,0,0
31,In what organization does mark walton work?,goldman sachs bank usa,1,0,0
31,In what organization does maureen maroney work?,citibank na,1,0,0
31,In what organization does oscar d cortez work?,the bank of tokyo mitsubishi ufj ltd,1,0,0
31,In what organization does richard j poworoznek work?,jpmorgan chase bank na,1,0,0
31,In what organization does robert casey work?,canadian imperial bank of commerce new york agency,1,0,0
31,In what organization does robert k reddington work?,standard chartered bank,1,0,0
31,In what organization does scott w reynolds work?,bank of america na,1,0,0
19,In what organization does annie carr work?,goldman sachs bank,1,0,0
19,In what organization does john flores work?,royal bank of canada,1,0,0
19,In what organization does katherine robinson work?,bmo harris bank na,1,0,0
19,In what organization does katie cunningham work?,mufg bank ltd,1,0,0
19,In what organization does maureen s malphus work?,wells fargo bank national association,1,0,0
19,In what organization does robert graff work?,coöperatieve rabobank ua new york,1,0,0
19,In what organization does robert p elbert work?,umb bank na,1,0,0
19,In what organization does rodica dutka work?,royal bank of canada,1,0,0
19,In what organization does terry w handley work?,caseys general stores inc,1,0,0
19,In what organization does timothy j devane work?,coöperatieve rabobank ua new york,1,0,0
27,In what organization does gary levin work?,af v energy i holdings lp,1,0,0
27,In what organization does michael a gerlich work?,gastar midco holdings llc,1,0,0
33,In what organization does christopher day work?,credit suisse ag,1,0,0
33,In what organization does jean marc vauclair work?,credit suisse ag,1,0,0
126,In what organization does andrew sidford work?,credit agricole corporate and investment bank,1,0,0
126,In what organization does brendan heneghan work?,bnp paribas,1,0,0
126,In what organization does brett bonet work?,hsbc bank usa national association,1,0,0
126,In what organization does dan beckwith work?,pnc bank national association,1,0,0
126,In what organization does dayi liu work?,industrial and commercial bank of china limited new york branch,1,0,0
126,In what organization does derek jensen work?,wells fargo bank national association,1,0,0
126,In what organization does gordon yip work?,credit agricole corporate and investment bank,1,0,0
126,In what organization does james beck work?,standard chartered bank,1,0,0
126,In what organization does juliana fong work?,dbs bank ltd,1,0,0
126,In what organization does karim remtoula work?,bnp paribas,1,0,0
126,In what organization does lillian kim work?,mufg bank ltd,1,0,0
126,In what organization does michael maguire work?,sumitomo mitsui banking corporation,1,0,0
126,In what organization does michelle c phillips work?,the bank of nova scotia,1,0,0
126,In what organization does min park work?,jpmorgan chase bank na,1,0,0
126,In what organization does puneet lakhotia work?,bank of america na,1,0,0
126,In what organization does raymond qiao work?,bank of china new york branch,1,0,0
126,In what organization does richard j ameny jr work?,us bank national association,1,0,0
126,In what organization does sergio a cadavid work?,jabil inc,1,0,0
126,In what organization does susan m olsen work?,citibank na,1,0,0
126,In what organization does tony huang work?,industrial and commercial bank of china limited new york branch,1,0,0
126,In what organization does tracy rahn work?,mizuho bank ltd,1,0,0
126,In what organization does xavier ruiz sena work?,banco santander sa new york branch,1,0,0
132,In what organization does amy prager work?,bank of montreal,1,0,0
132,In what organization does andrew griffin work?,credit suisse ag new york branch,1,0,0
132,In what organization does doreen barr work?,credit suisse ag new york branch,1,0,0
132,In what organization does james mastroianna work?,wells fargo bank na,1,0,0
132,In what organization does jennifer m dunneback work?,jpmorgan chase bank na,1,0,0
132,In what organization does mark r cousineau work?,us bank national association,1,0,0
132,In what organization does ryan durkin work?,goldman sachs bank usa,1,0,0
133,In what organization does marc stolzman work?,zulily inc,1,0,0
133,In what organization does william allen work?,citibank na,1,0,0
127,In what organization does annie carr work?,goldman sachs bank,1,0,0
127,In what organization does annie chung work?,deutsche bank ag,1,0,0
127,In what organization does darren merten work?,bank of america na,1,0,0
127,In what organization does eugene yermash work?,citibank na,1,0,0
127,In what organization does heather e hoopingarner work?,jpmorgan chase bank na,1,0,0
127,In what organization does julie lilienfeld work?,morgan stanley bank na,1,0,0
127,In what organization does michael dambach work?,biogen inc,1,0,0
127,In what organization does ming k chu work?,deutsche bank ag,1,0,0
127,In what organization does raymond qiao work?,bank of china new york branch,1,0,0
127,In what organization does ryan m black work?,us bank national association,1,0,0
127,In what organization does taelitha bonds harris work?,bank of america na,1,0,0
127,In what organization does teddy koch work?,wellsfargobanknationalassociation,1,0,0
127,In what organization does tracy rahn work?,mizuho bank,1,0,0
32,In what organization does alan greenhow work?,ubs limited,1,0,0
32,In what organization does ann e sutton work?,barclays bank plc,1,0,0
32,In what organization does barbara s wang work?,ubs securities llc,1,0,0
32,In what organization does chris golding work?,bnp paribas,1,0,0
32,In what organization does douglas brandes work?,hsbc bank canada,1,0,0
32,In what organization does gregg l byers work?,jp morgan securities llc,1,0,0
32,In what organization does j campbell work?,ubs limited,1,0,0
32,In what organization does jason blondell work?,hsbc corporate trustee company uk limited,1,0,0
32,In what organization does jeremy causton work?,hsbc bank plc,1,0,0
32,In what organization does john cantalupo work?,wells fargo bank na,1,0,0
32,In what organization does john hanbury work?,chc group ltd,1,0,0
32,In what organization does john stholl work?,ubs securities llc,1,0,0
32,In what organization does mark lumpkin jr work?,royal bank of canada,1,0,0
32,In what organization does muhammad hasan work?,jpmorgan chase bank na,1,0,0
32,In what organization does o lavitzson work?,the standard bank of south africa limited,1,0,0
32,In what organization does todd patchell work?,hsbc bank canada,1,0,0
32,In what organization does tony baratta work?,bnp paribas,1,0,0
26,In what organization does ade adedeji work?,bnp paribas,1,0,0
26,In what organization does andrew d holtz work?,the northern trust company,1,0,0
26,In what organization does breck fleming work?,city national bank,1,0,0
26,In what organization does brian crowley work?,banco bilbao vizcaya argentaria,1,0,0
26,In what organization does christopher sked work?,bnp paribas,1,0,0
26,In what organization does clifford a mull work?,the bank of new york mellon,1,0,0
26,In what organization does daniel mattern work?,standard chartered bank,1,0,0
26,In what organization does emerson almeida work?,cayman islands brank,1,0,0
26,In what organization does fabio della malva work?,unicredit bank ag,1,0,0
26,In what organization does gary herzog work?,credit agricole corporate and investment bank,1,0,0
26,In what organization does iain stewart work?,hsbc bank usa na,1,0,0
26,In what organization does jeffrey galik work?,bristol meyers squibb company,1,0,0
26,In what organization does jeffreygalik work?,bristol myers squibb company,1,0,0
26,In what organization does jill wong work?,credit agricole corporate and investment bank,1,0,0
26,In what organization does john toronto work?,cayman islands brank,1,0,0
26,In what organization does jonathan logan work?,société générale,1,0,0
26,In what organization does jordan harris work?,wells fargo bank national association,1,0,0
26,In what organization does joshua hovermale work?,bmo harris bank na,1,0,0
26,In what organization does katherine bass work?,suntrust bank,1,0,0
26,In what organization does katherine kelly work?,bristol meyers squibb company,1,0,0
26,In what organization does katherinekelly work?,bristol myers squibb company,1,0,0
26,In what organization does katsuyuki kubo work?,sumitomo mitsui banking corporation,1,0,0
26,In what organization does marc fussbahn work?,unicredit bank ag,1,0,0
26,In what organization does michelle c phillips work?,the bank of nova scotia,1,0,0
26,In what organization does ming k chu work?,deutsche bank,1,0,0
26,In what organization does pedro bell work?,commerzbank ag,1,0,0
26,In what organization does ronnie glenn work?,barclays bank plc,1,0,0
26,In what organization does ryan m black work?,us bank national association,1,0,0
26,In what organization does scott oconnell work?,mufg bank ltd,1,0,0
26,In what organization does tracy rahn work?,mizuho bank ltd,1,0,0
26,In what organization does veli matti abohen work?,commerzbank ag,1,0,0
26,In what organization does veronica incera work?,banco bilbao vizcaya argentaria,1,0,0
26,In what organization does virginia cosenza work?,deutsche bank,1,0,0
26,In what organization does william p herold work?,pnc bank national association,1,0,0
26,In what organization does xavier ruiz sena work?,santander bank na,1,0,0
