document_number,question,answer,num_hops,num_set_operations,multiple_answer_dimension
17,"What is the location of ExGen Renewables Holdings, LLC?","10 South Dearborn Street, 49th FloorChicago, IL 60603",1,0,0
17,"What is the location of ExGen Renewables IV, LLC?","1310 Point Street, 12th FloorBaltimore, MD 21231",1,0,0
17,"What is the location of ExGen Renewables IV Holding, LLC?","10 South Dearborn Street, 49th FloorChicago, IL 60603",1,0,0
17,"What is the location of Exelon Generation Company, LLC?","701 Ninth Street NW, 9th FloorWashington, DC 20068",1,0,0
17,"What is the location of Morgan Stanley Senior Funding, Inc.?","1300 Thames Street, 4th FloorThames Street WharfBaltimore, MD 21231",1,0,0
17,What is the location of Simpson Thacher %26 Bartlett LLP?,"425 Lexington Avenue, New York, New York 10017",1,0,0
17,"What is the location of Wilmington Trust, National Association?",1100 North Market StreetWilmington Delaware 19890,1,0,0
17,Which company is associated with 1100 North Market StreetWilmington Delaware 19890?,"Wilmington Trust, National Association",1,0,0
17,"Which company is associated with 1300 Thames Street, 4th FloorThames Street WharfBaltimore, MD 21231?","Morgan Stanley Senior Funding, Inc.",1,0,0
17,"Which company is associated with 1310 Point Street, 12th FloorBaltimore, MD 21231?","ExGen Renewables IV, LLC",1,0,0
17,"Which company is associated with 425 Lexington Avenue, New York, New York 10017?",Simpson Thacher %26 Bartlett LLP,1,0,0
17,"Which company is associated with 701 Ninth Street NW, 9th FloorWashington, DC 20068?","Exelon Generation Company, LLC",1,0,0
17,"What type of location is 10 South Dearborn Street, 49th FloorChicago, IL 60603?",Chief Executive Office,1,0,0
17,"What is the role of EXGEN RENEWABLES IV, LLC in the agreement?",Borrower,1,0,0
17,"What is the role of Constellation DCO Albany Power Holdings, LLC in the agreement?",Grantor,1,0,0
17,"What is the role of EXGEN RENEWABLES IV HOLDING, LLC in the agreement?",Holding,1,0,0
17,"What is the role of Exelon AVSR Holding, LLC in the agreement?",Grantor,1,0,0
17,"What is the role of SolGen Holding, LLC in the agreement?",Grantor,1,0,0
17,"What is the role of Wilmington Trust, National Association in the agreement?","CollateralWilmington Trust, National AssociationAgent",1,0,0
17,What company is the Borrower in the agreement?,"EXGEN RENEWABLES IV, LLC",1,0,0
17,What company is the Holding in the agreement?,"EXGEN RENEWABLES IV HOLDING, LLC",1,0,0
17,"What company is the Syndication Agent, in the agreement?","MORGAN STANLEY SENIOR FUNDING, INC.",1,0,0
17,What company is the Bookrunner in the agreement?,"MORGAN STANLEY SENIOR FUNDING, INC.",1,0,0
17,What company is the Documentation Agent in the agreement?,"MORGAN STANLEY SENIOR FUNDING, INC.",1,0,0
17,What company is the Arranger in the agreement?,"MORGAN STANLEY SENIOR FUNDING, INC.",1,0,0
17,What company is the Depositary Bank in the agreement?,"WILMINGTON TRUST, NATIONAL ASSOCIATION",1,0,0
17,What company is the Collateral Agent in the agreement?,"WILMINGTON TRUST, NATIONAL ASSOCIATION",1,0,0
17,What company is the Pledgor in the agreement?,"ExGen Renewables IV, LLC",1,0,0
17,"What company is the Collateralwilmington Trust, National Associationagent in the agreement?","Wilmington Trust, National Association",1,0,0
102,What is the position of Adam Finerman?,Esq.,1,0,0
102,What is the position of Katherine Bell?,Esq.,1,0,0
102,What is the position of Kathy R. Plisko?,Authorized Signatory,1,0,0
102,In what organization does Adam Finerman work?,PAUL HASTINGS LLP,1,0,0
102,In what organization does Jeffry R. Keyes work?,DIGIRAD CORPORATION,1,0,0
102,In what organization does Katherine Bell work?,PAUL HASTINGS LLP,1,0,0
102,In what organization does Kathy R. Plisko work?,"WELLS FARGO BANK, NATIONAL ASSOCIATION",1,0,0
102,Who is the representative of DIGIRAD CORPORATION?,Jeffry R. Keyes,1,0,0
102,"Who is the representative of WELLS FARGO BANK, NATIONAL ASSOCIATION?",Kathy R. Plisko,1,0,0
102,What is the location of OLSHAN FROME WOLOSKY LLP?,"65 East 55th Street New York, NY 10022",1,0,0
102,What is the location of DIGIRAD CORPORATION?,"1048 Industrial Court, Suite E Suwanee, GA 30024",1,0,0
102,"What is the location of WELLS FARGO BANK, NATIONAL ASSOCIATION?","2450 Colorado Avenue, Suite 3000 WestSanta Monica, CA 90404",1,0,0
102,What is the location of PAUL HASTINGS LLP?,"695 Town Center Drive, 17th Floor Costa Mesa, CA 92626",1,0,0
102,"Which company is associated with 1048 Industrial Court, Suite E Suwanee, GA 30024?",DIGIRAD CORPORATION,1,0,0
102,"Which company is associated with 2450 Colorado Avenue, Suite 3000 WestSanta Monica, CA 90404?","WELLS FARGO BANK, NATIONAL ASSOCIATION",1,0,0
102,"Which company is associated with 65 East 55th Street New York, NY 10022?",OLSHAN FROME WOLOSKY LLP,1,0,0
102,"Which company is associated with 695 Town Center Drive, 17th Floor Costa Mesa, CA 92626?",PAUL HASTINGS LLP,1,0,0
102,"What is the role of DIGIRAD IMAGING SOLUTIONS, INC. in the agreement?",BORROWERS,1,0,0
102,"What is the role of DMS HEALTH TECHNOLOGIES, INC. in the agreement?",BORROWERS,1,0,0
102,"What is the role of DMS IMAGING, INC. in the agreement?",BORROWERS,1,0,0
102,What is the role of MD OFFICE SOLUTIONS in the agreement?,BORROWERS,1,0,0
102,What is the role of PROJECT RENDEZVOUS HOLDING CORPORATION in the agreement?,BORROWERS,1,0,0
102,"What is the role of TELERHYTHMICS, LLC in the agreement?",BORROWERS,1,0,0
102,What company is the Borrower in the agreement?,DIGIRAD CORPORATION,1,0,0
102,What company is the Arranger in the agreement?,"WELLS FARGO BANK, NATIONAL ASSOCIATION",1,0,0
102,What company is the Lender in the agreement?,"WELLS FARGO BANK, NATIONAL ASSOCIATION",1,0,0
102,What company is the Agent in the agreement?,"WELLS FARGO BANK, NATIONAL ASSOCIATION",1,0,0
102,What company is the Runner in the agreement?,"WELLS FARGO BANK, NATIONAL ASSOCIATION",1,0,0
102,What company is the Book Runner in the agreement?,"WELLS FARGO BANK, NATIONAL ASSOCIATION",1,0,0
116,What is the position of Nicholas Jordan?,Managing Director,1,0,0
116,What is the position of Orit Mizrachi?,COO,1,0,0
116,What is the position of Venu Rathi?,CFO,1,0,0
116,What is the position of Venugopal Rathi?,Chief Financial Officer,1,0,0
116,In what organization does Erica Knight work?,CIBC BANK USA,1,0,0
116,In what organization does Nicholas Jordan work?,CIBC BANK USA,1,0,0
116,In what organization does Nick Jordan work?,CIBC BANK USA,1,0,0
116,In what organization does Orit Mizrachi work?,Morgan Stanley Direct Lending Fund,1,0,0
116,In what organization does Venu Rathi work?,Morgan Stanley Direct Lending Fund,1,0,0
116,In what organization does Venugopal Rathi work?,MORGAN STANLEY DIRECT LENDING FUND,1,0,0
116,Who is the representative of MORGAN STANLEY DIRECT LENDING FUND?,Venugopal Rathi,1,0,0
116,"Which company is associated with 120 South LaSalle StreetChicago, Illinois 60603?",CIBC BANK USA,1,0,0
116,"Which company is associated with 70 W. MadisonChicago, Illinois 60602?",CIBC BANK USA,1,0,0
116,What is the role of MORGAN STANLEY DIRECT LENDING FUND in the agreement?,THE COMPANY,1,0,0
116,What company is the The Company in the agreement?,MORGAN STANLEY DIRECT LENDING FUND,1,0,0
116,What company is the Arranger in the agreement?,CIBC BANK USA,1,0,0
116,"What company is the Agent, in the agreement?",CIBC BANK USA,1,0,0
116,What company is the Lender in the agreement?,CIBC BANK USA,1,0,0
116,What company is the Administrative Agent in the agreement?,CIBC BANK USA,1,0,0
116,What company is the Agent in the agreement?,CIBC BANK USA,1,0,0
117,What is the position of Chris Burns?,Senior Vice President,1,0,0
117,What is the position of Dawn Mace Moore?,Senior Vice President,1,0,0
117,What is the position of Kirsten Jakobsen?,Vice President,1,0,0
117,What is the position of Lynn Braun?,Executive Director,1,0,0
117,What is the position of Michael Snook?,Senior Vice President,1,0,0
117,In what organization does Chris Burns work?,"HSBC BANK USA, NATIONAL ASSOCIATION",1,0,0
117,In what organization does Dawn Mace Moore work?,"HSBC BANK USA, NATIONAL ASSOCIATION",1,0,0
117,In what organization does Jim A. Swanson work?,"COLUMBIA SPORTSWEAR COMPANY,",1,0,0
117,In what organization does Kirsten Jakobsen work?,ROYAL BANK OF CANADA,1,0,0
117,In what organization does Lynn Braun work?,"JPMORGAN CHASE BANK, N.A.",1,0,0
117,In what organization does Michael Snook work?,"HSBC BANK USA, NATIONAL ASSOCIATION",1,0,0
117,"Who is the representative of COLUMBIA SPORTSWEAR COMPANY,?",Jim A. Swanson,1,0,0
117,Who is the representative of ROYAL BANK OF CANADA?,Kirsten Jakobsen,1,0,0
117,"Who is the representative of JPMORGAN CHASE BANK, N.A.?",Lynn Braun,1,0,0
117,What is the location of Columbia Sportswear Company?,"14375 NW Science Park DrivePortland, OR 97229",1,0,0
117,"Which company is associated with 14375 NW Science Park DrivePortland, OR 97229?",Columbia Sportswear Company,1,0,0
117,What is the role of COLUMBIA SPORTSWEAR COMPANY in the agreement?,Borrower,1,0,0
117,"What is the role of COLUMBIA SPORTSWEAR COMPANY, in the agreement?",Borrower,1,0,0
117,What is the role of ROYAL BANK OF CANADA in the agreement?,Lender,1,0,0
117,"What is the role of HSBC BANK USA, NATIONAL ASSOCIATION in the agreement?",Lender,1,0,0
117,What company is the Administrative Agent in the agreement?,"JPMORGAN CHASE BANK, N.A.",1,0,0
103,What is the position of Gavin Baiera?,Authorized Signatory,1,0,0
103,What is the position of Matthew Trybula?,Associate Counsel,1,0,0
103,What is the position of Paul A. Barker?,Manager,1,0,0
103,What is the position of Scott Huckins?,Director,1,0,0
103,What is the position of Stephen Sernett?,Director,1,0,0
103,What is the position of Stuart Brown?,Director,1,0,0
103,In what organization does Gavin Baiera work?,"Angelo, Gordon %26 Co., L.P.",1,0,0
103,In what organization does Matthew Trybula work?,CORTLAND CAPITAL MARKET SERVICES LLC,1,0,0
103,In what organization does Paul A. Barker work?,CLAIRE%C2%92S LUXEMBOURG S.A R.L.,1,0,0
103,In what organization does Scott Huckins work?,CLAIRE%C2%92S FASHION PROPERTY CORP.,1,0,0
103,In what organization does Stephen Sernett work?,CLAIRE%C2%92S FASHION PROPERTY CORP.,1,0,0
103,In what organization does Stuart Brown work?,CLAIRE%C2%92S FASHION PROPERTY CORP.,1,0,0
103,"Who is the representative of Angelo, Gordon %26 Co., L.P.?",Gavin Baiera,1,0,0
103,Who is the representative of CORTLAND CAPITAL MARKET SERVICES LLC?,Matthew Trybula,1,0,0
103,Who is the representative of CLAIRE%C2%92S LUXEMBOURG S.A R.L.?,Paul A. Barker,1,0,0
103,"What is the location of Botticelli LLCc%2Fo Angelo, Gordon %26 Co., LP?","245 Park Avenue, 26th FloorNew York, New York 10167",1,0,0
103,What is the location of Claire%C2%92s %28Gibraltar%29 Holdings Limited?,"3 SW 129th AvenueSuite 400Pembroke Pines, FL 33027",1,0,0
103,What is the location of Cortland Capital Market Services LLC?,"225 W. Washington Street, 21st FloorChicago, IL 60606",1,0,0
103,"Which company is associated with 225 W. Washington Street, 21st FloorChicago, IL 60606?",Cortland Capital Market Services LLC,1,0,0
103,"Which company is associated with 245 Park Avenue, 26th FloorNew York, New York 10167?","Botticelli LLCc%2Fo Angelo, Gordon %26 Co., LP",1,0,0
103,"Which company is associated with 3 SW 129th AvenueSuite 400Pembroke Pines, FL 33027?",Claire%C2%92s %28Gibraltar%29 Holdings Limited,1,0,0
103,What is the role of CLAIRE%C2%92S %28GIBRALTAR%29 INTERMEDIATE HOLDINGS LIMITED in the agreement?,Borrower,1,0,0
103,"What is the role of CLAIRE%C2%92S ACCESSORIES SPAIN, S.L. in the agreement?",Guarantor,1,0,0
103,What is the role of CLAIRE%C2%92S ACCESSORIES UK LTD in the agreement?,Guarantor,1,0,0
103,What is the role of CLAIRE%C2%92S EUROPEAN DISTRIBUTION LIMITED in the agreement?,Guarantor,1,0,0
103,What is the role of CLAIRE%C2%92S EUROPEAN SERVICES LIMITED in the agreement?,Guarantor,1,0,0
103,What is the role of CLAIRE%C2%92S FRANCE S.A.S. in the agreement?,Guarantor,1,0,0
103,What is the role of CLAIRE%C2%92S GERMANY GMBH in the agreement?,Borrower,1,0,0
103,What is the role of CLAIRE%C2%92S HOLDINGS S.A. R.L. in the agreement?,Guarantor,1,0,0
103,What is the role of CLAIRE%C2%92S HOLDING GMBH in the agreement?,Guarantor,1,0,0
103,What is the role of CLAIRE%C2%92S LUXEMBOURG S.A. R.L. in the agreement?,Guarantor,1,0,0
103,What is the role of CLAIRE%C2%92S SWITZERLAND GMBH in the agreement?,Guarantor,1,0,0
103,What is the role of CSI LUXEMBOURG S.A. R.L. in the agreement?,Guarantor,1,0,0
103,"What is the role of Botticelli LLCc%2Fo Angelo, Gordon %26 Co., LP in the agreement?",Administrative Agent,1,0,0
103,What is the role of Claire%C2%92s %28Gibraltar%29 Holdings Limited in the agreement?,Borrowers,1,0,0
103,What is the role of Cortland Capital Market Services LLC in the agreement?,Collateral Agent,1,0,0
103,What is the role of CLAIRE%C2%92S FASHION PROPERTY CORP. in the agreement?,Guarantor,1,0,0
103,What company is the Lender in the agreement?,BOTTICELLI LLC,1,0,0
103,What company is the Administrative Agent in the agreement?,"Botticelli LLCc%2Fo Angelo, Gordon %26 Co., LP",1,0,0
103,What company is the Borrowers in the agreement?,Claire%C2%92s %28Gibraltar%29 Holdings Limited,1,0,0
103,What company is the Collateral Agent in the agreement?,Cortland Capital Market Services LLC,1,0,0
16,In what organization does Christopher A. Arnold work?,CRYSTAL FINANCIAL LLC,1,0,0
16,In what organization does Ian W. Estus work?,STANDARD DIVERSIFIED OPPORTUNITIES INC.,1,0,0
16,Who is the representative of CRYSTAL FINANCIAL LLC?,Christopher A. Arnold,1,0,0
16,Who is the representative of STANDARD DIVERSIFIED OPPORTUNITIES INC.?,Ian W. Estus,1,0,0
16,What is the location of Crystal Financial LLC?,"Two International Place, 17th Floor%09  %09 %09Boston, MA 02110",1,0,0
16,"Which company is associated with Two International Place, 17th Floor%09  %09 %09Boston, MA 02110?",Crystal Financial LLC,1,0,0
16,What is the role of STANDARD OUTDOOR LLC in the agreement?,BORROWER,1,0,0
16,What is the role of STANDARD OUTDOOR SOUTHEAST II LLC in the agreement?,BORROWER,1,0,0
16,What is the role of STANDARD OUTDOOR SOUTHEAST I LLC in the agreement?,BORROWER,1,0,0
16,What is the role of STANDARD OUTDOOR SOUTHWEST LLC in the agreement?,BORROWER,1,0,0
16,What is the role of STANDARD DIVERSIFIED OPPORTUNITIES INC. in the agreement?,BORROWER,1,0,0
16,What company is the Term Agent in the agreement?,CRYSTAL FINANCIAL LLC,1,0,0
14,What is the position of James Harris?,Chief Financial Officer,1,0,0
14,What is the position of Todd Dittmann?,Authorized Person,1,0,0
14,In what organization does James Harris work?,"PACIFIC DRILLING S.A.,",1,0,0
14,In what organization does Todd Dittmann work?,"AG ENERGY FUNDING, LLC",1,0,0
14,"Who is the representative of PACIFIC DRILLING S.A.,?",James Harris,1,0,0
14,"Who is the representative of AG ENERGY FUNDING, LLC?",Todd Dittmann,1,0,0
14,"What is the role of ANGELO, GORDON ENERGY SERVICER,LLC, in the agreement?",ADMINISTRATIVE AGENT,1,0,0
14,What is the role of Pacific Bora Ltd. in the agreement?,Subsidiary Guarantors,1,0,0
14,"What is the role of Pacific Drilling, Inc. in the agreement?",Subsidiary Guarantors,1,0,0
14,"What is the role of Pacific Drilling, LLC in the agreement?",Subsidiary Guarantors,1,0,0
14,What is the role of Pacific Drilling %28Gibraltar%29 Limited in the agreement?,Subsidiary Guarantors,1,0,0
14,What is the role of Pacific Drilling Finance S.%C3%A0 r.l. in the agreement?,Subsidiary Guarantors,1,0,0
14,What is the role of Pacific Drilling Holding %28Gibraltar%29 Limited in the agreement?,Subsidiary Guarantors,1,0,0
14,What is the role of Pacific Drilling Limited in the agreement?,Subsidiary Guarantors,1,0,0
14,"What is the role of Pacific Drilling Operations, Inc. in the agreement?",Subsidiary Guarantors,1,0,0
14,What is the role of Pacific Drilling Operations Limited in the agreement?,Subsidiary Guarantors,1,0,0
14,What is the role of Pacific Drilling VII Limited in the agreement?,Subsidiary Guarantors,1,0,0
14,What is the role of Pacific Drilling V Limited in the agreement?,Subsidiary Guarantors,1,0,0
14,What is the role of Pacific Drillship %28Gibraltar%29 Limited in the agreement?,Subsidiary Guarantors,1,0,0
14,What is the role of Pacific Drillship Nigeria Limited in the agreement?,Subsidiary Guarantors,1,0,0
14,What is the role of Pacific Drillship S.%C3%A0 r.l. in the agreement?,Subsidiary Guarantors,1,0,0
14,What is the role of Pacific Mistral Ltd. in the agreement?,Subsidiary Guarantors,1,0,0
14,What is the role of Pacific Santa Ana %28Gibraltar%29 Limited in the agreement?,Subsidiary Guarantors,1,0,0
14,What is the role of Pacific Santa Ana Limited in the agreement?,Subsidiary Guarantors,1,0,0
14,What is the role of Pacific Scirocco Ltd. in the agreement?,Subsidiary Guarantors,1,0,0
14,What is the role of Pacific Sharav Korl%C3%A1tolt Felel%C3%B6ss%C3%A9g%C5%A9 T%C3%A1rsas%C3%A1g in the agreement?,Subsidiary Guarantors,1,0,0
14,What is the role of Pacific Sharav S.%C3%A0 r.l. in the agreement?,Subsidiary Guarantors,1,0,0
14,"What is the role of AG ENERGY FUNDING, LLC in the agreement?",LENDER,1,0,0
14,"What is the role of PACIFIC DRILLING S.A., in the agreement?",BORROWER,1,0,0
14,What company is the Administrative Agent in the agreement?,"ANGELO, GORDON ENERGY SERVICER,LLC,",1,0,0
14,What company is the Lender in the agreement?,"AG ENERGY FUNDING, LLC",1,0,0
14,What company is the Borrower in the agreement?,"PACIFIC DRILLING S.A.,",1,0,0
28,In what organization does Jen Porter work?,Pepper Hamilton LLP,1,0,0
28,In what organization does Joseph Ciaffoni work?,"COLLEGIUM PHARMACEUTICAL, INC.",1,0,0
28,In what organization does Paul Brannelly work?,"Collegium Pharmaceutical, Inc.",1,0,0
28,In what organization does Shirley Kuhlmann work?,"Collegium Pharmaceutical, Inc.",1,0,0
28,Who is the representative of Pepper Hamilton LLP?,Jen Porter,1,0,0
28,"Who is the representative of COLLEGIUM PHARMACEUTICAL, INC.?",Joseph Ciaffoni,1,0,0
28,Who is the representative of AKIN GUMP STRAUSS HAUER %26 FELD LLP?,Geoffrey E. Secol,1,0,0
28,Who is the representative of Akin Gump Strauss Hauer %26 Feld LLP?,Geoffrey E. Secol,1,0,0
28,Who is the representative of BIOPHARMA CREDIT INVESTMENTS V %28MASTER%29 LP?,Pedro Gonzalez de Cosio,1,0,0
28,Who is the representative of PHARMAKON ADVISORS LP?,Pedro Gonzalez de Cosio,1,0,0
28,Who is the representative of Pharmakon Advisors LP?,Pedro Gonzalez de Cosio,1,0,0
28,What is the location of BIOPHARMA CREDIT PLC?,51 New North RoadExeter EX4 4EPUnited Kingdom,1,0,0
28,What is the location of BioPharma Credit PLC?,51 New North Road %09Exeter EX4 4EP %09United Kingdom,1,0,0
28,What is the location of Akin Gump Strauss Hauer %26 Feld LLP?,"One Bryant Park %09New York, NY 10036-6745",1,0,0
28,What is the location of BIOPHARMA CREDIT INVESTMENTS V %28MASTER%29 LP?,"Cayman Corporate Centre, 27 Hospital Road,George Town, Grand Cayman KY1-9008",1,0,0
28,What is the location of Pepper Hamilton LLP?,"3000 Two Logan Square %09Philadelphia, PA 19103",1,0,0
28,What is the location of Pharmakon Advisors LP?,"110 East 59th Street, %233300 %09New York, NY 10022",1,0,0
28,"What is the location of Collegium Pharmaceutical, Inc.?","100 Technology Center Drive, Suite 300 %09Stoughton, MA 02072",1,0,0
28,"Which company is associated with 100 Technology Center Drive, Suite 300 %09Stoughton, MA 02072?","Collegium Pharmaceutical, Inc.",1,0,0
28,"Which company is associated with 110 East 59th Street, %233300New York, NY 10022?",PHARMAKON ADVISORS LP,1,0,0
28,"Which company is associated with 110 East 59th Street, %233300 %09New York, NY 10022?",Pharmakon Advisors LP,1,0,0
28,"Which company is associated with 110 East 59th Street, %233300New York, NY 10022?",PHARMAKON ADVISORS LP,1,0,0
28,"Which company is associated with 3000 Two Logan Square %09Philadelphia, PA 19103?",Pepper Hamilton LLP,1,0,0
28,Which company is associated with 51 New North Road %09Exeter EX4 4EP %09United Kingdom?,BioPharma Credit PLC,1,0,0
28,Which company is associated with 51 New North RoadExeter EX4 4EPUnited Kingdom?,BIOPHARMA CREDIT PLC,1,0,0
28,"Which company is associated with Cayman Corporate Centre, 27 Hospital Road,George Town, Grand Cayman KY1-9008?",BIOPHARMA CREDIT INVESTMENTS V %28MASTER%29 LP,1,0,0
28,"Which company is associated with One Bryant ParkNew York, NY 10036-6745?",AKIN GUMP STRAUSS HAUER %26 FELD LLP,1,0,0
28,"Which company is associated with One Bryant Park %09New York, NY 10036-6745?",Akin Gump Strauss Hauer %26 Feld LLP,1,0,0
28,"Which company is associated with One Bryant ParkNew York, NY 10036-6745?",AKIN GUMP STRAUSS HAUER %26 FELD LLP,1,0,0
28,"What is the role of COLLEGIUM PHARMACEUTICAL, INC in the agreement?",Borrower,1,0,0
28,What is the role of BIOPHARMA CREDIT INVESTMENTS V %28MASTER%29 LP in the agreement?,Lender,1,0,0
28,What is the role of COLLEGIUM PHARMACEUTICAL INC. in the agreement?,Borrower,1,0,0
28,"What is the role of Pharmakon Advisors, LP in the agreement?",Investment Manager,1,0,0
28,"What is the role of COLLEGIUM PHARMACEUTICAL, INC. in the agreement?",Borrower,1,0,0
28,What is the role of BIOPHARMA CREDIT INVESTMENTS V %28MASTER%29 LP in the agreement?,Lender,1,0,0
28,What is the role of Pepper Hamilton LLP in the agreement?,Borrower,1,0,0
28,What is the role of AKIN GUMP STRAUSS HAUER %26 FELD LLP in the agreement?,Lender,1,0,0
28,What is the role of PHARMAKON ADVISORS LP in the agreement?,Lender,1,0,0
28,"What is the role of Collegium Pharmaceutical, Inc. in the agreement?",Borrower,1,0,0
28,What company is the Additional Credit Party in the agreement?,COLLEGIUM SECURITIES CORPORATION,1,0,0
28,What company is the Investment Manager in the agreement?,"Pharmakon Advisors, LP",1,0,0
28,What company is the Partner in the agreement?,"Pharmakon Management I, LLC",1,0,0
129,What is the position of Jeffrey Glajch?,Chief Financial Officer,1,0,0
129,What is the position of Elizabeth A. Jordan?,Authorized Officer,1,0,0
129,In what organization does Jeffrey Glajch work?,GHM Acquisition Corp.,1,0,0
129,In what organization does Elizabeth A. Jordan work?,"JPMORGAN CHASE BANK, N.A.",1,0,0
129,In what organization does Jeffrey Glajch work?,GHM Acquisition Corp.,1,0,0
129,"Who is the representative of JPMORGAN CHASE BANK, N.A.?",Elizabeth A. Jordan,1,0,0
129,What is the location of Federal Reserve System?,United States of America,1,0,0
129,What is the location of Graham Corporation?,"20 Florence AvenueBatavia, New York 14020",1,0,0
129,What is the location of Harter Secrest %26 Emery LLP?,"1600 Bausch %26 Lomb PlaceRochester, New York 14606",1,0,0
129,"What is the location of JPMorgan Chase Bank, N.A.?","1 South Clinton Avenue, Floor 7Rochester, NY 14604",1,0,0
129,"Which company is associated with 1600 Bausch %26 Lomb PlaceRochester, New York 14606?",Harter Secrest %26 Emery LLP,1,0,0
129,"Which company is associated with 1 South Clinton Avenue, Floor 7Rochester, NY 14604?","JPMorgan Chase Bank, N.A.",1,0,0
129,"Which company is associated with 20 Florence AvenueBatavia, New York 14020?",Graham Corporation,1,0,0
129,Which company is associated with United States of America?,Federal Reserve System,1,0,0
129,What is the role of Graham Corporation in the agreement?,Borrower,1,0,0
129,What company is the Bookrunner in the agreement?,J.P. MORGAN SECURITIES LLC,1,0,0
129,What company is the Arranger in the agreement?,J.P. MORGAN SECURITIES LLC,1,0,0
129,What company is the Issuing Bank in the agreement?,"JPMORGAN CHASE BANK, N.A.",1,0,0
129,What company is the Agent in the agreement?,"JPMORGAN CHASE BANK, N.A.",1,0,0
129,What company is the Borrower in the agreement?,Graham Corporation,1,0,0
115,What is the position of Adam Rose?,Senior Vice President,1,0,0
115,In what organization does Adam Rose work?,"BANK OF AMERICA, N.A.",1,0,0
115,In what organization does Melanie Housey Hart work?,POOL CORPORATION,1,0,0
115,"Who is the representative of BANK OF AMERICA, N.A.?",Adam Rose,1,0,0
115,"Who is the representative of HORIZON DISTRIBUTORS, INC.?",Jennifer M. Neil,1,0,0
115,"What is the role of ALLIANCE TRADING, INC. in the agreement?",GUARANTORS,1,0,0
115,"What is the role of CYPRESS, INC. in the agreement?",GUARANTORS,1,0,0
115,What is the role of POOLFX SUPPLY LLC in the agreement?,GUARANTORS,1,0,0
115,What is the role of POOL DEVELOPMENT LLC in the agreement?,GUARANTORS,1,0,0
115,What is the role of SCP DISTRIBUTORS LLC in the agreement?,GUARANTORS,1,0,0
115,"What is the role of SCP INTERNATIONAL, INC. in the agreement?",GUARANTORS,1,0,0
115,"What is the role of SPLASH HOLDINGS, INC. in the agreement?",GUARANTORS,1,0,0
115,What is the role of SUPERIOR POOL PRODUCTS LLC in the agreement?,GUARANTORS,1,0,0
115,"What is the role of BANK OF AMERICA, N.A. in the agreement?",Lender,1,0,0
115,"What is the role of HORIZON DISTRIBUTORS, INC. in the agreement?",GUARANTORS,1,0,0
115,What is the role of POOL CORPORATION in the agreement?,Borrower,1,0,0
115,What company is the Lender in the agreement?,"BANK OF AMERICA, N.A.",1,0,0
115,What company is the Borrower in the agreement?,POOL CORPORATION,1,0,0
101,What is the position of Deborah T. Purvin?,Senior Vice President,1,0,0
101,What is the position of Spencer Sockwell?,Corporate Healthcare Banking %C2%96 Manager,1,0,0
101,What is the position of Stanton M. Nelson?,CEO,1,0,0
101,In what organization does Deborah T. Purvin work?,"TEXAS CAPITAL BANK, NATIONAL ASSOCIATION",1,0,0
101,In what organization does Spencer Sockwell work?,LEGACYTEXAS BANK,1,0,0
101,In what organization does Stanton M. Nelson work?,"FOUNDATION HEALTHCARE, INC.",1,0,0
101,"Who is the representative of TEXAS CAPITAL BANK, NATIONAL ASSOCIATION?",Deborah T. Purvin,1,0,0
101,Who is the representative of LEGACYTEXAS BANK?,Spencer Sockwell,1,0,0
101,"Who is the representative of FOUNDATION HEALTHCARE, INC.?",Stanton M. Nelson,1,0,0
101,What is the role of LEGACYTEXAS BANK in the agreement?,LENDER,1,0,0
101,What company is the Borrower in the agreement?,"FOUNDATION HEALTHCARE, INC.",1,0,0
101,What company is the Arranger in the agreement?,"TEXAS CAPITAL BANK, NATIONAL ASSOCIATION",1,0,0
101,What company is the L%2Fc Issuer in the agreement?,"TEXAS CAPITAL BANK, NATIONAL ASSOCIATION",1,0,0
101,What company is the Agent in the agreement?,"TEXAS CAPITAL BANK, NATIONAL ASSOCIATION",1,0,0
101,What company is the Runner in the agreement?,"TEXAS CAPITAL BANK, NATIONAL ASSOCIATION",1,0,0
100,What is the position of Christopher M. Ames?,"SVP, Global Relationship Manager",1,0,0
100,What is the position of Mark Strzynski?,Vice President,1,0,0
100,What is the position of Marshall Trenckmann?,Executive Director,1,0,0
100,What is the position of Min Park?,Vice President,1,0,0
100,What is the position of Tyler J. Mei?,Senior Vice President,1,0,0
100,What is the position of Alexis Coyle?,Managing Director,1,0,0
100,What is the position of Darran Wee?,Senior Vice President,1,0,0
100,What is the position of Lee Merkle-Raymond?,Managing Director,1,0,0
100,What is the position of Sony Ben-Moshe?,Esq.,1,0,0
100,What is the position of Teuta Ghilaga?,Director,1,0,0
100,What is the position of Thomas Avery?,Relationship Manager,1,0,0
100,In what organization does Christopher M. Ames work?,HSBC BANK USA,1,0,0
100,In what organization does Mark Strzynski work?,COMERICA BANK,1,0,0
100,In what organization does Marshall Trenckmann work?,JPMORGAN CHASE BANK,1,0,0
100,In what organization does Min Park work?,SUNTRUST BANK,1,0,0
100,In what organization does Tyler J. Mei work?,BBVA COMPASS,1,0,0
100,In what organization does Alexis Coyle work?,EAST WEST BANK,1,0,0
100,In what organization does Dan Johnston work?,"Omnicell, Inc.",1,0,0
100,In what organization does Darran Wee work?,"CITIZENS BANK, NATIONAL ASSOCIATION",1,0,0
100,In what organization does Lee Merkle-Raymond work?,BANK OF THE WEST,1,0,0
100,In what organization does Peter Kuipers work?,"OMNICELL, INC.",1,0,0
100,In what organization does Ray Aguilar work?,"WELLS FARGO BANK, NATIONAL ASSOCIATION",1,0,0
100,In what organization does Sony Ben-Moshe work?,Latham %26 Watkins LLP,1,0,0
100,In what organization does Teuta Ghilaga work?,MUFG UNION BANK,1,0,0
100,In what organization does Thomas Avery work?,FIFTH THIRD BANK,1,0,0
100,Who is the representative of HSBC BANK USA?,Christopher M. Ames,1,0,0
100,Who is the representative of COMERICA BANK?,Mark Strzynski,1,0,0
100,Who is the representative of JPMORGAN CHASE BANK?,Marshall Trenckmann,1,0,0
100,Who is the representative of SUNTRUST BANK?,Min Park,1,0,0
100,Who is the representative of BBVA COMPASS?,Tyler J. Mei,1,0,0
100,Who is the representative of EAST WEST BANK?,Alexis Coyle,1,0,0
100,"Who is the representative of Omnicell, Inc.?",Dan Johnston,1,0,0
100,"Who is the representative of CITIZENS BANK, NATIONAL ASSOCIATION?",Darran Wee,1,0,0
100,Who is the representative of BANK OF THE WEST?,Lee Merkle-Raymond,1,0,0
100,"Who is the representative of OMNICELL, INC.?",Peter Kuipers,1,0,0
100,"Who is the representative of WELLS FARGO BANK, NATIONAL ASSOCIATION?",Ray Aguilar,1,0,0
100,Who is the representative of Latham %26 Watkins LLP?,Sony Ben-Moshe,1,0,0
100,Who is the representative of MUFG UNION BANK?,Teuta Ghilaga,1,0,0
100,Who is the representative of FIFTH THIRD BANK?,Thomas Avery,1,0,0
100,"What is the location of Wells Fargo Bank, National Association?","400 Hamilton Ave., Suite 110Palo Alto, CA 94301",1,0,0
100,"What is the location of Omnicell, Inc.?","590 E. Middlefield RoadMountain View, CA 94043-4008",1,0,0
100,What is the location of Latham %26 Watkins LLP?,"12670 High Bluff DriveSan Diego, California  92103",1,0,0
100,"Which company is associated with 12670 High Bluff DriveSan Diego, California  92103?",Latham %26 Watkins LLP,1,0,0
100,"Which company is associated with 400 Hamilton Ave., Suite 110Palo Alto, CA 94301?","Wells Fargo Bank, National Association",1,0,0
100,"Which company is associated with 590 E. Middlefield RoadMountain View, CA 94043-4008?","Omnicell, Inc.",1,0,0
100,"What is the role of OMNICELL, INC. in the agreement?",Borrower,1,0,0
100,"What is the role of Omnicell, Inc. in the agreement?",Borrower,1,0,0
100,What company is the Bookrunner in the agreement?,"WELLS FARGO SECURITIES, LLC",1,0,0
100,What company is the Arranger in the agreement?,"WELLS FARGO SECURITIES, LLC",1,0,0
114,What is the position of Maurice Amsellem?,Authorized Signatory,1,0,0
114,What is the position of Peter Feret?,Chief Financial Officer,1,0,0
114,In what organization does Maurice Amsellem work?,"Apollo Capital Management GP, LLC",1,0,0
114,In what organization does Peter Feret work?,SALESLINK MEXICO HOLDING CORP.,1,0,0
114,"Who is the representative of Apollo Capital Management GP, LLC?",Maurice Amsellem,1,0,0
114,Who is the representative of SALESLINK MEXICO HOLDING CORP.?,Peter Feret,1,0,0
114,What is the location of MODUSLINK CORPORATION?,"ModusLink Corporation1601 Trapelo Road, Suite 170Waltham, Massachusetts 02451",1,0,0
114,What is the location of MidCap Financial Services?,"7255 Woodmont Avenue, Suite 200Bethesda, Maryland 20814",1,0,0
114,"Which company is associated with 7255 Woodmont Avenue, Suite 200Bethesda, Maryland 20814?",MidCap Financial Services,1,0,0
114,"Which company is associated with ModusLink Corporation1601 Trapelo Road, Suite 170Waltham, Massachusetts 02451?",MODUSLINK CORPORATION,1,0,0
114,"What is the role of SOL HOLDINGS, INC in the agreement?",GUARANTORS,1,0,0
114,What is the role of SALESLINK MEXICO HOLDING CORP. in the agreement?,GUARANTORS,1,0,0
114,What company is the Lender in the agreement?,MIDCAP FINANCIAL TRUST,1,0,0
114,What company is the Agent in the agreement?,MIDCAP FINANCIAL TRUST,1,0,0
114,What company is the Borrower in the agreement?,MODUSLINK CORPORATION,1,0,0
114,What company is the Borrowers in the agreement?,MODUSLINK CORPORATION,1,0,0
128,What is the position of Derek Jensen?,Vice President,1,0,0
128,What is the position of Frank Pelzer?,Chief Financial Officer,1,0,0
128,What is the position of Gill Skala?,Director,1,0,0
128,What is the position of Mario De Luca?,Director,1,0,0
128,What is the position of Nicholas Heslip?,Authorized Signatory,1,0,0
128,What is the position of Ryan Zimmerman?,Vice President,1,0,0
128,What is the position of Timothy G. Holsapple?,Senior Vice President,1,0,0
128,In what organization does Derek Jensen work?,"JPMORGAN CHASE BANK, N.A.",1,0,0
128,In what organization does Frank Pelzer work?,"F5 NETWORKS, INC.",1,0,0
128,In what organization does Gill Skala work?,Barclays Bank PLC,1,0,0
128,In what organization does Leni Preciado work?,Barclays Bank PLC,1,0,0
128,In what organization does Mario De Luca work?,Barclays Bank PLC,1,0,0
128,In what organization does Nicholas Heslip work?,Royal Bank of Canada,1,0,0
128,In what organization does Ryan Zimmerman work?,"JPMORGAN CHASE BANK, N.A.",1,0,0
128,In what organization does Timothy G. Holsapple work?,"Bank of America, N.A.",1,0,0
128,"Who is the representative of F5 NETWORKS, INC.?",Frank Pelzer,1,0,0
128,Who is the representative of Royal Bank of Canada?,Nicholas Heslip,1,0,0
128,"Who is the representative of Bank of America, N.A.?",Timothy G. Holsapple,1,0,0
128,"What is the location of F5 Networks, Inc.?","801 5th Avenue, Seattle, Washington 98104",1,0,0
128,"What is the location of JPMorgan Chase Bank, N.A.?","JPMorgan Loan Services, 500 Stanton Christiana Road, NCC5, Floor 1, Newark, DE 19713",1,0,0
128,"Which company is associated with 801 5th Avenue, Seattle, Washington 98104?","F5 Networks, Inc.",1,0,0
128,"Which company is associated with JPMorgan Loan Services, 500 Stanton Christiana Road, NCC5, Floor 1, Newark, DE 19713?","JPMorgan Chase Bank, N.A.",1,0,0
29,What is the position of Efrain Rivera?,Chief Financial Officer,1,0,0
29,In what organization does Efrain Rivera work?,"Paychex, Inc.",1,0,0
29,In what organization does Frank Hamblett work?,Nixon Peabody LLP,1,0,0
29,In what organization does Lisa Christian work?,"PNC Bank, National Association",1,0,0
29,"Who is the representative of Paychex, Inc.?",Efrain Rivera,1,0,0
29,Who is the representative of Nixon Peabody LLP?,Frank Hamblett,1,0,0
29,"Who is the representative of PNC Bank, National Association?",Lisa Christian,1,0,0
29,What is the location of AX IV Holding III ApS?,Denmark,1,0,0
29,What is the location of AX IV Holding II ApS?,Denmark,1,0,0
29,What is the location of Advantage Payroll Services Inc.?,Delaware,1,0,0
29,"What is the location of CSM, Inc.?",Tennessee,1,0,0
29,"What is the location of Century II ASO, Inc.?",Tennessee,1,0,0
29,"What is the location of Century II Services, Inc.?",Tennessee,1,0,0
29,"What is the location of Century II Staffing, Inc.?",Tennessee,1,0,0
29,"What is the location of Century II Staffing, USA, Inc.?",Tennessee,1,0,0
29,"What is the location of Century II Staffing TN, Inc.?",Tennessee,1,0,0
29,"What is the location of DHR Insurance Services, LLC?",Delaware,1,0,0
29,"What is the location of DHR Services Holdings, LLC?",Delaware,1,0,0
29,"What is the location of DHR of Florida I, LLC?",Florida,1,0,0
29,What is the location of Danske L%C3%B8nsystemer A%2FS?,Denmark,1,0,0
29,"What is the location of ESG Achievement, Inc.?",Utah,1,0,0
29,"What is the location of ESG Administration, Inc?",Utah,1,0,0
29,"What is the location of ESG Assistance, Inc.?",Utah,1,0,0
29,"What is the location of ESG Consulting, Inc.?",Utah,1,0,0
29,"What is the location of ESG Consulting II, LLC?",Utah,1,0,0
29,"What is the location of ESG Direction, Inc.?",Utah,1,0,0
29,"What is the location of ESG Entities, Inc.?",Utah,1,0,0
29,"What is the location of ESG Entities II, LLC?",Utah,1,0,0
29,"What is the location of ESG Fulfillment, Inc.?",Utah,1,0,0
29,"What is the location of ESG Insurance, Inc.?",Utah,1,0,0
29,"What is the location of ESG Management, Inc.?",Utah,1,0,0
29,"What is the location of ESG Offerings, Inc.?",Utah,1,0,0
29,"What is the location of ESG PEO, Inc.?",Utah,1,0,0
29,"What is the location of ESG Services, Inc.?",Utah,1,0,0
29,"What is the location of ESG Success, Inc.?",Utah,1,0,0
29,"What is the location of ESG Supervision, Inc.?",Utah,1,0,0
29,"What is the location of ESSG, Inc.?",Utah,1,0,0
29,"What is the location of Employer%27s Alliance, LLC?",Florida,1,0,0
29,"What is the location of Employer%27s Alliance III, LLC?",Florida,1,0,0
29,"What is the location of Employer%27s Alliance IV, LLC?",Florida,1,0,0
29,"What is the location of Employer%27s Alliance IX, LLC?",Florida,1,0,0
29,"What is the location of Employer%27s Alliance V, LLC?",Florida,1,0,0
29,"What is the location of Employer%27s Alliance VI, LLC?",Florida,1,0,0
29,"What is the location of Employer%27s Alliance VII, LLC?",Florida,1,0,0
29,"What is the location of Employer%27s Alliance VIII, LLC?",Florida,1,0,0
29,"What is the location of Employer%27s Select, LLC?",Florida,1,0,0
29,"What is the location of Employer Solutions Group, Inc.?",Utah,1,0,0
29,"What is the location of Employer Solutions Group of SLC, Inc.?",Utah,1,0,0
29,"What is the location of Employer Solutions Group of Utah, Inc.?",Utah,1,0,0
29,"What is the location of Employer Solutions Group of Utah II, Inc.?",Utah,1,0,0
29,"What is the location of Employers Insurance Group, LLC?",New Mexico,1,0,0
29,"What is the location of Employers Solutions Group of Idaho, Inc.?",Idaho,1,0,0
29,What is the location of Expense Wire LLC?,Ohio,1,0,0
29,"What is the location of Fast 401k, Inc. d%2Fb%2Fa ePlan Services Inc.?",Delaware,1,0,0
29,"What is the location of Fortune Financial, Inc?",Florida,1,0,0
29,What is the location of Fortune Industries?,Delaware,1,0,0
29,"What is the location of Fortune Insurance Solutions, LLC?",Florida,1,0,0
29,"What is the location of Fortune PEO, LLC?",Florida,1,0,0
29,"What is the location of Fortune PEO Acquisitions, LLC?",Florida,1,0,0
29,"What is the location of Gordian Capital Holdings, Inc.?",Delaware,1,0,0
29,"What is the location of Gordian HR, LLC %28ASO%29?",Delaware,1,0,0
29,"What is the location of HRSmarter I,LLC?",Florida,1,0,0
29,"What is the location of HRSmarter II, LLC?",Florida,1,0,0
29,"What is the location of HRSmarter III,LLC?",Florida,1,0,0
29,"What is the location of HRSmarter IV,LLC?",Florida,1,0,0
29,"What is the location of HRSmarter IX,LLC?",Florida,1,0,0
29,"What is the location of HRSmarter V,LLC?",Florida,1,0,0
29,"What is the location of HRSmarter VI,LLC?",Florida,1,0,0
29,"What is the location of HRSmarter VII,LLC?",Florida,1,0,0
29,"What is the location of HRSmarter VIII,LLC?",Florida,1,0,0
29,"What is the location of HRSmarter X,LLC?",Florida,1,0,0
29,"What is the location of HR Outsourcing, Inc.?",Georgia,1,0,0
29,"What is the location of HR Outsourcing, LLC?",Delaware,1,0,0
29,"What is the location of HR Outsourcing ASO, LLC?",Delaware,1,0,0
29,"What is the location of HR Outsourcing Associates, LLC?",Delaware,1,0,0
29,"What is the location of HR Outsourcing Consultants, LLC?",Delaware,1,0,0
29,"What is the location of HR Outsourcing Development, LLC?",Delaware,1,0,0
29,"What is the location of HR Outsourcing Enterprises, LLC?",Georgia,1,0,0
29,"What is the location of HR Outsourcing Group, LLC?",Delaware,1,0,0
29,"What is the location of HR Outsourcing Processing, LLC?",Nevada,1,0,0
29,"What is the location of HR Outsourcing Services, LLC?",Delaware,1,0,0
29,What is the location of HR Services Inc. d%2Fb%2Fa My Staffing Pro?,Ohio,1,0,0
29,What is the location of Hispanomina %28SP%29?,Spain,1,0,0
29,What is the location of Ipayroll Holding ApS?,Denmark,1,0,0
29,"What is the location of King Employee Services, Inc.?",Florida,1,0,0
29,What is the location of LESSOR A%2FS %28DK%29?,Denmark,1,0,0
29,What is the location of Latweplace sp z.o.o. %28PL%29?,Poland,1,0,0
29,What is the location of Lessor GmbH %28DE%29?,Germany,1,0,0
29,What is the location of Lessor Group ApS?,Denmark,1,0,0
29,What is the location of Lessor Holding ApS?,Denmark,1,0,0
29,"What is the location of Nettime Solutions, L.L.C.?",Arizona,1,0,0
29,What is the location of New Dawn Holding ApS?,Denmark,1,0,0
29,What is the location of Norl%C3%B8nn AS %28NO%29?,Norway,1,0,0
29,"What is the location of Oasis AHR, Inc.?",Iowa,1,0,0
29,"What is the location of Oasis AHR HRC, LLC?",Colorado,1,0,0
29,"What is the location of Oasis AHR Holdings, Inc.?",Delaware,1,0,0
29,"What is the location of Oasis AHR I, Inc.?",Florida,1,0,0
29,"What is the location of Oasis AHR II, Inc.?",Iowa,1,0,0
29,"What is the location of Oasis AHR III, Inc.?",Iowa,1,0,0
29,"What is the location of Oasis AHR PL, LLC?",Colorado,1,0,0
29,"What is the location of Oasis Acquisition, Inc.?",Delaware,1,0,0
29,"What is the location of Oasis Advisory Services, Inc.?",Florida,1,0,0
29,"What is the location of Oasis DEG, Inc.?",Minnesota,1,0,0
29,"What is the location of Oasis DEG ASO, Inc.?",Minnesota,1,0,0
29,"What is the location of Oasis DHR, LLC?",Delaware,1,0,0
29,"What is the location of Oasis Employment Services, Inc.?",Delaware,1,0,0
29,"What is the location of Oasis HR Solutions III, Inc.?",Florida,1,0,0
29,"What is the location of Oasis Outsourcing, Inc.?",Florida,1,0,0
29,What is the location of Oasis Outsourcing Acquisition Corporation?,Delaware,1,0,0
29,"What is the location of Oasis Outsourcing Admin, Inc.?",Florida,1,0,0
29,"What is the location of Oasis Outsourcing Admin. II, Inc.?",Florida,1,0,0
29,"What is the location of Oasis Outsourcing Admin Group, Inc.?",Florida,1,0,0
29,"What is the location of Oasis Outsourcing Benefits III, Inc.?",Florida,1,0,0
29,"What is the location of Oasis Outsourcing Contract, Inc.?",Florida,1,0,0
29,"What is the location of Oasis Outsourcing Contract Group, Inc.?",Florida,1,0,0
29,"What is the location of Oasis Outsourcing Contract II, Inc.?",Florida,1,0,0
29,"What is the location of Oasis Outsourcing Contract III, Inc.?",Florida,1,0,0
29,"What is the location of Oasis Outsourcing Contract IV, Inc.?",Florida,1,0,0
29,"What is the location of Oasis Outsourcing Contract VII, Inc.?",Florida,1,0,0
29,"What is the location of Oasis Outsourcing HR, Inc.?",Florida,1,0,0
29,"What is the location of Oasis Outsourcing Holdings, Inc.?",Delaware,1,0,0
29,"What is the location of Oasis Outsourcing III, Inc.?",Florida,1,0,0
29,"What is the location of Oasis Outsourcing IX, Inc.?",Florida,1,0,0
29,"What is the location of Oasis Outsourcing TX, Inc.?",Florida,1,0,0
29,"What is the location of Oasis Outsourcing V, Inc.?",Florida,1,0,0
29,"What is the location of Oasis Outsourcing VI, Inc.?",Florida,1,0,0
29,"What is the location of Oasis Payroll Services, Inc.?",Florida,1,0,0
29,"What is the location of Oasis Staffing, Inc.?",Florida,1,0,0
29,"What is the location of Oasis Staffing II, Inc.?",Florida,1,0,0
29,"What is the location of PBS of America, LLC?",Florida,1,0,0
29,"What is the location of PBS of Central Florida, LLC?",Florida,1,0,0
29,"What is the location of PSM Financial Services, LLC?",Indiana,1,0,0
29,What is the location of PXC Inc.?,New York,1,0,0
29,"What is the location of PayChex, Inc.?","1175 John Street, Rochester, New York 14586",1,0,0
29,"What is the location of Paychex Administrative Services, LLC?",Florida,1,0,0
29,What is the location of Paychex Advance LLC?,New York,1,0,0
29,What is the location of Paychex Benefit Technologies Inc. d%2Fb%2Fa Benetrac?,Delaware,1,0,0
29,What is the location of Paychex Brazil LLC?,New York,1,0,0
29,"What is the location of Paychex Business Solutions, LLC?",Florida,1,0,0
29,What is the location of Paychex Deutschland GmbH?,Germany,1,0,0
29,What is the location of Paychex HR Outsourcing LLC?,Delaware,1,0,0
29,"What is the location of Paychex Holdings, LLC?",New York,1,0,0
29,"What is the location of Paychex Insurance Agency, Inc.?",New York,1,0,0
29,"What is the location of Paychex Insurance Concepts, Inc.?",New York,1,0,0
29,What is the location of Paychex Investment LLC?,Delaware,1,0,0
29,What is the location of Paychex Management LLC?,Delaware,1,0,0
29,What is the location of Paychex North America Inc.?,Delaware,1,0,0
29,"What is the location of Paychex PEO I, LLC?",Florida,1,0,0
29,"What is the location of Paychex PEO II, LLC?",Florida,1,0,0
29,"What is the location of Paychex PEO III, LLC?",Florida,1,0,0
29,"What is the location of Paychex PEO IV, LLC?",Florida,1,0,0
29,"What is the location of Paychex PEO IX, LLC?",Florida,1,0,0
29,"What is the location of Paychex PEO V, LLC?",Florida,1,0,0
29,"What is the location of Paychex PEO VI, LLC?",Florida,1,0,0
29,"What is the location of Paychex PEO VII, LLC?",Florida,1,0,0
29,"What is the location of Paychex PEO VIII, LLC?",Florida,1,0,0
29,"What is the location of Paychex PEO X, LLC?",Florida,1,0,0
29,"What is the location of Paychex Real Estate, LLC?",New York,1,0,0
29,"What is the location of Paychex Recordkeeping Services, Inc. d%2Fb%2Fa Southeastern Employee Benefit Services?",Delaware,1,0,0
29,What is the location of Paychex Securities Corporation?,New York,1,0,0
29,What is the location of Paychex Time %26 Attendance Inc.?,Delaware,1,0,0
29,What is the location of Paychex of New York LLC?,Delaware,1,0,0
29,"What is the location of Precision Employee Management, LLC?",Arizona,1,0,0
29,"What is the location of Professional Staff Management, Inc.?",Indiana,1,0,0
29,"What is the location of Professional Staff Management, Inc. II?",Indiana,1,0,0
29,"What is the location of Professional Staff Management ASO, Inc.?",Indiana,1,0,0
29,"What is the location of Rapid Payroll, Inc.?",California,1,0,0
29,"What is the location of Solutions Staffing Group, Inc.?",Utah,1,0,0
29,"What is the location of Staff One, Inc.?",Oklahoma,1,0,0
29,"What is the location of Staff One HR, LLC?",Oklahoma,1,0,0
29,"What is the location of Staff One HR II, Inc.?",Texas,1,0,0
29,"What is the location of Staff One of Oklahoma, LLC?",Oklahoma,1,0,0
29,"What is the location of SurePayroll, Inc.?",Delaware,1,0,0
29,What is the location of Swel%C3%B8n AB %28S%29?,Sweden,1,0,0
29,"What is the location of WRI Acquisition, Inc.?",Delaware,1,0,0
29,"What is the location of WRI II, Inc.?",Florida,1,0,0
29,"What is the location of WorkSmarter HR, LLC?",Wyoming,1,0,0
29,"What is the location of Workforce Alternative, Inc.?",Florida,1,0,0
29,What is the location of ePlan Advisors LLC?,Colorado,1,0,0
29,What is the location of iSalaire Eurl %28FR%29?,France,1,0,0
29,What is the location of ilohngehalt internetservices GmbH?,Germany,1,0,0
29,"What is the location of Paychex, Inc.?","911 Panorama Trail South, Rochester, New York 14625",1,0,0
29,What is the location of Nixon Peabody LLP?,"53 State Street, Boston, Massachusetts 02109",1,0,0
29,"Which company is associated with 1175 John Street, Rochester, New York 14586?","PayChex, Inc.",1,0,0
29,"Which company is associated with 53 State Street, Boston, Massachusetts 02109?",Nixon Peabody LLP,1,0,0
29,"Which company is associated with 6750 Miller Road, Brecksville, Ohio 44141?","PNC Bank, National Association",1,0,0
29,"Which company is associated with 6750 Miller RoadBrecksville, Ohio 44141?","PNC Bank, National Association",1,0,0
29,"Which company is associated with 911 Panorama Trail South, Rochester, New York 14625?","Paychex, Inc.",1,0,0
29,Which company is associated with California?,"Rapid Payroll, Inc.",1,0,0
29,Which company is associated with France?,iSalaire Eurl %28FR%29,1,0,0
29,Which company is associated with Idaho?,"Employers Solutions Group of Idaho, Inc.",1,0,0
29,Which company is associated with Nevada?,"HR Outsourcing Processing, LLC",1,0,0
29,Which company is associated with New Mexico?,"Employers Insurance Group, LLC",1,0,0
29,Which company is associated with Norway?,Norl%C3%B8nn AS %28NO%29,1,0,0
29,Which company is associated with Poland?,Latweplace sp z.o.o. %28PL%29,1,0,0
29,Which company is associated with Spain?,Hispanomina %28SP%29,1,0,0
29,Which company is associated with Sweden?,Swel%C3%B8n AB %28S%29,1,0,0
29,Which company is associated with Texas?,"Staff One HR II, Inc.",1,0,0
29,Which company is associated with Wyoming?,"WorkSmarter HR, LLC",1,0,0
29,"What is the role of Advantage Payroll Services, Inc. in the agreement?",Guarantors,1,0,0
29,"What is the role of PAYCHEX, INC in the agreement?",Parent,1,0,0
29,"What is the role of PAYCHEX, INC. in the agreement?",Parent,1,0,0
29,"What is the role of Oasis AHR PL, LLC in the agreement?",Guarantors,1,0,0
29,"What is the role of Oasis Advisory Services, Inc. in the agreement?",Guarantors,1,0,0
29,"What is the role of Oasis Employment Services, Inc. in the agreement?",Guarantors,1,0,0
29,"What is the role of Oasis Outsourcing Contract III, Inc. in the agreement?",Guarantors,1,0,0
29,"What is the role of Oasis Outsourcing TX, Inc. in the agreement?",Guarantors,1,0,0
29,"What is the role of PBS of America, LLC in the agreement?",Guarantors,1,0,0
29,"What is the role of PBS of Central Florida, LLC in the agreement?",Guarantors,1,0,0
29,"What is the role of Paychex Administrative Services, LLC in the agreement?",Guarantors,1,0,0
29,"What is the role of Paychex Business Solutions, LLC in the agreement?",Guarantors,1,0,0
29,"What is the role of Paychex Holdings, LLC in the agreement?",Guarantors,1,0,0
29,What is the role of Paychex Management LLC in the agreement?,Guarantors,1,0,0
29,What is the role of Paychex North America Inc. in the agreement?,Guarantors,1,0,0
29,"What is the role of Paychex PEO I, LLC in the agreement?",Guarantors,1,0,0
29,"What is the role of Paychex PEO II, LLC in the agreement?",Guarantors,1,0,0
29,"What is the role of Paychex PEO III, LLC in the agreement?",Guarantors,1,0,0
29,"What is the role of Paychex PEO IV, LLC in the agreement?",Guarantors,1,0,0
29,"What is the role of Paychex PEO IX, LLC in the agreement?",Guarantors,1,0,0
29,"What is the role of Paychex PEO V, LLC in the agreement?",Guarantors,1,0,0
29,"What is the role of Paychex PEO VI, LLC in the agreement?",Guarantors,1,0,0
29,"What is the role of Paychex PEO VII, LLC in the agreement?",Guarantors,1,0,0
29,"What is the role of Paychex PEO VIII, LLC in the agreement?",Guarantors,1,0,0
29,"What is the role of Paychex PEO X, LLC in the agreement?",Guarantors,1,0,0
29,What is the role of Paychex of New York LLC in the agreement?,Guarantors,1,0,0
29,"What is the role of WRI II, Inc. in the agreement?",Guarantors,1,0,0
29,"What company is the Administrative Agent, in the agreement?","PNC Bank, National Association",1,0,0
29,What company is the Administrative Borrower in the agreement?,"PNC Bank, National Association",1,0,0
29,What company is the Administrative Agent in the agreement?,"PNC Bank, National Association",1,0,0
29,What company is the Issuing Bank in the agreement?,"PNC BANK, NATIONAL ASSOCIATION",1,0,0
29,What company is the Lender in the agreement?,"PNC BANK, NATIONAL ASSOCIATION",1,0,0
29,What company is the Agent in the agreement?,"PNC BANK, NATIONAL ASSOCIATION",1,0,0
15,What is the position of Jared Randall?,Executive Director,1,0,0
15,What is the position of Racquel A.C. Small?,Executive Director,1,0,0
15,What is the position of Shawn Matthews?,CEO,1,0,0
15,In what organization does Jared Randall work?,UBS AG,1,0,0
15,In what organization does Racquel A.C. Small work?,UBS AG,1,0,0
15,In what organization does Shawn Matthews work?,"2477 DEERFIELD DRIVE, LLC,",1,0,0
15,"Who is the representative of 2477 DEERFIELD DRIVE, LLC,?",Shawn Matthews,1,0,0
15,"What is the location of 2477 Deerfield Drive, LLC?","110 East 59th StreetNew York, New York 1002",1,0,0
15,What is the location of Alston %26 Bird LLP?,"90 Park AvenueNew York, New York 10016",1,0,0
15,What is the location of Cozen O%C2%92Connor LLP?,"277 Park AvenueNew York, New York 10172",1,0,0
15,What is the location of UBS AG?,"1285 Avenue of the AmericasNew York, New York 10019",1,0,0
15,"Which company is associated with 1285 Avenue of the AmericasNew York, New York 10019?",UBS AG,1,0,0
15,"Which company is associated with 110 East 59th StreetNew York, New York 1002?","2477 Deerfield Drive, LLC",1,0,0
15,"Which company is associated with 277 Park AvenueNew York, New York 10172?",Cozen O%C2%92Connor LLP,1,0,0
15,"Which company is associated with 90 Park AvenueNew York, New York 10016?",Alston %26 Bird LLP,1,0,0
15,"What type of location is 1285 Avenue of the AmericasNew York, New York 10019?",branch office,1,0,0
15,"What is the role of CF Real Estate Holdings, LLC in the agreement?",Guarantor,1,0,0
15,"What is the role of 2477 DEERFIELD DRIVE, LLC, in the agreement?",BORROWER,1,0,0
15,What is the role of UBS AG in the agreement?,LENDER,1,0,0
15,What company is the Guarantor in the agreement?,"CF Real Estate Holdings, LLC",1,0,0
15,What company is the Borrower in the agreement?,"2477 DEERFIELD DRIVE, LLC,",1,0,0
15,What company is the Lender in the agreement?,UBS AG,1,0,0
39,What is the position of David B. Thayer?,Vice President,1,0,0
39,What is the position of James Foley?,Senior Vice President,1,0,0
39,In what organization does David B. Thayer work?,"PNC BANK, NATIONAL ASSOCIATION",1,0,0
39,In what organization does James Foley work?,"BANK OF AMERICA, N.A.,",1,0,0
39,In what organization does Ross C. Wilkin work?,"NORTH JACKSON SPECIALTY STEEL,LLC",1,0,0
39,"Who is the representative of PNC BANK, NATIONAL ASSOCIATION?",David B. Thayer,1,0,0
39,"Who is the representative of BANK OF AMERICA, N.A.,?",James Foley,1,0,0
39,"Who is the representative of NORTH JACKSON SPECIALTY STEEL,LLC?",Ross C. Wilkin,1,0,0
39,"What is the location of Bank of America, N.A.?","One Bryant Park, 32nd FloorNew York, NY 10036",1,0,0
39,"What is the location of Dunkirk Specialty Steel, LLC?","830 Brigham RoadDunkirk, NY 14048",1,0,0
39,"What is the location of North Jackson Specialty Steel, LLC?","2058 South Bailey RoadNorth Jackson, OH 44541",1,0,0
39,"What is the location of PNC BANK, N.A.?","Two Tower Center Blvd. - 21st Floor%09  %09East Brunswick, NJ 08816",1,0,0
39,"Which company is associated with 121 Caldwell StreetTitusville, PA 16354?","Universal Stainless %26 Alloy Products, Inc.",1,0,0
39,"Which company is associated with 2058 South Bailey RoadNorth Jackson, OH 44541?","North Jackson Specialty Steel, LLC",1,0,0
39,"Which company is associated with 300 Fifth Avenue, 14th FloorPittsburgh, Pennsylvania 15222?","PNC Bank, National Association",1,0,0
39,"Which company is associated with 600 Mayer StreetBridgeville, PA 15017?","Universal Stainless %26 Alloy Products, Inc.",1,0,0
39,"Which company is associated with 6750 Miller Rd %28Mail Stop%3A BR-YB58-01-P%29Brecksville, Ohio 44141?","PNC Bank, National Association",1,0,0
39,"Which company is associated with 830 Brigham RoadDunkirk, NY 14048?","Dunkirk Specialty Steel, LLC",1,0,0
39,"Which company is associated with One Bryant Park, 32nd FloorNew York, NY 10036?","Bank of America, N.A.",1,0,0
39,"Which company is associated with Two Tower Center Blvd. - 21st Floor%09  %09East Brunswick, NJ 08816?","PNC BANK, N.A.",1,0,0
39,"What type of location is 2058 South Bailey RoadNorth Jackson, OH 44541?",Chief Executive Office,1,0,0
39,"What type of location is 600 Mayer StreetBridgeville, PA 15017?",Chief Executive Office,1,0,0
39,"What type of location is 830 Brigham RoadDunkirk, NY 14048?",Chief Executive Office,1,0,0
39,"What is the role of DUNKIRK SPECIALTY STEEL, LLC in the agreement?",Borrower,1,0,0
39,"What is the role of NORTH JACKSON SPECIALTY STEEL, LLC in the agreement?",Borrower,1,0,0
39,"What is the role of UNIVERSAL STAINLESS %26 ALLOY PRODUCTS, INC. in the agreement?",Borrower,1,0,0
39,What company is the Bookrunner in the agreement?,PNC CAPITAL MARKETS LLC,1,0,0
39,What company is the Arranger in the agreement?,PNC CAPITAL MARKETS LLC,1,0,0
11,What is the position of Gene Riego de Dios?,Executive Director,1,0,0
11,What is the position of Carolyn Kee?,Vice President,1,0,0
11,What is the position of Craig Malloy?,Director,1,0,0
11,What is the position of Mukesh Singh?,Director,1,0,0
11,What is the position of Robert Ehudin?,Authorized Signatory,1,0,0
11,What is the position of Virginia Cosenza?,Vice President,1,0,0
11,In what organization does Carolyn Kee work?,HONEYWELL INTERNATIONAL INC.,1,0,0
11,In what organization does Craig Malloy work?,"BANK OF AMERICA, N.A.",1,0,0
11,In what organization does John J. Tus work?,HONEYWELL INTERNATIONAL INC.,1,0,0
11,In what organization does Mukesh Singh work?,"BANK OF AMERICA, N.A.",1,0,0
11,In what organization does Robert Ehudin work?,GOLDMAN SACHS BANK USA,1,0,0
11,In what organization does Virginia Cosenza work?,HONEYWELL INTERNATIONAL INC.,1,0,0
11,Who is the representative of GOLDMAN SACHS BANK USA?,Robert Ehudin,1,0,0
11,"What is the location of DEUTSCHE BANK AG NEW YORK BRANCH,?",Director,1,0,0
11,"What is the location of JPMORGAN CHASE BANK, N.A?","Floor 3, Ops 2500 Stanton Christiana Rd.Newark, DE 19713",1,0,0
11,Which company is associated with Director?,"DEUTSCHE BANK AG NEW YORK BRANCH,",1,0,0
11,"Which company is associated with Floor 3, Ops 2500 Stanton Christiana Rd.Newark, DE 19713?","JPMORGAN CHASE BANK, N.A",1,0,0
11,"What type of location is Floor 3, Ops 2500 Stanton Christiana Rd.Newark, DE 19713?","Loan and Agency Services Group,",1,0,0
11,What is the role of HONEYWELL INTERNATIONAL INC. in the agreement?,"Borrower,",1,0,0
11,What company is the Administrative Agent in the agreement?,"JPMORGAN CHASE BANK, N.A",1,0,0
11,"What company is the Borrower, in the agreement?",HONEYWELL INTERNATIONAL INC.,1,0,0
110,What is the position of Alan Dawson?,Director,1,0,0
110,What is the position of Alia Qaddumi?,Director,1,0,0
110,What is the position of Annie Dorval?,Authorized Signatory,1,0,0
110,What is the position of Brendan Heneghan?,Director,1,0,0
110,What is the position of Dave Katz?,Executive Director,1,0,0
110,What is the position of David L. Berger?,Director,1,0,0
110,What is the position of Donna DeMagistris?,Authorized Signatory,1,0,0
110,What is the position of Houssem Daly?,Associate Director,1,0,0
110,What is the position of Jason S. York?,Authorized Signatory,1,0,0
110,What is the position of John Prigge?,Senior Vice President,1,0,0
110,What is the position of Josh Rosenthal?,Authorized Signatory,1,0,0
110,What is the position of Kenneth Chin?,Director,1,0,0
110,What is the position of Michael Zeller?,Vice President,1,0,0
110,What is the position of Nathan Starr?,Vice President,1,0,0
110,What is the position of Peter Gilgen?,Vice President and Treasurer,1,0,0
110,What is the position of Stephen Hoffman?,Managing Director,1,0,0
110,What is the position of Stephen Monto?,SVP,1,0,0
110,What is the position of Sydney G. Dennis?,Director,1,0,0
110,What is the position of Traci Bankston?,Vice President,1,0,0
110,What is the position of Yann Pirio?,Managing Director,1,0,0
110,In what organization does Alan Dawson work?,"UBS AG, Stamford Branch",1,0,0
110,In what organization does Alia Qaddumi work?,"UBS AG, Stamford Branch",1,0,0
110,In what organization does Annie Dorval work?,"The Toronto-Dominion Bank, New York Branch",1,0,0
110,In what organization does Brendan Heneghan work?,"UBS AG, Stamford Branch",1,0,0
110,In what organization does Dave Katz work?,"JPMORGAN CHASE BANK, N.A.",1,0,0
110,In what organization does David L. Berger work?,"UBS AG, Stamford Branch",1,0,0
110,In what organization does Donna DeMagistris work?,"MIZUHO BANK, LTD.",1,0,0
110,In what organization does Houssem Daly work?,"UBS AG, Stamford Branch",1,0,0
110,In what organization does Jason S. York work?,"The Toronto-Dominion Bank, New York Branch",1,0,0
110,In what organization does John Prigge work?,U.S. Bank National Association,1,0,0
110,In what organization does Josh Rosenthal work?,"The Toronto-Dominion Bank, New York Branch",1,0,0
110,In what organization does Kenneth Chin work?,"UBS AG, Stamford Branch",1,0,0
110,In what organization does Michael Zeller work?,"CITIBANK, N.A.",1,0,0
110,In what organization does Nathan Starr work?,"CITIBANK, N.A.",1,0,0
110,In what organization does Peter Gilgen work?,MPLX GP LLC,1,0,0
110,In what organization does Stephen Hoffman work?,The Huntington National Bank,1,0,0
110,In what organization does Stephen Monto work?,"PNC BANK, NATIONAL ASSOCIATION",1,0,0
110,In what organization does Sydney G. Dennis work?,"UBS AG, Stamford Branch",1,0,0
110,In what organization does Traci Bankston work?,"CITIBANK, N.A.",1,0,0
110,In what organization does Yann Pirio work?,The Huntington National Bank,1,0,0
110,"Who is the representative of JPMORGAN CHASE BANK, N.A.?",Dave Katz,1,0,0
110,"Who is the representative of MIZUHO BANK, LTD.?",Donna DeMagistris,1,0,0
110,Who is the representative of U.S. Bank National Association?,John Prigge,1,0,0
110,Who is the representative of MPLX GP LLC?,Peter Gilgen,1,0,0
110,"Who is the representative of PNC BANK, NATIONAL ASSOCIATION?",Stephen Monto,1,0,0
110,"What is the location of Mizuho Bank, Ltd.?","Harborside Financial Center1800 Plaza TenJersey City, NJ 07311",1,0,0
110,"Which company is associated with Harborside Financial Center1800 Plaza TenJersey City, NJ 07311?","Mizuho Bank, Ltd.",1,0,0
104,What is the position of Andre S. Valentine?,Chief Financial Officer,1,0,0
104,What is the position of David R. Wiedwald?,Treasurer,1,0,0
104,What is the position of Diane Emanuel?,Managing Director,1,0,0
104,What is the position of Jeffrey P. Fisher?,Vice President,1,0,0
104,What is the position of John Di Legge?,Vice President,1,0,0
104,What is the position of Kyle R. Holtz?,Director,1,0,0
104,What is the position of Lillian Kim?,Director,1,0,0
104,What is the position of Mark Irey?,Vice President,1,0,0
104,What is the position of Maurici Llad%C3%B3?,Executive Director,1,0,0
104,What is the position of Michael Vondriska?,Vice President,1,0,0
104,What is the position of Robert Kling?,Vice President,1,0,0
104,What is the position of Ryan Durkin?,Authorized Signatory,1,0,0
104,What is the position of Sherlyn Nelson?,Vice President,1,0,0
104,What is the position of Steven Aloupis?,Managing Director,1,0,0
104,What is the position of Ted Koerner?,Managing Director,1,0,0
104,What is the position of William W. Carroll?,Senior Vice President,1,0,0
104,In what organization does Andre S. Valentine work?,CONVERGYS CORPORATION,1,0,0
104,In what organization does David R. Wiedwald work?,CONVERGYS CORPORATION,1,0,0
104,In what organization does Diane Emanuel work?,"COBANK, ACB",1,0,0
104,In what organization does Jeffrey P. Fisher work?,THE HUNTINGTON NATIONAL BANK,1,0,0
104,In what organization does John Di Legge work?,THE HUNTINGTON NATIONAL BANK,1,0,0
104,In what organization does Kyle R. Holtz work?,"WELLS FARGO BANK, NATIONAL ASSOCIATION",1,0,0
104,In what organization does Lillian Kim work?,"WELLS FARGO BANK, NATIONAL ASSOCIATION",1,0,0
104,In what organization does Mark Irey work?,THE HUNTINGTON NATIONAL BANK,1,0,0
104,In what organization does Maurici Llad%C3%B3 work?,"BANCO DE SABADELL, S.A., MIAMI BRANCH",1,0,0
104,In what organization does Michael Vondriska work?,THE HUNTINGTON NATIONAL BANK,1,0,0
104,In what organization does Robert Kling work?,THE HUNTINGTON NATIONAL BANK,1,0,0
104,In what organization does Ryan Durkin work?,GOLDMAN SACHS BANK USA,1,0,0
104,In what organization does Sherlyn Nelson work?,THE HUNTINGTON NATIONAL BANK,1,0,0
104,In what organization does Steven Aloupis work?,STANDARD CHARTERED BANK,1,0,0
104,In what organization does Ted Koerner work?,"COBANK, ACB",1,0,0
104,In what organization does William W. Carroll work?,"ASSOCIATED BANK, N.A.",1,0,0
104,"Who is the representative of BANCO DE SABADELL, S.A., MIAMI BRANCH?",Maurici Llad%C3%B3,1,0,0
104,Who is the representative of GOLDMAN SACHS BANK USA?,Ryan Durkin,1,0,0
104,Who is the representative of STANDARD CHARTERED BANK?,Steven Aloupis,1,0,0
104,"Who is the representative of ASSOCIATED BANK, N.A.?",William W. Carroll,1,0,0
104,"What is the location of Citibank, N.A.?","1615 Brett Road Building %233New Castle, DE 19720",1,0,0
104,What is the location of Convergys CMG Insurance Services LLC?,Ohio,1,0,0
104,What is the location of Convergys Customer Management Delaware LLC?,Delaware,1,0,0
104,What is the location of Convergys Customer Management Group Canada Holding Inc.?,Delaware,1,0,0
104,What is the location of Convergys Customer Management Group Inc.?,Ohio,1,0,0
104,What is the location of Convergys Customer Management International Inc.?,Ohio,1,0,0
104,What is the location of Convergys Government Solutions LLC?,Ohio,1,0,0
104,"What is the location of Encore Receivable Management, Inc.?",Kansas,1,0,0
104,"What is the location of Intervoice, LLC?",Texas,1,0,0
104,"What is the location of SGS Holdings, Inc.?",Delaware,1,0,0
104,"What is the location of Stream Global Services, Inc.?",Delaware,1,0,0
104,"What is the location of Stream Global Services %E2%80%93 AZ, Inc.?",Arizona,1,0,0
104,"What is the location of Stream Global Services %E2%80%93 US, Inc.?",Delaware,1,0,0
104,What is the location of Stream Holdings Corporation?,Delaware,1,0,0
104,What is the location of Stream International Inc.?,Delaware,1,0,0
104,What is the location of Stream New York Inc.?,Delaware,1,0,0
104,"Which company is associated with 1615 Brett Road Building %233New Castle, DE 19720?","Citibank, N.A.",1,0,0
104,Which company is associated with Arizona?,"Stream Global Services %E2%80%93 AZ, Inc.",1,0,0
104,Which company is associated with Kansas?,"Encore Receivable Management, Inc.",1,0,0
104,Which company is associated with Texas?,"Intervoice, LLC",1,0,0
104,"What is the role of Stream Global Services %E2%80%93 AZ, Inc. in the agreement?",GUARANTOR,1,0,0
104,"What is the role of Stream Global Services %E2%80%93 AZ, Inc. in the agreement?",Material Subsidiaries,1,0,0
138,What is the position of Christopher Harahan?,Vice President,1,0,0
138,What is the position of Frederick H. Denecke?,Senior Vice President,1,0,0
138,What is the position of Nicolas Zitelli?,Senior Vice President,1,0,0
138,In what organization does %3A Adeel Khan work?,"Rexford Industrial Realty, Inc.",1,0,0
138,In what organization does Adeel Khan work?,"Rexford Industrial Realty, L.P.",1,0,0
138,In what organization does Christopher Harahan work?,U.S. BANK NATIONAL ASSOCIATION,1,0,0
138,In what organization does Frederick H. Denecke work?,CAPITAL ONE NATIONAL ASSOCIATION,1,0,0
138,In what organization does Nicolas Zitelli work?,CAPITAL ONE NATIONAL ASSOCIATION,1,0,0
138,"Who is the representative of Rexford Industrial Realty, Inc.?",%3A Adeel Khan,1,0,0
138,"Who is the representative of Rexford Industrial Realty, L.P.?",Adeel Khan,1,0,0
138,Who is the representative of U.S. BANK NATIONAL ASSOCIATION?,Christopher Harahan,1,0,0
138,What is the role of PNC CAPITAL MARKETS LLC in the agreement?,Joint Lead Arrangers,1,0,0
138,"What is the role of REXFORD INDUSTRIAL REALTY, INC in the agreement?",PARENT,1,0,0
138,"What is the role of REXFORD INDUSTRIAL REALTY, L.P. in the agreement?",BORROWER,1,0,0
138,What is the role of U.S. BANK NATIONAL ASSOCIATION in the agreement?,Lender,1,0,0
138,What is the role of CAPITAL ONE NATIONAL ASSOCIATION in the agreement?,Lender,1,0,0
138,"What is the role of Rexford Industrial Realty, Inc. in the agreement?",GUARANTORS,1,0,0
138,What company is the Administrative Agent in the agreement?,"PNC BANK, NATIONAL ASSOCIATION",1,0,0
138,What company is the Joint Lead Arrangers in the agreement?,PNC CAPITAL MARKETS LLC,1,0,0
138,What company is the Joint Bookrunners in the agreement?,"U.S. BANK, NATIONAL ASSOCIATION",1,0,0
138,What company is the Guarantors in the agreement?,"Rexford Industrial Realty, Inc.",1,0,0
139,What is the position of Arthur Chen?,General Manager,1,0,0
139,What is the position of Bertram H. Tang?,Authorized Signatory,1,0,0
139,What is the position of Bruce S. Borden?,Executive Director,1,0,0
139,What is the position of Christopher Keenan?,Assistant Vice President,1,0,0
139,What is the position of Cynthia W. Burton?,Director,1,0,0
139,What is the position of David Clark?,Managing Director,1,0,0
139,What is the position of David W. Kee?,Managing Director,1,0,0
139,What is the position of Eric Ridgway?,Vice President,1,0,0
139,What is the position of Glen Mastey?,Managing Director %E2%80%93 TMT,1,0,0
139,What is the position of Kestrina Budina?,Director,1,0,0
139,What is the position of Lennie Blakeslee?,Vice President,1,0,0
139,What is the position of Linda Tam?,Director,1,0,0
139,What is the position of Michael Vondriska?,Vice President,1,0,0
139,What is the position of Ola Anderssen?,Director,1,0,0
139,What is the position of Peter C. Rogers?,Director,1,0,0
139,What is the position of Ronnie Glenn?,Vice President,1,0,0
139,What is the position of Savo Bozic?,Authorized Signatory,1,0,0
139,What is the position of Sheldon Pinto?,Authorized Signatory,1,0,0
139,What is the position of Shivani Agarwal?,Senior Vice President,1,0,0
139,What is the position of Tanya Crossley?,Managing Director,1,0,0
139,In what organization does Arthur Chen work?,"Land Bank of Taiwan, New York Branch",1,0,0
139,In what organization does Bertram H. Tang work?,"Morgan Stanley Bank, N.A.",1,0,0
139,In what organization does Bruce S. Borden work?,"JPMorgan Chase Bank, N.A.",1,0,0
139,In what organization does Christopher Keenan work?,"PNC BANK, NATIONAL ASSOCIATION",1,0,0
139,In what organization does Cynthia W. Burton work?,"Wells Fargo Bank, N.A.",1,0,0
139,In what organization does David Clark work?,"Citizens Bank, N.A",1,0,0
139,In what organization does David W. Kee work?,"Citizens Bank, N.A",1,0,0
139,In what organization does Eric Ridgway work?,"Morgan Stanley Senior Funding, Inc.",1,0,0
139,In what organization does Glen Mastey work?,FIFTH THIRD BANK,1,0,0
139,In what organization does Jay A. Brown work?,Crown Castle International Corp.,1,0,0
139,In what organization does Kestrina Budina work?,"Wells Fargo Bank, N.A.",1,0,0
139,In what organization does Lennie Blakeslee work?,"Morgan Stanley Senior Funding, Inc.",1,0,0
139,In what organization does Linda Tam work?,"Wells Fargo Bank, N.A.",1,0,0
139,In what organization does Michael King work?,"Morgan Stanley Senior Funding, Inc.",1,0,0
139,In what organization does Michael Vondriska work?,"Morgan Stanley Senior Funding, Inc.",1,0,0
139,In what organization does Ola Anderssen work?,"Wells Fargo Bank, N.A.",1,0,0
139,In what organization does Peter C. Rogers work?,"Wells Fargo Bank, N.A.",1,0,0
139,In what organization does Ronnie Glenn work?,"Morgan Stanley Senior Funding, Inc.",1,0,0
139,In what organization does Savo Bozic work?,"Morgan Stanley Bank, N.A.",1,0,0
139,In what organization does Sheldon Pinto work?,"Morgan Stanley Bank, N.A.",1,0,0
139,In what organization does Shivani Agarwal work?,Crown Castle International Corp.,1,0,0
139,In what organization does Tanya Crossley work?,"Citizens Bank, N.A",1,0,0
139,"Who is the representative of Land Bank of Taiwan, New York Branch?",Arthur Chen,1,0,0
139,"Who is the representative of JPMorgan Chase Bank, N.A.?",Bruce S. Borden,1,0,0
139,"Who is the representative of PNC BANK, NATIONAL ASSOCIATION?",Christopher Keenan,1,0,0
139,Who is the representative of FIFTH THIRD BANK?,Glen Mastey,1,0,0
139,What is the role of BANK OF AMERICA in the agreement?,Syndication Agent,1,0,0
139,"What is the role of CITIBANK, N.A.,CR%C3%89DIT AGRICOLE CORPORATE AND INVESTMENT BANK,MIZUHO BANK, LTD.,ROYAL BANK OF CANADA in the agreement?",Documentation Agents,1,0,0
139,What is the role of Citigroup Global Markets Inc. in the agreement?,joint lead arrangers,1,0,0
139,What is the role of J.P. Morgan Securities LLC in the agreement?,joint bookrunners,1,0,0
139,What is the role of JPMORGAN CHASE BANK in the agreement?,Administrative Agent,1,0,0
139,What is the role of Merrill Lynch in the agreement?,joint bookrunners,1,0,0
139,"What is the role of Moody%E2%80%99s Investors Service, Inc. in the agreement?",rating agency,1,0,0
139,What is the role of Pierce in the agreement?,joint lead arrangers,1,0,0
139,What is the role of TD SECURITIES %28USA%29 LLC in the agreement?,Documentation Agents,1,0,0
139,What is the role of TD Securities %28USA%29 LLC in the agreement?,joint bookrunners,1,0,0
139,What is the role of Crown Castle International Corp. in the agreement?,Borrower,1,0,0
139,What company is the Syndication Agent in the agreement?,BANK OF AMERICA,1,0,0
139,What company is the Lenders in the agreement?,CROWN CASTLE INTERNATIONAL CORP,1,0,0
139,What company is the Administrative Agent in the agreement?,JPMORGAN CHASE BANK,1,0,0
105,What is the position of Gary S. Loffredo?,"President, Digital Cinema, General Counsel and Secretary",1,0,0
105,What is the position of Xu Peixin?,Director,1,0,0
105,In what organization does Gary S. Loffredo work?,CINEDIGM CORP,1,0,0
105,In what organization does Xu Peixin work?,BISON ENTERTAINMENT AND MEDIA GROUP,1,0,0
105,Who is the representative of CINEDIGM CORP?,Gary S. Loffredo,1,0,0
105,Who is the representative of BISON ENTERTAINMENT AND MEDIA GROUP?,Xu Peixin,1,0,0
105,What is the location of ADM Cinema Corporation d%2Fb%2Fa the Pavilion Theatre?,"45 W. 36th Street, 7th Floor, New York, NY  10018",1,0,0
105,"What is the location of Access Digital Cinema Phase 2, Corp.?","45 W. 36th Street, 7th Floor, New York, NY  10018",1,0,0
105,What is the location of Access Digital Cinema Phase 2 B%2FAIX Corp.?,"45 W. 36th Street, 7th Floor, New York, NY  10018",1,0,0
105,"What is the location of Access Digital Media, Inc.?","45 W. 36th Street, 7th Floor, New York, NY  10018",1,0,0
105,What is the location of Bison Entertainment and Media Group?,"Unit 1501-2, 15%2FF, Sino Plaza%09 255 Gloucester Road%09 Causeway Bay, Hong Kong",1,0,0
105,"What is the location of CDF2 Holdings, LLC?","45 W. 36th Street, 7th Floor, New York, NY  10018",1,0,0
105,"What is the location of CON TV, LLC?","Cinedigm Corp.45 West 36th Street, 7th FloorNew York, NY 10018",1,0,0
105,"What is the location of Christie%2FAIX, Inc.?","45 W. 36th Street, 7th Floor, New York, NY  10018",1,0,0
105,What is the location of Cinedigm Corp.?,"45 West 36th Street, 7th Floor%09 New York, NY 10018",1,0,0
105,"What is the location of Cinedigm DC Holdings, LLC?","45 W. 36th Street, 7th Floor, New York, NY  10018",1,0,0
105,What is the location of Cinedigm Digital Cinema Australia Pty Ltd?,"45 W. 36th Street, 7th Floor, New York, NY  10018",1,0,0
105,"What is the location of Cinedigm Digital Funding 2, LLC?","45 W. 36th Street, 7th Floor, New York, NY  10018",1,0,0
105,"What is the location of Cinedigm Digital Funding I, LLC?","45 W. 36th Street, 7th Floor, New York, NY  10018",1,0,0
105,What is the location of Cinedigm Entertainment Corp.?,"45 W. 36th Street, 7th Floor, New York, NY  10018",1,0,0
105,"What is the location of Cinedigm Entertainment Holdings, LLC?","45 W. 36th Street, 7th Floor, New York, NY  10018",1,0,0
105,"What is the location of Cinedigm Home Entertainment, LLC?","Cinedigm Corp.45 West 36th Street, 7th FloorNew York, NY 10018",1,0,0
105,"What is the location of Cinedigm OTT Holdings, LLC?","Cinedigm Corp.45 West 36th Street, 7th FloorNew York, NY 10018",1,0,0
105,"What is the location of Cinedigm Productions, LLC?","Cinedigm Corp.45 West 36th Street, 7th FloorNew York, NY 10018",1,0,0
105,"What is the location of Docurama, LLC?","Cinedigm Corp.45 West 36th Street, 7th FloorNew York, NY 10018",1,0,0
105,"What is the location of Dove Family Channel, LLC?","Cinedigm Corp.45 West 36th Street, 7th FloorNew York, NY 10018",1,0,0
105,What is the location of Kelley Drye %26 Warren LLP?,"101 Park Avenue, 27th Floor%09 New York, NY 10178",1,0,0
105,"What is the location of Vistachiara Entertainment, Inc.?","45 W. 36th Street, 7th Floor, New York, NY  10018",1,0,0
105,"What is the location of Vistachiara Productions Inc., d%2Fb%2Fa The Bigger Picture?","45 W. 36th Street, 7th Floor, New York, NY  10018",1,0,0
105,"Which company is associated with 101 Park Avenue, 27th Floor%09 New York, NY 10178?",Kelley Drye %26 Warren LLP,1,0,0
105,"Which company is associated with 45 West 36th Street, 7th Floor%09 New York, NY 10018?",Cinedigm Corp.,1,0,0
105,"Which company is associated with Unit 1501-2, 15%2FF, Sino Plaza%09 255 Gloucester Road%09 Causeway Bay, Hong Kong?",Bison Entertainment and Media Group,1,0,0
105,What is the role of CINEDIGM CORP. in the agreement?,BORROWER,1,0,0
105,What is the role of BISON ENTERTAINMENT AND MEDIA GROUP in the agreement?,LENDER,1,0,0
105,What company is the Borrower in the agreement?,CINEDIGM CORP.,1,0,0
105,What company is the Lender in the agreement?,BISON ENTERTAINMENT AND MEDIA GROUP,1,0,0
111,What is the position of Bill Seabrook?,Director,1,0,0
111,What is the position of Clive Paul Thomas?,Director,1,0,0
111,What is the position of Doug Kennedy?,Director,1,0,0
111,What is the position of Duncan Scott?,Director,1,0,0
111,What is the position of Eoin Naughton?,Director,1,0,0
111,What is the position of Guy Bowker?,Chief Financial Officer,1,0,0
111,What is the position of Hector J. Varona?,Executive Director,1,0,0
111,What is the position of Jennifer Miu?,Chief Financial Officer,1,0,0
111,What is the position of Kevin Chan?,Director,1,0,0
111,What is the position of Louise Twiss West?,Head of Financial Institutions Group,1,0,0
111,What is the position of Neville Grant?,Head of Corporate Banking,1,0,0
111,What is the position of William R. Goley?,Managing Director,1,0,0
111,In what organization does Bill Seabrook work?,THE BANK OF NOVA SCOTIA,1,0,0
111,In what organization does Clive Paul Thomas work?,THE BANK OF NOVA SCOTIA,1,0,0
111,In what organization does Doug Kennedy work?,THE BANK OF NOVA SCOTIA,1,0,0
111,In what organization does Duncan Scott work?,THE BANK OF NOVA SCOTIA,1,0,0
111,In what organization does Eoin Naughton work?,BARCLAYS BANK PLC,1,0,0
111,In what organization does Guy Bowker work?,ENSTAR %28US%29 INC,1,0,0
111,In what organization does Hector J. Varona work?,"JPMORGAN CHASE BANK, N.A",1,0,0
111,In what organization does Jennifer Miu work?,ENSTAR %28US%29 INC,1,0,0
111,In what organization does Kevin Chan work?,THE BANK OF NOVA SCOTIA,1,0,0
111,In what organization does Louise Twiss West work?,HSBC BANK BERMUDA LIMITED,1,0,0
111,In what organization does Neville Grant work?,HSBC BANK BERMUDA LIMITED,1,0,0
111,In what organization does Will Goley work?,"Wells Fargo Bank, National Association",1,0,0
111,In what organization does William R. Goley work?,"WELLS FARGO BANK, NATIONAL ASSOCIATION",1,0,0
111,Who is the representative of BARCLAYS BANK PLC?,Eoin Naughton,1,0,0
111,"Who is the representative of JPMORGAN CHASE BANK, N.A?",Hector J. Varona,1,0,0
111,"Who is the representative of Wells Fargo Bank, National Association?",Will Goley,1,0,0
111,"Who is the representative of WELLS FARGO BANK, NATIONAL ASSOCIATION?",William R. Goley,1,0,0
111,What is the location of Loan Party?,"Windsor Place, 4th Floor22 Queen Street,Hamilton HM11, Bermuda",1,0,0
111,"Which company is associated with MAC D1109-0191525 West W.T. Harris Blvd.Charlotte, NC 28262?","Wells Fargo Bank, National Association",1,0,0
111,"Which company is associated with One Wells Fargo Center, 11th Floor301 South College StreetCharlotte, North Carolina 28202?","Wells Fargo Bank, National Association",1,0,0
111,"Which company is associated with Windsor Place, 4th Floor22 Queen Street,Hamilton HM11, Bermuda?",Loan Party,1,0,0
111,What is the role of ENSTAR GROUP LIMITED in the agreement?,Borrower,1,0,0
111,What is the role of KENMARE HOLDINGS LTD in the agreement?,Guarantor,1,0,0
111,What is the role of KENMARE HOLDINGS LTD. in the agreement?,Guarantors,1,0,0
111,What is the role of BARCLAYS BANK PLC in the agreement?,Lender,1,0,0
111,"What is the role of JPMORGAN CHASE BANK, N.A in the agreement?",Lender,1,0,0
111,What is the role of HSBC BANK BERMUDA LIMITED in the agreement?,Lender,1,0,0
111,"What is the role of Wells Fargo Bank, National Association in the agreement?",Administrative Agent,1,0,0
111,What is the role of THE BANK OF NOVA SCOTIA in the agreement?,Lender,1,0,0
111,What company is the Borrower in the agreement?,ENSTAR GROUP LIMITED,1,0,0
10,What is the position of Kenise Henry Larmond?,Vice President,1,0,0
10,What is the position of Michael King?,Vice President,1,0,0
10,What is the position of Rodney Beeks?,Associate,1,0,0
10,What is the position of Shane M. Leary?,Vice President,1,0,0
10,What is the position of Susan Khokher?,"Manager, Agency",1,0,0
10,What is the position of Alex Figueroa?,Authorized Signatory,1,0,0
10,In what organization does Kenise Henry Larmond work?,"JPMorgan Chase Bank, N.A.,",1,0,0
10,In what organization does Michael King work?,"JPMorgan Chase Bank, N.A.,",1,0,0
10,In what organization does Rodney Beeks work?,"BANK OF AMERICA, N.A.",1,0,0
10,In what organization does Shane M. Leary work?,"JPMorgan Chase Bank, N.A.,",1,0,0
10,In what organization does Susan Khokher work?,"ROYAL BANK OF CANADA,",1,0,0
10,In what organization does Terence F. Sullivan work?,"VICTORY CAPITAL HOLDINGS, INC.,",1,0,0
10,In what organization does Alex Figueroa work?,"ROYAL BANK OF CANADA,",1,0,0
10,"Who is the representative of BANK OF AMERICA, N.A.?",Rodney Beeks,1,0,0
10,"Who is the representative of ROYAL BANK OF CANADA,?",Susan Khokher,1,0,0
10,"Who is the representative of VICTORY CAPITAL HOLDINGS, INC.,?",Terence F. Sullivan,1,0,0
10,"Who is the representative of ROYAL BANK OF CANADA,?",Alex Figueroa,1,0,0
10,"What is the location of ROYAL BANK OF CANADA,?","200 Vesey StreetNew York, New York 10281",1,0,0
10,"What is the location of VICTORY CAPITAL HOLDINGS, INC.,?","4900 Tiedeman Road 4th FloorBrooklyn, OH 44144",1,0,0
10,"Which company is associated with 200 Vesey StreetNew York, New York 10281?","ROYAL BANK OF CANADA,",1,0,0
10,"Which company is associated with 4900 Tiedeman Road 4th FloorBrooklyn, OH 44144?","VICTORY CAPITAL HOLDINGS, INC.,",1,0,0
10,"Which company is associated with Royal Bank Plaza, 200 Bay Street,12th Floor South TowerToronto, Ontario M5J 2W7Canada?","ROYAL BANK OF CANADA,",1,0,0
10,What is the role of KEYBANK NATIONAL ASSOCIATION in the agreement?,Lender,1,0,0
10,"What is the role of MORGAN STANLEY SENIOR FUNDING, INC., in the agreement?",Lender,1,0,0
10,"What is the role of BANK OF AMERICA, N.A. in the agreement?",Lender,1,0,0
10,"What is the role of ROYAL BANK OF CANADA, in the agreement?",Administrative Agent,1,0,0
10,"What is the role of VICTORY CAPITAL HOLDINGS, INC., in the agreement?",Borrower,1,0,0
10,"What is the role of JPMorgan Chase Bank, N.A., in the agreement?",Lender,1,0,0
10,What company is the Issuing Bank in the agreement?,"ROYAL BANK OF CANADA,",1,0,0
10,What company is the Administrative Agent in the agreement?,"ROYAL BANK OF CANADA,",1,0,0
10,What company is the Borrower in the agreement?,"VICTORY CAPITAL HOLDINGS, INC.,",1,0,0
38,What is the position of Dennis Petito?,Managing Director,1,0,0
38,What is the position of Houssem Daly?,Associate Director,1,0,0
38,What is the position of J. Frazell?,Director,1,0,0
38,What is the position of Ming K. Chu?,Vice President,1,0,0
38,What is the position of Pablo Gonzalez-Spahr?,Executive,1,0,0
38,What is the position of Ann Rhoads?,Managing Director,1,0,0
38,What is the position of Borden Tennant?,Assistant Vice President,1,0,0
38,What is the position of Dave Katz?,Executive Director,1,0,0
38,What is the position of David Kee?,Managing Director,1,0,0
38,What is the position of Diego Medina?,Director,1,0,0
38,What is the position of Donna DeMagistris?,Authorized Signatory,1,0,0
38,What is the position of Hussam S. Alsahlani?,Vice President,1,0,0
38,What is the position of Jamie Grubb?,Vice President,1,0,0
38,What is the position of Joe Hykle?,Senior Vice President,1,0,0
38,What is the position of Kenneth Chin?,Director,1,0,0
38,What is the position of Kenneth Phelan?,Vice President,1,0,0
38,What is the position of Maureen Maroney?,Vice President,1,0,0
38,What is the position of Michael King?,Authorized Signatory,1,0,0
38,What is the position of Michael Willis?,Managing Director,1,0,0
38,What is the position of Nupur Kumar?,Authorized Signatory,1,0,0
38,What is the position of Rebecca Kratz?,Authorized Signatory,1,0,0
38,What is the position of Ross Levitsky?,Managing Director,1,0,0
38,What is the position of Sherwin Brandford?,Director,1,0,0
38,What is the position of Sriram Chandrasekaran?,Director,1,0,0
38,What is the position of Stefan Dickenmann?,Authorized Signatory,1,0,0
38,What is the position of Steven Aloupis?,Managing DirectorCapital Markets,1,0,0
38,What is the position of Vanessa Kurbatskiy?,Vice President,1,0,0
38,In what organization does Dennis Petito work?,SUMITOMO MITSUI BANKING CORPORATION,1,0,0
38,In what organization does Houssem Daly work?,UBS AG,1,0,0
38,In what organization does J. Frazell work?,UBS AG,1,0,0
38,In what organization does Ming K. Chu work?,THE BANK OF NEW YORK MELLON,1,0,0
38,In what organization does Pablo Gonzalez-Spahr work?,THE STANDARD BANK OF SOUTH AFRICA LIMITED,1,0,0
38,In what organization does Albert L. Richey work?,"ANADARKO PETROLEUM CORPORATION,",1,0,0
38,In what organization does Ann Rhoads work?,BNP Paribas,1,0,0
38,In what organization does Borden Tennant work?,"WELLS FARGO BANK, NATIONAL  ASSOCIATION",1,0,0
38,In what organization does Dave Katz work?,"JPMORGAN CHASE BANK, N.A.,",1,0,0
38,In what organization does David Kee work?,SUMITOMO MITSUI BANKING CORPORATION,1,0,0
38,In what organization does Diego Medina work?,UBS AG,1,0,0
38,In what organization does Donna DeMagistris work?,"Morgan Stanley Bank, N.A.",1,0,0
38,In what organization does Hussam S. Alsahlani work?,THE BANK OF NEW YORK MELLON,1,0,0
38,In what organization does Jamie Grubb work?,THE BANK OF NEW YORK MELLON,1,0,0
38,In what organization does Joe Hykle work?,DNB CAPITAL LLC,1,0,0
38,In what organization does Kenneth Chin work?,UBS AG,1,0,0
38,In what organization does Kenneth Phelan work?,THE BANK OF NEW YORK MELLON,1,0,0
38,In what organization does Maureen Maroney work?,THE BANK OF NEW YORK MELLON,1,0,0
38,In what organization does Michael King work?,"Morgan Stanley Bank, N.A.",1,0,0
38,In what organization does Michael Willis work?,SUMITOMO MITSUI BANKING CORPORATION,1,0,0
38,In what organization does Nupur Kumar work?,"Morgan Stanley Bank, N.A.",1,0,0
38,In what organization does Rebecca Kratz work?,"Morgan Stanley Bank, N.A.",1,0,0
38,In what organization does Ross Levitsky work?,SUMITOMO MITSUI BANKING CORPORATION,1,0,0
38,In what organization does Sherwin Brandford work?,UBS AG,1,0,0
38,In what organization does Sriram Chandrasekaran work?,UBS AG,1,0,0
38,In what organization does Stefan Dickenmann work?,"Morgan Stanley Bank, N.A.",1,0,0
38,In what organization does Steven Aloupis work?,Standard Chartered Bank,1,0,0
38,In what organization does Vanessa Kurbatskiy work?,THE BANK OF NEW YORK MELLON,1,0,0
38,Who is the representative of THE STANDARD BANK OF SOUTH AFRICA LIMITED?,Pablo Gonzalez-Spahr,1,0,0
38,"Who is the representative of ANADARKO PETROLEUM CORPORATION,?",Albert L. Richey,1,0,0
38,Who is the representative of BNP Paribas?,Ann Rhoads,1,0,0
38,"Who is the representative of WELLS FARGO BANK, NATIONAL  ASSOCIATION?",Borden Tennant,1,0,0
38,"Who is the representative of JPMORGAN CHASE BANK, N.A.,?",Dave Katz,1,0,0
38,Who is the representative of DNB CAPITAL LLC?,Joe Hykle,1,0,0
38,Who is the representative of Standard Chartered Bank?,Steven Aloupis,1,0,0
38,"What is the location of JPMorgan Chase Bank, N.A?","500 Stanton Christiana Road, Ops 2, 3rd Floor, Newark, DE 19713",1,0,0
38,"What is the location of JPMorgan Chase Bank, N.A.?","383 Madison Avenue, New York, New York 10179",1,0,0
38,"Which company is associated with 383 Madison Avenue, New York, New York 10179?","JPMorgan Chase Bank, N.A.",1,0,0
38,"Which company is associated with 500 Stanton Christiana Road, Ops 2, 3rd Floor, Newark, DE 19713?","JPMorgan Chase Bank, N.A",1,0,0
38,"What is the role of Anadarko Petroleum Corporation, in the agreement?",Borrower,1,0,0
38,"What is the role of BANK OF AMERICA, N.A in the agreement?",Lender,1,0,0
38,"What is the role of BARCLAYS BANK PLC, in the agreement?",Lender,1,0,0
38,"What is the role of Bank of America, N.A. in the agreement?",Co-Documentation Agents,1,0,0
38,"What is the role of CITIBANK, N.A in the agreement?",Lender,1,0,0
38,What is the role of CREDIT AGRICOLE CORPORATE AND  INVESTMENT in the agreement?,Lender,1,0,0
38,"What is the role of Citibank, N.A. in the agreement?",Co-Documentation Agents,1,0,0
38,What is the role of Credit Suisse AG in the agreement?,Lender,1,0,0
38,What is the role of DEUTSCHE BANK AG in the agreement?,Lender,1,0,0
38,What is the role of GOLDMAN SACHS BANK USA in the agreement?,Lender,1,0,0
38,"What is the role of MIZUHO BANK, LTD. in the agreement?",Lender,1,0,0
38,"What is the role of Mizuho Bank, Ltd in the agreement?",Co-Documentation Agents,1,0,0
38,What is the role of SOCIETE GENERALE in the agreement?,Lender,1,0,0
38,What is the role of THE BANK OF NOVA SCOTIA in the agreement?,Lender,1,0,0
38,"What is the role of THE BANK OF TOKYO-MITSUBISHI UFJ, LTD., in the agreement?",Lender,1,0,0
38,"What is the role of The Bank of Tokyo-Mitsubishi UFJ, Ltd., in the agreement?",Co-Documentation Agents,1,0,0
38,"What is the role of Wells Fargo Bank, National Association, in the agreement?",Syndication Agent,1,0,0
38,What is the role of THE STANDARD BANK OF SOUTH AFRICA LIMITED in the agreement?,Lender,1,0,0
38,"What is the role of ANADARKO PETROLEUM CORPORATION, in the agreement?",Borrower,1,0,0
38,What is the role of BNP Paribas in the agreement?,Lender,1,0,0
38,What is the role of DNB CAPITAL LLC in the agreement?,Lender,1,0,0
38,"What is the role of JPMorgan Chase Bank, N.A. in the agreement?",Administrative Agent,1,0,0
38,What is the role of Standard Chartered Bank in the agreement?,Lender,1,0,0
38,"What is the role of WELLS FARGO BANK, NATIONAL  ASSOCIATION in the agreement?",Lender,1,0,0
38,What is the role of SUMITOMO MITSUI BANKING CORPORATION in the agreement?,Lender,1,0,0
38,"What is the role of Morgan Stanley Bank, N.A. in the agreement?",Lender,1,0,0
38,What is the role of UBS AG in the agreement?,Lender,1,0,0
38,What is the role of THE BANK OF NEW YORK MELLON in the agreement?,Lender,1,0,0
38,What company is the Syndication Agent in the agreement?,"Wells Fargo Bank, National Association,",1,0,0
38,What company is the Agent in the agreement?,"JPMORGAN CHASE BANK, N.A.,",1,0,0
38,What company is the Administrative Agent in the agreement?,"JPMorgan Chase Bank, N.A.",1,0,0
12,What is the position of Conan Schleicher?,Vice President,1,0,0
12,What is the position of Dawn Lee Lum?,Executive Director,1,0,0
12,What is the position of Francesco Di Mario?,FVP %C2%96 Head of Credit,1,0,0
12,What is the position of Gr%C3%A1inne Kelly?,"Vice President, Global Treasury",1,0,0
12,What is the position of Graham Gibson?,Senior Director,1,0,0
12,What is the position of J. Casey Cosgrove?,Director,1,0,0
12,What is the position of Jack Lonker?,Director,1,0,0
12,What is the position of John Devlin?,"Vice President, Global Treasury",1,0,0
12,What is the position of Linh Dang?,Authorized Signatory,1,0,0
12,What is the position of Lorenzo Rodino?,Relationship Manager,1,0,0
12,What is the position of Luca Balestra?,Managing Director,1,0,0
12,What is the position of Sara La Berg?,"Senior Manager, Global Treasury",1,0,0
12,What is the position of Thilo Huber?,Director,1,0,0
12,What is the position of Thomas Foley?,Managing Director,1,0,0
12,What is the position of Tracy Rahn?,Authorized Signatory,1,0,0
12,In what organization does Aidan Clare work?,"WALGREENS BOOTS ALLIANCE, INC.",1,0,0
12,In what organization does Conan Schleicher work?,U.S. BANK NATIONAL ASSOCIATION,1,0,0
12,In what organization does Dawn Lee Lum work?,"JPMORGAN CHASE BANK, N.A.",1,0,0
12,In what organization does Francesco Di Mario work?,"INTESA SANPAOLO S.P.A., NEW YORK BRANCH,",1,0,0
12,In what organization does Gr%C3%A1inne Kelly work?,"WALGREENS BOOTS ALLIANCE, INC.",1,0,0
12,In what organization does Graham Gibson work?,NATIONAL WESTMINSTER BANK PLC,1,0,0
12,In what organization does J. Casey Cosgrove work?,"UNICREDIT BANK AG, NEW YORK BRANCH,",1,0,0
12,In what organization does Jack Lonker work?,"UNICREDIT BANK AG, NEW YORK BRANCH,",1,0,0
12,In what organization does John Devlin work?,"WALGREENS BOOTS ALLIANCE, INC.",1,0,0
12,In what organization does Linh Dang work?,"THE TORONTO-DOMINION BANK, NEW YORK BRANCH,",1,0,0
12,In what organization does Lorenzo Rodino work?,"INTESA SANPAOLO S.P.A., NEW YORK BRANCH,",1,0,0
12,In what organization does Luca Balestra work?,"UNICREDIT BANK AG, NEW YORK BRANCH,",1,0,0
12,In what organization does Marco Pagni%3B work?,"WALGREENS BOOTS ALLIANCE, INC.",1,0,0
12,In what organization does Sara La Berg work?,"WALGREENS BOOTS ALLIANCE, INC.",1,0,0
12,In what organization does Thilo Huber work?,"UNICREDIT BANK AG, NEW YORK BRANCH,",1,0,0
12,In what organization does Thomas Foley work?,"UNICREDIT BANK AG, NEW YORK BRANCH,",1,0,0
12,In what organization does Tracy Rahn work?,"THE TORONTO-DOMINION BANK, NEW YORK BRANCH,",1,0,0
12,Who is the representative of U.S. BANK NATIONAL ASSOCIATION?,Conan Schleicher,1,0,0
12,"Who is the representative of JPMORGAN CHASE BANK, N.A.?",Dawn Lee Lum,1,0,0
12,Who is the representative of NATIONAL WESTMINSTER BANK PLC?,Graham Gibson,1,0,0
12,"What is the location of MIZUHO BANK, LTD.,?","Mizuho Bank, Ltd.Harborside Financial Ctr1800 Plaza TenJersey City, NJ 07311",1,0,0
12,"What is the location of WALGREENS BOOTS ALLIANCE, INC.?","108 Wilmot RoadDeerfield, IL 60015",1,0,0
12,"Which company is associated with 108 Wilmot RoadDeerfield, IL 60015?","WALGREENS BOOTS ALLIANCE, INC.",1,0,0
12,"Which company is associated with Mizuho Bank, Ltd.Harborside Financial Ctr1800 Plaza TenJersey City, NJ 07311?","MIZUHO BANK, LTD.,",1,0,0
12,"What is the role of HSBC BANK USA, N.A., in the agreement?",Lender,1,0,0
12,"What is the role of BANK OF AMERICA, N.A., in the agreement?",Lender,1,0,0
12,"What is the role of MUFG BANK, LTD., in the agreement?",Lender,1,0,0
12,"What is the role of JPMORGAN CHASE BANK, N.A. in the agreement?",Lender,1,0,0
12,What is the role of NATIONAL WESTMINSTER BANK PLC in the agreement?,Lender,1,0,0
12,What is the role of U.S. BANK NATIONAL ASSOCIATION in the agreement?,Lender,1,0,0
12,"What is the role of INTESA SANPAOLO S.P.A., NEW YORK BRANCH, in the agreement?",Lender,1,0,0
12,"What is the role of UNICREDIT BANK AG, NEW YORK BRANCH, in the agreement?",Lender,1,0,0
12,"What is the role of WALGREENS BOOTS ALLIANCE, INC. in the agreement?",Borrower,1,0,0
12,What company is the Administrative Agent in the agreement?,"MIZUHO BANK, LTD.,",1,0,0
12,What company is the Borrower in the agreement?,"WALGREENS BOOTS ALLIANCE, INC.",1,0,0
107,What is the position of Ritam Bhalla?,Director,1,0,0
107,In what organization does Ritam Bhalla work?,BARCLAYS BANK PLC,1,0,0
107,Who is the representative of BARCLAYS BANK PLC?,Ritam Bhalla,1,0,0
107,"Who is the representative of GXS INTERNATIONAL, INC.?",Paul McFeeters,1,0,0
107,Who is the representative of OPEN TEXT ULC?,Paul McFeeters,1,0,0
107,What is the location of 2016090 Ontario Inc.?,Ontario,1,0,0
107,What is the location of 2016091 Ontario Inc.?,Ontario,1,0,0
107,What is the location of 8493642 Canada Inc.?,Canada,1,0,0
107,What is the location of Acquisition UK Limited?,United Kingdom,1,0,0
107,"What is the location of Cordys, Inc?",Michigan,1,0,0
107,What is the location of Cordys %28Beijing%29 Co. Ltd?,China,1,0,0
107,What is the location of Cordys Australia Pty. Ltd.?,Australia,1,0,0
107,What is the location of Cordys Deutschland AG?,Germany,1,0,0
107,What is the location of Cordys Deutschland Service GmbH?,Germany,1,0,0
107,What is the location of Cordys France S.a.r.l.?,France,1,0,0
107,What is the location of Cordys Holding B.V.?,Netherlands,1,0,0
107,What is the location of Cordys Hong Kong Ltd.?,Hong Kong,1,0,0
107,What is the location of Cordys Investments B.V.?,Netherlands,1,0,0
107,What is the location of Cordys Israel Ltd.?,Israel,1,0,0
107,What is the location of Cordys Japan Co. Ltd.?,Japan,1,0,0
107,What is the location of Cordys Nederland B.V.?,Netherlands,1,0,0
107,What is the location of Cordys Nederland B.V. - China Representation Office?,China,1,0,0
107,What is the location of Cordys Nordics AB%2A?,Sweden,1,0,0
107,What is the location of Cordys R%26D B.V.?,Netherlands,1,0,0
107,What is the location of Cordys Shanghai Co. Ltd.?,China,1,0,0
107,What is the location of Cordys Singapore Pte. Ltd.?,Singapore,1,0,0
107,What is the location of Cordys Software B.V?,Netherlands,1,0,0
107,What is the location of Cordys Software India Pvt. Ltd?,India,1,0,0
107,What is the location of EC1 Pte Ltd?,Singapore,1,0,0
107,"What is the location of EasyLink Services USA, Inc.?","Delaware, USA",1,0,0
107,What is the location of Easylink Do Brasil Comunicacoes Ltd?,Brazil,1,0,0
107,What is the location of Easylink Services %28Deutschland%29 GMBH?,Germany,1,0,0
107,What is the location of Easylink Services %28France%29 S.A.R.L.?,France,1,0,0
107,What is the location of Easylink Services %28Hong Kong%29 Limited?,Hong Kong,1,0,0
107,What is the location of Easylink Services Australia Pty Limited?,Australia,1,0,0
107,What is the location of Easylink Services Corp. Pte Ltd?,Singapore,1,0,0
107,What is the location of Easylink Services Corporation India Private Limited?,India,1,0,0
107,What is the location of Easylink Services International Corporation?,"Delaware, USA",1,0,0
107,What is the location of Easylink Services International Limited - Ireland Branch?,Ireland,1,0,0
107,What is the location of Easylink Services K.K.?,Japan,1,0,0
107,What is the location of Easylink Services Korea Corporation?,Republic of Korea,1,0,0
107,"What is the location of Easylink Services Latin America, Inc.?","Delaware, USA",1,0,0
107,"What is the location of Federation, Inc.?","Delaware, USA",1,0,0
107,"What is the location of Federation Web, Inc.?","Delaware, USA",1,0,0
107,What is the location of Freeway Commerce Limited %28in liquidation%29?,United Kingdom,1,0,0
107,"What is the location of GXS, Inc.?","Delaware, USA",1,0,0
107,"What is the location of GXS, Investments, Inc.?","Delaware, USA",1,0,0
107,What is the location of GXS %28ANZ%29 Pty Limited?,Australia,1,0,0
107,What is the location of GXS %28HK%29 Limited?,Hong Kong,1,0,0
107,What is the location of GXS %28Shanghai%29 Software Development Ltd.?,China,1,0,0
107,What is the location of GXS AG?,Switzerland,1,0,0
107,What is the location of GXS B.V.?,Netherlands,1,0,0
107,What is the location of GXS Canada Inc.?,Canada,1,0,0
107,What is the location of GXS Co. Ltd.?,Japan,1,0,0
107,What is the location of GXS GmbH?,Germany,1,0,0
107,"What is the location of GXS Group, Inc.?","Delaware, USA",1,0,0
107,"What is the location of GXS Holdings, Inc.?","Delaware, USA",1,0,0
107,What is the location of GXS Inc.?,Korea,1,0,0
107,What is the location of GXS India Technology Centre Private Limited?,India,1,0,0
107,"What is the location of GXS International, Inc.?","Delaware, USA",1,0,0
107,What is the location of GXS Limited?,United Kingdom,1,0,0
107,What is the location of GXS Ltd.?,Thailand,1,0,0
107,What is the location of GXS Mexico S de R.L. de C.V.?,Mexico,1,0,0
107,"What is the location of GXS Philippines, Inc?",Philippines,1,0,0
107,What is the location of GXS Product Data Quality Limited %28in liquidation%29?,United Kingdom,1,0,0
107,What is the location of GXS S.A.?,Belgium,1,0,0
107,What is the location of GXS SAS?,France,1,0,0
107,What is the location of GXS SpA?,Italy,1,0,0
107,What is the location of GXS Tecnologia da Informaco %28Brasil%29 Ltd?,Brazil,1,0,0
107,What is the location of GXS UK Holding Limited?,United Kingdom,1,0,0
107,"What is the location of GXS Worldwide, Inc.?","Delaware, USA",1,0,0
107,What is the location of Global 360 %28Australia%29 Pty Limited?,Australia,1,0,0
107,What is the location of Global 360 China Limited?,Hong Kong,1,0,0
107,What is the location of Global 360 China Limited - China Branch?,China,1,0,0
107,What is the location of Global 360 Germany GmbH?,Germany,1,0,0
107,What is the location of Global 360 Spain S.L.U.?,Spain,1,0,0
107,"What is the location of HAHT Commerce, Inc.?","Delaware, USA",1,0,0
107,"What is the location of Harbinger de Mexico, S. de C.V. de R.L.?",Mexico,1,0,0
107,What is the location of Inovis UK Limited %28in liquidation%29?,United Kingdom,1,0,0
107,"What is the location of InterCommerce Gateway, Inc.?",Philippines,1,0,0
107,What is the location of Metastorm UK Limited?,England,1,0,0
107,What is the location of Nstein Technologies France S.A.S.U.?,France,1,0,0
107,What is the location of Nstein Technologies Inc.?,Quebec,1,0,0
107,"What is the location of Ocelot Merger Sub, Inc?","Delaware, USA",1,0,0
107,What is the location of Open Text %28Asia%29 Pte Limited?,Singapore,1,0,0
107,What is the location of Open Text %28Hong Kong%29 Limited?,Hong Kong,1,0,0
107,What is the location of Open Text A%2FS?,Denmark,1,0,0
107,What is the location of Open Text AB?,Sweden,1,0,0
107,What is the location of Open Text AG?,Switzerland,1,0,0
107,What is the location of Open Text Brasil Comercio De Software LTDA?,Brazil,1,0,0
107,What is the location of Open Text Canada Ltd.?,Canada,1,0,0
107,What is the location of Open Text Co%C3%B6peratief U.A.?,Netherlands,1,0,0
107,What is the location of Open Text Co%C3%B6peratief U.A. %E2%80%93 BELGIUM Branch?,Belgium,1,0,0
107,What is the location of Open Text Conseil Inc.?,Canada,1,0,0
107,What is the location of Open Text Corporation?,Canada,1,0,0
107,What is the location of Open Text Corporation India Private Limited?,India,1,0,0
107,What is the location of Open Text Document Technologies GmbH?,Germany,1,0,0
107,What is the location of Open Text Finance SARL - IRELAND Place of Business?,Ireland,1,0,0
107,What is the location of Open Text Finance Sarl?,Luxembourg,1,0,0
107,"What is the location of Open Text Holdings, Inc.?","Delaware, USA",1,0,0
107,What is the location of Open Text Inc.?,"Delaware, USA",1,0,0
107,What is the location of Open Text Ireland Limited?,Ireland,1,0,0
107,What is the location of Open Text K.K?,Japan,1,0,0
107,What is the location of Open Text Middle East %28Open Text Inc. - United Arab Emirates Branch%29?,United Arab Emirates,1,0,0
107,What is the location of Open Text New Zealand Limited?,New Zealand,1,0,0
107,What is the location of Open Text OY?,Finland,1,0,0
107,What is the location of Open Text Pty Limited?,Australia,1,0,0
107,"What is the location of Open Text Public Sector Solutions, Inc?",Virginia,1,0,0
107,What is the location of Open Text S. de R.L. de C.V.?,Mexico,1,0,0
107,What is the location of Open Text S.r.l.?,Italy,1,0,0
107,What is the location of Open Text SA?,Luxembourg,1,0,0
107,What is the location of Open Text SARL?,France,1,0,0
107,What is the location of Open Text SA - IRELAND place of business?,Ireland,1,0,0
107,What is the location of Open Text Software Austria GmbH?,Austria,1,0,0
107,What is the location of Open Text Software S.L.U.?,Spain,1,0,0
107,What is the location of Open Text Software S.L.U. - Portugal Branch?,Portugal,1,0,0
107,"What is the location of Open Text Software Technology %28Shanghai%29 Co., Limited?",China,1,0,0
107,What is the location of Open Text South Africa Pty Limited?,South Africa,1,0,0
107,What is the location of Open Text Sp.z.o.o?,Poland,1,0,0
107,What is the location of Open Text Technologies India Private Limited?,India,1,0,0
107,What is the location of Open Text UK Limited?,United Kingdom,1,0,0
107,What is the location of Open Text ULC?,"Nova Scotia, Canada",1,0,0
107,What is the location of Open Text USA Inc.?,"Delaware, USA",1,0,0
107,What is the location of Open Text Venture Capital Investment Limited Partnership?,Ontario,1,0,0
107,What is the location of Open Text s.r.o.?,Czech Republic,1,0,0
107,What is the location of StreamServe Development AB?,Sweden,1,0,0
107,What is the location of StreamServe S.a.r.l. B.V.?,Netherlands %E2%80%93 Luxembourg,1,0,0
107,What is the location of The Easylink Services Corporation SDN. BHD?,Malaysia,1,0,0
107,What is the location of UDEX Holdings Limited %28in liquidation%29?,United Kingdom,1,0,0
107,What is the location of Vignette India Private Limited?,India,1,0,0
107,"What is the location of Vignette Partnership, LP?","Delaware, USA",1,0,0
107,"What is the location of Xpedite, Ltd?",Republic of Korea,1,0,0
107,What is the location of Xpedite Inc.?,Japan,1,0,0
107,"What is the location of Xpedite Systems, LLC?","Delaware, USA",1,0,0
107,What is the location of Xpedite Systems AG?,Switzerland,1,0,0
107,What is the location of Xpedite Systems GmbH?,Germany,1,0,0
107,"What is the location of Xpedite Systems Holdings, Inc.?","Delaware, USA",1,0,0
107,What is the location of Xpedite Systems Incorporated %28Malaysia%29 SDN. BHD?,Malaysia,1,0,0
107,What is the location of Xpedite Systems Participations E.U.R.L.?,France,1,0,0
107,What is the location of Xpedite Systems Pte Ltd?,Singapore,1,0,0
107,What is the location of Xpedite Systems Pty Limited?,Australia,1,0,0
107,What is the location of Xpedite Systems S.r.l.?,Italy,1,0,0
107,What is the location of Xpedite Systems SA?,France,1,0,0
107,"What is the location of Xpedite Systems Spain, SA?",Spain,1,0,0
107,"What is the location of Xpedite Systems Worldwide, Inc?","Delaware, USA",1,0,0
107,What is the location of bizzApps B.V.?,Netherlands,1,0,0
107,Which company is associated with Austria?,Open Text Software Austria GmbH,1,0,0
107,Which company is associated with Czech Republic?,Open Text s.r.o.,1,0,0
107,Which company is associated with Denmark?,Open Text A%2FS,1,0,0
107,Which company is associated with Finland?,Open Text OY,1,0,0
107,Which company is associated with Israel?,Cordys Israel Ltd.,1,0,0
107,Which company is associated with Korea?,GXS Inc.,1,0,0
107,Which company is associated with Michigan?,"Cordys, Inc",1,0,0
107,Which company is associated with Netherlands %E2%80%93 Luxembourg?,StreamServe S.a.r.l. B.V.,1,0,0
107,"Which company is associated with Nova Scotia, Canada?",Open Text ULC,1,0,0
107,Which company is associated with Poland?,Open Text Sp.z.o.o,1,0,0
107,Which company is associated with Portugal?,Open Text Software S.L.U. - Portugal Branch,1,0,0
107,Which company is associated with Quebec?,Nstein Technologies Inc.,1,0,0
107,Which company is associated with South Africa?,Open Text South Africa Pty Limited,1,0,0
107,Which company is associated with Thailand?,GXS Ltd.,1,0,0
107,Which company is associated with United Arab Emirates?,Open Text Middle East %28Open Text Inc. - United Arab Emirates Branch%29,1,0,0
107,Which company is associated with Virginia?,"Open Text Public Sector Solutions, Inc",1,0,0
107,"What is the role of GXS GROUP, INC. in the agreement?",Borrower,1,0,0
107,"What is the role of GXS Group, Inc in the agreement?",Borrower,1,0,0
107,What is the role of OPEN TEXT CANADA LTD. in the agreement?,Grantor,1,0,0
107,"What is the role of GXS Group, Inc. in the agreement?",Borrower%3A,1,0,0
107,"What is the role of Ocelot Merger Sub, Inc in the agreement?",Borrower%3A,1,0,0
107,What company is the Co-Syndication Agent in the agreement?,"J.P. Morgan Securities, Inc.",1,0,0
107,What company is the Agents in the agreement?,"J.P. Morgan Securities, Inc.",1,0,0
107,What company is the Bookrunner in the agreement?,RBC CAPITAL MARKETS,1,0,0
107,What company is the Lender in the agreement?,BARCLAYS BANK PLC,1,0,0
107,What company is the Agent in the agreement?,BARCLAYS BANK PLC,1,0,0
107,What company is the Arranger in the agreement?,BARCLAYS BANK PLC,1,0,0
107,What company is the Guarantors in the agreement?,"GXS Worldwide, Inc.",1,0,0
113,What is the position of Michael Doar?,Chief Executive Officer,1,0,0
113,What is the position of Jonathan M. Phillips?,Senior Vice President,1,0,0
113,In what organization does Michael Doar work?,"HURCO COMPANIES, INC.",1,0,0
113,In what organization does Jonathan M. Phillips work?,"BANK OF AMERICA, N.A.,",1,0,0
113,In what organization does Sonja K. McClelland work?,HURCO B.V.,1,0,0
113,"Who is the representative of HURCO COMPANIES, INC.?",Michael Doar,1,0,0
113,"Who is the representative of BANK OF AMERICA, N.A.,?",Jonathan M. Phillips,1,0,0
113,Who is the representative of HURCO B.V.?,Sonja K. McClelland,1,0,0
113,"What is the location of Hurco Companies, Inc.?","One Technology WayIndianapolis, Indiana 42268 USA",1,0,0
113,"What is the location of Bank of America, N.A.?","9000 Southside Blvd., Bldg 100Transaction Processing - FL9-100-04-24Jacksonville, FL 32256",1,0,0
113,What is the location of Hurco B.V.?,"Prins Bernhardplein 2001097 JB Amsterdam, The Netherlands",1,0,0
113,"Which company is associated with 9000 Southside Blvd., Bldg 100Transaction Processing - FL9-100-04-24Jacksonville, FL 32256?","Bank of America, N.A.",1,0,0
113,"Which company is associated with One Technology WayIndianapolis, Indiana 42268 USA?","Hurco Companies, Inc.",1,0,0
113,"Which company is associated with Prins Bernhardplein 2001097 JB Amsterdam, The Netherlands?",Hurco B.V.,1,0,0
113,"What is the role of BANK OF AMERICA, N.A. in the agreement?",Lender,1,0,0
113,"What is the role of HURCO INTERNATIONAL, INC. in the agreement?",GUARANTORS,1,0,0
113,"What is the role of HURCO INTERNATIONAL HOLDINGS, INC. in the agreement?",GUARANTORS,1,0,0
113,"What is the role of HURCO MIDWEST, LLC in the agreement?",GUARANTORS,1,0,0
113,What is the role of MACHINERY SALES CO. LLC in the agreement?,GUARANTORS,1,0,0
113,"What is the role of MILLTRONICS USA, INC. in the agreement?",GUARANTORS,1,0,0
113,"What is the role of BANK OF AMERICA, N.A., in the agreement?",Lender,1,0,0
112,What is the position of Amy U. Lessner?,Authorized Officer,1,0,0
112,What is the position of Michael A. Doyle?,Chief Financial Officer,1,0,0
112,What is the position of Robert C. Megan?,Senior Vice President,1,0,0
112,What is the position of Sean Riordan?,Assistant Vice President,1,0,0
112,In what organization does Amy U. Lessner work?,"JPMORGAN CHASE BANK, N.A.",1,0,0
112,In what organization does Michael A. Doyle work?,FORRESTER RESEARCH INC.,1,0,0
112,In what organization does Michael Doyle work?,"Forrester Research, Inc.",1,0,0
112,In what organization does Robert C. Megan work?,"BANK OF AMERICA, N.A.",1,0,0
112,In what organization does Sean Riordan work?,"CITIZENS BANK, N.A.,",1,0,0
112,In what organization does Stacy Benham work?,"JPMorgan Chase Bank, N.A.",1,0,0
112,In what organization does Yuvette Owens work?,"JPMorgan Chase Bank, N.A.",1,0,0
112,"Who is the representative of JPMORGAN CHASE BANK, N.A.?",Amy U. Lessner,1,0,0
112,Who is the representative of FORRESTER RESEARCH INC.?,Michael A. Doyle,1,0,0
112,"Who is the representative of Forrester Research, Inc.?",Michael Doyle,1,0,0
112,"Who is the representative of BANK OF AMERICA, N.A.?",Robert C. Megan,1,0,0
112,"Who is the representative of CITIZENS BANK, N.A.,?",Sean Riordan,1,0,0
112,"What is the location of Forrester Research, Inc.?","60 Acorn Park DriveCambridge, MA 02140",1,0,0
112,"Which company is associated with 10 So. Dearborn, Floor L2SChicago, IL 60603-2300?","JPMorgan Chase Bank, N.A.",1,0,0
112,"Which company is associated with 50 Rowes Wharf, 2nd Floor,Boston, MA 02110?","JPMorgan Chase Bank, N.A.",1,0,0
112,"Which company is associated with 60 Acorn Park DriveCambridge, MA 02140?","Forrester Research, Inc.",1,0,0
112,"What is the role of FORRESTER RESEARCH, INC. in the agreement?",Borrower,1,0,0
112,"What is the role of BANK OF AMERICA, N.A. in the agreement?",Lender,1,0,0
112,"What is the role of CITIZENS BANK, N.A., in the agreement?",Lender,1,0,0
112,What is the role of FORRESTER RESEARCH INC. in the agreement?,Borrower,1,0,0
112,What company is the Administrative Agent in the agreement?,"JPMORGAN CHASE BANK, N.A.",1,0,0
106,What is the position of Ann Hurley?,"Manager, Agency",1,0,0
106,What is the position of Joselin Fernandes?,Associate Director,1,0,0
106,What is the position of Lana Gifas?,Director,1,0,0
106,What is the position of Marcus M. Tarkington?,Director,1,0,0
106,What is the position of Michael Getz?,Vice President,1,0,0
106,What is the position of Robert Ehudin?,Authorized Signatory,1,0,0
106,What is the position of Thomas Casey?,Authorized Signatory,1,0,0
106,What is the position of Vanessa A. Kurbatskiy?,Vice President,1,0,0
106,In what organization does Ann Hurley work?,ROYAL BANK OF CANADA,1,0,0
106,In what organization does Clint C. Freeland work?,"DYNEGY GAS INVESTMENTS HOLDINGS, LLC",1,0,0
106,In what organization does Joselin Fernandes work?,"UBS AG, STAMFORD BRANCH",1,0,0
106,In what organization does Kirkwood Roland work?,BARCLAYS BANK PLC,1,0,0
106,In what organization does Lana Gifas work?,"CITIBANK, N.A.",1,0,0
106,In what organization does Marcus M. Tarkington work?,"CITIBANK, N.A.",1,0,0
106,In what organization does Michael Getz work?,BARCLAYS BANK PLC,1,0,0
106,In what organization does Robert Ehudin work?,ROYAL BANK OF CANADA,1,0,0
106,In what organization does Thomas Casey work?,ROYAL BANK OF CANADA,1,0,0
106,In what organization does Vanessa A. Kurbatskiy work?,BARCLAYS BANK PLC,1,0,0
106,"Who is the representative of DYNEGY GAS INVESTMENTS HOLDINGS, LLC?",Clint C. Freeland,1,0,0
106,"Who is the representative of UBS AG, STAMFORD BRANCH?",Joselin Fernandes,1,0,0
106,"What is the location of Akin, Gump, Strauss, Hauer %26 Feld LLP?",CALIFORNIA,1,0,0
106,What is the location of BNY Mellon?,"101Barclay Street, FL8WNew York, New York 10286",1,0,0
106,What is the location of Barclays Bank?,"200 Park AvenueNew York, New York 10166",1,0,0
106,"What is the location of Casco Bay Energy Company, LLC?","CASCO BAY125 Shore RoadVeazie, ME, 04401 Penobscot County, Maine",1,0,0
106,"What is the location of Dynegy Kendall Energy, LLC?","KENDALL1401 County Line RoadMinooka, IL 60447 Kendall and Grundy Counties, Illinois",1,0,0
106,"What is the location of Dynegy Morro Bay, LLC?","MORRO BAY1290 EmbarcaderoMorro Bay, CA 93442 San Luis Obispo County, California",1,0,0
106,"What is the location of Dynegy Moss Landing, LLC?","MOSS LANDINGHWY 1 %26 Dolan RoadMoss Landing, CA 95039 Monterey County, California",1,0,0
106,"What is the location of Dynegy Oakland, LLC?","OAKLAND50 Martin Luther King WayOakland, CA 94607 Alameda County, California",1,0,0
106,"What is the location of JPMorgan Chase Bank, N.A.?","420 W. Van Buren Street, 9th FloorSuite IL 1-0199Chicago, IL 60606-3534",1,0,0
106,"What is the location of Ontelaunee Power Operating Company, LLC?","ONTELAUNEE5115 Pottsville PikeReading, PA 19605 Berks County, Pennsylvania",1,0,0
106,What is the location of Pierce Atwood LLP?,MAINE,1,0,0
106,"What is the location of Sithe%2FIndependence Power Parters, L.P.?","SITHE%281%2976 Independence WayScriba, NY 13126 Oswego County, New York",1,0,0
106,What is the location of Stevens %26 Lee P.C.?,PENNSYLVANIA,1,0,0
106,"What is the location of Vedder, Price, Kaufman %26 Kammholz?",ILLINOIS,1,0,0
106,"Which company is associated with CASCO BAY125 Shore RoadVeazie, ME, 04401 Penobscot County, Maine?","Casco Bay Energy Company, LLC",1,0,0
106,"Which company is associated with MORRO BAY1290 EmbarcaderoMorro Bay, CA 93442 San Luis Obispo County, California?","Dynegy Morro Bay, LLC",1,0,0
106,"Which company is associated with OAKLAND50 Martin Luther King WayOakland, CA 94607 Alameda County, California?","Dynegy Oakland, LLC",1,0,0
106,"Which company is associated with SITHE%281%2976 Independence WayScriba, NY 13126 Oswego County, New York?","Sithe%2FIndependence Power Parters, L.P.",1,0,0
106,"Which company is associated with 101Barclay Street, FL8WNew York, New York 10286?",BNY Mellon,1,0,0
106,"Which company is associated with 200 Park AvenueNew York, New York 10166?",Barclays Bank,1,0,0
106,"Which company is associated with 420 W. Van Buren Street, 9th FloorSuite IL 1-0199Chicago, IL 60606-3534?","JPMorgan Chase Bank, N.A.",1,0,0
106,Which company is associated with CALIFORNIA?,"Akin, Gump, Strauss, Hauer %26 Feld LLP",1,0,0
106,Which company is associated with ILLINOIS?,"Vedder, Price, Kaufman %26 Kammholz",1,0,0
106,"Which company is associated with KENDALL1401 County Line RoadMinooka, IL 60447 Kendall and Grundy Counties, Illinois?","Dynegy Kendall Energy, LLC",1,0,0
106,Which company is associated with MAINE?,Pierce Atwood LLP,1,0,0
106,"Which company is associated with MOSS LANDINGHWY 1 %26 Dolan RoadMoss Landing, CA 95039 Monterey County, California?","Dynegy Moss Landing, LLC",1,0,0
106,"Which company is associated with ONTELAUNEE5115 Pottsville PikeReading, PA 19605 Berks County, Pennsylvania?","Ontelaunee Power Operating Company, LLC",1,0,0
106,Which company is associated with PENNSYLVANIA?,Stevens %26 Lee P.C.,1,0,0
106,"What type of location is 420 W. Van Buren Street, 9th FloorSuite IL 1-0199Chicago, IL 60606-3534?",Global TS Contract %26 Documentation,1,0,0
106,What is the role of DEUTSCHE BANK TRUST COMPANY AMERICAS in the agreement?,Lender,1,0,0
106,"What is the role of DYNEGY POWER, LLC in the agreement?",Borrower,1,0,0
106,"What is the role of DYNEGY POWER, LLC in the agreement?",Borrower,1,0,0
106,What is the role of Dynegy Inc. in the agreement?,parent,1,0,0
106,"What is the role of UBS AG, STAMFORD BRANCH in the agreement?",Lender,1,0,0
106,"What is the role of Akin, Gump, Strauss, Hauer %26 Feld LLP in the agreement?",COUNSEL,1,0,0
106,What is the role of Pierce Atwood LLP in the agreement?,COUNSEL,1,0,0
106,What is the role of Stevens %26 Lee P.C. in the agreement?,COUNSEL,1,0,0
106,"What is the role of Vedder, Price, Kaufman %26 Kammholz in the agreement?",COUNSEL,1,0,0
106,"What is the role of CITIBANK, N.A. in the agreement?",Lender,1,0,0
106,What is the role of BARCLAYS BANK PLC in the agreement?,Lender,1,0,0
106,What company is the Parent Guarantor in the agreement?,Dynegy Inc.,1,0,0
106,What company is the Parent Borrower in the agreement?,Dynegy Inc.,1,0,0
106,What company is the Borrower in the agreement?,"DYNEGY POWER, LLC",1,0,0
106,What company is the Holdings in the agreement?,"DYNEGY GAS INVESTMENTS HOLDINGS, LLC",1,0,0
106,What company is the Intermediate Holdings in the agreement?,"DYNEGY GAS INVESTMENTS HOLDINGS, LLC",1,0,0
13,In what organization does Tracy D. Jackson work?,"CVR ENERGY, INC",1,0,0
13,"Who is the representative of CVR ENERGY, INC?",Tracy D. Jackson,1,0,0
13,"Which company is associated with 520 Madison AvenueNew York, New York 10022?",JEFFERIES FINANCE LLC,1,0,0
13,Which company is associated with Managing Director?,JEFFERIES FINANCE LLC,1,0,0
13,"What is the role of CVR ENERGY, INC in the agreement?","Borrower,",1,0,0
13,"What company is the Borrower, in the agreement?","CVR ENERGY, INC",1,0,0
13,What company is the Lender in the agreement?,JEFFERIES FINANCE LLC,1,0,0
13,What company is the Administrative Agent in the agreement?,JEFFERIES FINANCE LLC,1,0,0
13,What company is the Collateral Agent in the agreement?,JEFFERIES FINANCE LLC,1,0,0
60,What is the position of Anthony Galea?,Executive Director,1,0,0
60,What is the position of Bernadette Collins?,Senior Vice President,1,0,0
60,What is the position of Caroline Smith?,Assistant Vice President,1,0,0
60,What is the position of Eric H. Williams?,Senior Vice President,1,0,0
60,What is the position of Greg Strauss?,Director,1,0,0
60,What is the position of Harry Yergey?,Managing Director,1,0,0
60,What is the position of Jason Rinne?,Director,1,0,0
60,What is the position of Joshua Dearmon?,Senior Vice President,1,0,0
60,What is the position of Laura Dodd?,Vice President,1,0,0
60,What is the position of Lukas Coleman?,Vice President,1,0,0
60,What is the position of Michael Maguire?,Managing Director,1,0,0
60,What is the position of Michael S. Barnett?,Senior Vice President,1,0,0
60,What is the position of Oscar Cortez?,Director,1,0,0
60,What is the position of Patrick Hartweger?,Managing Director,1,0,0
60,What is the position of Ryan Durkin?,Authorized Signatory,1,0,0
60,What is the position of Stephanie Herndon?,Assistant Vice President,1,0,0
60,What is the position of Susan M. Olsen?,Vice President,1,0,0
60,What is the position of Thor O%E2%80%99Connell?,Vice President,1,0,0
60,What is the position of Tracy Rahn?,Authorized Signatory,1,0,0
60,In what organization does Anthony Galea work?,"JPMorgan Chase Bank, N.A",1,0,0
60,In what organization does Bernadette Collins work?,"Capital One, National Association",1,0,0
60,In what organization does Caroline Smith work?,Bank of the West,1,0,0
60,In what organization does Eric H. Williams work?,"Capital One, National Association",1,0,0
60,In what organization does Greg Strauss work?,The Bank of Nova Scotia,1,0,0
60,In what organization does Harry Yergey work?,Bank of the West,1,0,0
60,In what organization does Jason Rinne work?,The Bank of Nova Scotia,1,0,0
60,In what organization does Joshua Dearmon work?,"Capital One, National Association",1,0,0
60,In what organization does Laura Dodd work?,"City National Bank, a national banking association",1,0,0
60,In what organization does Lukas Coleman work?,"City National Bank, a national banking association",1,0,0
60,In what organization does Marc H. Crown work?,"LEIDOS HOLDINGS, INC.",1,0,0
60,In what organization does Michael Maguire work?,Bank of the West,1,0,0
60,In what organization does Michael S. Barnett work?,"Capital One, National Association",1,0,0
60,In what organization does Oscar Cortez work?,The Bank of Nova Scotia,1,0,0
60,In what organization does Patrick Hartweger work?,Bank of the West,1,0,0
60,In what organization does Ryan Durkin work?,"Mizuho Bank, Ltd.",1,0,0
60,In what organization does Stephanie Herndon work?,Regions Bank,1,0,0
60,In what organization does Susan M. Olsen work?,"City National Bank, a national banking association",1,0,0
60,In what organization does Thor O%E2%80%99Connell work?,"City National Bank, a national banking association",1,0,0
60,In what organization does Tracy Rahn work?,"Mizuho Bank, Ltd.",1,0,0
60,"Who is the representative of JPMorgan Chase Bank, N.A?",Anthony Galea,1,0,0
60,"Who is the representative of LEIDOS HOLDINGS, INC.?",Marc H. Crown,1,0,0
60,Who is the representative of Regions Bank?,Stephanie Herndon,1,0,0
60,"What is the role of LEIDOS, INC. in the agreement?",Borrower,1,0,0
60,"What is the role of LEIDOS HOLDINGS, INC. in the agreement?",Holdings,1,0,0
60,What company is the Agent in the agreement?,"CITIBANK, N.A.",1,0,0
60,What company is the Borrower in the agreement?,"LEIDOS, INC.",1,0,0
60,What company is the Holdings in the agreement?,"LEIDOS HOLDINGS, INC.",1,0,0
74,What is the position of Christopher Day?,Authorized Signatory,1,0,0
74,What is the position of Christopher T. McKee?,Executive Vice President and Secretary,1,0,0
74,What is the position of Jeff Kalinowski?,Senior Vice President,1,0,0
74,What is the position of Nick Hahn?,Managing Director,1,0,0
74,What is the position of Todd M. Koetje?,Managing Director,1,0,0
74,What is the position of Jon Singer?,Managing Director,1,0,0
74,What is the position of Karim Rahimtoola?,Authorized Signatory,1,0,0
74,What is the position of Stacy Moritz?,Managing Director,1,0,0
74,In what organization does Christopher Day work?,"CREDIT SUISSE AG, CAYMAN ISLANDS BRANCH",1,0,0
74,In what organization does Christopher T. McKee work?,"GTT COMMUNICATIONS, INC",1,0,0
74,In what organization does Jeff Kalinowski work?,KEYBANK NATIONAL ASSOCIATION,1,0,0
74,In what organization does Nick Hahn work?,SUNTRUST BANK,1,0,0
74,In what organization does Todd M. Koetje work?,"SUNTRUST ROBINSON HUMPHREY, INC",1,0,0
74,In what organization does Anna E. Dodson work?,Goodwin Procter LLP,1,0,0
74,In what organization does Chris McKee work?,"GTT COMMUNICATIONS, INC",1,0,0
74,In what organization does Jon Singer work?,SUNTRUST BANK,1,0,0
74,In what organization does Karim Rahimtoola work?,"CREDIT SUISSE AG, CAYMAN ISLANDS BRANCH",1,0,0
74,In what organization does Paula C. Gordon work?,KEYBANK NATIONAL ASSOCIATION,1,0,0
74,In what organization does Stacy Moritz work?,"SUNTRUST ROBINSON HUMPHREY, INC",1,0,0
74,Who is the representative of Goodwin Procter LLP?,Anna E. Dodson,1,0,0
74,What is the location of Goodwin Procter LLP?,"100 Northern AvenueBoston, MA 02110",1,0,0
74,"What is the location of GTT COMMUNICATIONS, INC?","7900 Tysons One Place, Suite 1450, McLean, VA 22102",1,0,0
74,What is the location of KEYBANK NATIONAL ASSOCIATION?,"4900 Tiedeman Road%3B Mail Code%3A OH-01-49-0362, Brooklyn, Ohio 44144",1,0,0
74,"Which company is associated with 100 Northern AvenueBoston, MA 02110?",Goodwin Procter LLP,1,0,0
74,"Which company is associated with 4900 Tiedeman Road%3B Mail Code%3A OH-01-49-0362, Brooklyn, Ohio 44144?",KEYBANK NATIONAL ASSOCIATION,1,0,0
74,"Which company is associated with 7900 Tysons One Place, Suite 1450, McLean, VA 22102?","GTT COMMUNICATIONS, INC",1,0,0
74,What is the role of CITIZENS BANK in the agreement?,Documentation Agents,1,0,0
74,What is the role of CohnReznick LLP in the agreement?,legal counsel,1,0,0
74,What is the role of ING CAPITAL LLC in the agreement?,Documentation Agents,1,0,0
74,"What is the role of WELLS FARGO BANK, NATIONAL ASSOCIATION in the agreement?",Documentation Agents,1,0,0
74,"What is the role of CREDIT SUISSE AG, CAYMAN ISLANDS BRANCH in the agreement?",Syndication Agents,1,0,0
74,What is the role of SUNTRUST BANK in the agreement?,Syndication Agents,1,0,0
74,What is the role of Goodwin Procter LLP in the agreement?,legal counsel,1,0,0
74,"What is the role of GTT COMMUNICATIONS, INC in the agreement?",Borrower,1,0,0
74,What company is the Borrower in the agreement?,"GTT COMMUNICATIONS, INC",1,0,0
74,What company is the Administrative Agent in the agreement?,KEYBANK NATIONAL ASSOCIATION,1,0,0
74,What company is the Lc Issuer in the agreement?,KEYBANK NATIONAL ASSOCIATION,1,0,0
48,What is the position of Jonathan Rose?,Treasurer,1,0,0
48,What is the position of Stephen J. Neyland?,Vice President-Finance,1,0,0
48,In what organization does Chris Kaitson work?,"ENBRIDGE ENERGY PARTNERS, L.P.,",1,0,0
48,In what organization does Jonathan Rose work?,"ENBRIDGE ENERGY PARTNERS, L.P.,",1,0,0
48,In what organization does Stephen J. Neyland work?,"ENBRIDGE ENERGY MANAGEMENT, L.L.C.",1,0,0
48,"Who is the representative of ENBRIDGE ENERGY MANAGEMENT, L.L.C.?",Stephen J. Neyland,1,0,0
48,"Which company is associated with 1100 Louisiana, Suite 3300Houston, TX 77002-5217?",ENBRIDGE %28U.S.%29 INC.,1,0,0
48,"Which company is associated with 1100 Louisiana, Suite 3300Houston, TX 77002-5217?","ENBRIDGE ENERGY PARTNERS, L.P.,",1,0,0
48,"Which company is associated with C%2FO Enbridge Inc.3000, 425-1stCalgary, Alberta, Canada?",ENBRIDGE %28U.S.%29 INC.,1,0,0
48,"Which company is associated with C%2FO Enbridge Inc.3000, 425-1stCalgary, Alberta, Canada?","ENBRIDGE ENERGY PARTNERS, L.P.,",1,0,0
48,What is the role of ENBRIDGE %28U.S.%29 INC. in the agreement?,Lender,1,0,0
48,"What is the role of ENBRIDGE ENERGY PARTNERS, L.P., in the agreement?",Borrower,1,0,0
48,What company is the Lender in the agreement?,ENBRIDGE %28U.S.%29 INC.,1,0,0
48,What company is the Borrower in the agreement?,"ENBRIDGE ENERGY PARTNERS, L.P.,",1,0,0
149,In what organization does Michelle Handy work?,"FEAC AGENT, LLC",1,0,0
149,In what organization does Seth Burroughs work?,"XCEL BRANDS, INC.",1,0,0
149,"Who is the representative of FEAC AGENT, LLC?",Michelle Handy,1,0,0
149,"Who is the representative of XCEL BRANDS, INC.?",Seth Burroughs,1,0,0
149,"What is the role of C WONDER LICENSING, LLC, in the agreement?",Guarantor,1,0,0
149,What is the role of CohnReznick LLP in the agreement?,accounting firm,1,0,0
149,"What is the role of FIRST EAGLE ALTERNATIVECAPITAL BDC, INC in the agreement?",Lender,1,0,0
149,"What is the role of FIRST EAGLE DIRECT LENDING FUND IV, LLC in the agreement?",Lender,1,0,0
149,"What is the role of FIRST EAGLE DIRECT LENDING IV CO-INVEST, LLC in the agreement?",Lender,1,0,0
149,"What is the role of FIRST EAGLE DIRECT LENDING LEVERED FUND IV SPV, LLC in the agreement?",Lender,1,0,0
149,"What is the role of FIRST EAGLE DIRECT LENDING V-A, LLC in the agreement?",Lender,1,0,0
149,"What is the role of FIRST EAGLE DIRECT LENDING V-B SPV, LLC in the agreement?",Lender,1,0,0
149,"What is the role of FIRST EAGLE DIRECT LENDING V-C, SCSP in the agreement?",Lender,1,0,0
149,"What is the role of GOLD LICENSING, LLC in the agreement?",Guarantor,1,0,0
149,"What is the role of H HERITAGE LICENSING, LLC in the agreement?",Guarantor,1,0,0
149,"What is the role of H LICENSING, LLC, in the agreement?",Guarantor,1,0,0
149,"What is the role of IM BRANDS, LLC, in the agreement?",Guarantor,1,0,0
149,"What is the role of JR LICENSING, LLC in the agreement?",Guarantor,1,0,0
149,"What is the role of JUDITH RIPKA FINE JEWELRY, LLC in the agreement?",Guarantor,1,0,0
149,"What is the role of XCEL-CT MFG, LLC in the agreement?",Guarantor,1,0,0
149,"What is the role of XCEL BRANDS, INC in the agreement?",Borrower,1,0,0
149,"What is the role of XCEL DESIGN GROUP, LLC, in the agreement?",Guarantor,1,0,0
149,"What is the role of XCEL BRANDS, INC. in the agreement?",Borrower,1,0,0
149,What company is the Accounting Firm in the agreement?,CohnReznick LLP,1,0,0
149,What company is the Lead Arranger in the agreement?,"FEAC AGENT, LLC",1,0,0
149,What company is the Administrative Agent in the agreement?,"FEAC AGENT, LLC",1,0,0
149,What company is the Collateral Agent in the agreement?,"FEAC AGENT, LLC",1,0,0
161,What is the position of Joe White?,Vice President,1,0,0
161,What is the position of John Wilgus?,Senior Vice President,1,0,0
161,What is the position of Jonas Robinson?,Director,1,0,0
161,What is the position of Raymond J. Pacini?,Chief Financial Officer,1,0,0
161,What is the position of Ryan Almond?,Director,1,0,0
161,What is the position of Sean Apicella?,Senior Vice President,1,0,0
161,What is the position of Thomas Z. Schmitt?,Vice President,1,0,0
161,What is the position of Zachary Braun?,Corporate Banker,1,0,0
161,In what organization does Joe White work?,THE HUNTINGTON NATIONAL BANK,1,0,0
161,In what organization does John Wilgus work?,FIRST FINANCIAL BANK,1,0,0
161,In what organization does Jonas Robinson work?,TRUIST BANK,1,0,0
161,In what organization does Raymond J. Pacini work?,"MODIV OPERATING PARTNERSHIP, LP",1,0,0
161,In what organization does Ryan Almond work?,TRUIST BANK,1,0,0
161,In what organization does Sean Apicella work?,FIRST FINANCIAL BANK,1,0,0
161,In what organization does Thomas Z. Schmitt work?,THE HUNTINGTON NATIONAL BANK,1,0,0
161,In what organization does Zachary Braun work?,SYNOVUS BANK,1,0,0
161,"Who is the representative of MODIV OPERATING PARTNERSHIP, LP?",Raymond J. Pacini,1,0,0
161,Who is the representative of SYNOVUS BANK?,Zachary Braun,1,0,0
161,What is the role of BMO HARRIS BANK N.A. in the agreement?,Lender,1,0,0
161,What is the role of KEYBANC CAPITAL MARKETS INC. in the agreement?,JOINT-LEAD ARRANGERS,1,0,0
161,What is the role of S%26T BANK in the agreement?,Lender,1,0,0
161,"What is the role of TRUIST SECURITIES, INC. in the agreement?",JOINT-LEAD ARRANGERS,1,0,0
161,"What is the role of MODIV OPERATING PARTNERSHIP, LP in the agreement?",BORROWER,1,0,0
161,What is the role of SYNOVUS BANK in the agreement?,Lender,1,0,0
161,What is the role of FIRST FINANCIAL BANK in the agreement?,Lender,1,0,0
161,What company is the Lenders in the agreement?,KEYBANK NATIONAL ASSOCIATION,1,0,0
161,What company is the Borrower in the agreement?,"MODIV OPERATING PARTNERSHIP, LP",1,0,0
160,What is the position of Helen D. Davis?,Authorized Officer,1,0,0
160,What is the position of Amanuel Assefa?,Director,1,0,0
160,What is the position of Daniel D. Tempesta?,Chief Financial Officer,1,0,0
160,What is the position of Joseph Siri?,Vice President,1,0,0
160,What is the position of Martin Corrigan?,Vice President,1,0,0
160,What is the position of Michael King?,Authorized Signatory,1,0,0
160,What is the position of Steve Curran?,Director,1,0,0
160,In what organization does Helen D. Davis work?,"JPMORGAN CHASE BANK, N.A.",1,0,0
160,In what organization does Amanuel Assefa work?,TRUIST BANK,1,0,0
160,In what organization does Daniel D. Tempesta work?,"NUANCE COMMUNICATIONS, INC.",1,0,0
160,In what organization does Joseph Siri work?,"MUFG BANK, LTD.",1,0,0
160,In what organization does Martin Corrigan work?,"MUFG BANK, LTD.",1,0,0
160,In what organization does Michael King work?,"MORGAN STANLEY BANK, N.A.",1,0,0
160,In what organization does Steve Curran work?,TRUIST BANK,1,0,0
160,"Who is the representative of JPMORGAN CHASE BANK, N.A.?",Helen D. Davis,1,0,0
160,"Who is the representative of NUANCE COMMUNICATIONS, INC.?",Daniel D. Tempesta,1,0,0
160,"Who is the representative of MORGAN STANLEY BANK, N.A.?",Michael King,1,0,0
160,What is the location of Cahill Gordon %26 Reindel LLP?,"32 Old SlipNew York, New York 10005",1,0,0
160,"Which company is associated with 32 Old SlipNew York, New York 10005?",Cahill Gordon %26 Reindel LLP,1,0,0
160,What is the role of JPMORGAN CHASE BANK N.A. in the agreement?,Joint Bookrunners,1,0,0
160,"What is the role of NUANCE COMMUNICATIONS, INC in the agreement?",Borrower,1,0,0
160,What company is the Administrative Agent in the agreement?,BARCLAYS BANK PLC,1,0,0
160,What company is the Borrower in the agreement?,"NUANCE COMMUNICATIONS, INC",1,0,0
148,What is the position of Craig Malloy?,Director,1,0,0
148,What is the position of Emily Chott?,Senior Vice President,1,0,0
148,What is the position of Greg Strauss?,Managing Director,1,0,0
148,What is the position of Jonathan Eady?,Director,1,0,0
148,What is the position of Jonathan F. Lindvall?,Senior Vice President,1,0,0
148,What is the position of Karim Remtoula?,Vice President,1,0,0
148,What is the position of Katherine Bass?,Director,1,0,0
148,What is the position of Kevin Berryman?,Chief Financial Officer,1,0,0
148,What is the position of Liliana Claar?,Vice President,1,0,0
148,What is the position of Meng Zhang?,Vice President,1,0,0
148,What is the position of Michael King?,Authorized Signatory,1,0,0
148,What is the position of Mukesh Singh?,Director,1,0,0
148,What is the position of P. Nicholas Rogers?,Managing Director,1,0,0
148,What is the position of Peter S. Preoun?,Executive Director,1,0,0
148,What is the position of R. Ruining Nguyen?,Senior Vice President,1,0,0
148,What is the position of Rumesha Ahmed?,Vice President,1,0,0
148,What is the position of Todd Kennedy?,Director,1,0,0
148,What is the position of Will Hicks?,Vice President,1,0,0
148,In what organization does Craig Malloy work?,BANK OF AMERICA,1,0,0
148,In what organization does Emily Chott work?,TD BANK,1,0,0
148,In what organization does Greg Strauss work?,BNP PARIBAS,1,0,0
148,In what organization does Jonathan Eady work?,BANK OF AMERICA,1,0,0
148,In what organization does Jonathan F. Lindvall work?,TD BANK,1,0,0
148,In what organization does Karim Remtoula work?,BANK OF AMERICA,1,0,0
148,In what organization does Katherine Bass work?,BANK OF AMERICA,1,0,0
148,In what organization does Kevin Berryman work?,JACOBS ENGINEERING GROUP INC.,1,0,0
148,In what organization does Liliana Claar work?,BANK OF AMERICA,1,0,0
148,In what organization does Meng Zhang work?,BANK OF AMERICA,1,0,0
148,In what organization does Michael King work?,MORGAN STANLEY BANK,1,0,0
148,In what organization does Mukesh Singh work?,BANK OF AMERICA,1,0,0
148,In what organization does P. Nicholas Rogers work?,BNP PARIBAS,1,0,0
148,In what organization does Peter S. Preoun work?,JPMORGAN CHASE BANK,1,0,0
148,In what organization does R. Ruining Nguyen work?,TD BANK,1,0,0
148,In what organization does Rumesha Ahmed work?,BANK OF AMERICA,1,0,0
148,In what organization does Todd Kennedy work?,BANK OF AMERICA,1,0,0
148,In what organization does Will Hicks work?,BANK OF AMERICA,1,0,0
148,Who is the representative of JACOBS ENGINEERING GROUP INC.?,Kevin Berryman,1,0,0
148,Who is the representative of MORGAN STANLEY BANK?,Michael King,1,0,0
148,Who is the representative of JPMORGAN CHASE BANK?,Peter S. Preoun,1,0,0
148,What is the role of MUFG UNION BANK in the agreement?,Lender,1,0,0
148,What is the role of THE NORTHERN TRUST COMPANY in the agreement?,Lender,1,0,0
148,"What is the role of BANK OF AMERICA, N.A. in the agreement?",Administrative Agent,1,0,0
148,What is the role of BARCLAYS BANK Plc in the agreement?,Lender,1,0,0
148,What is the role of BNP PARIBAS in the agreement?,Co-Syndication Agents,1,0,0
148,What is the role of BNP PARIBAS SECURITIES CORP in the agreement?,Joint Lead Arrangers,1,0,0
148,What is the role of HSBC BANK USA in the agreement?,Lender,1,0,0
148,What is the role of PNC BANK in the agreement?,Lender,1,0,0
148,What is the role of TD SECURITIES %28USA%29 LLC in the agreement?,Joint Bookrunners,1,0,0
148,What is the role of TRUIST BANK in the agreement?,Lender,1,0,0
148,What is the role of WELLS FARGO BANK in the agreement?,Lender,1,0,0
148,"What is the role of WELLS FARGO BANK, NATIONAL ASSOCIATION in the agreement?",Co-Syndication Agents,1,0,0
148,What is the role of JACOBS ENGINEERING GROUP INC. in the agreement?,Borrowers,1,0,0
148,What is the role of JPMORGAN CHASE BANK in the agreement?,Lender,1,0,0
148,What is the role of MORGAN STANLEY BANK in the agreement?,Lender,1,0,0
148,What is the role of BNP PARIBAS in the agreement?,Lender,1,0,0
148,What is the role of BANK OF AMERICA in the agreement?,Administrative Agent,1,0,0
148,What is the role of BANK OF AMERICA in the agreement?,Lender,1,0,0
148,What company is the Borrowers in the agreement?,JACOBS ENGINEERING GROUP INC.,1,0,0
49,What is the position of Hamish Sandhu?,Chief Financial Officer,1,0,0
49,What is the position of Suzanne Grosso?,Managing Director,1,0,0
49,In what organization does Hamish Sandhu work?,DBG HOLDINGS SUBSIDIARY INC,1,0,0
49,In what organization does Michael Buckley work?,"MARCO BRUNELLI IP, LLC",1,0,0
49,In what organization does Peter Kim work?,"HC ACQUISITION HOLDINGS, INC",1,0,0
49,In what organization does Suzanne Grosso work?,WEST VIRGINIA DIRECT LENDING LLC,1,0,0
49,Who is the representative of DBG HOLDINGS SUBSIDIARY INC?,Hamish Sandhu,1,0,0
49,"Who is the representative of MARCO BRUNELLI IP, LLC?",Michael Buckley,1,0,0
49,"Who is the representative of HC ACQUISITION HOLDINGS, INC?",Peter Kim,1,0,0
49,Who is the representative of WEST VIRGINIA DIRECT LENDING LLC?,Suzanne Grosso,1,0,0
49,What is the location of Cortland Capital Market Services LLC?,"225 W. Washington Street, Suite 2100Chicago, Illinois 60606",1,0,0
49,What is the location of Goldberg Kohn Ltd.?,"55 East Monroe, Suite 3300Chicago, Illinois 60603",1,0,0
49,What is the location of RG PARENT LLC?,"1231 S. Gerhart AvenueCommerce, CA 90022",1,0,0
49,"What is the location of Skadden, Arps, Slate, Meagher %26 Flom LLP?","300 South Grand AvenueLos Angeles, CA 90071",1,0,0
49,What is the location of TCW ASSET MANAGEMENT COMPANY?,"200 Clarendon Street, 51st FloorBoston, Massachusetts  02116",1,0,0
49,"Which company is associated with 1231 S. Gerhart AvenueCommerce, CA 90022?",RG PARENT LLC,1,0,0
49,"Which company is associated with 200 Clarendon Street, 51st FloorBoston, Massachusetts  02116?",TCW ASSET MANAGEMENT COMPANY,1,0,0
49,"Which company is associated with 225 W. Washington Street, Suite 2100Chicago, Illinois 60606?",Cortland Capital Market Services LLC,1,0,0
49,"Which company is associated with 300 South Grand AvenueLos Angeles, CA 90071?","Skadden, Arps, Slate, Meagher %26 Flom LLP",1,0,0
49,"Which company is associated with 55 East Monroe, Suite 3300Chicago, Illinois 60603?",Goldberg Kohn Ltd.,1,0,0
49,What is the role of DBG SUBSIDIARY INC. in the agreement?,BORROWERS,1,0,0
49,What is the role of DIFFERENTIAL BRANDS GROUP INC. in the agreement?,BORROWERS,1,0,0
49,"What is the role of HUDSON CLOTHING, LLC in the agreement?",BORROWERS,1,0,0
49,"What is the role of HUDSON CLOTHING HOLDINGS, INC in the agreement?",GUARANTORS,1,0,0
49,"What is the role of INNOVO WEST SALES, INC in the agreement?",GUARANTORS,1,0,0
49,What is the role of RGH GROUP LLC in the agreement?,GUARANTORS,1,0,0
49,"What is the role of ROBERT GRAHAM DESIGNS, LLC in the agreement?",BORROWERS,1,0,0
49,"What is the role of ROBERT GRAHAM HOLDINGS, LLC in the agreement?",BORROWERS,1,0,0
49,What is the role of ROBERT GRAHAM RETAIL LLC in the agreement?,BORROWERS,1,0,0
49,What is the role of TCW DIRECT LENDING LLC in the agreement?,LENDERS,1,0,0
49,What is the role of TCW DIRECT LENDING STRATEGIC VENTURES LLC in the agreement?,LENDERS,1,0,0
49,What is the role of Cortland Capital Market Services LLC in the agreement?,Agent,1,0,0
49,"What is the role of HC ACQUISITION HOLDINGS, INC in the agreement?",GUARANTORS,1,0,0
49,"What is the role of MARCO BRUNELLI IP, LLC in the agreement?",GUARANTORS,1,0,0
49,What is the role of TCW ASSET MANAGEMENT COMPANY in the agreement?,Agent,1,0,0
49,What company is the Borrower in the agreement?,RG PARENT LLC,1,0,0
75,What is the position of Justin B. Kelley?,Vice President,1,0,0
75,What is the position of Karl Johnsen?,Chief Financial Officer,1,0,0
75,In what organization does Justin B. Kelley work?,JPMORGAN CHASE BANK,1,0,0
75,In what organization does Karl Johnsen work?,"ASPEN TECHNOLOGY, INC",1,0,0
75,Who is the representative of JPMORGAN CHASE BANK?,Justin B. Kelley,1,0,0
75,"Who is the representative of ASPEN TECHNOLOGY, INC?",Karl Johnsen,1,0,0
75,What is the location of J.P. MORGAN SECURITIES LLC?,"270 Park Avenue, 43rd Floor,",1,0,0
75,"What is the location of ASPEN TECHNOLOGY, INC?","20 Crosby Drive, Bedford, MA 01730",1,0,0
75,What is the location of JPMORGAN CHASE BANK?,"10 South Dearborn Street, Chicago, Illinois 60603",1,0,0
75,"Which company is associated with 10 South Dearborn Street, Chicago, Illinois 60603?",JPMORGAN CHASE BANK,1,0,0
75,"Which company is associated with 20 Crosby Drive, Bedford, MA 01730?","ASPEN TECHNOLOGY, INC",1,0,0
75,"Which company is associated with 270 Park Avenue, 43rd Floor,?",J.P. MORGAN SECURITIES LLC,1,0,0
75,What is the role of K%26L Gates LLP in the agreement?,special counsel to the Borrower,1,0,0
75,What is the role of KPMG LLP in the agreement?,public accounting firm,1,0,0
75,"What is the role of ASPEN TECHNOLOGY, INC in the agreement?",Borrower,1,0,0
75,What is the role of JPMORGAN CHASE BANK in the agreement?,Administrative Agent,1,0,0
75,What company is the Special Counsel To The Borrower in the agreement?,K%26L Gates LLP,1,0,0
75,What company is the Public Accounting Firm in the agreement?,KPMG LLP,1,0,0
75,What company is the Sole Lead Arranger in the agreement?,J.P. MORGAN SECURITIES LLC,1,0,0
75,What company is the Sole Bookrunner in the agreement?,J.P. MORGAN SECURITIES LLC,1,0,0
75,What company is the Borrower in the agreement?,"ASPEN TECHNOLOGY, INC",1,0,0
75,What company is the Administrative Agent in the agreement?,JPMORGAN CHASE BANK,1,0,0
61,What is the position of Amanuel Assefa?,Vice President,1,0,0
61,What is the position of Bridgett J. Manduk-Mowry?,Vice President,1,0,0
61,What is the position of Christopher Shafto?,Vice President,1,0,0
61,What is the position of Gregory Paul?,Managing Director,1,0,0
61,What is the position of Liz Cheng?,Vice President,1,0,0
61,What is the position of MARIA RIAZ?,VICE PRESIDENT,1,0,0
61,What is the position of Marko Lukin?,Vice President,1,0,0
61,What is the position of Ming K Chu?,Director,1,0,0
61,In what organization does Amanuel Assefa work?,"BANK OF AMERICA, N.A.",1,0,0
61,In what organization does Brian L. Shytle work?,"CITRIX SYSTEMS, INC.",1,0,0
61,In what organization does Bridgett J. Manduk-Mowry work?,"BANK OF AMERICA, N.A.",1,0,0
61,In what organization does Christopher Shafto work?,"BANK OF AMERICA, N.A.",1,0,0
61,In what organization does Gregory Paul work?,BNP PARIBAS,1,0,0
61,In what organization does Jim Cahow work?,"BANK OF AMERICA, N.A.",1,0,0
61,In what organization does Liz Cheng work?,"BANK OF AMERICA, N.A.",1,0,0
61,In what organization does MARIA RIAZ work?,"JPMORGAN CHASE BANK, N.A.",1,0,0
61,In what organization does Marko Lukin work?,"BANK OF AMERICA, N.A.",1,0,0
61,In what organization does Ming K Chu work?,"CITIBANK, N.A.",1,0,0
61,"Who is the representative of CITRIX SYSTEMS, INC.?",Brian L. Shytle,1,0,0
61,Who is the representative of BNP PARIBAS?,Gregory Paul,1,0,0
61,"Who is the representative of JPMORGAN CHASE BANK, N.A.?",MARIA RIAZ,1,0,0
61,"Who is the representative of CITIBANK, N.A.?",Ming K Chu,1,0,0
61,"What is the role of WELLS FARGO BANK, NATIONAL ASSOCIATION in the agreement?",Lender,1,0,0
61,What is the role of DEUTSCHE BANK AG NEW YORK BRANCH in the agreement?,Lender,1,0,0
61,"What is the role of CITIBANK, N.A. in the agreement?",Lender,1,0,0
61,"What is the role of JPMORGAN CHASE BANK, N.A. in the agreement?",Lender,1,0,0
61,What is the role of BNP PARIBAS in the agreement?,Lender,1,0,0
61,"What is the role of CITRIX SYSTEMS, INC. in the agreement?",BORROWER,1,0,0
61,What company is the Lead Bookrunner in the agreement?,"BofA Securities, Inc.",1,0,0
61,What company is the Sole Manager in the agreement?,"BofA Securities, Inc.",1,0,0
61,What company is the Sole Bookrunner in the agreement?,"BofA Securities, Inc.",1,0,0
61,What company is the Sole Arranger in the agreement?,"BofA Securities, Inc.",1,0,0
61,What company is the Sole General Partner in the agreement?,"BofA Securities, Inc.",1,0,0
61,What company is the Lead Arranger in the agreement?,"BofA Securities, Inc.",1,0,0
61,What company is the Borrower in the agreement?,"CITRIX SYSTEMS, INC.",1,0,0
61,What company is the Agent in the agreement?,"BANK OF AMERICA, N.A.",1,0,0
77,What is the position of David C. Mruk?,Senior Vice President,1,0,0
77,What is the position of Matthew Olson?,Director,1,0,0
77,What is the position of Hector J. Varona?,Executive Director,1,0,0
77,What is the position of Katherine Bass?,Director,1,0,0
77,What is the position of Kenneth C. Misemer?,Senior Vice President,1,0,0
77,What is the position of Mark Hardison?,Senior Vice President,1,0,0
77,What is the position of Rebecca Kratz?,Authorized Signatory,1,0,0
77,What is the position of Teresa Stinson?,SVP C%26I Banking,1,0,0
77,What is the position of Teuta Ghilaga?,Director,1,0,0
77,In what organization does David C. Mruk work?,HANCOCK BANK,1,0,0
77,In what organization does Matthew Olson work?,"WELLS FARGO BANK, NATIONAL ASSOCIATION",1,0,0
77,In what organization does Blair W. Todt work?,"WELLCARE HEALTH PLANS, INC",1,0,0
77,In what organization does Hector J. Varona work?,JPMORGAN CHASE BANK,1,0,0
77,In what organization does Katherine Bass work?,"WELLS FARGO BANK, NATIONAL ASSOCIATION",1,0,0
77,In what organization does Kenneth C. Misemer work?,HANCOCK BANK,1,0,0
77,In what organization does Mark Hardison work?,HANCOCK BANK,1,0,0
77,In what organization does Rebecca Kratz work?,GOLDMAN SACHS BANK USA,1,0,0
77,In what organization does Teresa Stinson work?,CADENCE BANK,1,0,0
77,In what organization does Teuta Ghilaga work?,"WELLS FARGO BANK, NATIONAL ASSOCIATION",1,0,0
77,"Who is the representative of WELLCARE HEALTH PLANS, INC?",Blair W. Todt,1,0,0
77,Who is the representative of JPMORGAN CHASE BANK?,Hector J. Varona,1,0,0
77,Who is the representative of GOLDMAN SACHS BANK USA?,Rebecca Kratz,1,0,0
77,Who is the representative of CADENCE BANK?,Teresa Stinson,1,0,0
77,What is the location of JPMORGAN CHASE BANK?,"10 South Dearborn StreetChicago, Illinois 60603",1,0,0
77,"Which company is associated with 10 South Dearborn StreetChicago, Illinois 60603?",JPMORGAN CHASE BANK,1,0,0
77,What is the role of CADENCE BANK in the agreement?,Lender,1,0,0
77,"What is the role of WELLCARE HEALTH PLANS, INC in the agreement?",Borrower,1,0,0
77,What is the role of HANCOCK BANK in the agreement?,Lender,1,0,0
77,What company is the Borrower in the agreement?,"WELLCARE HEALTH PLANS, INC",1,0,0
77,What company is the Issuing Bank in the agreement?,JPMORGAN CHASE BANK,1,0,0
77,What company is the Administrative Agent in the agreement?,JPMORGAN CHASE BANK,1,0,0
63,In what organization does Cel Gatdula work?,U.S. Bank National Association,1,0,0
63,In what organization does James Pegues work?,Food Industries,1,0,0
63,In what organization does Mark Kirsons work?,Sidley Austin LLP,1,0,0
63,Who is the representative of U.S. Bank National Association?,Cel Gatdula,1,0,0
63,Who is the representative of Food Industries?,James Pegues,1,0,0
63,Who is the representative of Sidley Austin LLP?,Mark Kirsons,1,0,0
63,What is the location of Food Industries?,"DN-CO-T4, 950 Seventeenth Street, 4th Floor, Denver, Colorado 80202",1,0,0
63,What is the location of Sidley Austin LLP?,"One South Dearborn, Chicago, Illinois 60603",1,0,0
63,"Which company is associated with DN-CO-T4, 950 Seventeenth Street, 4th Floor, Denver, Colorado 80202?",Food Industries,1,0,0
63,"Which company is associated with One South Dearborn, Chicago, Illinois 60603?",Sidley Austin LLP,1,0,0
63,"What is the role of The Andersons, Inc. in the agreement?",Borrower,1,0,0
63,What is the role of U.S. Bank National Association in the agreement?,LC Issuer,1,0,0
63,What is the role of Sidley Austin LLP in the agreement?,legal counsel,1,0,0
63,What company is the Borrower in the agreement?,"The Andersons, Inc.",1,0,0
63,What company is the Agent in the agreement?,U.S. BANK NATIONAL ASSOCIATION,1,0,0
63,What company is the Lc Issuer in the agreement?,U.S. Bank National Association,1,0,0
63,What company is the Legal Counsel in the agreement?,Sidley Austin LLP,1,0,0
88,What is the position of Westley White?,Director,1,0,0
88,In what organization does Jeremy Rossen work?,"j2 CLOUD SERVICES, LLC",1,0,0
88,In what organization does Patrick Brown work?,Sullivan %26 Cromwell LLP,1,0,0
88,In what organization does R. Scott Turicchi work?,"j2 CLOUD SERVICES, LLC",1,0,0
88,In what organization does Steve Dunn work?,"j2 CLOUD SERVICES, LLC",1,0,0
88,In what organization does Westley White work?,MUFG UNION BANK,1,0,0
88,Who is the representative of Sullivan %26 Cromwell LLP?,Patrick Brown,1,0,0
88,Who is the representative of MUFG UNION BANK?,Westley White,1,0,0
88,What is the location of MUFG UNION BANK?,"445 S. Figueroa Street, Floor 10Los Angeles, CA 90071",1,0,0
88,What is the location of Sullivan %26 Cromwell LLP?,"1888 Century Park EastLos Angeles, CA 90067",1,0,0
88,"What is the location of j2 CLOUD SERVICES, LLC?","6922 Hollywood Blvd., Suite 500Los Angeles, CA 90028",1,0,0
88,"Which company is associated with 1888 Century Park EastLos Angeles, CA 90067?",Sullivan %26 Cromwell LLP,1,0,0
88,"Which company is associated with 445 S. Figueroa Street, Floor 10Los Angeles, CA 90071?",MUFG UNION BANK,1,0,0
88,"Which company is associated with 6922 Hollywood Blvd., Suite 500Los Angeles, CA 90028?","j2 CLOUD SERVICES, LLC",1,0,0
88,"What is the role of j2 CLOUD SERVICES, LLC in the agreement?",liability company,1,0,0
88,What company is the Issuing Bank in the agreement?,MUFG UNION BANK,1,0,0
88,What company is the Lender in the agreement?,MUFG UNION BANK,1,0,0
88,What company is the Agent in the agreement?,MUFG UNION BANK,1,0,0
88,What company is the Swing Line Lender in the agreement?,MUFG UNION BANK,1,0,0
88,What company is the Liability Company in the agreement?,"j2 CLOUD SERVICES, LLC",1,0,0
162,What is the position of Corbin M. Womac?,Director,1,0,0
162,What is the position of Henricus Reindert Petrus Pollmann?,Class A Manager,1,0,0
162,What is the position of Ivan Davey?,Vice President,1,0,0
162,What is the position of Jay Fort?,Senior Vice President,1,0,0
162,What is the position of Michael King?,Vice President,1,0,0
162,What is the position of Thomas Manning?,Authorized Signatory,1,0,0
162,In what organization does Corbin M. Womac work?,"%09WELLS FARGO BANK, N.A",1,0,0
162,In what organization does Henricus Reindert Petrus Pollmann work?,%09NABORS GLOBAL HOLDINGS LIMITED,1,0,0
162,In what organization does Ivan Davey work?,"MORGAN STANLEY SENIOR FUNDING, INC.",1,0,0
162,In what organization does Jay Fort work?,"HSBC BANK USA, N.A",1,0,0
162,In what organization does Mark D. Andrews work?,"NABORS INDUSTRIES LTD.,",1,0,0
162,In what organization does Michael J. Niedermaier work?,"NABORS ALASKA DRILLING, INC.",1,0,0
162,In what organization does Michael King work?,"MORGAN STANLEY SENIOR FUNDING, INC.",1,0,0
162,In what organization does Michael Rasmuson work?,"NABORS ALASKA DRILLING, INC.",1,0,0
162,In what organization does Thomas Manning work?,GOLDMAN SACHS BANK USA,1,0,0
162,"Who is the representative of %09WELLS FARGO BANK, N.A?",Corbin M. Womac,1,0,0
162,Who is the representative of %09NABORS GLOBAL HOLDINGS LIMITED?,Henricus Reindert Petrus Pollmann,1,0,0
162,"Who is the representative of HSBC BANK USA, N.A?",Jay Fort,1,0,0
162,"Who is the representative of NABORS INDUSTRIES LTD.,?",Mark D. Andrews,1,0,0
162,Who is the representative of GOLDMAN SACHS BANK USA?,Thomas Manning,1,0,0
162,"What is the role of %09CITIBANK, N.A. in the agreement?",Lender,1,0,0
162,What is the role of CANRIG DRILLING TECHNOLOGY CANADA LTD. in the agreement?,Guarantor,1,0,0
162,What is the role of NABORS DRILLING HOLDINGS INC in the agreement?,Guarantor,1,0,0
162,What is the role of NABORS DRILLING TECHNOLOGIES USA in the agreement?,Guarantor,1,0,0
162,"What is the role of NABORS HOLDINGS LTD., in the agreement?",Guarantor,1,0,0
162,"What is the role of NABORS INDUSTRIES, INC. in the agreement?",Borrower,1,0,0
162,What is the role of NABORS INDUSTRIES LTD. in the agreement?,Holdings,1,0,0
162,"What is the role of NABORS INTERNATIONAL MANAGEMENT LIMITED, in the agreement?",Guarantor,1,0,0
162,"What is the role of NABORS LUX 2, in the agreement?",Guarantor,1,0,0
162,"What is the role of NABORS LUX FINANCE 1, in the agreement?",Guarantor,1,0,0
162,What is the role of %09NABORS GLOBAL HOLDINGS LIMITED in the agreement?,Guarantor,1,0,0
162,"What is the role of %09WELLS FARGO BANK, N.A in the agreement?",Lender,1,0,0
162,What is the role of GOLDMAN SACHS BANK USA in the agreement?,Lender,1,0,0
162,"What is the role of HSBC BANK USA, N.A in the agreement?",Lender,1,0,0
162,"What is the role of NABORS INDUSTRIES LTD., in the agreement?",Guarantor,1,0,0
162,"What is the role of MORGAN STANLEY SENIOR FUNDING, INC. in the agreement?",Lender,1,0,0
162,"What is the role of NABORS ALASKA DRILLING, INC. in the agreement?",Guarantor,1,0,0
162,What company is the Administrative Agent in the agreement?,"CITIBANK, N.A",1,0,0
162,What company is the Borrower in the agreement?,"NABORS INDUSTRIES, INC.",1,0,0
162,What company is the Holdings in the agreement?,NABORS INDUSTRIES LTD.,1,0,0
163,What is the position of Brian M. Carolan?,Chief Financial Officer,1,0,0
163,What is the position of David Tepper?,Vice President,1,0,0
163,In what organization does Brian M. Carolan work?,"COMMVAULT SYSTEMS, INC.",1,0,0
163,In what organization does David Tepper work?,"JPMORGAN CHASE BANK, N.A",1,0,0
163,"Who is the representative of COMMVAULT SYSTEMS, INC.?",Brian M. Carolan,1,0,0
163,"Who is the representative of JPMORGAN CHASE BANK, N.A?",David Tepper,1,0,0
163,"What is the role of COMMVAULT SYSTEMS, INC in the agreement?",Lenders,1,0,0
163,What is the role of Lead Arranger in the agreement?,Sole,1,0,0
163,"What is the role of COMMVAULT SYSTEMS, INC. in the agreement?",Borrower,1,0,0
163,What company is the Lenders in the agreement?,"COMMVAULT SYSTEMS, INC",1,0,0
163,What company is the Bookrunner in the agreement?,"JPMORGAN CHASE BANK, N.A.",1,0,0
163,What company is the Borrower in the agreement?,"COMMVAULT SYSTEMS, INC.",1,0,0
163,What company is the Issuing Bank in the agreement?,"JPMORGAN CHASE BANK, N.A",1,0,0
163,What company is the Swingline Lender in the agreement?,"JPMORGAN CHASE BANK, N.A",1,0,0
163,What company is the Lender in the agreement?,"JPMORGAN CHASE BANK, N.A",1,0,0
163,What company is the Administrative Agent in the agreement?,"JPMORGAN CHASE BANK, N.A",1,0,0
89,What is the position of James B. Pekarek?,Chief Financial Officer,1,0,0
89,What is the position of James Pekarek?,CFO,1,0,0
89,What is the position of Matthew McCabe?,CFO,1,0,0
89,What is the position of Sabir Hashmy?,Managing Director,1,0,0
89,In what organization does Charles P. Holden work?,"AGILITI SURGICAL, INC.",1,0,0
89,In what organization does Eric Wedel work?,Kirkland %26 Ellis LLP,1,0,0
89,In what organization does James B. Pekarek work?,"AGILITI SURGICAL, INC.",1,0,0
89,In what organization does James Pekarek work?,"AGILITI HEALTH, INC.",1,0,0
89,In what organization does Lee Neumann work?,"AGILITI HEALTH, INC.",1,0,0
89,In what organization does Leonida Mischke work?,JPMORGAN CHASE BANK,1,0,0
89,In what organization does Matthew McCabe work?,"AGILITI HEALTH, INC.",1,0,0
89,In what organization does Sabir Hashmy work?,JPMORGAN CHASE BANK,1,0,0
89,Who is the representative of Kirkland %26 Ellis LLP?,Eric Wedel,1,0,0
89,"What is the location of Thomas H. Lee Partners, L.P.?","100 Federal St., 35th FloorBoston, Massachusetts 02110",1,0,0
89,What is the location of Kirkland %26 Ellis LLP?,"601 Lexington AvenueNew York, NY 10022",1,0,0
89,"What is the location of AGILITI HEALTH, INC.?","6625 West 78th Street, Suite 300Minneapolis, MN 55439",1,0,0
89,What is the location of JPMORGAN CHASE BANK?,"10 S. DearbornChicago, IL 60603",1,0,0
89,"Which company is associated with 100 Federal St., 35th FloorBoston, Massachusetts 02110?","Thomas H. Lee Partners, L.P.",1,0,0
89,"Which company is associated with 10 S. DearbornChicago, IL 60603?",JPMORGAN CHASE BANK,1,0,0
89,"Which company is associated with 601 Lexington AvenueNew York, NY 10022?",Kirkland %26 Ellis LLP,1,0,0
89,"Which company is associated with 6625 West 78th Street, Suite 300Minneapolis, MN 55439?","AGILITI HEALTH, INC.",1,0,0
89,What company is the Administrative Agent in the agreement?,JPMORGAN CHASE BANK,1,0,0
62,What is the position of Annie Dorval?,Authorized Signatory,1,0,0
62,What is the position of Brian MacFarlane?,Authorized Signatory,1,0,0
62,What is the position of Pradeep Mehra?,Managing Director,1,0,0
62,In what organization does Annie Dorval work?,"THE TORONTO DOMINION BANK, NEW YORK BRANCH",1,0,0
62,In what organization does Brian MacFarlane work?,"THE TORONTO DOMINION BANK, NEW YORK BRANCH",1,0,0
62,In what organization does Gretchen L. Holloway work?,"MICHIGAN ELECTRIC TRANSMISSION COMPANY, LLC",1,0,0
62,In what organization does Pradeep Mehra work?,TD SECURITIES %28USA%29 LLC,1,0,0
62,"Who is the representative of MICHIGAN ELECTRIC TRANSMISSION COMPANY, LLC?",Gretchen L. Holloway,1,0,0
62,Who is the representative of TD SECURITIES %28USA%29 LLC?,Pradeep Mehra,1,0,0
62,What is the role of Dykema Gossett PLLC in the agreement?,legal counsel,1,0,0
62,What is the role of Simpson Thacher %26 Bartlett LLP in the agreement?,legal counsel,1,0,0
62,What is the role of TD Securities %28USA%29 LLC in the agreement?,Arranger,1,0,0
62,"What is the role of MICHIGAN ELECTRIC TRANSMISSION COMPANY, LLC in the agreement?",Borrower,1,0,0
62,"What is the role of THE TORONTO DOMINION BANK, NEW YORK BRANCH in the agreement?",Lender,1,0,0
62,What company is the Agent in the agreement?,TORONTO DOMINION %28TEXAS%29 LLC,1,0,0
62,What company is the Borrower in the agreement?,"MICHIGAN ELECTRIC TRANSMISSION COMPANY, LLC",1,0,0
62,What company is the Bookrunner in the agreement?,TD SECURITIES %28USA%29 LLC,1,0,0
62,What company is the Lender in the agreement?,"THE TORONTO DOMINION BANK, NEW YORK BRANCH",1,0,0
76,What is the position of Jonathon Rauen?,Authorized Signatory,1,0,0
76,In what organization does John W. Hohener work?,MICROSEMI CORPORATION,1,0,0
76,In what organization does Jonathon Rauen work?,"MORGAN STANLEY SENIOR FUNDING, INC",1,0,0
76,Who is the representative of MICROSEMI CORPORATION?,John W. Hohener,1,0,0
76,"Who is the representative of MORGAN STANLEY SENIOR FUNDING, INC?",Jonathon Rauen,1,0,0
76,What is the role of O%27Melveny %26 Myers LLP in the agreement?,counsel to the Borrower,1,0,0
76,What is the role of O%E2%80%99Melveny %26 Myers LLP in the agreement?,counsel to the Borrower,1,0,0
76,"What is the role of O%E2%80%99Melveny %26 Myers LLP, in the agreement?",counsel to the Borrower,1,0,0
76,What is the role of MICROSEMI CORPORATION in the agreement?,Borrower,1,0,0
76,What company is the Borrower in the agreement?,MICROSEMI CORPORATION,1,0,0
76,What company is the Collateral Agent in the agreement?,"MORGAN STANLEY SENIOR FUNDING, INC",1,0,0
76,What company is the Administrative Agent in the agreement?,"MORGAN STANLEY SENIOR FUNDING, INC",1,0,0
8,In what organization does Dale Northup work?,"Wells Fargo Bank, National Association",1,0,0
8,In what organization does Mark Nardi work?,"Wells Fargo Bank, National Association",1,0,0
8,"What is the role of ARC Real Estate Partners, LLC in the agreement?",Guarantor,1,0,0
8,"What is the role of TAU OPERATING PARTNERSHIP, L.P in the agreement?",Borrower,1,0,0
8,"What is the role of Tau Operating Partnership, L.P. in the agreement?",Borrower,1,0,0
8,"What is the role of WELLS FARGO BANK, NATIONAL ASSOCIATION in the agreement?",Lender,1,0,0
8,What company is the Guarantor in the agreement?,"ARC Real Estate Partners, LLC",1,0,0
8,What company is the Lender in the agreement?,"WELLS FARGO BANK, NATIONAL ASSOCIATION",1,0,0
8,What company is the Bookrunner in the agreement?,"WELLS FARGO SECURITIES, LLC",1,0,0
72,What is the position of Carolyn Kee?,Vice President,1,0,0
72,What is the position of John Summers?,Assistant Vice President,1,0,0
72,What is the position of Kay Reedy?,Managing Director,1,0,0
72,What is the position of Ryan Durkin?,Authorized Signatory,1,0,0
72,In what organization does Carolyn Kee work?,CITIBANK,1,0,0
72,In what organization does Craig A. Douglas work?,"STANLEY BLACK %26 DECKER, INC",1,0,0
72,In what organization does John Summers work?,CITIGROUP GLOBAL MARKETS INC,1,0,0
72,In what organization does Kay Reedy work?,"WELLS FARGO SECURITIES, LLC",1,0,0
72,In what organization does Ryan Durkin work?,GOLDMAN SACHS BANK USA,1,0,0
72,Who is the representative of CITIBANK?,Carolyn Kee,1,0,0
72,"Who is the representative of STANLEY BLACK %26 DECKER, INC?",Craig A. Douglas,1,0,0
72,Who is the representative of CITIGROUP GLOBAL MARKETS INC?,John Summers,1,0,0
72,"Who is the representative of WELLS FARGO SECURITIES, LLC?",Kay Reedy,1,0,0
72,Who is the representative of GOLDMAN SACHS BANK USA?,Ryan Durkin,1,0,0
72,What is the location of CITIBANK?,"Building %2331615 Brett RoadNew Castle, DE 19720",1,0,0
72,What is the location of CITIGROUP GLOBAL MARKETS INC?,"25 Canada SquareCanary WharfLondon, England E14 5LB",1,0,0
72,"What is the location of STANLEY BLACK %26 DECKER, INC?","1000 Stanley DriveNew Britain, Connecticut 06053",1,0,0
72,"Which company is associated with 1000 Stanley DriveNew Britain, Connecticut 06053?","STANLEY BLACK %26 DECKER, INC",1,0,0
72,"Which company is associated with 25 Canada SquareCanary WharfLondon, England E14 5LB?",CITIGROUP GLOBAL MARKETS INC,1,0,0
72,"Which company is associated with Building %2331615 Brett RoadNew Castle, DE 19720?",CITIBANK,1,0,0
72,"What type of location is 25 Canada SquareCanary WharfLondon, England E14 5LB?",UK Branch,1,0,0
72,What is the role of BROWN RUDNICK LLP in the agreement?,legal counsel,1,0,0
72,"What is the role of WELLS FARGO BANK, NATIONAL ASSOCIATION in the agreement?",Syndication Agents,1,0,0
72,What is the role of CITIBANK in the agreement?,Administrative Agent,1,0,0
72,"What is the role of STANLEY BLACK %26 DECKER, INC in the agreement?",Initial Borrower,1,0,0
72,What company is the Legal Counsel in the agreement?,BROWN RUDNICK LLP,1,0,0
72,What company is the Administrative Agent in the agreement?,CITIBANK,1,0,0
72,What company is the Initial Borrower in the agreement?,"STANLEY BLACK %26 DECKER, INC",1,0,0
66,What is the position of Ben Snodgrass?,Vice President,1,0,0
66,What is the position of Bret Douglas?,Senior Vice President,1,0,0
66,What is the position of Cecile Segovia?,Director,1,0,0
66,What is the position of Darin Mullis?,Managing Director,1,0,0
66,What is the position of Erik Barragan?,Authorized Officer,1,0,0
66,What is the position of Erin Robinson?,Managing Director,1,0,0
66,What is the position of James Riley?,Authorized Signer,1,0,0
66,What is the position of Joseph D. Hricovsky?,Senior Vice President,1,0,0
66,What is the position of Karen M. Dahlquist?,Duly Authorized Signatory,1,0,0
66,What is the position of Kathryn E. Benjamin?,Senior Vice President,1,0,0
66,What is the position of Kevin Wood?,Director,1,0,0
66,What is the position of Kristie Li?,Senior Vice President,1,0,0
66,What is the position of Tanille Ingle?,Vice President,1,0,0
66,What is the position of Tom Priedeman?,Senior Vice President,1,0,0
66,In what organization does Ben Snodgrass work?,"KEYBANK, NATIONAL ASSOCIATION",1,0,0
66,In what organization does Bret Douglas work?,U.S. BANK NATIONAL ASSOCIATION,1,0,0
66,In what organization does Cecile Segovia work?,"MUFG Bank, Ltd.",1,0,0
66,In what organization does Darin Mullis work?,"Wells Fargo Bank, National Association",1,0,0
66,In what organization does Erik Barragan work?,"JPMORGAN CHASE BANK, N.A.",1,0,0
66,In what organization does Erin Robinson work?,"Wells Fargo Bank, National Association",1,0,0
66,In what organization does James Riley work?,Citibank N.A.,1,0,0
66,In what organization does Joseph D. Hricovsky work?,U.S. BANK NATIONAL ASSOCIATION,1,0,0
66,In what organization does Karen M. Dahlquist work?,"CAPITAL ONE, NATIONAL ASSOCIATION",1,0,0
66,In what organization does Kathryn E. Benjamin work?,U.S. BANK NATIONAL ASSOCIATION,1,0,0
66,In what organization does Kevin Wood work?,"MUFG Bank, Ltd.",1,0,0
66,In what organization does Kristie Li work?,U.S. BANK NATIONAL ASSOCIATION,1,0,0
66,In what organization does Ronnie Glenn work?,"Bank of America, N.A.",1,0,0
66,In what organization does Tanille Ingle work?,"KEYBANK, NATIONAL ASSOCIATION",1,0,0
66,In what organization does Tom Priedeman work?,U.S. BANK NATIONAL ASSOCIATION,1,0,0
66,"Who is the representative of JPMORGAN CHASE BANK, N.A.?",Erik Barragan,1,0,0
66,Who is the representative of Citibank N.A.?,James Riley,1,0,0
66,"Who is the representative of CAPITAL ONE, NATIONAL ASSOCIATION?",Karen M. Dahlquist,1,0,0
66,"Who is the representative of Bank of America, N.A.?",Ronnie Glenn,1,0,0
66,"Who is the representative of EXC HOLDING CORP.TANGENT MEDICAL TECHNOLOGIES, INC.EXCELSIOR MEDICAL CORPORATIONICU WORLD, INC.?",Brian M. Bonnell,1,0,0
66,"Who is the representative of ICU Medical, Inc.?",Brian M. Bonnell,1,0,0
66,What is the role of Cahill Gordon %26 Reindel llp in the agreement?,legal counsel,1,0,0
66,What is the role of Deloitte %26 Touche LLP in the agreement?,legal counsel,1,0,0
66,"What is the role of ICU Medical, Inc. in the agreement?",Borrower,1,0,0
66,What company is the Revolver in the agreement?,Citibank N.A.,1,0,0
66,What company is the Borrower in the agreement?,"ICU Medical, Inc.",1,0,0
66,What company is the Agent in the agreement?,"Wells Fargo Bank, National Association",1,0,0
99,What is the position of Adriaan Weststrate?,Managing Director,1,0,0
99,What is the position of Anne H. Lovette?,Senior Vice President,1,0,0
99,What is the position of Carol S. Titus?,Senior Vice President,1,0,0
99,What is the position of Chris Ciavarra?,Manager %26 Vice President,1,0,0
99,What is the position of Christine Howatt?,Authorized Signatory,1,0,0
99,What is the position of Elizabeth Wilson?,Assistant Secretary,1,0,0
99,What is the position of Henry Spark?,Vice President,1,0,0
99,What is the position of JOHN THURMAN?,SENIOR VICE PRESIDENT,1,0,0
99,What is the position of Jeff Pavlik?,Vice President,1,0,0
99,What is the position of Laura Daily?,Vice President,1,0,0
99,What is the position of Lawrence E. Hyatt?,Senior Vice President %26 Chief Financial Officer,1,0,0
99,What is the position of Lisa R. Cook?,Vice President,1,0,0
99,What is the position of Mac Atsup?,VP,1,0,0
99,What is the position of Michael T. Harder?,Executive Director,1,0,0
99,What is the position of R. Andrew Beam?,Senior Vice President,1,0,0
99,What is the position of Robert J. Beckley?,Senior Vice President,1,0,0
99,What is the position of S. Victoria Harvey?,President,1,0,0
99,What is the position of Scott C. Tocci?,Managing Director,1,0,0
99,What is the position of Stephen A. Leon?,Managing Director,1,0,0
99,What is the position of Steven Dixon?,Vice President,1,0,0
99,What is the position of William H. Diehl?,Senior Vice President,1,0,0
99,In what organization does Adriaan Weststrate work?,REGIONS BANK,1,0,0
99,In what organization does Anne H. Lovette work?,AVENUE BANK,1,0,0
99,In what organization does Carol S. Titus work?,AVENUE BANK,1,0,0
99,In what organization does Chris Ciavarra work?,CB MUSIC LLC,1,0,0
99,In what organization does Christine Howatt work?,"THE BANK OF TOKYO-MITSUBISHI UFJ, LTD.",1,0,0
99,In what organization does Doug Couvillion work?,"CBOCS PROPERTIES, INC.",1,0,0
99,In what organization does Elizabeth Wilson work?,"ROCKING CHAIR, INC.",1,0,0
99,In what organization does Henry Spark work?,GREENSTONE FARM CREDIT SERVICES,1,0,0
99,In what organization does JOHN THURMAN work?,"PNC BANK, NATIONAL ASSOCIATION",1,0,0
99,In what organization does Jeff Pavlik work?,GREENSTONE FARM CREDIT SERVICES,1,0,0
99,In what organization does Laura Daily work?,GREENSTONE FARM CREDIT SERVICES,1,0,0
99,In what organization does Lawrence E. Hyatt work?,"CRACKER BARREL OLD COUNTRY STORE, INC",1,0,0
99,In what organization does Lisa R. Cook work?,GREENSTONE FARM CREDIT SERVICES,1,0,0
99,In what organization does Mac Atsup work?,FIRST TENNESSEE BANK NATIONAL ASSOCIATION,1,0,0
99,In what organization does Michael T. Harder work?,CO%C3%96PERATIEVE CENTRALE RAIFFEISEN-BOERENLEENBANK B.A. %C2%93RABOBANK,1,0,0
99,In what organization does Nick Flanagan work?,"CBOCS PENNSYLVANIA, LLC",1,0,0
99,In what organization does R. Andrew Beam work?,AVENUE BANK,1,0,0
99,In what organization does Robert J. Beckley work?,AVENUE BANK,1,0,0
99,In what organization does S. Victoria Harvey work?,"CBOCS PROPERTIES, INC.",1,0,0
99,In what organization does Scott C. Tocci work?,REGIONS BANK,1,0,0
99,In what organization does Stephen A. Leon work?,REGIONS BANK,1,0,0
99,In what organization does Steven Dixon work?,GREENSTONE FARM CREDIT SERVICES,1,0,0
99,In what organization does William H. Diehl work?,AVENUE BANK,1,0,0
99,Who is the representative of CB MUSIC LLC?,Chris Ciavarra,1,0,0
99,"Who is the representative of THE BANK OF TOKYO-MITSUBISHI UFJ, LTD.?",Christine Howatt,1,0,0
99,"Who is the representative of ROCKING CHAIR, INC.?",Elizabeth Wilson,1,0,0
99,"Who is the representative of PNC BANK, NATIONAL ASSOCIATION?",JOHN THURMAN,1,0,0
99,"Who is the representative of CRACKER BARREL OLD COUNTRY STORE, INC?",Lawrence E. Hyatt,1,0,0
99,Who is the representative of FIRST TENNESSEE BANK NATIONAL ASSOCIATION?,Mac Atsup,1,0,0
99,Who is the representative of CO%C3%96PERATIEVE CENTRALE RAIFFEISEN-BOERENLEENBANK B.A. %C2%93RABOBANK?,Michael T. Harder,1,0,0
99,"Who is the representative of CBOCS PENNSYLVANIA, LLC?",Nick Flanagan,1,0,0
99,"What is the location of Bass, Berry %26 Sims PLC?","150 Third Avenue South, Suite 2800Nashville, TN 37201",1,0,0
99,"What is the location of Cracker Barrel Old Country Store, Inc.?","305 Hartman DriveP.O. Box 787Lebanon, Tennessee 37088-0787",1,0,0
99,"Which company is associated with 150 Third Avenue South, Suite 2800Nashville, TN 37201?","Bass, Berry %26 Sims PLC",1,0,0
99,"Which company is associated with 1808 Aston Avenue, Suite 250Carlsbad, CA 92008?","Wells Fargo Bank, National Association",1,0,0
99,"Which company is associated with 305 Hartman DriveP.O. Box 787Lebanon, Tennessee 37088-0787?","Cracker Barrel Old Country Store, Inc.",1,0,0
99,"Which company is associated with MAC D1109-0191525 West W.T. Harris Blvd.Charlotte, NC 28262?","Wells Fargo Bank, National Association",1,0,0
99,"What is the role of CBOCS TEXAS, LLC in the agreement?",Guarantor,1,0,0
99,What is the role of SYNOVUS BANK in the agreement?,Lender,1,0,0
99,"What is the role of US BANK, NATIONAL ASSOCIATION in the agreement?",Lender,1,0,0
99,What is the role of BANK OF AMERICA in the agreement?,Lender,1,0,0
99,What is the role of BRANCH BANKING AND TRUST COMPANY in the agreement?,Lender,1,0,0
99,"What is the role of CBOCS DISTRIBUTION, INC. in the agreement?",Guarantor,1,0,0
99,"What is the role of CBOCS Distribution, Inc. in the agreement?",GUARANTOR,1,0,0
99,"What is the role of CBOCS Pennsylvania, LLC in the agreement?",GUARANTOR,1,0,0
99,"What is the role of CBOCS Properties, Inc in the agreement?",GUARANTOR,1,0,0
99,"What is the role of CBOCS SUPPLY, INC in the agreement?",Guarantor,1,0,0
99,"What is the role of CBOCS Supply, Inc. in the agreement?",GUARANTOR,1,0,0
99,"What is the role of CBOCS Texas, LLC in the agreement?",GUARANTOR,1,0,0
99,"What is the role of CBOCS WEST, INC. in the agreement?",Guarantor,1,0,0
99,"What is the role of CBOCS West, Inc. in the agreement?",GUARANTOR,1,0,0
99,What is the role of CB Music LLC in the agreement?,GUARANTOR,1,0,0
99,"What is the role of CRACKER BARREL OLD COUNTRY STORE, INC. in the agreement?",Borrower,1,0,0
99,What is the role of FIFTH THIRD BANK in the agreement?,Lender,1,0,0
99,What is the role of PINNACLE BANK in the agreement?,Lender,1,0,0
99,"What is the role of Rocking Chair, Inc. in the agreement?",GUARANTOR,1,0,0
99,What is the role of THE SUBSIDIARY GUARANTORS NAMED HEREIN in the agreement?,Guarantors,1,0,0
99,"What is the role of CBOCS PENNSYLVANIA, LLC in the agreement?",Guarantor,1,0,0
99,What is the role of CO%C3%96PERATIEVE CENTRALE RAIFFEISEN-BOERENLEENBANK B.A. %C2%93RABOBANK in the agreement?,Lender,1,0,0
99,What is the role of FIRST TENNESSEE BANK NATIONAL ASSOCIATION in the agreement?,Lender,1,0,0
99,"What is the role of PNC BANK, NATIONAL ASSOCIATION in the agreement?",Lender,1,0,0
99,"What is the role of ROCKING CHAIR, INC. in the agreement?",Guarantor,1,0,0
99,"What is the role of THE BANK OF TOKYO-MITSUBISHI UFJ, LTD. in the agreement?",Lender,1,0,0
99,What is the role of CB MUSIC LLC in the agreement?,Guarantor,1,0,0
99,"What is the role of CRACKER BARREL OLD COUNTRY STORE, INC in the agreement?",Borrower,1,0,0
99,"What is the role of Cracker Barrel Old Country Store, Inc. in the agreement?",Borrower,1,0,0
99,"What is the role of CBOCS PROPERTIES, INC. in the agreement?",Guarantor,1,0,0
99,"What is the role of Wells Fargo Bank, National Association in the agreement?",AdministrativeAgent,1,0,0
99,What is the role of REGIONS BANK in the agreement?,Lender,1,0,0
99,What is the role of GREENSTONE FARM CREDIT SERVICES in the agreement?,Lender,1,0,0
99,What is the role of AVENUE BANK in the agreement?,Lender,1,0,0
99,What company is the Guarantors in the agreement?,THE SUBSIDIARY GUARANTORS NAMED HEREIN,1,0,0
99,What company is the Bank in the agreement?,"WELLS FARGO BANK, NATIONAL ASSOCIATION",1,0,0
99,What company is the Administrativeagent in the agreement?,"Wells Fargo Bank, National Association",1,0,0
167,What is the position of Shelley A. McGregor?,Senior Vice President,1,0,0
167,What is the position of Shelley A. McGregor?,Senior Vice President,1,0,0
167,In what organization does Shelley A. McGregor work?,"BANK OF AMERICA, N.A.,",1,0,0
167,In what organization does Don R. Madison work?,"POWELL INDUSTRIES INTERNATIONAL, INC.",1,0,0
167,In what organization does Shelley A. McGregor work?,"BANK OF AMERICA, N.A.,",1,0,0
167,"Who is the representative of POWELL INDUSTRIES INTERNATIONAL, INC.?",Don R. Madison,1,0,0
167,"What is the role of TRANSDYN, INC. in the agreement?",GUARANTORS,1,0,0
167,"What is the role of POWELL ELECTRICAL SYSTEMS, INC. in the agreement?",GUARANTORS,1,0,0
167,"What is the role of POWELL INDUSTRIES, INC in the agreement?",Borrower,1,0,0
167,"What is the role of POWELL INDUSTRIES, INC. in the agreement?",BORROWER,1,0,0
167,"What is the role of POWELL INDUSTRIES INTERNATIONAL, INC. in the agreement?",GUARANTORS,1,0,0
167,What company is the Sole Book Manager in the agreement?,BANK OF AMERICA MERRILL LYNCH,1,0,0
167,What company is the Sole Lead Arranger in the agreement?,BANK OF AMERICA MERRILL LYNCH,1,0,0
167,"What company is the Lender, in the agreement?","BANK OF AMERICA, N.A.,",1,0,0
98,In what organization does Joan Mok work?,Bank of America,1,0,0
98,Who is the representative of Bank of America?,Joan Mok,1,0,0
98,"What is the location of Citrix Systems, Inc.?","14 Crosby DriveBedford, MA 01730",1,0,0
98,What is the location of Sidley Austin LLP?,"One South DearbornChicago, IL 60603",1,0,0
98,"Which company is associated with 14 Crosby DriveBedford, MA 01730?","Citrix Systems, Inc.",1,0,0
98,"Which company is associated with 1 Fleet WayScranton, PA 18507?",Bank of America,1,0,0
98,"Which company is associated with 555 California StSan Francisco, CA 94104?",Bank of America,1,0,0
98,"Which company is associated with 851 West Cypress Creek RoadFort Lauderdale, Florida 33309?","Citrix Systems, Inc.",1,0,0
98,"Which company is associated with 901 Main StDallas, TX 75202-3714?",Bank of America,1,0,0
98,"Which company is associated with One South DearbornChicago, IL 60603?",Sidley Austin LLP,1,0,0
98,What is the role of JPMORGAN CHASE BANK in the agreement?,LENDERS,1,0,0
98,"What is the role of Citrix Systems, Inc. in the agreement?",Borrower,1,0,0
98,"What is the role of Citrix Systems, Inc. in the agreement?",Borrower,1,0,0
98,What is the role of Sidley Austin LLP in the agreement?,Borrower,1,0,0
98,What company is the Administrative%09 %09%09 %09%09 %09Agent %26 Lender in the agreement?,BANK OF AMERICA,1,0,0
98,What company is the Lenders in the agreement?,JPMORGAN CHASE BANK,1,0,0
166,What is the position of Carl Roberts?,Head of Loan Syndications,1,0,0
166,What is the position of Dipak Gupta?,Joint Managing Director,1,0,0
166,What is the position of James Perkins?,"Manager, CRC",1,0,0
166,What is the position of Lisa Kwok?,"Director, Credit Risk Management",1,0,0
166,What is the position of Mark Pope?,Assistant Vice Presiden,1,0,0
166,What is the position of Nishant Kumar?,Senior RM %E2%80%93 Trade %26 Export Finance,1,0,0
166,What is the position of R. Srinivasa Sekaran?,SVP %28Credit Administration%29,1,0,0
166,What is the position of Rachit Bhatia?,Chief Executive,1,0,0
166,What is the position of Rajeev Mohan?,Senior Executive Vice President,1,0,0
166,What is the position of Richard Cox?,"Managing Director, Head of Credit and Trading Risk",1,0,0
166,What is the position of Sandeep Patnaik?,Head - CBO,1,0,0
166,What is the position of Sanjay Jha?,Assistant General Manager,1,0,0
166,What is the position of Shannon Curran?,Sr. Legal Manager,1,0,0
166,What is the position of Siddarth Bansal?,Director,1,0,0
166,What is the position of Simon Williams?,Head CRC,1,0,0
166,What is the position of Sudip Kumar Ghatak?,Chief Manager,1,0,0
166,What is the position of Suguru Hattori?,General Manager,1,0,0
166,What is the position of Valdeep Singh?,Legal Counsel,1,0,0
166,What is the position of Vikashh Mehta?,Head- Corporate %26 Investment Banking,1,0,0
166,In what organization does Carl Roberts work?,AUSTRALIA AND NEW ZEALAND BANKING GROUP LIMITED,1,0,0
166,In what organization does Chirag Shah work?,NOVELIS MEA LTD,1,0,0
166,In what organization does Dipak Gupta work?,KOTAK MAHINDRA BANK LIMITED,1,0,0
166,In what organization does James Perkins work?,STANDARD CHARTERED BANK,1,0,0
166,In what organization does Lisa Kwok work?,ING BANK N.V.,1,0,0
166,In what organization does Mark Pope work?,BARCLAYS BANK PLC,1,0,0
166,In what organization does Nishant Kumar work?,ICICI BANK UK PLC,1,0,0
166,In what organization does R. Srinivasa Sekaran work?,STATE BANK OF INDIA,1,0,0
166,In what organization does Rachit Bhatia work?,AXIS BANK LIMITED,1,0,0
166,In what organization does Rajeev Mohan work?,KOTAK MAHINDRA BANK LIMITED,1,0,0
166,In what organization does Richard Cox work?,ING BANK N.V.,1,0,0
166,In what organization does Sandeep Patnaik work?,AXIS BANK LIMITED,1,0,0
166,In what organization does Sanjay Jha work?,ICICI Bank Limited,1,0,0
166,In what organization does Shannon Curran work?,NOVELIS ALUMINIUM HOLDING UNLIMITED COMPANY,1,0,0
166,In what organization does Siddarth Bansal work?,"CITIBANK, N.A.",1,0,0
166,In what organization does Simon Williams work?,STANDARD CHARTERED BANK,1,0,0
166,In what organization does Sudip Kumar Ghatak work?,BANK OF BARODA,1,0,0
166,In what organization does Suguru Hattori work?,"THE BANK OF TOKYO-MITSUBISHI UFJ, LTD.",1,0,0
166,In what organization does Valdeep Singh work?,STANDARD CHARTERED BANK,1,0,0
166,In what organization does Vikashh Mehta work?,ICICI BANK UK PLC,1,0,0
166,Who is the representative of AUSTRALIA AND NEW ZEALAND BANKING GROUP LIMITED?,Carl Roberts,1,0,0
166,Who is the representative of NOVELIS MEA LTD?,Chirag Shah,1,0,0
166,Who is the representative of BARCLAYS BANK PLC?,Mark Pope,1,0,0
166,Who is the representative of STATE BANK OF INDIA?,R. Srinivasa Sekaran,1,0,0
166,Who is the representative of ICICI Bank Limited?,Sanjay Jha,1,0,0
166,Who is the representative of NOVELIS ALUMINIUM HOLDING UNLIMITED COMPANY?,Shannon Curran,1,0,0
166,"Who is the representative of CITIBANK, N.A.?",Siddarth Bansal,1,0,0
166,Who is the representative of BANK OF BARODA?,Sudip Kumar Ghatak,1,0,0
166,"Who is the representative of THE BANK OF TOKYO-MITSUBISHI UFJ, LTD.?",Suguru Hattori,1,0,0
166,What is the location of AV METALS INC.?,"Two Alliance Center, 3560 Lenox Road, Suite 2000, Atlanta, GA 30326, USA",1,0,0
166,What is the location of NOVELIS INC.?,"Two Alliance Center, 3560 Lenox Road, Suite 2000, Atlanta, GA 30326, USA",1,0,0
166,"What is the location of Skadden, Arps, Slate, Meagher %26 Flom LLP?","4 Times SquareNew York, New York 10036",1,0,0
166,What is the location of Standard Chartered Bank?,"1 Basinghall Avenue, London EC2V 5DD",1,0,0
166,What is the location of Torys LLP?,"1114 Avenue of the Americas, 23rd FloorNew York, New York 10036",1,0,0
166,What is the location of BANK OF BARODA?,Dubai UAE,1,0,0
166,What is the location of NOVELIS ALUMINIUM HOLDING UNLIMITED COMPANY?,"3560 Lenox Road, Suite 2000, Atlanta, GA 30326",1,0,0
166,"Which company is associated with 1114 Avenue of the Americas, 23rd FloorNew York, New York 10036?",Torys LLP,1,0,0
166,"Which company is associated with 1 Basinghall Avenue, London EC2V 5DD?",Standard Chartered Bank,1,0,0
166,"Which company is associated with 3560 Lenox Road, Suite 2000, Atlanta, GA 30326?",NOVELIS ALUMINIUM HOLDING UNLIMITED COMPANY,1,0,0
166,"Which company is associated with 4 Times SquareNew York, New York 10036?","Skadden, Arps, Slate, Meagher %26 Flom LLP",1,0,0
166,Which company is associated with Dubai UAE?,BANK OF BARODA,1,0,0
166,What type of location is England?,registered office,1,0,0
166,What type of location is Dubai UAE?,Zonal office,1,0,0
166,"What type of location is Two Alliance Center, 3560 Lenox Road, Suite 2000, Atlanta, GA 30326, USA?",corporate office,1,0,0
166,What is the role of 4260848 CANADA INC. in the agreement?,Guarantor,1,0,0
166,What is the role of 4260856 CANADA INC. in the agreement?,Guarantor,1,0,0
166,What is the role of 8018227 CANADA INC. in the agreement?,Guarantor,1,0,0
166,What is the role of AV METALS INC in the agreement?,Holdings,1,0,0
166,What is the role of CITIGROUP GLOBAL MARKETS ASIA LIMITED in the agreement?,Bookrunners,1,0,0
166,"What is the role of ING BANK N.V., SINGAPORE BRANCH in the agreement?",Bookrunners,1,0,0
166,What is the role of NOVELIS ACQUISITIONS LLC in the agreement?,Guarantor,1,0,0
166,What is the role of NOVELIS AG in the agreement?,Guarantor,1,0,0
166,What is the role of NOVELIS DEUTSCHLAND GMBH in the agreement?,Guarantor,1,0,0
166,What is the role of NOVELIS DO BRASIL LTDA. in the agreement?,Guarantor,1,0,0
166,What is the role of NOVELIS EUROPE HOLDINGS LIMITED. in the agreement?,Guarantor,1,0,0
166,"What is the role of NOVELIS GLOBAL EMPLOYMENT ORGANIZATION, INC. in the agreement?",Guarantor,1,0,0
166,What is the role of NOVELIS HOLDINGS INC. in the agreement?,Guarantor,1,0,0
166,What is the role of NOVELIS INC in the agreement?,Borrower,1,0,0
166,"What is the role of NOVELIS PAE S.A.S., in the agreement?",Guarantor,1,0,0
166,What is the role of NOVELIS SERVICES LIMITED in the agreement?,Guarantor,1,0,0
166,What is the role of NOVELIS SHEET INGOT GMBH in the agreement?,Guarantor,1,0,0
166,What is the role of NOVELIS SOUTH AMERICA HOLDINGS LLC in the agreement?,Guarantor,1,0,0
166,What is the role of NOVELIS SWITZERLAND SA in the agreement?,Guarantor,1,0,0
166,What is the role of NOVELIS UK LTD in the agreement?,Guarantor,1,0,0
166,"What is the role of CITIBANK, N.A. in the agreement?",Lender,1,0,0
166,What is the role of ICICI Bank Limited in the agreement?,Lender,1,0,0
166,What is the role of NOVELIS INC. in the agreement?,Borrower,1,0,0
166,What is the role of NOVELIS MEA LTD in the agreement?,Guarantor,1,0,0
166,What is the role of ICICI BANK UK PLC in the agreement?,Lender,1,0,0
166,What is the role of ING BANK N.V. in the agreement?,Lender,1,0,0
166,What is the role of NOVELIS ALUMINIUM HOLDING UNLIMITED COMPANY in the agreement?,Guarantor,1,0,0
166,What company is the Mortgagor in the agreement?,NOVELIS CORPORATION,1,0,0
67,What is the position of Dennis M. Lanfear?,CEO,1,0,0
67,What is the position of Michael Fleming?,President,1,0,0
67,In what organization does Benjamin Potter work?,Latham %26 Watkins LLP,1,0,0
67,In what organization does Dennis M. Lanfear work?,"COHERUS BIOSCIENCES, INC.",1,0,0
67,In what organization does Geoffrey E. Secol work?,Akin Gump Strauss Hauer %26 Feld LLP,1,0,0
67,In what organization does McDavid Stilwell work?,"COHERUS BIOSCIENCES, INC.",1,0,0
67,In what organization does Michael Fleming work?,INTEKRIN THERAPEUTICS INC.,1,0,0
67,Who is the representative of Latham %26 Watkins LLP?,Benjamin Potter,1,0,0
67,Who is the representative of Akin Gump Strauss Hauer %26 Feld LLP?,Geoffrey E. Secol,1,0,0
67,Who is the representative of INTEKRIN THERAPEUTICS INC.?,Michael Fleming,1,0,0
67,Who is the representative of BIOPHARMA CREDIT PLC?,Pedro Gonzalez de Cosio,1,0,0
67,Who is the representative of Pharmakon Advisors LP?,Pedro Gonzalez de Cosio,1,0,0
67,What is the location of BioPharma Credit PLC?,51 New North Road,1,0,0
67,What is the location of Akin Gump Strauss Hauer %26 Feld LLP?,"One Bryant ParkNew York, NY 10036-6745",1,0,0
67,What is the location of Latham %26 Watkins LLP?,"140 Scott DriveMenlo Park, CA 94025",1,0,0
67,What is the location of Pharmakon Advisors LP?,"110 East 59th Street, %233300New York, NY 10022",1,0,0
67,"Which company is associated with 110 East 59th Street, %233300New York, NY 10022?",Pharmakon Advisors LP,1,0,0
67,"Which company is associated with 140 Scott DriveMenlo Park, CA 94025?",Latham %26 Watkins LLP,1,0,0
67,Which company is associated with 51 New North Road?,BioPharma Credit PLC,1,0,0
67,"Which company is associated with One Bryant ParkNew York, NY 10036-6745?",Akin Gump Strauss Hauer %26 Feld LLP,1,0,0
67,What is the role of BIOPHARMA CREDIT INVESTMENTS V %28MASTER%29 LP in the agreement?,Lender,1,0,0
67,What is the role of BPCR LIMITED PARTNERSHIP in the agreement?,Lender,1,0,0
67,"What is the role of Coherus Biosciences, Inc. in the agreement?",Issuer,1,0,0
67,"What is the role of HealthCare Royalty Partners III, L.P. in the agreement?",Investor,1,0,0
67,What is the role of KKR Biosimilar L.P. in the agreement?,Investor,1,0,0
67,"What is the role of KMG Capital Partners, LLC in the agreement?",Investor,1,0,0
67,What is the role of MX II Associates LLC in the agreement?,Investor,1,0,0
67,What is the role of Latham %26 Watkins LLP in the agreement?,legal counsel,1,0,0
67,What company is the Issuer in the agreement?,"Coherus Biosciences, Inc.",1,0,0
67,What company is the Agent in the agreement?,BIOPHARMA CREDIT PLC,1,0,0
67,What company is the Borrower in the agreement?,"COHERUS BIOSCIENCES, INC.",1,0,0
67,What company is the Credit Party in the agreement?,"COHERUS BIOSCIENCES, INC.",1,0,0
67,What company is the Legal Counsel in the agreement?,Latham %26 Watkins LLP,1,0,0
73,What is the position of Benjamin Souh?,Vice President,1,0,0
73,What is the position of J. David Izard.?,Vice President,1,0,0
73,What is the position of Lindsey McGraw?,Director,1,0,0
73,What is the position of Michael Chanin?,Vice President,1,0,0
73,What is the position of Michael Pelletier?,Senior Vice President,1,0,0
73,What is the position of Christopher M. Aitkin?,Assistant Vice President,1,0,0
73,What is the position of Clifford Abramsky?,Managing Director,1,0,0
73,What is the position of Don B. Pinzon?,Vice President,1,0,0
73,What is the position of Karim Rahimtoola?,Authorized Signatory,1,0,0
73,What is the position of Marcus Edward?,Managing Director,1,0,0
73,What is the position of Marie F. Harrison?,Vice President,1,0,0
73,What is the position of Ola Anderssen?,Director,1,0,0
73,What is the position of Peter Cucchiara?,Vice President,1,0,0
73,"What is the position of Srbui Seferian, CFA.?",Director,1,0,0
73,"What is the position of Thomas C. King, Jr.?",Managing Director,1,0,0
73,What is the position of Thomas E. Carter?,Chief Financial Officer,1,0,0
73,What is the position of Vipul Dhadda?,Authorized Signatory,1,0,0
73,In what organization does Benjamin Souh work?,DEUTSCHE BANK SECURITIES INC,1,0,0
73,In what organization does J. David Izard. work?,FIFTH THIRD BANK,1,0,0
73,In what organization does Lindsey McGraw work?,"WELLS FARGO SECURITIES, LLC",1,0,0
73,In what organization does Michael Chanin work?,FIFTH THIRD BANK,1,0,0
73,In what organization does Michael Pelletier work?,"Raymond James Bank, N.A.",1,0,0
73,In what organization does Christopher M. Aitkin work?,BARCLAYS BANK PLC,1,0,0
73,In what organization does Clifford Abramsky work?,"Cr%C3%A9dit Industriel et Commercial, New York Bank",1,0,0
73,In what organization does Don B. Pinzon work?,DEUTSCHE BANK SECURITIES INC,1,0,0
73,In what organization does Karim Rahimtoola work?,CREDIT SUISSE SECURITIES %28USA%29 LLC,1,0,0
73,In what organization does Marcus Edward work?,"Cr%C3%A9dit Industriel et Commercial, New York Bank",1,0,0
73,In what organization does Marie F. Harrison work?,DEUTSCHE BANK SECURITIES INC,1,0,0
73,In what organization does Ola Anderssen work?,"THE BANK OF TOKYO-MITSUBISHI UFJ, LTD",1,0,0
73,In what organization does Peter Cucchiara work?,DEUTSCHE BANK SECURITIES INC,1,0,0
73,"In what organization does Srbui Seferian, CFA. work?","THE BANK OF TOKYO-MITSUBISHI UFJ, LTD",1,0,0
73,"In what organization does Thomas C. King, Jr. work?",CAPITAL ONE,1,0,0
73,In what organization does Thomas E. Carter work?,"NEXSTAR MEDIA GROUP, INC.",1,0,0
73,In what organization does Vipul Dhadda work?,CREDIT SUISSE SECURITIES %28USA%29 LLC,1,0,0
73,"Who is the representative of WELLS FARGO SECURITIES, LLC?",Lindsey McGraw,1,0,0
73,"Who is the representative of Raymond James Bank, N.A.?",Michael Pelletier,1,0,0
73,Who is the representative of BARCLAYS BANK PLC?,Christopher M. Aitkin,1,0,0
73,Who is the representative of CAPITAL ONE?,"Thomas C. King, Jr.",1,0,0
73,"Who is the representative of NEXSTAR MEDIA GROUP, INC.?",Thomas E. Carter,1,0,0
73,"What is the role of CITIZENS BANK, NATIONAL ASSOCIATION in the agreement?",Co-Managers,1,0,0
73,"What is the role of NEXSTAR BROADCASTING, INC. in the agreement?",Borrower,1,0,0
73,What is the role of CAPITAL ONE in the agreement?,Co-Managers,1,0,0
73,"What is the role of NEXSTAR MEDIA GROUP, INC. in the agreement?",Holding Company,1,0,0
73,"What is the role of Raymond James Bank, N.A. in the agreement?",Lender,1,0,0
73,"What is the role of Cr%C3%A9dit Industriel et Commercial, New York Bank in the agreement?",Lender,1,0,0
73,What is the role of FIFTH THIRD BANK in the agreement?,Co-Managers,1,0,0
73,"What is the role of THE BANK OF TOKYO-MITSUBISHI UFJ, LTD in the agreement?",Co-Managers,1,0,0
73,What company is the L%2Fc Issuer in the agreement?,BANK OF AMERICA,1,0,0
73,What company is the Administrative Agent in the agreement?,BANK OF AMERICA,1,0,0
73,What company is the Collateral Agent in the agreement?,BANK OF AMERICA,1,0,0
73,What company is the Swing Line Lender in the agreement?,BANK OF AMERICA,1,0,0
73,What company is the Borrower in the agreement?,"NEXSTAR BROADCASTING, INC.",1,0,0
73,What company is the Holding Company in the agreement?,"NEXSTAR MEDIA GROUP, INC.",1,0,0
9,What is the position of Ann E. Sutton?,Director,1,0,0
9,What is the position of Brian D. Williams?,Authorised Signatory,1,0,0
9,What is the position of Eric Searls?,Senior Vice President,1,0,0
9,What is the position of James Disher?,Authorized Signatory,1,0,0
9,What is the position of Jonathan M. Phillips?,Senior Vice President,1,0,0
9,What is the position of Mark Walton?,Authorized Signatory,1,0,0
9,What is the position of Mikhail Faybusovich?,Director,1,0,0
9,What is the position of Peter Predun?,Executive Director,1,0,0
9,What is the position of Raymond G. Dunning?,Vice President,1,0,0
9,What is the position of Wei-Jen Yuan?,Associate,1,0,0
9,In what organization does Ann E. Sutton work?,BARCLAYS BANK PLC,1,0,0
9,In what organization does Brian D. Williams work?,THE ROYAL BANK OF SCOTLAND plc,1,0,0
9,In what organization does Denise R. Cade work?,"SUNCOKE ENERGY PARTNERS, L.P.",1,0,0
9,In what organization does Eric Searls work?,"SUNCOKE ENERGY PARTNERS, L.P.",1,0,0
9,In what organization does Ido Yehuda work?,"JPMORGAN CHASE BANK, N.A.",1,0,0
9,In what organization does James Disher work?,ROYAL BANK OF CANADA,1,0,0
9,In what organization does Jonathan M. Phillips work?,"SUNCOKE ENERGY PARTNERS, L.P.",1,0,0
9,In what organization does Mark Walton work?,ROYAL BANK OF CANADA,1,0,0
9,In what organization does Mikhail Faybusovich work?,BARCLAYS BANK PLC,1,0,0
9,In what organization does Peter Predun work?,"JPMORGAN CHASE BANK, N.A.",1,0,0
9,In what organization does Raymond G. Dunning work?,"CITIBANK, N.A.",1,0,0
9,In what organization does Wei-Jen Yuan work?,"CREDIT SUISSE AG, CAYMAN ISLANDS BRANCH",1,0,0
9,Who is the representative of THE ROYAL BANK OF SCOTLAND plc?,Brian D. Williams,1,0,0
9,"Who is the representative of CITIBANK, N.A.?",Raymond G. Dunning,1,0,0
9,"Who is the representative of CREDIT SUISSE AG, CAYMAN ISLANDS BRANCH?",Wei-Jen Yuan,1,0,0
9,Who is the representative of MIDDLETOWN COGENERATION COMPANY LLC?,Mark E. Newman,1,0,0
9,"Which company is associated with 1011 Warrenville Road%09  %09  %09Suite 600%09  %09  %09Lisle, IL 60532?","SUNCOKE ENERGY PARTNERS, L.P.",1,0,0
9,"Which company is associated with 500 Stanton Christiana Road, Ops 2, Floor 3%09  %09  %09Newark, Delaware 19713-2107?","SUNCOKE ENERGY PARTNERS, L.P.",1,0,0
9,What is the role of HAVERHILL COGENERATION COMPANY LLC in the agreement?,Borrower,1,0,0
9,What is the role of HAVERHILL COKE COMPANY LLC in the agreement?,Borrower,1,0,0
9,"What is the role of MIDDLETOWN COKE COMPANY, LLC in the agreement?",Borrower,1,0,0
9,What is the role of MIDDLETOWN COGENERATION COMPANY LLC in the agreement?,Borrower,1,0,0
9,"What is the role of SUNCOKE ENERGY PARTNERS, L.P. in the agreement?",Borrower,1,0,0
59,In what organization does Brian A. Valentine work?,"The Andersons, Inc.",1,0,0
59,In what organization does Robert Graves work?,Jones Day,1,0,0
59,"Who is the representative of The Andersons, Inc.?",Brian A. Valentine,1,0,0
59,Who is the representative of Jones Day?,Robert Graves,1,0,0
59,What is the location of Sidley Austin LLP?,"One South Dearborn, Chicago, Illinois 60603",1,0,0
59,What is the location of Jones Day?,"77 W. Wacker Drive, Chicago, Illinois 60601",1,0,0
59,"Which company is associated with 77 W. Wacker Drive, Chicago, Illinois 60601?",Jones Day,1,0,0
59,"Which company is associated with One South Dearborn, Chicago, Illinois 60603?",Sidley Austin LLP,1,0,0
59,What is the role of ABN AMRO Capital USA LLC in the agreement?,Arrangers,1,0,0
59,What is the role of BMO Harris Bank N.A in the agreement?,Arrangers,1,0,0
59,"What is the role of Farm Credit Mid-America, PCA in the agreement?",Arrangers,1,0,0
59,"What is the role of Merrill Lynch, Pierce, Fenner %26 Smith Incorporated in the agreement?",Arrangers,1,0,0
59,What is the role of U.S. Bank National Association in the agreement?,LC Issuer,1,0,0
59,What is the role of Sidley Austin LLP in the agreement?,legal counsel,1,0,0
59,"What is the role of The Andersons, Inc. in the agreement?",Borrower,1,0,0
59,What is the role of Jones Day in the agreement?,legal counsel,1,0,0
59,What company is the Agent in the agreement?,U.S. BANK NATIONAL ASSOCIATION,1,0,0
59,What company is the Lc Issuer in the agreement?,U.S. Bank National Association,1,0,0
59,What company is the Borrower in the agreement?,"The Andersons, Inc.",1,0,0
65,What is the position of Andrew Griffin?,Authorized Signatory,1,0,0
65,What is the position of Brian D. Corum?,Managing Director,1,0,0
65,What is the position of Frank McCormack?,SVP,1,0,0
65,What is the position of Lise Hinton?,Senior Vice President,1,0,0
65,What is the position of Mario C. Kontomerkos?,Chief Executive Officer,1,0,0
65,What is the position of Matthew J. Bradley?,Senior Vice President,1,0,0
65,What is the position of Philip Tancorra?,Vice President,1,0,0
65,What is the position of Sean McWhinnie?,Director,1,0,0
65,What is the position of Thomas Manning?,Authorized Signatory,1,0,0
65,What is the position of Whitney Gaston?,Authorized Signatory,1,0,0
65,What is the position of Yumi Okabe?,Vice President,1,0,0
65,In what organization does Andrew Griffin work?,GOLDMAN SACHS BANK USA,1,0,0
65,In what organization does Brian D. Corum work?,"BANK OF AMERICA, N.A.",1,0,0
65,In what organization does Frank McCormack work?,TRUIST BANK,1,0,0
65,In what organization does Lise Hinton work?,FIFTH THIRD BANK,1,0,0
65,In what organization does Mario C. Kontomerkos work?,MOHEGAN TRIBAL GAMING AUTHORITY,1,0,0
65,In what organization does Matthew J. Bradley work?,FIFTH THIRD BANK,1,0,0
65,In what organization does Philip Tancorra work?,DEUTSCHE BANK AG NEW YORK BRANCH,1,0,0
65,In what organization does Sean McWhinnie work?,"CITIZENS BANK, N.A.",1,0,0
65,In what organization does Thomas Manning work?,GOLDMAN SACHS BANK USA,1,0,0
65,In what organization does Whitney Gaston work?,GOLDMAN SACHS BANK USA,1,0,0
65,In what organization does Yumi Okabe work?,DEUTSCHE BANK AG NEW YORK BRANCH,1,0,0
65,"Who is the representative of BANK OF AMERICA, N.A.?",Brian D. Corum,1,0,0
65,Who is the representative of TRUIST BANK?,Frank McCormack,1,0,0
65,Who is the representative of MOHEGAN TRIBAL GAMING AUTHORITY?,Mario C. Kontomerkos,1,0,0
65,"Who is the representative of CITIZENS BANK, N.A.?",Sean McWhinnie,1,0,0
65,"What is the role of Mohegan Expo Center, LLC in the agreement?",Subsidiary,1,0,0
65,"What is the role of Mohegan Gaming Advisors, LLC in the agreement?",Subsidiary,1,0,0
65,"What is the role of Tribe, Faegre Drinker Biddle %26 Reath LLP in the agreement?",legal counsel,1,0,0
65,"What is the role of Tribe, Rosenn, Jenkins %26 Greenwald LLP in the agreement?",legal counsel,1,0,0
65,What is the role of MOHEGAN TRIBAL GAMING AUTHORITY in the agreement?,Borrower,1,0,0
65,What company is the Trustee in the agreement?,Citizens Bank,1,0,0
65,What company is the Issuer in the agreement?,"CITIZENS BANK, N.A.",1,0,0
65,What company is the Agent in the agreement?,"CITIZENS BANK, N.A.",1,0,0
65,What company is the Borrower in the agreement?,MOHEGAN TRIBAL GAMING AUTHORITY,1,0,0
71,What is the position of Henry Pennell?,Vice President,1,0,0
71,What is the position of Ryan Maples?,Sr. Vice President,1,0,0
71,In what organization does Henry Pennell work?,BANK OF AMERICA,1,0,0
71,In what organization does Paul M. Todd work?,"TOTAL SYSTEM SERVICES, INC",1,0,0
71,In what organization does Ryan Maples work?,BANK OF AMERICA MERRILL LYNCH,1,0,0
71,Who is the representative of BANK OF AMERICA?,Henry Pennell,1,0,0
71,"Who is the representative of TOTAL SYSTEM SERVICES, INC?",Paul M. Todd,1,0,0
71,Who is the representative of BANK OF AMERICA MERRILL LYNCH?,Ryan Maples,1,0,0
71,"What is the role of Alston %26 Bird LLP, in the agreement?",counsel to the Borrower,1,0,0
71,What is the role of BANK OF AMERICA in the agreement?,Administrative Agent,1,0,0
71,"What is the role of TOTAL SYSTEM SERVICES, INC in the agreement?",Borrower,1,0,0
71,What company is the Counsel To The Borrower in the agreement?,"Alston %26 Bird LLP,",1,0,0
71,What company is the Administrative Agent in the agreement?,BANK OF AMERICA,1,0,0
71,What company is the Bookrunner in the agreement?,BANK OF AMERICA MERRILL LYNCH,1,0,0
71,What company is the Arranger in the agreement?,BANK OF AMERICA MERRILL LYNCH,1,0,0
71,What company is the Borrower in the agreement?,"TOTAL SYSTEM SERVICES, INC",1,0,0
164,What is the position of Adam Hensley?,Vice President,1,0,0
164,What is the position of Alex Harrison?,Vice President,1,0,0
164,What is the position of Hideo Core?,Director,1,0,0
164,What is the position of Jess Adams?,Vice President,1,0,0
164,What is the position of Kevin Williams?,CFO,1,0,0
164,What is the position of Marty McDonald?,Vice President,1,0,0
164,What is the position of Richard C. Griffin Jr.?,Relationship Manager,1,0,0
164,What is the position of Richard Winesburg?,Loan Manager,1,0,0
164,What is the position of Tyler Tirpak?,Officer,1,0,0
164,In what organization does Adam Hensley work?,UMB BANK N.A.,1,0,0
164,In what organization does Alex Harrison work?,UMB BANK N.A.,1,0,0
164,In what organization does Hideo Core work?,FIFTH THIRD BANK,1,0,0
164,In what organization does Jess Adams work?,UMB BANK N.A.,1,0,0
164,In what organization does Kevin Williams work?,"JACK HENRY %26 ASSOCIATES, INC.",1,0,0
164,In what organization does Marty McDonald work?,UMB BANK N.A.,1,0,0
164,In what organization does Richard C. Griffin Jr. work?,COMERICA BANK,1,0,0
164,In what organization does Richard Winesburg work?,ARVEST BANK,1,0,0
164,In what organization does Tyler Tirpak work?,REGIONS BANK,1,0,0
164,Who is the representative of FIFTH THIRD BANK?,Hideo Core,1,0,0
164,"Who is the representative of JACK HENRY %26 ASSOCIATES, INC.?",Kevin Williams,1,0,0
164,Who is the representative of COMERICA BANK?,Richard C. Griffin Jr.,1,0,0
164,Who is the representative of ARVEST BANK?,Richard Winesburg,1,0,0
164,Who is the representative of REGIONS BANK?,Tyler Tirpak,1,0,0
164,What is the role of COMMERCE BANK in the agreement?,Lender,1,0,0
164,What is the role of REGIONS CAPITAL MARKETS in the agreement?,JOINT BOOK RUNNERS,1,0,0
164,What is the role of ARVEST BANK in the agreement?,Lender,1,0,0
164,What is the role of COMERICA BANK in the agreement?,Lender,1,0,0
164,What is the role of FIFTH THIRD BANK in the agreement?,Lender,1,0,0
164,"What is the role of JACK HENRY %26 ASSOCIATES, INC. in the agreement?",THE LENDERS,1,0,0
164,What company is the Administrative Agent in the agreement?,U.S. BANK NATIONAL ASSOCIATION,1,0,0
164,What company is the Lc Issuer in the agreement?,U.S. BANK NATIONAL ASSOCIATION,1,0,0
164,What company is the Lead Arrangers in the agreement?,"SUNTRUST ROBINSON HUMPHREY, INC",1,0,0
164,What company is the The Lenders in the agreement?,"JACK HENRY %26 ASSOCIATES, INC.",1,0,0
170,What is the position of Diane Emanuel?,Managing Director,1,0,0
170,What is the position of Gillian Dickson?,Executive Director,1,0,0
170,What is the position of Jason Fuqua?,Vice President,1,0,0
170,What is the position of Mark D. Rodgers?,Assistant Vice President,1,0,0
170,What is the position of Matthew Gregg?,Vice President,1,0,0
170,What is the position of Michael Vondriska?,Vice President,1,0,0
170,What is the position of Ronaldo Naval?,Vice President,1,0,0
170,What is the position of Sabrina Hassan?,Vice President,1,0,0
170,What is the position of Susan T. Gallagher?,Managing Director,1,0,0
170,What is the position of Tony Wong?,Vice President,1,0,0
170,In what organization does Alfonso Malave Jr. work?,"BANK OF AMERICA, N.A.",1,0,0
170,In what organization does Christine Howatt work?,"THE BANK OF TOKYO-MITSUBISHI UFJ, LTD.",1,0,0
170,In what organization does Diane Emanuel work?,THE BANK OF NOVA SCOTIA,1,0,0
170,In what organization does Gillian Dickson work?,"COOPERATIEVE CENTRALE RAIFFEISEN-BOERENLEENBANK B.A., %E2%80%9CRABOBANK NEDERLAND%E2%80%9D NEW YORK BRANCH",1,0,0
170,In what organization does Jason Fuqua work?,"JPMORGAN CHASE BANK, N.A.",1,0,0
170,In what organization does Kelly Chin work?,"MORGAN STANLEY BANK , N.A.",1,0,0
170,In what organization does Mark D. Rodgers work?,U.S. BANK NATIONAL ASSOCIATION,1,0,0
170,In what organization does Mark Walton work?,GOLDMAN SACHS BANK USA,1,0,0
170,In what organization does Matthew Gregg work?,"JPMORGAN CHASE BANK, N.A.",1,0,0
170,In what organization does Michael L. Wetherell work?,"BANK OF AMERICA, N.A.",1,0,0
170,In what organization does Michael Vondriska work?,"JPMORGAN CHASE BANK, N.A.",1,0,0
170,In what organization does Richard Lautch work?,STARBUCKS CORPORATION,1,0,0
170,In what organization does Ronaldo Naval work?,"JPMORGAN CHASE BANK, N.A.",1,0,0
170,In what organization does Sabrina Hassan work?,"JPMORGAN CHASE BANK, N.A.",1,0,0
170,In what organization does Susan T. Gallagher work?,THE BANK OF NOVA SCOTIA,1,0,0
170,In what organization does Tony Wong work?,"JPMORGAN CHASE BANK, N.A.",1,0,0
170,"Who is the representative of THE BANK OF TOKYO-MITSUBISHI UFJ, LTD.?",Christine Howatt,1,0,0
170,"Who is the representative of COOPERATIEVE CENTRALE RAIFFEISEN-BOERENLEENBANK B.A., %E2%80%9CRABOBANK NEDERLAND%E2%80%9D NEW YORK BRANCH?",Gillian Dickson,1,0,0
170,"Who is the representative of MORGAN STANLEY BANK , N.A.?",Kelly Chin,1,0,0
170,Who is the representative of U.S. BANK NATIONAL ASSOCIATION?,Mark D. Rodgers,1,0,0
170,Who is the representative of GOLDMAN SACHS BANK USA?,Mark Walton,1,0,0
170,Who is the representative of STARBUCKS CORPORATION?,Richard Lautch,1,0,0
170,"What is the location of BANK OF AMERICA, N.A.?","101 North Tryon StreetMail Code%3A NC1-001-05-46Charlotte, North Carolina 28255-0001",1,0,0
170,"Which company is associated with 101 North Tryon StreetMail Code%3A NC1-001-05-46Charlotte, North Carolina 28255-0001?","BANK OF AMERICA, N.A.",1,0,0
170,What is the role of STARBUCKS CORPORATION in the agreement?,Borrower,1,0,0
170,What company is the Swing Line Lender in the agreement?,BANK OF AMERICA,1,0,0
170,What company is the Administrative Agent in the agreement?,BANK OF AMERICA,1,0,0
170,What company is the Borrower in the agreement?,STARBUCKS CORPORATION,1,0,0
170,What company is the L%2Fc Issuer in the agreement?,"BANK OF AMERICA, N.A.",1,0,0
158,What is the position of Adam Rose?,SVP,1,0,0
158,What is the position of Barrett Garrison?,Chief Financial Officer,1,0,0
158,In what organization does Adam Rose work?,"BANK OF AMERICA, N.A.",1,0,0
158,In what organization does Barrett Garrison work?,"MOBILE POSSE, INC.",1,0,0
158,"Who is the representative of BANK OF AMERICA, N.A.?",Adam Rose,1,0,0
158,"Who is the representative of MOBILE POSSE, INC.?",Barrett Garrison,1,0,0
158,"What is the role of DIGITAL TURBINE, INC in the agreement?",Borrowers,1,0,0
158,"What is the role of DIGITAL TURBINE MEDIA, INC in the agreement?",Borrowers,1,0,0
158,"What is the role of DIGITAL TURBINE USA, INC. in the agreement?",Borrowers,1,0,0
158,What is the role of DT Media in the agreement?,Borrower,1,0,0
158,"What is the role of BANK OF AMERICA, N.A. in the agreement?",Lender,1,0,0
158,What company is the Swingline Lender in the agreement?,"BANK OF AMERICA, N.A.,",1,0,0
158,What company is the L%2Fc Issuer in the agreement?,"BANK OF AMERICA, N.A.,",1,0,0
158,What company is the Administrative Agent in the agreement?,"BANK OF AMERICA, N.A.,",1,0,0
158,What company is the Bookrunner in the agreement?,"BOFA SECURITIES, INC.,",1,0,0
158,What company is the Lead Arranger in the agreement?,"BOFA SECURITIES, INC.,",1,0,0
158,What company is the Borrower in the agreement?,DT Media,1,0,0
158,What company is the Lender in the agreement?,"BANK OF AMERICA, N.A.",1,0,0
159,What is the position of Cory E. Gilbert?,Chief Accounting Officer,1,0,0
159,What is the position of Jon C. Warn?,Vice President,1,0,0
159,In what organization does Cory E. Gilbert work?,"MSC INCOME FUND, INC",1,0,0
159,In what organization does James Greenfield work?,JPMORGAN CHASE BANK,1,0,0
159,In what organization does Jon C. Warn work?,U.S. BANK NATIONAL ASSOCIATION,1,0,0
159,"Who is the representative of MSC INCOME FUND, INC?",Cory E. Gilbert,1,0,0
159,Who is the representative of JPMORGAN CHASE BANK?,James Greenfield,1,0,0
159,Who is the representative of U.S. BANK NATIONAL ASSOCIATION?,Jon C. Warn,1,0,0
159,"What is the role of MSC INCOME FUND, INC. in the agreement?",Portfolio Manager,1,0,0
159,What company is the Borrower in the agreement?,"MSIF FUNDING, LLC",1,0,0
159,What company is the Lenders in the agreement?,"MSIF FUNDING, LLC",1,0,0
159,What company is the Company in the agreement?,"MSIF FUNDING, LLC,",1,0,0
159,What company is the Lender in the agreement?,JPMORGAN CHASE BANK,1,0,0
159,What company is the Administrative Agent in the agreement?,JPMORGAN CHASE BANK,1,0,0
159,What company is the Securities Intermediary in the agreement?,U.S. BANK NATIONAL ASSOCIATION,1,0,0
159,What company is the Collateral Administrator in the agreement?,U.S. BANK NATIONAL ASSOCIATION,1,0,0
159,What company is the Collateral Agent in the agreement?,U.S. BANK NATIONAL ASSOCIATION,1,0,0
165,What is the position of Annie Carr?,Authorized Signatory,1,0,0
165,What is the position of Bridgett J. Manduk Mowry?,Vice President,1,0,0
165,What is the position of Brigitte M. Sinclair?,Vice President,1,0,0
165,What is the position of Charles Shaw?,Authorized Signatory,1,0,0
165,What is the position of Christopher Aitkin?,Assistant Vice President,1,0,0
165,What is the position of Fik Durmus?,Senior Vice President,1,0,0
165,What is the position of Gordon MacArthur?,Authorized Signatory,1,0,0
165,What is the position of J. Casey Cosgrove?,Director,1,0,0
165,What is the position of Ole Koppang?,Director,1,0,0
165,What is the position of Pacella Lehane?,Vice President,1,0,0
165,What is the position of Peter Duncan?,Managing Director,1,0,0
165,What is the position of Ryan Zimmerman?,Vice President,1,0,0
165,What is the position of Sangeeta Shah?,Director,1,0,0
165,What is the position of Tesha Winslow?,Director,1,0,0
165,What is the position of Tony Young?,Executive Director,1,0,0
165,What is the position of Tracy Rahn?,Authorized Signatory,1,0,0
165,In what organization does Annie Carr work?,ROYAL BANK OF CANADA,1,0,0
165,In what organization does Bridgett J. Manduk Mowry work?,"COOPERATIEVE RABOBANK U.A., NEW YORK BRANCH",1,0,0
165,In what organization does Brigitte M. Sinclair work?,"COOPERATIEVE RABOBANK U.A., NEW YORK BRANCH",1,0,0
165,In what organization does Charles Shaw work?,ROYAL BANK OF CANADA,1,0,0
165,In what organization does Christopher Aitkin work?,BARCLAYS BANK PLC,1,0,0
165,In what organization does Colleen Batcheler work?,"CONAGRA BRANDS, INC",1,0,0
165,In what organization does Fik Durmus work?,"HSBC BANK USA, N.A",1,0,0
165,In what organization does Gordon MacArthur work?,ROYAL BANK OF CANADA,1,0,0
165,In what organization does J. Casey Cosgrove work?,SUNTRUST BANK,1,0,0
165,In what organization does Johan Nystedt work?,"CONAGRA BRANDS, INC",1,0,0
165,In what organization does Ole Koppang work?,SUNTRUST BANK,1,0,0
165,In what organization does Pacella Lehane work?,"COOPERATIEVE RABOBANK U.A., NEW YORK BRANCH",1,0,0
165,In what organization does Peter Duncan work?,"COOPERATIEVE RABOBANK U.A., NEW YORK BRANCH",1,0,0
165,In what organization does Ryan Zimmerman work?,"COOPERATIEVE RABOBANK U.A., NEW YORK BRANCH",1,0,0
165,In what organization does Sangeeta Shah work?,SUNTRUST BANK,1,0,0
165,In what organization does Tesha Winslow work?,SUNTRUST BANK,1,0,0
165,In what organization does Tony Young work?,"JPMORGAN CHASE BANK, N.A",1,0,0
165,In what organization does Tracy Rahn work?,ROYAL BANK OF CANADA,1,0,0
165,Who is the representative of BARCLAYS BANK PLC?,Christopher Aitkin,1,0,0
165,"Who is the representative of HSBC BANK USA, N.A?",Fik Durmus,1,0,0
165,"Who is the representative of JPMORGAN CHASE BANK, N.A?",Tony Young,1,0,0
165,"What is the location of MIZUHO BANK, LTD.?","Mizuho Bank, Ltd.1800 Plaza TenHarborside Financial CenterJersey City State%3A NJ 07311",1,0,0
165,"What is the location of CONAGRA BRANDS, INC?","222 Merchandise Mart Plaza, Suite 1300Chicago, IL 60654",1,0,0
165,"Which company is associated with 222 Merchandise Mart Plaza, Suite 1300Chicago, IL 60654?","CONAGRA BRANDS, INC",1,0,0
165,"Which company is associated with Bank of America, N.A.Bank of America Plaza901 Main StMail Code%3A TX1-492-14-11Dallas, TX, 75202-3714?","BANK OF AMERICA, N.A",1,0,0
165,"Which company is associated with Mail Code%3A CA5-705-04-09555 California Street, 4th FloorSan Francisco, CA 94104?","BANK OF AMERICA, N.A",1,0,0
165,"Which company is associated with Mail Code%3A PA6-580-02-301 Fleet WayScranton, PA 18507?","BANK OF AMERICA, N.A",1,0,0
165,"Which company is associated with Mizuho Bank, Ltd.1800 Plaza TenHarborside Financial CenterJersey City State%3A NJ 07311?","MIZUHO BANK, LTD.",1,0,0
165,"What type of location is Mail Code%3A CA5-705-04-09555 California Street, 4th FloorSan Francisco, CA 94104?",Agency Management,1,0,0
165,What is the role of BANK OF THE WEST in the agreement?,Lender,1,0,0
165,"What is the role of MERRILL LYNCH, PIERCE, FENNER %26 SMITH, INCORPORATEDJPMORGAN CHASE BANK, N.A, in the agreement?",Joint Lead Arrangers,1,0,0
165,What is the role of THE BANK OF NOVA SCOTIA in the agreement?,Lender,1,0,0
165,What is the role of U.S. BANK NATIONAL ASSOCIATION in the agreement?,Lender,1,0,0
165,What is the role of BARCLAYS BANK PLC in the agreement?,Lender,1,0,0
165,"What is the role of HSBC BANK USA, N.A in the agreement?",Lender,1,0,0
165,"What is the role of MIZUHO BANK, LTD. in the agreement?",Lender,1,0,0
165,"What is the role of BANK OF AMERICA, N.A in the agreement?",Administrative Agent,1,0,0
165,What is the role of ROYAL BANK OF CANADA in the agreement?,Lender,1,0,0
165,What is the role of SUNTRUST BANK in the agreement?,Lender,1,0,0
165,"What is the role of COOPERATIEVE RABOBANK U.A., NEW YORK BRANCH in the agreement?",Lender,1,0,0
165,What company is the Administrative Agent in the agreement?,"BANK OF AMERICA, N.A",1,0,0
165,What company is the Joint Lead Arrangers in the agreement?,"MERRILL LYNCH, PIERCE, FENNER %26 SMITH, INCORPORATEDJPMORGAN CHASE BANK, N.A,",1,0,0
165,What company is the Joint Bookrunners in the agreement?,"MIZUHO BANK, LTD",1,0,0
165,What company is the Syndication Agent in the agreement?,"JPMORGAN CHASE BANK, N.A",1,0,0
165,What company is the Company in the agreement?,"CONAGRA BRANDS, INC",1,0,0
165,What company is the Lenders in the agreement?,"CONAGRA BRANDS, INC",1,0,0
70,What is the position of ERIC COHEN?,VICE PRESIDENT,1,0,0
70,What is the position of Richard Butt?,Chief Financial Officer,1,0,0
70,In what organization does ERIC COHEN work?,FIFTH THIRD BANK,1,0,0
70,In what organization does Richard Butt work?,GREENBACKER RENEWABLE ENERGY COMPANY LLC,1,0,0
70,Who is the representative of FIFTH THIRD BANK?,ERIC COHEN,1,0,0
70,Who is the representative of GREENBACKER RENEWABLE ENERGY COMPANY LLC?,Richard Butt,1,0,0
70,What is the location of GREC ENTITY HOLDCO LLC?,"11 East 44th Street, Suite 1200New York, NY 10017",1,0,0
70,What is the location of FIFTH THIRD BANK?,"201 N. Tryon Street, Suite 1700Charlotte, North Carolina 28202",1,0,0
70,"Which company is associated with 11 East 44th Street, Suite 1200New York, NY 10017?",GREC ENTITY HOLDCO LLC,1,0,0
70,"Which company is associated with 201 N. Tryon Street, Suite 1700Charlotte, North Carolina 28202?",FIFTH THIRD BANK,1,0,0
70,"What is the role of Airport Solar I, LLC in the agreement?",Subsidiaries,1,0,0
70,"What is the role of Bloomfield Solar, LLC in the agreement?",Subsidiaries,1,0,0
70,"What is the role of Charter Hill Solar, LLC in the agreement?",Subsidiaries,1,0,0
70,What is the role of City Solar Garden LLC in the agreement?,Subsidiaries,1,0,0
70,"What is the role of ESA Fleet Community Solar, LLC in the agreement?",Subsidiaries,1,0,0
70,"What is the role of Earth Right Energy II, LLC in the agreement?",Subsidiaries,1,0,0
70,What is the role of East to West Solar II LLC in the agreement?,Subsidiaries,1,0,0
70,"What is the role of GLC Chester Community Solar, LLC in the agreement?",Subsidiaries,1,0,0
70,What is the role of GREENBACKER RENEWABLE ENERGY CORPORATION in the agreement?,Intermediate Holdco,1,0,0
70,What is the role of Green Maple II LLC in the agreement?,Subsidiaries,1,0,0
70,What is the role of Green Maple LLC in the agreement?,Subsidiaries,1,0,0
70,"What is the role of Hartford Solarfield, LLC in the agreement?",Subsidiaries,1,0,0
70,"What is the role of Lincoln Farm I, LLC in the agreement?",Subsidiaries,1,0,0
70,"What is the role of Lincoln Farm II, LLC in the agreement?",Subsidiaries,1,0,0
70,"What is the role of Lincoln Farm III, LLC in the agreement?",Subsidiaries,1,0,0
70,"What is the role of Lincoln Farm IV, LLC in the agreement?",Subsidiaries,1,0,0
70,What is the role of MLH Phase 2 LLC in the agreement?,Subsidiaries,1,0,0
70,"What is the role of MLH Phase 3, LLC in the agreement?",Subsidiaries,1,0,0
70,"What is the role of MP2%2FIRG-Petaluma City Schools, LLC in the agreement?",Subsidiaries,1,0,0
70,"What is the role of MP2-Oregon Solar One, LLC in the agreement?",Subsidiaries,1,0,0
70,"What is the role of MP2 Capital %E2%80%93 WGBH Educational Foundation, LLC in the agreement?",Subsidiaries,1,0,0
70,"What is the role of MP2 Green Valley ES, LLC in the agreement?",Subsidiaries,1,0,0
70,"What is the role of MP2 Hawaii Solar I, LLC in the agreement?",Subsidiaries,1,0,0
70,What is the role of Magnolia Sun LLC in the agreement?,Subsidiaries,1,0,0
70,"What is the role of North Carolina Solar I, LLC in the agreement?",Subsidiaries,1,0,0
70,"What is the role of North Carolina Solar II, LLC in the agreement?",Subsidiaries,1,0,0
70,"What is the role of Novus Royalton Solar, LLC in the agreement?",Subsidiaries,1,0,0
70,What is the role of PCIP Solar LLC in the agreement?,Subsidiaries,1,0,0
70,What is the role of PCIP Solar Lessee LLC in the agreement?,Subsidiaries,1,0,0
70,"What is the role of Pittsford GLC Solar, LLC in the agreement?",Subsidiaries,1,0,0
70,"What is the role of Powerhouse One, LLC in the agreement?",Subsidiaries,1,0,0
70,"What is the role of Proctor GLC Solar, LLC in the agreement?",Subsidiaries,1,0,0
70,"What is the role of Solaverde, LLC in the agreement?",Subsidiaries,1,0,0
70,"What is the role of South Robeson Farm, LLC in the agreement?",Subsidiaries,1,0,0
70,"What is the role of South Robeson Solar Farm, LLC in the agreement?",Subsidiaries,1,0,0
70,"What is the role of Sunsense Clayton Lessee, LLC in the agreement?",Subsidiaries,1,0,0
70,"What is the role of Sunsense Fletcher Lessee, LLC in the agreement?",Subsidiaries,1,0,0
70,"What is the role of Sunsense Inman Lessee, LLC in the agreement?",Subsidiaries,1,0,0
70,"What is the role of Turtle Top Solar, LLC in the agreement?",Subsidiaries,1,0,0
70,What is the role of WE 46 Precision Drive LLC in the agreement?,Subsidiaries,1,0,0
70,"What is the role of Williamstown Old Town Road Solar, LLC in the agreement?",Subsidiaries,1,0,0
70,What is the role of GREC ENTITY HOLDCO LLC in the agreement?,Borrower,1,0,0
70,What is the role of GREENBACKER RENEWABLE ENERGY COMPANY LLC in the agreement?,Parent,1,0,0
70,What company is the Intermediate Holdco in the agreement?,GREENBACKER RENEWABLE ENERGY CORPORATION,1,0,0
70,What company is the Borrower in the agreement?,GREC ENTITY HOLDCO LLC,1,0,0
70,What company is the Parent in the agreement?,GREENBACKER RENEWABLE ENERGY COMPANY LLC,1,0,0
70,What company is the Bookrunner in the agreement?,FIFTH THIRD BANK,1,0,0
70,What company is the Administrative Agent in the agreement?,FIFTH THIRD BANK,1,0,0
70,What company is the Arranger in the agreement?,FIFTH THIRD BANK,1,0,0
64,What is the position of Doreen Barr?,Authorized Signatory,1,0,0
64,What is the position of Geoff Kott?,Chief Capital Officer,1,0,0
64,What is the position of Komal Shah?,Authorized Signatory,1,0,0
64,What is the position of Martin Corrigan?,Vice President,1,0,0
64,What is the position of Michael King?,Vice President,1,0,0
64,"What is the position of Richard W. Jantzen, III?",Vice President,1,0,0
64,What is the position of Thomas Manning?,Authorized Signatory,1,0,0
64,In what organization does Doreen Barr work?,GOLDMAN SACHS LENDING PARTNERS LLC,1,0,0
64,In what organization does Geoff Kott work?,"Affirm, Inc.",1,0,0
64,In what organization does Komal Shah work?,GOLDMAN SACHS LENDING PARTNERS LLC,1,0,0
64,In what organization does Martin Corrigan work?,"MORGAN STANLEY SENIOR FUNDING, INC.",1,0,0
64,In what organization does Michael King work?,"MORGAN STANLEY SENIOR FUNDING, INC.",1,0,0
64,"In what organization does Richard W. Jantzen, III work?","MORGAN STANLEY SENIOR FUNDING, INC.",1,0,0
64,In what organization does Thomas Manning work?,GOLDMAN SACHS LENDING PARTNERS LLC,1,0,0
64,"Who is the representative of Affirm, Inc.?",Geoff Kott,1,0,0
64,What is the role of BARCLAYS BANK PLC in the agreement?,Lender,1,0,0
64,"What is the role of CREDIT SUISSE AG, CAYMAN ISLANDS BRANCH in the agreement?",Lender,1,0,0
64,What is the role of Deloitte %26 Touche LLP in the agreement?,legal counsel,1,0,0
64,What is the role of Ernst %26 Young LLP in the agreement?,legal counsel,1,0,0
64,What is the role of TRUIST BANK in the agreement?,Lender,1,0,0
64,"What is the role of Affirm, Inc. in the agreement?",Borrower,1,0,0
64,What is the role of GOLDMAN SACHS LENDING PARTNERS LLC in the agreement?,Lender,1,0,0
64,What company is the Syndication Agent in the agreement?,Goldman Sachs Lending Partners LLC,1,0,0
64,"What company is the Syndication Agent, in the agreement?",Goldman Sachs Lending Partners LLC,1,0,0
64,What company is the Borrower in the agreement?,"Affirm, Inc.",1,0,0
64,What company is the Agent in the agreement?,"MORGAN STANLEY SENIOR FUNDING, INC.",1,0,0
58,What is the position of Clarke B. Futch?,Managing Partner,1,0,0
58,What is the position of Michael Fleming?,President,1,0,0
58,In what organization does Clarke B. Futch work?,"HCR COLLATERAL MANAGEMENT, LLC",1,0,0
58,In what organization does Dennis M. Lanfear work?,COHERUS INTERMEDIATE CORP.,1,0,0
58,In what organization does Michael Fleming work?,COHERUS INTERMEDIATE CORP.,1,0,0
58,"Who is the representative of HCR COLLATERAL MANAGEMENT, LLC?",Clarke B. Futch,1,0,0
58,"What is the role of COHERUS BIOSCIENCES, INC. in the agreement?",BORROWER,1,0,0
58,"What is the role of HCRP OVERFLOW FUND, L.P. in the agreement?",LENDERS,1,0,0
58,"What is the role of HCR MOLAG FUND, L.P. in the agreement?",LENDERS,1,0,0
58,"What is the role of HEALTHCARE ROYALTY PARTNERS III, L.P. in the agreement?",LENDERS,1,0,0
58,"What is the role of HealthCare Royalty Partners III, L.P. in the agreement?",investor,1,0,0
58,What is the role of INTEKRIN THERAPEUTICS INC. in the agreement?,GUARANTORS,1,0,0
58,What is the role of KMG Capital Partners in the agreement?,investor,1,0,0
58,What is the role of LLC and KKR Biosimilar L.P. in the agreement?,investor,1,0,0
58,What is the role of Latham %26 Watkins LLP in the agreement?,Counsel,1,0,0
58,What is the role of MX II Associates LLC in the agreement?,investor,1,0,0
58,What is the role of COHERUS INTERMEDIATE CORP. in the agreement?,GUARANTORS,1,0,0
58,What company is the Borrower in the agreement?,"COHERUS BIOSCIENCES, INC.",1,0,0
58,What company is the Counsel in the agreement?,Latham %26 Watkins LLP,1,0,0
58,What company is the Agent in the agreement?,"HCR COLLATERAL MANAGEMENT, LLC",1,0,0
41,What is the position of Ann M. Meade?,Senior Vice President,1,0,0
41,What is the position of David Nussbaum?,Senior Vice President,1,0,0
41,What is the position of Deborah A. Colony?,Senior Vice President,1,0,0
41,What is the position of J.E. Hall?,Senior Banker,1,0,0
41,What is the position of John Dillon?,Director,1,0,0
41,What is the position of Marc J. Lubelczyk?,Senior Vice President,1,0,0
41,What is the position of Marina E. Grossi?,Senior Vice President,1,0,0
41,What is the position of Mitchell B. Feldman?,Senior Vice President,1,0,0
41,In what organization does Ann M. Meade work?,"Webster Bank, N.A.",1,0,0
41,In what organization does David Nussbaum work?,"Webster Bank, N.A.",1,0,0
41,In what organization does Deborah A. Colony work?,"Webster Bank, N.A.",1,0,0
41,In what organization does Frank A. Segall work?,Burns %26 Levinson LLP,1,0,0
41,In what organization does J.E. Hall work?,KeyBank National Association,1,0,0
41,In what organization does John Dillon work?,BMO Harris Bank N.A.,1,0,0
41,In what organization does Marc J. Lubelczyk work?,"Webster Bank, N.A.",1,0,0
41,In what organization does Marina E. Grossi work?,"Webster Bank, N.A.",1,0,0
41,In what organization does Martin H. Dodd work?,"TRC COMPANIES, INC",1,0,0
41,In what organization does Mitchell B. Feldman work?,"Webster Bank, N.A.",1,0,0
41,Who is the representative of Burns %26 Levinson LLP?,Frank A. Segall,1,0,0
41,Who is the representative of KeyBank National Association?,J.E. Hall,1,0,0
41,Who is the representative of BMO Harris Bank N.A.?,John Dillon,1,0,0
41,"Who is the representative of TRC COMPANIES, INC?",Martin H. Dodd,1,0,0
41,"What is the location of Citibank, N.A.?","6400 Las Colinas BoulevardIrvine, TX 75039",1,0,0
41,What is the location of Eastern Bank?,"Eastern Bank265 Franklin Street, 2nd FloorBoston, MA 02110",1,0,0
41,What is the location of Middlesex Savings Bank?,"6 Main StreetNatick, MA 01760",1,0,0
41,"What is the location of Santander Bank, N.A.?","28 State Street, 16th FloorMA2-6560-CB16Boston, MA 02109",1,0,0
41,What is the location of BMO Harris Bank N.A.?,"111 W. Monroe Street5th Floor CenterChicago, IL 60603",1,0,0
41,What is the location of KeyBank National Association?,"225 Franklin Street 18th FloorBoston, MA 02110",1,0,0
41,What is the location of Burns %26 Levinson LLP?,"125 Summer Street, Boston, Massachusetts 02110",1,0,0
41,"What is the location of Webster Bank, N.A.?","100 Franklin StreetBoston, MA 02110",1,0,0
41,"Which company is associated with 100 Franklin StreetBoston, MA 02110?","Webster Bank, N.A.",1,0,0
41,"Which company is associated with 111 W. Monroe Street5th Floor CenterChicago, IL 60603?",BMO Harris Bank N.A.,1,0,0
41,"Which company is associated with 125 Summer Street, Boston, Massachusetts 02110?",Burns %26 Levinson LLP,1,0,0
41,"Which company is associated with 225 Franklin Street 18th FloorBoston, MA 02110?",KeyBank National Association,1,0,0
41,"Which company is associated with 28 State Street, 16th FloorMA2-6560-CB16Boston, MA 02109?","Santander Bank, N.A.",1,0,0
41,"Which company is associated with 6400 Las Colinas BoulevardIrvine, TX 75039?","Citibank, N.A.",1,0,0
41,"Which company is associated with 6 Main StreetNatick, MA 01760?",Middlesex Savings Bank,1,0,0
41,"Which company is associated with Eastern Bank265 Franklin Street, 2nd FloorBoston, MA 02110?",Eastern Bank,1,0,0
41,"What is the role of TRC COMPANIES, INC in the agreement?",Borrower,1,0,0
41,What company is the Lead Bookrunner in the agreement?,"CITIZENS BANK, N.A.",1,0,0
41,What company is the Lead Arranger in the agreement?,"CITIZENS BANK, N.A.",1,0,0
41,"What company is the Agent, in the agreement?",BMO HARRIS BANK,1,0,0
41,What company is the Agent. in the agreement?,KEYBANK NATIONAL ASSOCIATION,1,0,0
41,What company is the Borrower in the agreement?,"TRC COMPANIES, INC",1,0,0
7,What is the position of George McKean?,Manager,1,0,0
7,In what organization does George McKean work?,MUTUAL OF OMAHA BANK,1,0,0
7,In what organization does Terry Barr work?,"SAMSON OIL AND GAS USA, INC",1,0,0
7,Who is the representative of MUTUAL OF OMAHA BANK?,George McKean,1,0,0
7,"Who is the representative of SAMSON OIL AND GAS USA, INC?",Terry Barr,1,0,0
7,"What is the role of SAMSON OIL AND GAS USA, INC in the agreement?",Borrower,1,0,0
7,What company is the L%2Fc Issuer in the agreement?,MUTUAL OF OMAHA BANK,1,0,0
7,What company is the Lender in the agreement?,MUTUAL OF OMAHA BANK,1,0,0
7,What company is the Administrative Agent in the agreement?,MUTUAL OF OMAHA BANK,1,0,0
7,What company is the Borrower in the agreement?,"SAMSON OIL AND GAS USA, INC",1,0,0
55,What is the position of Cora Holland-Koller?,Banking Officer,1,0,0
55,In what organization does Cora Holland-Koller work?,"WILMINGTON TRUST, NATIONALASSOCIATION",1,0,0
55,In what organization does J. Larry Sorsby work?,"K. HOVNANIAN ENTERPRISES, INC.",1,0,0
55,In what organization does Kristopher M. Hansen work?,STROOCK %26 STROOCK %26 LAVAN LLP,1,0,0
55,In what organization does Marisa D. Stavenas work?,Simpson Thacher %26 Bartlett LLP,1,0,0
55,In what organization does William B. Sheehan work?,Simpson Thacher %26 Bartlett LLP,1,0,0
55,"Who is the representative of WILMINGTON TRUST, NATIONALASSOCIATION?",Cora Holland-Koller,1,0,0
55,"Who is the representative of K. HOVNANIAN ENTERPRISES, INC.?",J. Larry Sorsby,1,0,0
55,Who is the representative of STROOCK %26 STROOCK %26 LAVAN LLP?,Kristopher M. Hansen,1,0,0
55,What is the location of STROOCK %26 STROOCK %26 LAVAN LLP?,"180 Maiden LaneNew York, NY 10038",1,0,0
55,"Which company is associated with 180 Maiden LaneNew York, NY 10038?",STROOCK %26 STROOCK %26 LAVAN LLP,1,0,0
55,What is the role of GSO Capital Partners LP in the agreement?,Purchaser,1,0,0
55,"What is the role of HOVNANIAN ENTERPRISES, INC. in the agreement?",Holdings,1,0,0
55,"What is the role of K. HOVNANIAN ENTERPRISES, INC. in the agreement?",Borrower,1,0,0
55,What is the role of Simpson Thacher %26 Bartlett LLP in the agreement?,special counsel for the Borrower,1,0,0
55,What company is the Purchaser in the agreement?,GSO Capital Partners LP,1,0,0
55,What company is the Holdings in the agreement?,"HOVNANIAN ENTERPRISES, INC.",1,0,0
55,What company is the Borrower in the agreement?,"K. HOVNANIAN ENTERPRISES, INC.",1,0,0
55,What company is the Agent in the agreement?,"WILMINGTON TRUST, NATIONALASSOCIATION",1,0,0
55,What company is the Special Counsel For The Borrower in the agreement?,Simpson Thacher %26 Bartlett LLP,1,0,0
69,What is the position of Christopher T. Neil?,Vice President,1,0,0
69,In what organization does Christopher T. Neil work?,KEYBANK NATIONAL ASSOCIATION,1,0,0
69,In what organization does Daniel B. Stubbs work?,"THE PARKING REIT, INC",1,0,0
69,In what organization does Ira Levine work?,"THE PARKING REIT, INC",1,0,0
69,In what organization does Michael Shustek work?,"MVP ACQUISITIONS, LLC",1,0,0
69,In what organization does Mr. Christopher Neil work?,KeyBank National Association,1,0,0
69,Who is the representative of KEYBANK NATIONAL ASSOCIATION?,Christopher T. Neil,1,0,0
69,"Who is the representative of MVP ACQUISITIONS, LLC?",Michael Shustek,1,0,0
69,Who is the representative of KeyBank National Association?,Mr. Christopher Neil,1,0,0
69,"What is the location of MVP REIT II OPERATING PARTNERSHIP, LP?","8880 W. Sunset Road, Suite 300Las Vegas, NV 89148",1,0,0
69,What is the location of Riemer %26 Braunstein LLP?,"Three Center PlazaBoston, Massachusetts  02108",1,0,0
69,"Which company is associated with 225 Franklin Street, 16th FloorBoston, MA 02110?",KeyBank National Association,1,0,0
69,"Which company is associated with 225 Franklin Street, 18th floorBoston, Massachusetts 02110?",KeyBank National Association,1,0,0
69,"Which company is associated with 8880 W. Sunset Road, Suite 300Las Vegas, NV  89148?","THE PARKING REIT, INC",1,0,0
69,"Which company is associated with 8880 W. Sunset Road, Suite 300Las Vegas, NV 89148?","MVP REIT II OPERATING PARTNERSHIP, LP",1,0,0
69,"Which company is associated with 8880 W. Sunset Road Suite 210Las Vegas, NV 89148?","THE PARKING REIT, INC",1,0,0
69,"Which company is associated with 8880 W. Sunset Road Suite 360Las Vegas, NV 89148?","THE PARKING REIT, INC",1,0,0
69,"Which company is associated with Three Center PlazaBoston, Massachusetts  02108?",Riemer %26 Braunstein LLP,1,0,0
69,"What is the role of Chapman Properties, LLC in the agreement?",Subsidiary,1,0,0
69,"What is the role of Cleveland Lincoln Garage Owner, LLC in the agreement?",Subsidiary,1,0,0
69,"What is the role of MCI 1372 Street, LLC in the agreement?",Subsidiary,1,0,0
69,"What is the role of MVP ACQUISITIONS, LLC in the agreement?",SUBSIDIARY GUARANTORS%3A,1,0,0
69,"What is the role of MVP Acquisitions, LLC in the agreement?",Subsidiary,1,0,0
69,"What is the role of MVP Bridgeport Fairfield Garage, LLC in the agreement?",Subsidiary,1,0,0
69,"What is the role of MVP Denver Sherman, LLC in the agreement?",Subsidiary,1,0,0
69,"What is the role of MVP Houston Preston Lot, LLC in the agreement?",Subsidiary,1,0,0
69,What is the role of MVP Indianapolis Meridian Lot LLC in the agreement?,Subsidiary,1,0,0
69,"What is the role of MVP Milwaukee Clybourn, LLC in the agreement?",Subsidiary,1,0,0
69,"What is the role of MVP PF Kansas City 2013, LLC in the agreement?",Subsidiary,1,0,0
69,"What is the role of MVP PF St. Louis 2013, LLC in the agreement?",Subsidiary,1,0,0
69,"What is the role of MVP St. Louis Broadway, LLC, in the agreement?",Subsidiary,1,0,0
69,"What is the role of MVP St. Louis Convention Plaza, LLC in the agreement?",Subsidiary,1,0,0
69,"What is the role of West 9th Street Properties II, LLC in the agreement?",Subsidiary,1,0,0
69,"What is the role of Cleveland Lincoln Garage, LLC in the agreement?",Subsidiary,1,0,0
69,"What is the role of MVP Acquisitions, LLC in the agreement?",Subsidiary,1,0,0
69,"What is the role of MVP Bridgeport Fairfield Garage, LLC in the agreement?",Subsidiary,1,0,0
69,"What is the role of MVP Cincinnati Race Street Garage, LLC in the agreement?",Subsidiary,1,0,0
69,"What is the role of MVP Clarksburg Lot, LLC in the agreement?",Subsidiary,1,0,0
69,"What is the role of MVP Denver 1935 Sherman, LLC in the agreement?",Subsidiary,1,0,0
69,"What is the role of MVP Detroit Center Garage, LLC in the agreement?",Subsidiary,1,0,0
69,"What is the role of MVP Fort Worth Taylor, LLC in the agreement?",Subsidiary,1,0,0
69,"What is the role of MVP Houston Jefferson Lot, LLC in the agreement?",Subsidiary,1,0,0
69,"What is the role of MVP Houston Preston Lot, LLC in the agreement?",Subsidiary,1,0,0
69,"What is the role of MVP Houston Saks Garage, LLC in the agreement?",Subsidiary,1,0,0
69,"What is the role of MVP Houston San Jacinto Lot, LLC in the agreement?",Subsidiary,1,0,0
69,"What is the role of MVP Indianapolis City Park Garage, LLC in the agreement?",Subsidiary,1,0,0
69,"What is the role of MVP Indianapolis Washington Street Lot, LLC in the agreement?",Subsidiary,1,0,0
69,"What is the role of MVP KC Cherry Lot, LLC in the agreement?",Subsidiary,1,0,0
69,"What is the role of MVP Louisville Station Broadway, LLC in the agreement?",Subsidiary,1,0,0
69,"What is the role of MVP Merger Sub, LLC in the agreement?",Subsidiary,1,0,0
69,"What is the role of MVP Milwaukee Arena Lot, LLC in the agreement?",Subsidiary,1,0,0
69,"What is the role of MVP Milwaukee Old World, LLC in the agreement?",Subsidiary,1,0,0
69,What is the role of MVP Milwaukee Wells LLC in the agreement?,Subsidiary,1,0,0
69,"What is the role of MVP PF Fort Lauderdale 2013, LLC in the agreement?",Subsidiary,1,0,0
69,"What is the role of MVP PF Memphis Court 2013, LLC in the agreement?",Subsidiary,1,0,0
69,"What is the role of MVP PF Memphis Poplar 2013, LLC in the agreement?",Subsidiary,1,0,0
69,"What is the role of MVP Preferred Parking, LLC in the agreement?",Subsidiary,1,0,0
69,"What is the role of MVP REIT II Operating Partnership, LP in the agreement?",Subsidiary,1,0,0
69,"What is the role of MVP Raider Park Garage, LLC in the agreement?",Subsidiary,1,0,0
69,"What is the role of MVP Real Estate Holdings, LLC in the agreement?",Subsidiary,1,0,0
69,"What is the role of MVP San Jose 88 Garage, LLC in the agreement?",Subsidiary,1,0,0
69,"What is the role of MVP St. Louis Cerre, LLC in the agreement?",Subsidiary,1,0,0
69,"What is the role of MVP St. Louis Lucas, LLC in the agreement?",Subsidiary,1,0,0
69,"What is the role of MVP St. Louis Washington, LLC in the agreement?",Subsidiary,1,0,0
69,"What is the role of MVP St. Paul Holiday Garage, LLC in the agreement?",Subsidiary,1,0,0
69,"What is the role of MVP Wildwood NJ Lot, LLC in the agreement?",Subsidiary,1,0,0
69,"What is the role of Mabley Place Garage, LLC in the agreement?",Subsidiary,1,0,0
69,"What is the role of Mabley Place Garage II, LLC in the agreement?",Subsidiary,1,0,0
69,"What is the role of Minneapolis City Parking, LLC in the agreement?",Subsidiary,1,0,0
69,What is the role of Minneapolis Venture LLC in the agreement?,Subsidiary,1,0,0
69,"What is the role of St. Louis Broadway Group, LLC in the agreement?",Subsidiary,1,0,0
69,"What is the role of St. Louis Seventh %26 Cerre, LLC in the agreement?",Subsidiary,1,0,0
69,"What is the role of West 9th Street Properties II, LLC in the agreement?",Subsidiary,1,0,0
69,"What is the role of White Front Garage Partners, LLC in the agreement?",Subsidiary,1,0,0
69,"What is the role of MVP ACQUISITIONS, LLC in the agreement?",SUBSIDIARY,1,0,0
69,What company is the Arranger in the agreement?,KEYBANC CAPITAL MARKETS,1,0,0
69,What company is the Guarantors in the agreement?,"MVP REAL ESTATE HOLDINGS, LLC",1,0,0
69,What company is the Borrower in the agreement?,"MVP REIT II OPERATING PARTNERSHIP, LP",1,0,0
69,What company is the Parent Guarantor in the agreement?,"THE PARKING REIT, INC",1,0,0
82,What is the position of Anthony Pantina?,Vice President,1,0,0
82,What is the position of Charles R. Davis?,Officer,1,0,0
82,What is the position of D. Scott Farquhar?,Senior Vice President,1,0,0
82,What is the position of David A. Carroll?,Senior Vice President,1,0,0
82,What is the position of David M. Crane?,Vice President,1,0,0
82,What is the position of Jennifer Hwang?,Vice President,1,0,0
82,What is the position of Michael Richards?,Senior Vice President,1,0,0
82,What is the position of Scott O%C2%92Connell?,Director,1,0,0
82,What is the position of Shreya Shah?,Senior Vice President,1,0,0
82,What is the position of Vanessa A. Kurbatskiy?,Vice President,1,0,0
82,What is the position of William McGinty?,Director,1,0,0
82,What is the position of Zubin R. Shroff?,Director,1,0,0
82,In what organization does Anthony Pantina work?,"WELLS FARGO BANK, NATIONAL ASSOCIATION",1,0,0
82,In what organization does Charles R. Davis work?,THE NORTHERN TRUST COMPANY,1,0,0
82,In what organization does D. Scott Farquhar work?,"PNC BANK, NATIONAL ASSOCIATION",1,0,0
82,In what organization does David A. Carroll work?,"PNC BANK, NATIONAL ASSOCIATION",1,0,0
82,In what organization does David C. Francisco work?,"PERKINELMER, INC",1,0,0
82,In what organization does David M. Crane work?,"WELLS FARGO BANK, NATIONAL ASSOCIATION",1,0,0
82,In what organization does Jennifer Hwang work?,"WELLS FARGO BANK, NATIONAL ASSOCIATION",1,0,0
82,In what organization does John L. Healy work?,"PERKINELMER HEALTH SCIENCES, INC",1,0,0
82,In what organization does Michael Richards work?,"PNC BANK, NATIONAL ASSOCIATION",1,0,0
82,In what organization does Scott O%C2%92Connell work?,"THE BANK OF TOKYO-MITSUBISHI UFJ, LTD",1,0,0
82,In what organization does Shreya Shah work?,"PNC BANK, NATIONAL ASSOCIATION",1,0,0
82,In what organization does Vanessa A. Kurbatskiy work?,"WELLS FARGO BANK, NATIONAL ASSOCIATION",1,0,0
82,In what organization does William McGinty work?,"THE BANK OF TOKYO-MITSUBISHI UFJ, LTD",1,0,0
82,In what organization does Zubin R. Shroff work?,"THE BANK OF TOKYO-MITSUBISHI UFJ, LTD",1,0,0
82,Who is the representative of THE NORTHERN TRUST COMPANY?,Charles R. Davis,1,0,0
82,"Who is the representative of PERKINELMER, INC?",David C. Francisco,1,0,0
82,"Who is the representative of PERKINELMER HEALTH SCIENCES, INC?",John L. Healy,1,0,0
82,What is the location of JPMORGAN CHASE BANK?,"10 South Dearborn Street%5D%5BChicago, Illinois 60603",1,0,0
82,What is the location of WALLAC OY?,04-2436772,1,0,0
82,"What is the location of PERKINELMER, INC?",04-2052042,1,0,0
82,Which company is associated with 04-2052042?,"PERKINELMER, INC",1,0,0
82,Which company is associated with 04-2436772?,WALLAC OY,1,0,0
82,"Which company is associated with 10 South Dearborn Street%5D%5BChicago, Illinois 60603?",JPMORGAN CHASE BANK,1,0,0
82,What is the role of U.S. BANK NATIONAL ASSOCIATION in the agreement?,Lender,1,0,0
82,What is the role of B%C3%BCtzow Attorneys Ltd. in the agreement?,Finnish counsel for the Initial Finnish Borrower.,1,0,0
82,What is the role of TD BANK in the agreement?,Lender,1,0,0
82,"What is the role of Wilmer Cutler Pickering Hale and Dorr LLP, in the agreement?",U.S. counsel for the initial Borrowers.,1,0,0
82,What is the role of THE NORTHERN TRUST COMPANY in the agreement?,Lender,1,0,0
82,"What is the role of THE BANK OF TOKYO-MITSUBISHI UFJ, LTD in the agreement?",Lender,1,0,0
82,"What is the role of PNC BANK, NATIONAL ASSOCIATION in the agreement?",Lender,1,0,0
82,"What is the role of WELLS FARGO BANK, NATIONAL ASSOCIATION in the agreement?",Lender,1,0,0
82,What company is the Finnish Counsel For The Initial Finnish Borrower. in the agreement?,B%C3%BCtzow Attorneys Ltd.,1,0,0
82,What company is the U.S. Counsel For The Initial Borrowers. in the agreement?,"Wilmer Cutler Pickering Hale and Dorr LLP,",1,0,0
82,What company is the Administrative Agent in the agreement?,JPMORGAN CHASE BANK,1,0,0
82,"What company is the Swingline Lender, in the agreement?",JPMORGAN CHASE BANK,1,0,0
168,What is the position of Carolyn A. Kee?,Vice President,1,0,0
168,What is the position of Michael Contreras?,Director,1,0,0
168,In what organization does Carolyn A. Kee work?,"CITIBANK, N.A.,",1,0,0
168,In what organization does Michael Contreras work?,"BANK OF AMERICA, N.A.",1,0,0
168,In what organization does Robert T. Paternostro work?,"STANLEY BLACK %26 DECKER, INC.",1,0,0
168,"Who is the representative of CITIBANK, N.A.,?",Carolyn A. Kee,1,0,0
168,"Who is the representative of BANK OF AMERICA, N.A.?",Michael Contreras,1,0,0
168,"Who is the representative of STANLEY BLACK %26 DECKER, INC.?",Robert T. Paternostro,1,0,0
168,What is the location of Citibank?,"Building Ops II, One Penns WayNew Castle, DE 19720Attn%3A Bank Loan Syndications",1,0,0
168,"What is the location of STANLEY BLACK %26 DECKER, INC.?","1000 Stanley DriveNew Britain, Connecticut 06053",1,0,0
168,"What is the location of CITIBANK, N.A.,?","Building Ops II, One Penns WayNew Castle, DE 19720",1,0,0
168,"Which company is associated with 1000 Stanley DriveNew Britain, Connecticut 06053?","STANLEY BLACK %26 DECKER, INC.",1,0,0
168,"Which company is associated with Building Ops II, One Penns WayNew Castle, DE 19720?","CITIBANK, N.A.,",1,0,0
168,"Which company is associated with Building Ops II, One Penns WayNew Castle, DE 19720Attn%3A Bank Loan Syndications?",Citibank,1,0,0
168,What is the role of BANK OF AMERICA in the agreement?,Syndication Agent,1,0,0
168,"What is the role of Bank of America, N.A in the agreement?",Lenders,1,0,0
168,"What is the role of Citibank, N.A in the agreement?",Lenders,1,0,0
168,"What is the role of STANLEY BLACK %26 DECKER, INC in the agreement?",Borrower,1,0,0
168,What is the role of Citibank in the agreement?,Administrative Agent,1,0,0
168,"What is the role of STANLEY BLACK %26 DECKER, INC. in the agreement?",Borrower,1,0,0
168,What company is the Agent in the agreement?,"CITIBANK, N.A.,",1,0,0
96,What is the position of Emilio Vallejos?,Assistant Vice President,1,0,0
96,What is the position of Fernando Baca?,Vice President,1,0,0
96,What is the position of Holland H. Williams?,AVP %26 Portfolio Mgr.,1,0,0
96,What is the position of John M. Valentine?,SVP,1,0,0
96,What is the position of Joshua L. Smith?,Commercial Loan Officer,1,0,0
96,What is the position of Kevin R. Gillette?,Director,1,0,0
96,What is the position of Larry D. Cheek?,Executive Vice President,1,0,0
96,What is the position of Mike Hoyl?,Executive Vice President,1,0,0
96,What is the position of Roger LaHart?,Chief Lending Officer,1,0,0
96,What is the position of Terry Horn?,Vice President and Treasurer,1,0,0
96,What is the position of Terry R. Horn?,Vice President and Treasurer,1,0,0
96,In what organization does Emilio Vallejos work?,SOUTHWEST CAPITAL BANK,1,0,0
96,In what organization does Fernando Baca work?,COMMUNITY BANK OF SANTA FE,1,0,0
96,In what organization does Holland H. Williams work?,U.S. BANK NATIONAL ASSOCIATION,1,0,0
96,In what organization does John M. Valentine work?,"BOKF, NA DBA BANK OF ALBUQUERQUE",1,0,0
96,In what organization does Joshua L. Smith work?,WASHINGTON FEDERAL BANK,1,0,0
96,In what organization does Kevin R. Gillette work?,BANK OF THE WEST,1,0,0
96,In what organization does Larry D. Cheek work?,FIRST NATIONAL BANK OF SANTA FE,1,0,0
96,In what organization does Mike Hoyl work?,FIRST NATIONAL BANK OF SANTA FE,1,0,0
96,In what organization does Roger LaHart work?,FOUR CORNERS COMMUNITY BANK,1,0,0
96,In what organization does Terry Horn work?,PUBLIC SERVICE COMPANY OF NEW MEXICO,1,0,0
96,In what organization does Terry R. Horn work?,PUBLIC SERVICE COMPANY OF NEW MEXICO,1,0,0
96,Who is the representative of SOUTHWEST CAPITAL BANK?,Emilio Vallejos,1,0,0
96,Who is the representative of COMMUNITY BANK OF SANTA FE?,Fernando Baca,1,0,0
96,Who is the representative of U.S. BANK NATIONAL ASSOCIATION?,Holland H. Williams,1,0,0
96,"Who is the representative of BOKF, NA DBA BANK OF ALBUQUERQUE?",John M. Valentine,1,0,0
96,Who is the representative of WASHINGTON FEDERAL BANK?,Joshua L. Smith,1,0,0
96,Who is the representative of BANK OF THE WEST?,Kevin R. Gillette,1,0,0
96,Who is the representative of FOUR CORNERS COMMUNITY BANK?,Roger LaHart,1,0,0
96,What is the location of Public Service Company of New Mexico?,"414 Silver Ave. SWAlbuquerque, NM 87102-3289",1,0,0
96,What is the location of US Bank Agency Services?,"1420 5th Avenue, 9th Floor,Seattle, WA 98101,",1,0,0
96,What is the location of WESTERN COMMERCE BANK?,"CARLSBAD, NEW MEXICO",1,0,0
96,"Which company is associated with 1420 5th Avenue, 9th Floor,Seattle, WA 98101,?",US Bank Agency Services,1,0,0
96,"Which company is associated with 414 Silver Ave. SWAlbuquerque, NM 87102-3289?",Public Service Company of New Mexico,1,0,0
96,"Which company is associated with CARLSBAD, NEW MEXICO?",WESTERN COMMERCE BANK,1,0,0
96,"Which company is associated with Raymond Palmer,US Bank Utilities Division,461 Fifth Avenue, 8th Floor,New York, NY 10017?",U.S. Bank National Association,1,0,0
96,"Which company is associated with US Bank Utilities Division461 Fifth Avenue, 8th FloorNew York, NY 10017?",U.S. Bank National Association,1,0,0
96,What is the role of BANK OF THE WEST in the agreement?,LENDERS,1,0,0
96,What is the role of COMMUNITY BANK OF SANTA FE in the agreement?,LENDERS,1,0,0
96,What is the role of FOUR CORNERS COMMUNITY BANK in the agreement?,LENDERS,1,0,0
96,What is the role of Public Service Company of New Mexico in the agreement?,Borrower,1,0,0
96,What is the role of SOUTHWEST CAPITAL BANK in the agreement?,LENDERS,1,0,0
96,What is the role of WASHINGTON FEDERAL BANK in the agreement?,LENDERS,1,0,0
96,What is the role of WESTERN COMMERCE BANK in the agreement?,LENDERS,1,0,0
96,What is the role of FIRST NATIONAL BANK OF SANTA FE in the agreement?,LENDERS,1,0,0
96,What is the role of U.S. Bank National Association in the agreement?,Administrative Agent,1,0,0
96,What company is the Administrative Agent in the agreement?,U.S. Bank National Association,1,0,0
140,What is the position of Joseph P. Adams Jr.?,CEO,1,0,0
140,What is the position of Sean McKinley?,Director,1,0,0
140,What is the position of Tony Traynor?,Director,1,0,0
140,What is the position of William Graham?,Authorized Signatory,1,0,0
140,In what organization does Demetrios Tserpelis work?,WWTAI AIROPCO MALTA LTD.,1,0,0
140,In what organization does Joseph P. Adams Jr. work?,FORTRESS TRANSPORTATION AND INFRASTRUCTURE INVESTORS LLC,1,0,0
140,In what organization does Sean McKinley work?,WWTAI AIROPCO MALTA LTD.,1,0,0
140,In what organization does Tony Traynor work?,WWTAI AIROPCO MALTA LTD.,1,0,0
140,In what organization does William Graham work?,"MORGAN STANLEY SENIOR FUNDING, INC.",1,0,0
140,Who is the representative of FORTRESS TRANSPORTATION AND INFRASTRUCTURE INVESTORS LLC?,Joseph P. Adams Jr.,1,0,0
140,"Who is the representative of MORGAN STANLEY SENIOR FUNDING, INC.?",William Graham,1,0,0
140,What is the role of AIROPCO 1ET BERMUDA LTD. in the agreement?,Borrower,1,0,0
140,What is the role of AIROPCO 1JT BERMUDA LTD. in the agreement?,Borrower,1,0,0
140,What is the role of AIROPCO II KO IRELAND DAC in the agreement?,Borrower,1,0,0
140,What is the role of AIROPCO II ME IRELAND DAC in the agreement?,Borrower,1,0,0
140,What is the role of AIROPCO I SD IRELAND DAC in the agreement?,Borrower,1,0,0
140,What is the role of WWTAI AIROPCO 1 BERMUDA LTD. in the agreement?,Borrower,1,0,0
140,What is the role of WWTAI AIROPCO BPA IRELAND LIMITED in the agreement?,Borrower,1,0,0
140,What is the role of AIROPCO 1ASL BERMUDA LTD. in the agreement?,Borrower,1,0,0
140,What is the role of FORTRESS TRANSPORTATION in the agreement?,Holdings,1,0,0
140,What is the role of FORTRESS WORLDWIDE TRANSPORTATION in the agreement?,IntermediateCo,1,0,0
140,What is the role of FORTRESS WORLDWIDE TRANSPORTATION AND INFRASTRUCTURE GENERAL PARTNERSHIP in the agreement?,IntermediateCo,1,0,0
140,What is the role of INFRASTRUCTURE GENERAL PARTNERSHIP in the agreement?,IntermediateCo,1,0,0
140,What is the role of INFRASTRUCTURE INVESTORS LLC in the agreement?,Holdings,1,0,0
140,What is the role of WWTAI AIROPCO II DAC in the agreement?,Borrower,1,0,0
140,What is the role of WWTAI FINANCE LTD in the agreement?,Borrower,1,0,0
140,What is the role of WWTAI FINANCE LTD. in the agreement?,Borrower,1,0,0
140,What is the role of FORTRESS TRANSPORTATION AND INFRASTRUCTURE INVESTORS LLC in the agreement?,Holdings,1,0,0
140,What company is the Agent in the agreement?,"Morgan Stanley Senior Funding, Inc.",1,0,0
140,What company is the Guarantor in the agreement?,WWTAI AirOpCo Malta Limited,1,0,0
140,What company is the Lender in the agreement?,"MORGAN STANLEY SENIOR FUNDING, INC.",1,0,0
140,What company is the Administrative Agent in the agreement?,"MORGAN STANLEY SENIOR FUNDING, INC.",1,0,0
140,What company is the Arranger in the agreement?,"MORGAN STANLEY SENIOR FUNDING, INC.",1,0,0
154,What is the position of Liyuan Woo?,Chief Financial Officer,1,0,0
154,What is the position of Erica Cross?,Authorized Officer,1,0,0
154,In what organization does Andrew Lee work?,Edge Systems LLC,1,0,0
154,In what organization does Liyuan Woo work?,"EDGE SYSTEMS INTERMEDIATE, LLC",1,0,0
154,In what organization does Paul Bokota work?,Edge Systems LLC,1,0,0
154,In what organization does Tischar N Luckett work?,"JPMorgan Chase Bank, N.A.",1,0,0
154,"Who is the representative of EDGE SYSTEMS INTERMEDIATE, LLC?",Liyuan Woo,1,0,0
154,"Who is the representative of JPMORGAN CHASE BANK, N.A.?",Erica Cross,1,0,0
154,What is the location of Edge Systems LLC?,"2165 E. Spring St.Long Beach, CA 90806",1,0,0
154,"Which company is associated with 10 South Dearborn, Floor L2Suite IL1-1145Chicago, IL, 60603-2300?","JPMorgan Chase Bank, N.A.",1,0,0
154,"Which company is associated with 2165 E. Spring St.Long Beach, CA 90806?",Edge Systems LLC,1,0,0
154,"Which company is associated with 4 New York Plaza, Floor 17New York, NY 10004?","JPMorgan Chase Bank, N.A.",1,0,0
154,"What type of location is 10 South Dearborn, Floor L2Suite IL1-1145Chicago, IL, 60603-2300?",Middle Market Servicing,1,0,0
154,"What type of location is 4 New York Plaza, Floor 17New York, NY 10004?",Commercial Banking,1,0,0
154,What is the role of EDGE SYSTEMS LLC in the agreement?,Borrower,1,0,0
154,"What is the role of JPMORGAN CHASE BANK, N.A in the agreement?",Administrative Agent,1,0,0
154,"What is the role of THE HYDRAFACIAL COMPANY MEXICO HOLDINGS, LLC in the agreement?",Guarantor,1,0,0
154,"What is the role of EDGE SYSTEMS INTERMEDIATE, LLC in the agreement?",Guarantor,1,0,0
154,What company is the Borrower in the agreement?,EDGE SYSTEMS LLC,1,0,0
154,What company is the Administrative Agent in the agreement?,"JPMORGAN CHASE BANK, N.A",1,0,0
154,What company is the Lender in the agreement?,"JPMORGAN CHASE BANK, N.A.",1,0,0
154,What company is the Bookrunner in the agreement?,"JPMORGAN CHASE BANK, N.A.",1,0,0
154,What company is the Sole Lead Arranger in the agreement?,"JPMORGAN CHASE BANK, N.A.",1,0,0
155,What is the position of Hank Nance?,Chief Operating Officer,1,0,0
155,What is the position of Harry Chung?,Authorized Signatory,1,0,0
155,What is the position of Jens Holstebro?,Manager,1,0,0
155,What is the position of Michael R. Pope?,Chief Executive Officer,1,0,0
155,In what organization does Hank Nance work?,"Boxlight, Inc.",1,0,0
155,In what organization does Harry Chung work?,WHITEHAWK FINANCE LLC,1,0,0
155,In what organization does Jens Holstebro work?,"FrontRow Calypso, LLC",1,0,0
155,In what organization does Michael R. Pope work?,EOSEDU LLC,1,0,0
155,In what organization does Patrick Foley work?,Sahara Holdings Limited,1,0,0
155,In what organization does Rob Chimenti work?,"Whitehawk Capital Partners, LP",1,0,0
155,In what organization does Sanjay Thapar work?,Kramer Levin Naftalis %26 Frankel LLP,1,0,0
155,In what organization does Stephen A work?,"Michelman %26 Robinson, LLP",1,0,0
155,"In what organization does Weiss, Esq work?","Michelman %26 Robinson, LLP",1,0,0
155,"Who is the representative of Boxlight, Inc.?",Hank Nance,1,0,0
155,Who is the representative of WHITEHAWK FINANCE LLC?,Harry Chung,1,0,0
155,"Who is the representative of FrontRow Calypso, LLC?",Jens Holstebro,1,0,0
155,Who is the representative of EOSEDU LLC?,Michael R. Pope,1,0,0
155,"Who is the representative of Whitehawk Capital Partners, LP?",Rob Chimenti,1,0,0
155,Who is the representative of Kramer Levin Naftalis %26 Frankel LLP?,Sanjay Thapar,1,0,0
155,Who is the representative of Boxlight Corporation?,Michael Pope,1,0,0
155,What is the location of Boxlight Corporation?,"1045 Progress Circle Lawrenceville, Georgia 30043",1,0,0
155,What is the location of Kramer Levin Naftalis %26 Frankel LLP?,"1177 Avenue of the AmericasNew York, New York 10036",1,0,0
155,"What is the location of Whitehawk Capital Partners, LP?","11601 Wilshire Boulevard, Suite 1250 Los Angeles, CA 90025",1,0,0
155,"What is the location of Michelman %26 Robinson, LLP?","10880 Wilshire Blvd., 19th floor Los Angeles, CA 90024",1,0,0
155,"Which company is associated with 1045 Progress Circle Lawrenceville, Georgia 30043?",Boxlight Corporation,1,0,0
155,"Which company is associated with 10880 Wilshire Blvd., 19th floor Los Angeles, CA 90024?","Michelman %26 Robinson, LLP",1,0,0
155,"Which company is associated with 11601 Wilshire Boulevard, Suite 1250 Los Angeles, CA 90025?","Whitehawk Capital Partners, LP",1,0,0
155,"Which company is associated with 1177 Avenue of the AmericasNew York, New York 10036?",Kramer Levin Naftalis %26 Frankel LLP,1,0,0
155,"What is the role of Clevertouch B.V., in the agreement?",GUARANTORS,1,0,0
155,"What is the role of Sahara Presentation Systems, Inc. in the agreement?",GUARANTORS,1,0,0
155,What is the role of Sahara Presentation Systems Europe BV in the agreement?,GUARANTORS,1,0,0
155,"What is the role of FrontRow Calypso, LLC in the agreement?",GUARANTORS,1,0,0
155,What company is the Borrower in the agreement?,BOXLIGHT CORPORATION,1,0,0
155,What company is the Agent in the agreement?,"WHITEHAWK CAPITAL PARTNERS, LP",1,0,0
155,What company is the Administrative Agent in the agreement?,WHITEHAWK CAPITAL PARTNERS LP,1,0,0
155,What company is the Lenders in the agreement?,WHITEHAWK FINANCE LLC,1,0,0
141,What is the position of Andrew D. Holtz?,Senior Vice President,1,0,0
141,What is the position of Ann T. Anthony?,Treasurer,1,0,0
141,What is the position of David W. Dinella?,Senior Vice President,1,0,0
141,What is the position of Jeff Skalka?,Vice President,1,0,0
141,What is the position of Renee M. Bonnell?,Vice President,1,0,0
141,What is the position of Richard R. Powell?,Vice President,1,0,0
141,What is the position of Thomas E. Redmond?,Senior Vice President,1,0,0
141,What is the position of Vijay Prasad?,Senior Vice President,1,0,0
141,In what organization does Andrew D. Holtz work?,CITIZENS BANK OF PENNSYLVANIA,1,0,0
141,In what organization does Ann T. Anthony work?,SOUTH JERSEY GAS COMPANY,1,0,0
141,In what organization does David W. Dinella work?,CITIZENS BANK OF PENNSYLVANIA,1,0,0
141,In what organization does Jeff Skalka work?,"KEYBANK, NATIONAL ASSOCIATION",1,0,0
141,In what organization does Renee M. Bonnell work?,"KEYBANK, NATIONAL ASSOCIATION",1,0,0
141,In what organization does Richard R. Powell work?,"KEYBANK, NATIONAL ASSOCIATION",1,0,0
141,In what organization does Thomas E. Redmond work?,CITIZENS BANK OF PENNSYLVANIA,1,0,0
141,In what organization does Vijay Prasad work?,"TD BANK, N.A.",1,0,0
141,Who is the representative of SOUTH JERSEY GAS COMPANY?,Ann T. Anthony,1,0,0
141,"Who is the representative of TD BANK, N.A.?",Vijay Prasad,1,0,0
141,"What type of location is 500 First AvenuePittsburgh, PA 15219?",Agency Services,1,0,0
141,"What is the role of BANK OF AMERICA, N.A. in the agreement?",Lender,1,0,0
141,What is the role of BRANCH BANKING AND TRUST %09COMPANY in the agreement?,Lender,1,0,0
141,What is the role of NATIONAL ASSOCIATION in the agreement?,Administrative Agent,1,0,0
141,What is the role of PNC BANK in the agreement?,Administrative Agent,1,0,0
141,"What is the role of SOUTH JERSEY GAS COMPANY, in the agreement?",Borrower,1,0,0
141,"What is the role of South Jersey Industries, Inc. in the agreement?",Parent,1,0,0
141,What is the role of THE NORTHERN TRUST COMPANY in the agreement?,Lender,1,0,0
141,What is the role of SOUTH JERSEY GAS COMPANY in the agreement?,BORROWER,1,0,0
141,"What is the role of TD BANK, N.A. in the agreement?",Lender,1,0,0
141,What is the role of CITIZENS BANK OF PENNSYLVANIA in the agreement?,Lender,1,0,0
141,"What is the role of KEYBANK, NATIONAL ASSOCIATION in the agreement?",Lender,1,0,0
141,What company is the Agent in the agreement?,"PNC BANK, NATIONAL ASSOCIATION",1,0,0
141,What company is the Parent in the agreement?,"South Jersey Industries, Inc.",1,0,0
169,What is the position of Anwar S. Young?,Authorized Signatory,1,0,0
169,What is the position of Jeff Bliss?,Vice President,1,0,0
169,What is the position of John M. Olsen?,Authorized Signatory,1,0,0
169,What is the position of Mark Walton?,Authorized Signatory,1,0,0
169,What is the position of Noam S. Azachi?,Authorized Signatory,1,0,0
169,What is the position of Timothy J. Devane?,Executive Director,1,0,0
169,In what organization does Anwar S. Young work?,BARCLAYS BANK PLC,1,0,0
169,In what organization does Jeff Bliss work?,"CO%C3%96PERATIEVE CENTRALE RAIFFEISEN %E2%80%93 BOERENLEENBANK B.A.,%22RABOBANK NEDERLAND%22, NEW YORK BRANCH",1,0,0
169,In what organization does John M. Olsen work?,BARCLAYS BANK PLC,1,0,0
169,In what organization does Joseph B. Johnson work?,"CHIQUITA BRANDS INTERNATIONAL, INC.",1,0,0
169,In what organization does Mark Walton work?,BARCLAYS BANK PLC,1,0,0
169,In what organization does Noam S. Azachi work?,BARCLAYS BANK PLC,1,0,0
169,In what organization does Timothy J. Devane work?,"CO%C3%96PERATIEVE CENTRALE RAIFFEISEN %E2%80%93 BOERENLEENBANK B.A.,%22RABOBANK NEDERLAND%22, NEW YORK BRANCH",1,0,0
169,"Who is the representative of CHIQUITA BRANDS INTERNATIONAL, INC.?",Joseph B. Johnson,1,0,0
169,"What is the location of CO%C3%96PERATIEVE CENTRALE RAIFFEISEN %E2%80%93 BOERENLEENBANK B.A.,%22RABOBANK NEDERLAND?",NEW YORK BRANCH,1,0,0
169,"What is the location of CHIQUITA BRANDS INTERNATIONAL, INC.?","550 South Caldwell StreetCharlotte, North Carolina 28202",1,0,0
169,"Which company is associated with 150 South Wacker Drive, Suite 2200Chicago, Illinois 60606?","WELLS FARGO BANK, NATIONAL ASSOCIATION",1,0,0
169,"Which company is associated with 550 South Caldwell StreetCharlotte, North Carolina 28202?","CHIQUITA BRANDS INTERNATIONAL, INC.",1,0,0
169,"What is the role of BANK OF AMERICA, N.A in the agreement?","Agents,",1,0,0
169,"What is the role of BC SYSTEMS, INC. in the agreement?",BORROWER,1,0,0
169,"What is the role of CB CONTAINERS, INC. in the agreement?",BORROWER,1,0,0
169,"What is the role of CHIQUITA BRANDS INTERNATIONAL, INC in the agreement?",Parent,1,0,0
169,What is the role of CHIQUITA BRANDS L.L.C. in the agreement?,BORROWER,1,0,0
169,"What is the role of CHIQUITA BRANDS L.L.C.,CHIQUITA FRESH NORTH AMERICA L.L.C.,FRESH INTERNATIONAL CORP.,FRESH EXPRESS INCORPORATED,BC SYSTEMS, INC.,VERDELLI FARMS, INC.,TRANSFRESH CORPORATION,CB CONTAINERS, INC., in the agreement?",Borrowers,1,0,0
169,What is the role of CHIQUITA FRESH NORTH AMERICA L.L.C. in the agreement?,BORROWER,1,0,0
169,What is the role of FRESH EXPRESS INCORPORATED in the agreement?,BORROWER,1,0,0
169,What is the role of FRESH INTERNATIONAL CORP. in the agreement?,BORROWER,1,0,0
169,What is the role of GOLDMAN SACHS BANK in the agreement?,Lead Arrangers,1,0,0
169,"What is the role of SPORTATION, LLC in the agreement?",Borrowers,1,0,0
169,What is the role of TRANSFRESH CORPORATION in the agreement?,BORROWER,1,0,0
169,What is the role of V.F. TRAN in the agreement?,Borrowers,1,0,0
169,"What is the role of V.F. TRANSPORTATION, LLC in the agreement?",BORROWER,1,0,0
169,What is the role of VERDELLI FARMS INC. in the agreement?,BORROWER,1,0,0
169,What is the role of BARCLAYS BANK PLC in the agreement?,Lender,1,0,0
169,"What company is the Agents, in the agreement?","BANK OF AMERICA, N.A",1,0,0
169,What company is the Parent in the agreement?,"CHIQUITA BRANDS INTERNATIONAL, INC",1,0,0
169,What company is the Lead Arrangers in the agreement?,GOLDMAN SACHS BANK,1,0,0
169,What company is the Documentation Agent in the agreement?,GOLDMAN SACHS BANK USA,1,0,0
169,What company is the Administrative Agent in the agreement?,"WELLS FARGO BANK, NATIONAL ASSOCIATION",1,0,0
169,What company is the Book Runner in the agreement?,"WELLS FARGO BANK, NATIONAL ASSOCIATION",1,0,0
97,What is the position of Diana Pennington?,Chief Counsel- %09 %09HFS Real Estate,1,0,0
97,What is the position of Jeffrey M. Muchmore?,Managing Director,1,0,0
97,What is the position of Kent Eikanas?,Chief Operating Officer,1,0,0
97,In what organization does Dague Retzlaff work?,GENERAL ELECTRIC CAPITAL CORPORATION,1,0,0
97,In what organization does Diana Pennington work?,General Electric Capital Corporation,1,0,0
97,In what organization does Jeffrey M. Muchmore work?,General Electric Capital Corporation,1,0,0
97,In what organization does Kent Eikanas work?,"Summit Healthcare REIT, Inc",1,0,0
97,Who is the representative of GENERAL ELECTRIC CAPITAL CORPORATION?,Dague Retzlaff,1,0,0
97,"Who is the representative of Summit Healthcare REIT, Inc?",Kent Eikanas,1,0,0
97,"What is the location of Summit Healthcare REIT, Inc.?","2 South Pointe Drive, Suite 1400 %09 %09Lake Forest, California 92630",1,0,0
97,What is the location of General Electric Capital Corporation?,"500 West Monroe Street %09 %09Chicago, Illinois 60661",1,0,0
97,"Which company is associated with 2 South Pointe Drive, Suite 1400 %09 %09Lake Forest, California 92630?","Summit Healthcare REIT, Inc.",1,0,0
97,"Which company is associated with 500 West Monroe Street %09 %09Chicago, Illinois 60661?",General Electric Capital Corporation,1,0,0
97,"What is the role of Summit Healthcare REIT, Inc. in the agreement?",Borrower,1,0,0
97,What is the role of General Electric Capital Corporation in the agreement?,Administrative  Agent,1,0,0
97,What company is the Lender in the agreement?,GENERAL ELECTRIC CAPITAL CORPORATION,1,0,0
97,What company is the Agent in the agreement?,GENERAL ELECTRIC CAPITAL CORPORATION,1,0,0
97,What company is the Administrative  Agent in the agreement?,General Electric Capital Corporation,1,0,0
83,What is the position of Andrew Hietala?,Senior Vice President,1,0,0
83,What is the position of Bertram H. Tang?,Authorized Signatory,1,0,0
83,What is the position of Cecile Segovia?,Director and Senior Relationship Manager,1,0,0
83,What is the position of Charles De Clapiers?,Vice President,1,0,0
83,What is the position of Danny Leung?,SVP %26 COO,1,0,0
83,What is the position of Elizabeth Willi?,Vice President,1,0,0
83,What is the position of Eric Chen?,VP %26 General Manager,1,0,0
83,What is the position of Eugene Dempsey?,Director,1,0,0
83,What is the position of Haiyong Yang?,SVP and Branch Manager,1,0,0
83,What is the position of Henry C. R. Leu?,S.V.P. %26 General Manager,1,0,0
83,What is the position of Hsiao-Ho Huang?,SVP %26 General Manager,1,0,0
83,What is the position of Ivan Vera?,VP Credit and Documentation,1,0,0
83,What is the position of James Hua?,SVP,1,0,0
83,What is the position of James McWalters?,General Manager,1,0,0
83,What is the position of Jane Chang?,VP %26 General Manager,1,0,0
83,What is the position of Jeannette Lu?,Vice President,1,0,0
83,What is the position of Johanna Minaya?,Associate Director,1,0,0
83,What is the position of Johnetta Bush?,Vice President,1,0,0
83,What is the position of Joseph Carrillo?,Vice President,1,0,0
83,What is the position of Juan Segundo?,"Corporate Banking, Directo",1,0,0
83,What is the position of Kang Yang?,VP %26 General Manager,1,0,0
83,What is the position of Lacy Houstoun?,Director,1,0,0
83,What is the position of Li-Hua Huang?,VP %26 General Manager,1,0,0
83,What is the position of Mark C. Skrzynski?,Vice President,1,0,0
83,What is the position of Matthew D. Meister?,Assistant Vice President,1,0,0
83,What is the position of Maureen P. Maroney?,Vice President,1,0,0
83,What is the position of Maurici Llad%C3%B3?,EVP %C2%96 Corporate %26 Commercial Banking,1,0,0
83,What is the position of Michael Dixon?,Senior Vice President,1,0,0
83,What is the position of Michael Miller?,Director,1,0,0
83,What is the position of Ralph Wu?,SVP %26 Branch Manager,1,0,0
83,What is the position of Rian DuBach?,Vice President,1,0,0
83,What is the position of Richard J. Ameny Jr.?,Vice President,1,0,0
83,What is the position of Richard Ong Pho?,Director,1,0,0
83,What is the position of Rita E. Dillon?,Senior Vice President,1,0,0
83,What is the position of Robert K. Reddington?,Credit Documentation Manager,1,0,0
83,What is the position of Robin S. Wu?,VP %26 Deputy General Manager,1,0,0
83,What is the position of Sandy Lee?,Vice President,1,0,0
83,What is the position of Sheldon Pinto?,Authorized Signatory,1,0,0
83,What is the position of Shibani Faehnle?,Vice President,1,0,0
83,What is the position of Shu-Fei %28Sophia%29 Lin?,Vice President %26 General Manager,1,0,0
83,What is the position of Shuji Yabe?,Managing Director,1,0,0
83,What is the position of Steve Levi?,Senior Vice President,1,0,0
83,What is the position of Steve Ryan?,Senior Vice President,1,0,0
83,What is the position of Susan Takeda?,Vice President,1,0,0
83,What is the position of Suzanne M. Rode?,Managing Director,1,0,0
83,What is the position of Tim Leyden?,Chief Financial Officer,1,0,0
83,What is the position of Timothy Leyden?,Chief Financial Officer,1,0,0
83,What is the position of Todd Rodgers?,Director,1,0,0
83,What is the position of Keith Winzenried?,Credit Executive,1,0,0
83,In what organization does Andrew Hietala work?,"WESTERN DIGITAL TECHNOLOGIES, INC",1,0,0
83,In what organization does Bertram H. Tang work?,ROYAL BANK OF CANADA,1,0,0
83,In what organization does Cecile Segovia work?,BANK OF THE WEST,1,0,0
83,In what organization does Charles De Clapiers work?,"WESTERN DIGITAL IRELAND, LTD",1,0,0
83,In what organization does Danny Leung work?,"THE BANK OF EAST ASIA, LTD",1,0,0
83,In what organization does Elizabeth Willi work?,"WESTERN DIGITAL IRELAND, LTD",1,0,0
83,In what organization does Eric Chen work?,BANK OF TAIWAN,1,0,0
83,In what organization does Eugene Dempsey work?,BNP PARIBAS,1,0,0
83,In what organization does Haiyong Yang work?,BANK OF CHINA,1,0,0
83,In what organization does Henry C. R. Leu work?,LAND BANK OF TAIWANLOS ANGELES BRANCH,1,0,0
83,In what organization does Hsiao-Ho Huang work?,"MEGA INTERNATIONAL COMMERCIAL BANK CO., LTD. LOS ANGELES BRANCH",1,0,0
83,In what organization does Ivan Vera work?,BANCO DE CREDITO E INVERSIONES,1,0,0
83,In what organization does James Hua work?,"THE BANK OF EAST ASIA, LTD",1,0,0
83,In what organization does James McWalters work?,DBS BANK LTD,1,0,0
83,In what organization does Jane Chang work?,BANK OF TAIWAN,1,0,0
83,In what organization does Jeannette Lu work?,"WESTERN DIGITAL IRELAND, LTD",1,0,0
83,In what organization does Johanna Minaya work?,STANDARD CHARTERED BANK,1,0,0
83,In what organization does Johnetta Bush work?,"WESTERN DIGITAL IRELAND, LTD",1,0,0
83,In what organization does Joseph Carrillo work?,"WESTERN DIGITAL IRELAND, LTD",1,0,0
83,In what organization does Juan Segundo work?,BANCO DE CREDITO E INVERSIONES,1,0,0
83,In what organization does Kang Yang work?,BANK OF TAIWAN,1,0,0
83,In what organization does Lacy Houstoun work?,BNP PARIBAS,1,0,0
83,In what organization does Li-Hua Huang work?,"TAIWAN COOPERATIVE BANK, LTD",1,0,0
83,In what organization does Mark C. Skrzynski work?,"WESTERN DIGITAL IRELAND, LTD",1,0,0
83,In what organization does Matthew D. Meister work?,PNC BANK NATIONAL ASSOCIATION,1,0,0
83,In what organization does Maureen P. Maroney work?,"WESTERN DIGITAL IRELAND, LTD",1,0,0
83,In what organization does Maurici Llad%C3%B3 work?,SABADELL UNITED BANK,1,0,0
83,In what organization does Michael Dixon work?,"WESTERN DIGITAL TECHNOLOGIES, INC",1,0,0
83,In what organization does Michael Miller work?,BNP PARIBAS,1,0,0
83,In what organization does Michael Ray work?,"WESTERN DIGITAL TECHNOLOGIES, INC",1,0,0
83,In what organization does Ralph Wu work?,"CTBC BANK CO., LTD",1,0,0
83,In what organization does Rian DuBach work?,"WESTERN DIGITAL IRELAND, LTD",1,0,0
83,In what organization does Richard J. Ameny Jr. work?,"WESTERN DIGITAL IRELAND, LTD",1,0,0
83,In what organization does Richard Ong Pho work?,BNP PARIBAS,1,0,0
83,In what organization does Rita E. Dillon work?,"WESTERN DIGITAL TECHNOLOGIES, INC",1,0,0
83,In what organization does Robert K. Reddington work?,STANDARD CHARTERED BANK,1,0,0
83,In what organization does Robin S. Wu work?,"TAIPEI FUBON COMMERCIAL BANK CO., LTD",1,0,0
83,In what organization does Sandy Lee work?,"WESTERN DIGITAL IRELAND, LTD",1,0,0
83,In what organization does Sheldon Pinto work?,ROYAL BANK OF CANADA,1,0,0
83,In what organization does Shibani Faehnle work?,"WESTERN DIGITAL IRELAND, LTD",1,0,0
83,In what organization does Shu-Fei %28Sophia%29 Lin work?,"HUA NAN COMMERCIAL BANK, LTD",1,0,0
83,In what organization does Shuji Yabe work?,SUMITOMO MITSUI BANKING CORP,1,0,0
83,In what organization does Steve Levi work?,"WESTERN DIGITAL TECHNOLOGIES, INC",1,0,0
83,In what organization does Steve Ryan work?,"WESTERN DIGITAL TECHNOLOGIES, INC",1,0,0
83,In what organization does Susan Takeda work?,"WESTERN DIGITAL IRELAND, LTD",1,0,0
83,In what organization does Suzanne M. Rode work?,SUMITOMO MITSUI BANKING CORP,1,0,0
83,In what organization does Tim Leyden work?,"WESTERN DIGITAL TECHNOLOGIES, INC",1,0,0
83,In what organization does Timothy Leyden work?,"WESTERN DIGITAL TECHNOLOGIES, INC",1,0,0
83,In what organization does Todd Rodgers work?,BNP PARIBAS,1,0,0
83,Who is the representative of BANK OF THE WEST?,Cecile Segovia,1,0,0
83,Who is the representative of BANK OF CHINA?,Haiyong Yang,1,0,0
83,Who is the representative of LAND BANK OF TAIWANLOS ANGELES BRANCH?,Henry C. R. Leu,1,0,0
83,"Who is the representative of MEGA INTERNATIONAL COMMERCIAL BANK CO., LTD. LOS ANGELES BRANCH?",Hsiao-Ho Huang,1,0,0
83,Who is the representative of DBS BANK LTD?,James McWalters,1,0,0
83,"Who is the representative of TAIWAN COOPERATIVE BANK, LTD?",Li-Hua Huang,1,0,0
83,Who is the representative of PNC BANK NATIONAL ASSOCIATION?,Matthew D. Meister,1,0,0
83,Who is the representative of SABADELL UNITED BANK?,Maurici Llad%C3%B3,1,0,0
83,"Who is the representative of CTBC BANK CO., LTD?",Ralph Wu,1,0,0
83,"Who is the representative of TAIPEI FUBON COMMERCIAL BANK CO., LTD?",Robin S. Wu,1,0,0
83,"Who is the representative of HUA NAN COMMERCIAL BANK, LTD?",Shu-Fei %28Sophia%29 Lin,1,0,0
83,Who is the representative of JPMORGAN CHASE BANK?,Keith Winzenried,1,0,0
83,"What is the location of WESTERN DIGITAL IRELAND, LTD?","3355 Michelson DriveSuite 100Irvine, CA 92612",1,0,0
83,"Which company is associated with 10 South Dearborn Street, Floor 7Chicago, IL 60603?","JPMorgan Chase Bank, N.A.",1,0,0
83,"Which company is associated with 1301 Second Avenue, Floor 25Seattle, WA 98101?","JPMorgan Chase Bank, N.A.",1,0,0
83,"Which company is associated with 3355 Michelson DriveSuite 100Irvine, CA 92612?","WESTERN DIGITAL IRELAND, LTD",1,0,0
83,What is the role of JPMORGAN CHASE BANK in the agreement?,Administrative Agent,1,0,0
83,"What is the role of WESTERN DIGITAL IRELAND, LTD in the agreement?",Cayman Borrower,1,0,0
83,What company is the Guarantor in the agreement?,WESTERN DIGITAL CORPORATION,1,0,0
83,What company is the Holdings in the agreement?,WESTERN DIGITAL CORPORATION,1,0,0
83,What company is the L%2Fc Issuer in the agreement?,"JPMorgan Chase Bank, N.A.",1,0,0
83,What company is the Cayman Borrower%3A in the agreement?,"WESTERN DIGITAL TECHNOLOGIES, INC",1,0,0
83,What company is the Us Borrower in the agreement?,"WESTERN DIGITAL TECHNOLOGIES, INC",1,0,0
83,What company is the Cayman Borrower in the agreement?,"WESTERN DIGITAL IRELAND, LTD",1,0,0
68,What is the position of Austin Lotito?,Executive Director,1,0,0
68,What is the position of George J. Carter?,Chief Executive Officer,1,0,0
68,What is the position of John F. Simon?,Senior Vice President,1,0,0
68,What is the position of John Wilgus?,Senior Vice President,1,0,0
68,What is the position of Jonas L. Robinson?,Director,1,0,0
68,What is the position of Kerri Colwell?,Senior Vice President,1,0,0
68,What is the position of Melissa DeVito?,Authorized Signatory,1,0,0
68,What is the position of T. Barrett Vawter?,Director,1,0,0
68,In what organization does Austin Lotito work?,"JPMORGAN CHASE BANK, N.A.",1,0,0
68,In what organization does Cletise Ussery work?,"BANK OF AMERICA, N.A.",1,0,0
68,In what organization does George J. Carter work?,FRANKLIN STREET PROPERTIES CORP.,1,0,0
68,In what organization does Jamie N. Class work?,Foley %26 Lardner LLP,1,0,0
68,In what organization does John F. Simon work?,"CITIZENS BANK, N.A.",1,0,0
68,In what organization does John Wilgus work?,"CITIZENS BANK, N.A.",1,0,0
68,In what organization does Jonas L. Robinson work?,REGIONS BANK,1,0,0
68,In what organization does Kerri Colwell work?,"CITIZENS BANK, N.A.",1,0,0
68,In what organization does Melissa DeVito work?,"CAPITAL ONE, NATIONAL ASSOCIATION",1,0,0
68,In what organization does T. Barrett Vawter work?,REGIONS BANK,1,0,0
68,"Who is the representative of JPMORGAN CHASE BANK, N.A.?",Austin Lotito,1,0,0
68,"Who is the representative of BANK OF AMERICA, N.A.?",Cletise Ussery,1,0,0
68,Who is the representative of FRANKLIN STREET PROPERTIES CORP.?,George J. Carter,1,0,0
68,Who is the representative of Foley %26 Lardner LLP?,Jamie N. Class,1,0,0
68,"Who is the representative of CAPITAL ONE, NATIONAL ASSOCIATION?",Melissa DeVito,1,0,0
68,"What is the location of BANK OF AMERICA, N.A.?","900 W. Trade St.Charlotte, NC 28255",1,0,0
68,What is the location of Foley %26 Lardner LLP?,"111 Huntington AvenueBoston, MA 02199",1,0,0
68,"Which company is associated with 111 Huntington AvenueBoston, MA 02199?",Foley %26 Lardner LLP,1,0,0
68,"Which company is associated with 900 W. Trade St.Charlotte, NC 28255?","BANK OF AMERICA, N.A.",1,0,0
68,What is the role of Beacon Capital in the agreement?,Competitors,1,0,0
68,"What is the role of Boston Properties, Inc. in the agreement?",Competitors,1,0,0
68,What is the role of Brandywine Realty Trust in the agreement?,Competitors,1,0,0
68,What is the role of CP Group in the agreement?,Competitors,1,0,0
68,What is the role of City Office in the agreement?,Competitors,1,0,0
68,What is the role of Corporate Office Properties Trust in the agreement?,Competitors,1,0,0
68,What is the role of Cousins Properties in the agreement?,Competitors,1,0,0
68,"What is the role of Douglas Emmett, Inc. in the agreement?",Competitors,1,0,0
68,"What is the role of FIRST FINANCIAL BANK, N.A. in the agreement?",Lender,1,0,0
68,What is the role of Granite Properties in the agreement?,Competitors,1,0,0
68,"What is the role of Highwoods Properties, Inc. in the agreement?",Competitors,1,0,0
68,What is the role of Kilroy Realty Corporation in the agreement?,Competitors,1,0,0
68,What is the role of Mack-Cali Realty Corporation in the agreement?,Competitors,1,0,0
68,What is the role of Piedmont Office Realty Trust in the agreement?,Competitors,1,0,0
68,What is the role of SL Green Realty Corp. in the agreement?,Competitors,1,0,0
68,What is the role of Vornado Realty Trust in the agreement?,Competitors,1,0,0
68,"What is the role of W.P. Carey %26 Co., LLC in the agreement?",Competitors,1,0,0
68,What is the role of Washington Real Estate Investment Trust in the agreement?,Competitors,1,0,0
68,"What is the role of CAPITAL ONE, NATIONAL ASSOCIATION in the agreement?",Lender,1,0,0
68,What is the role of FRANKLIN STREET PROPERTIES CORP. in the agreement?,BORROWER,1,0,0
68,What company is the Borrower in the agreement?,FRANKLIN STREET PROPERTIES CORP.,1,0,0
6,What is the position of J. Shea Morgenroth?,Authorized Agent,1,0,0
6,In what organization does J. Shea Morgenroth work?,HINES REIT ONE WILSHIRE LP,1,0,0
6,In what organization does Ying Chen work?,BANK OF CHINA,1,0,0
6,Who is the representative of HINES REIT ONE WILSHIRE LP?,J. Shea Morgenroth,1,0,0
6,Who is the representative of BANK OF CHINA?,Ying Chen,1,0,0
6,What is the location of Bank of China?,"444 S. Flower Street, 39th FloorLos Angeles, California 90071",1,0,0
6,"Which company is associated with 444 S. Flower Street, 39th FloorLos Angeles, California 90071?",Bank of China,1,0,0
6,What type of location is LOS ANGELES?,BRANCH,1,0,0
6,What is the role of BANK OF CHINA in the agreement?,Lender,1,0,0
6,What is the role of HINES REIT ONE WILSHIRE LP in the agreement?,Borrower,1,0,0
6,What company is the Lender in the agreement?,BANK OF CHINA,1,0,0
6,What company is the Borrower in the agreement?,HINES REIT ONE WILSHIRE LP,1,0,0
54,What is the position of Chuckie Reddy?,Managing Director,1,0,0
54,In what organization does Chuckie Reddy work?,2018-1 IH BORROWER LP,1,0,0
54,In what organization does Jonathan Olsen work?,2018-1 IH BORROWER LP,1,0,0
54,In what organization does Stephanie M. Tita work?,Andrascik %26 Tita LLC,1,0,0
54,Who is the representative of Andrascik %26 Tita LLC?,Stephanie M. Tita,1,0,0
54,What is the location of JPMORGAN CHASE BANK?,"383 Madison Avenue, New York, New York 10179",1,0,0
54,What is the location of Midland Loan Services?,"10851 Mastin Street, Suite 300Overland Park, Kansas 66210",1,0,0
54,What is the location of 2018-1 IH BORROWER LP?,"c%2Fo Blackstone Real Estate Advisors L.P., 345 Park Avenue, New York, New York 10154",1,0,0
54,What is the location of Andrascik %26 Tita LLC?,"4084 Autumn Ridge RoadBethlehem, Pennsylvania 18017",1,0,0
54,"Which company is associated with 10851 Mastin Street, Suite 300Overland Park, Kansas 66210?",Midland Loan Services,1,0,0
54,"Which company is associated with 383 Madison Avenue, New York, New York 10179?",JPMORGAN CHASE BANK,1,0,0
54,"Which company is associated with 4084 Autumn Ridge RoadBethlehem, Pennsylvania 18017?",Andrascik %26 Tita LLC,1,0,0
54,"Which company is associated with c%2Fo Blackstone Real Estate Advisors L.P., 345 Park Avenue, New York, New York 10154?",2018-1 IH BORROWER LP,1,0,0
54,What is the role of JPMORGAN CHASE BANK in the agreement?,Lender,1,0,0
54,What is the role of 2018-1 IH BORROWER LP in the agreement?,Borrower,1,0,0
54,What company is the Lender in the agreement?,JPMORGAN CHASE BANK,1,0,0
54,What company is the Borrower in the agreement?,2018-1 IH BORROWER LP,1,0,0
40,What is the position of David Reading?,First Vice President,1,0,0
40,What is the position of Edward J. Chidiac?,Senior Vice President,1,0,0
40,What is the position of Hector J. Varona?,Executive Director,1,0,0
40,What is the position of James Cribbet?,Senior Vice President,1,0,0
40,What is the position of Kevin Chan?,Director,1,0,0
40,What is the position of Michael H. Weiner?,Chief Financial Officer,1,0,0
40,What is the position of Michael King?,Authorized Signatory,1,0,0
40,In what organization does David Reading work?,"FIRST NIAGARA BANK, N.A.",1,0,0
40,In what organization does Edward J. Chidiac work?,"ASSOCIATED BANK, NATIONAL ASSOCIATION",1,0,0
40,In what organization does Hector J. Varona work?,"JPMORGAN CHASE BANK, N.A",1,0,0
40,In what organization does James Cribbet work?,"ASSOCIATED BANK, NATIONAL ASSOCIATION",1,0,0
40,In what organization does Kevin Chan work?,THE BANK OF NOVIA SCOTIA,1,0,0
40,In what organization does Michael H. Weiner work?,National General Holdings Corp.,1,0,0
40,In what organization does Michael King work?,"MORGAN STANLEY BANK, N.A",1,0,0
40,In what organization does Nida Mischke work?,"JPMorgan Chase Bank, N.A",1,0,0
40,"Who is the representative of FIRST NIAGARA BANK, N.A.?",David Reading,1,0,0
40,"Who is the representative of JPMORGAN CHASE BANK, N.A?",Hector J. Varona,1,0,0
40,Who is the representative of THE BANK OF NOVIA SCOTIA?,Kevin Chan,1,0,0
40,Who is the representative of National General Holdings Corp.?,Michael H. Weiner,1,0,0
40,"Who is the representative of MORGAN STANLEY BANK, N.A?",Michael King,1,0,0
40,"Who is the representative of JPMorgan Chase Bank, N.A?",Nida Mischke,1,0,0
40,What is the location of National General Holdings Corp.?,"59 Maiden Lane, 38th Floor, New York, NY 10038",1,0,0
40,"What is the location of JPMorgan Chase Bank, N.A?","10 South Dearborn Street, Floor L2, Chicago, IL 60603-2003",1,0,0
40,"Which company is associated with 10 South Dearborn Street, Floor L2, Chicago, IL 60603-2003?","JPMorgan Chase Bank, N.A",1,0,0
40,"Which company is associated with 59 Maiden Lane, 38th Floor, New York, NY 10038?",National General Holdings Corp.,1,0,0
40,What is the role of KeyBank National Association in the agreement?,Syndication Agent,1,0,0
40,What is the role of NATIONAL GENERAL HOLDINGS CORP in the agreement?,Borrower,1,0,0
40,"What is the role of MORGAN STANLEY BANK, N.A in the agreement?",Lender,1,0,0
40,What is the role of THE BANK OF NOVIA SCOTIA in the agreement?,Lender,1,0,0
40,What is the role of National General Holdings Corp. in the agreement?,Borrower,1,0,0
40,What company is the Syndication Agent in the agreement?,KeyBank National Association,1,0,0
40,What company is the Issuing Bank in the agreement?,"JPMORGAN CHASE BANK, N.A",1,0,0
40,"What company is the Agent, in the agreement?","JPMorgan Chase Bank, N.A",1,0,0
56,What is the position of Rebecca Kratz?,Authorized Signatory,1,0,0
56,What is the position of D. Andrew Maletta?,Authorized Signatory,1,0,0
56,What is the position of Judith Smith?,Authorized Signatory,1,0,0
56,What is the position of Kenneth Chin?,Director,1,0,0
56,What is the position of Melissa James?,Authorized Signatory,1,0,0
56,What is the position of Chris Walton?,Director,1,0,0
56,What is the position of Darlene Arias?,Director,1,0,0
56,What is the position of Lee A. Olive?,Managing Director,1,0,0
56,In what organization does Rebecca Kratz work?,"CREDIT SUISSE AG, CAYMAN ISLANDS BRANCH",1,0,0
56,In what organization does D. Andrew Maletta work?,"CREDIT SUISSE AG, CAYMAN ISLANDS BRANCH",1,0,0
56,In what organization does Judith Smith work?,"CREDIT SUISSE AG, CAYMAN ISLANDS BRANCH",1,0,0
56,In what organization does Kenneth Chin work?,"UBS AG, Stamford Branch",1,0,0
56,In what organization does Melissa James work?,"CREDIT SUISSE AG, CAYMAN ISLANDS BRANCH",1,0,0
56,In what organization does Paul M. Robinson work?,WMG Acquisition Corp.,1,0,0
56,In what organization does Chris Walton work?,"UBS AG, Stamford Branch",1,0,0
56,In what organization does Darlene Arias work?,"UBS AG, Stamford Branch",1,0,0
56,In what organization does Lee A. Olive work?,"NOMURA CORPORATE FUNDING AMERICAS, LLC",1,0,0
56,In what organization does Pierre Maug%C3%BC%C3%A9 work?,Debevoise %26 Plimpton LLP,1,0,0
56,Who is the representative of WMG Acquisition Corp.?,Paul M. Robinson,1,0,0
56,"Who is the representative of NOMURA CORPORATE FUNDING AMERICAS, LLC?",Lee A. Olive,1,0,0
56,Who is the representative of Debevoise %26 Plimpton LLP?,Pierre Maug%C3%BC%C3%A9,1,0,0
56,What is the location of Debevoise %26 Plimpton LLP?,"919 Third Avenue, New York, New York 10022",1,0,0
56,"Which company is associated with 919 Third Avenue, New York, New York 10022?",Debevoise %26 Plimpton LLP,1,0,0
56,What is the role of BARCLAYS BANK PLC in the agreement?,Lender,1,0,0
56,"What is the role of GOLDMAN SACHS BANK, USA in the agreement?",Lender,1,0,0
56,"What is the role of MORGAN STANLEY BANK, N.A. in the agreement?",Lender,1,0,0
56,"What is the role of Access Industries, Inc. in the agreement?",Sponsor,1,0,0
56,"What is the role of NOMURA CORPORATE FUNDING AMERICAS, LLC in the agreement?",Lender,1,0,0
56,What is the role of WMG Acquisition Corp. in the agreement?,Borrower,1,0,0
56,"What is the role of UBS AG, Stamford Branch in the agreement?",Lender,1,0,0
56,What company is the Sponsor in the agreement?,"Access Industries, Inc.",1,0,0
56,What company is the Borrower in the agreement?,WMG Acquisition Corp.,1,0,0
4,What is the position of David Lissy?,Chief Executive Officer,1,0,0
4,What is the position of Frank Byrne?,Vice President,1,0,0
4,What is the position of John Toronto?,Managing Director,1,0,0
4,What is the position of Robert Ehudin?,Authorized Signatory,1,0,0
4,What is the position of Ronnie Glen?,Vice President,1,0,0
4,What is the position of Sarah L. Freedman?,Executive Director,1,0,0
4,In what organization does David Lissy work?,"BRIGHT HORIZONS CAPITAL CORP.,",1,0,0
4,In what organization does Frank Byrne work?,"BANK OF AMERICA, N.A.",1,0,0
4,In what organization does John Toronto work?,CREDIT SUISSE AG,1,0,0
4,In what organization does Robert Ehudin work?,GOLDMAN SACHS BANK USA,1,0,0
4,In what organization does Ronnie Glen work?,"BANK OF AMERICA, N.A.",1,0,0
4,In what organization does Sarah L. Freedman work?,JPMORGAN CHASE BANK N.A.,1,0,0
4,"Who is the representative of BRIGHT HORIZONS CAPITAL CORP.,?",David Lissy,1,0,0
4,Who is the representative of CREDIT SUISSE AG?,John Toronto,1,0,0
4,Who is the representative of GOLDMAN SACHS BANK USA?,Robert Ehudin,1,0,0
4,Who is the representative of JPMORGAN CHASE BANK N.A.?,Sarah L. Freedman,1,0,0
4,What type of location is CAYMAN ISLANDS?,BRANCH,1,0,0
4,What is the role of BRIGHT HORIZONS CAPITAL CORP in the agreement?,Holdings,1,0,0
4,What is the role of BRIGHT HORIZONS FAMILY SOLUTIONS LLC in the agreement?,Borrower,1,0,0
4,"What is the role of BRIGHT HORIZONS CAPITAL CORP., in the agreement?",Holdings,1,0,0
4,What company is the Syndication Agent in the agreement?,.P. MORGAN SECURITIES LLC,1,0,0
4,What company is the Borrower in the agreement?,BRIGHT HORIZONS FAMILY SOLUTIONS LLC,1,0,0
4,What company is the L%2Fc Issuer in the agreement?,GOLDMAN SACHS BANK USA,1,0,0
4,What company is the Administrative Agent in the agreement?,GOLDMAN SACHS BANK USA,1,0,0
4,What company is the Swing Line Lender in the agreement?,GOLDMAN SACHS BANK USA,1,0,0
42,What is the position of Alan Garson?,Senior Vice President,1,0,0
42,What is the position of Anthony Luppino?,Vice President,1,0,0
42,What is the position of Helene P. Sprung?,Managing Director,1,0,0
42,What is the position of Jay R. Goldstein?,Managing Director,1,0,0
42,What is the position of Maureen S. Malphus?,Vice President,1,0,0
42,What is the position of Paul Spearing?,Vice President,1,0,0
42,What is the position of Kelly Weaver?,Vice President,1,0,0
42,In what organization does Alan Garson work?,"PANERA, LLC",1,0,0
42,In what organization does Anthony Luppino work?,"PNC BANK, NATIONAL ASSOCIATION",1,0,0
42,In what organization does Helene P. Sprung work?,REGIONS BANK,1,0,0
42,In what organization does Jay R. Goldstein work?,REGIONS BANK,1,0,0
42,In what organization does John D. Sigel work?,WilmerHale,1,0,0
42,In what organization does Louis DiPietro work?,Panera Bread Company,1,0,0
42,In what organization does Mark Wooldridge work?,Panera Bread Company,1,0,0
42,In what organization does Maureen S. Malphus work?,"PNC BANK, NATIONAL ASSOCIATION",1,0,0
42,In what organization does Michael J. Bufano work?,"PANERA, LLC",1,0,0
42,In what organization does Monique Haley work?,"Bank of America, N.A",1,0,0
42,In what organization does Paul Spearing work?,"PNC BANK, NATIONAL ASSOCIATION",1,0,0
42,Who is the representative of WilmerHale?,John D. Sigel,1,0,0
42,"Who is the representative of Bank of America, N.A?",Monique Haley,1,0,0
42,"Who is the representative of Bank of America, N.A.?",Kelly Weaver,1,0,0
42,"What is the location of Bank of America, N.A?","101 North Tryon St. 5th FloorCharlotte, NC 28255",1,0,0
42,What is the location of WilmerHale?,"60 State StreetBoston, MA 02109 USA",1,0,0
42,"Which company is associated with 101 North Tryon St. 5th FloorCharlotte, NC 28255?","Bank of America, N.A",1,0,0
42,"Which company is associated with 3630 South Geyer Road, Suite 100St. Louis, MO 63127?",Panera Bread Company,1,0,0
42,"Which company is associated with 60 State StreetBoston, MA 02109 USA?",WilmerHale,1,0,0
42,"Which company is associated with 63 Kendrick StreetNeedham, MA 02494?",Panera Bread Company,1,0,0
42,"Which company is associated with 900 West Trade St.Charlotte, NC 28255-0001?","Bank of America, N.A.",1,0,0
42,"Which company is associated with New York, NY?","Bank of America, N.A.",1,0,0
42,"What is the role of BANK OF AMERICA, N.A. in the agreement?",Lender,1,0,0
42,"What is the role of WELLS FARGO BANK, NATIONALASSOCIATION in the agreement?",Lender,1,0,0
42,"What is the role of ARTISAN BREAD, LLC in the agreement?",Guarantor,1,0,0
42,"What is the role of Artisan Bread, LLC in the agreement?",Subsidiary,1,0,0
42,"What is the role of BAKERY CAF%C3%89 CARDS, LLC in the agreement?",Guarantor,1,0,0
42,"What is the role of Bakery Cafe Cards, LLC in the agreement?",Subsidiary,1,0,0
42,"What is the role of CAP CITY BREAD, LLC in the agreement?",Guarantor,1,0,0
42,"What is the role of Cap City Bread, LLC in the agreement?",Subsidiary,1,0,0
42,"What is the role of PANERA BAKERY %26 CAF%C3%89, INC. in the agreement?",Guarantor,1,0,0
42,"What is the role of PANERA CANADA HOLDINGS, INC. in the agreement?",Guarantor,1,0,0
42,"What is the role of PANERA INTERNATIONAL HOLDINGS, INC. in the agreement?",Guarantor,1,0,0
42,"What is the role of PUMPERNICKEL, INC. in the agreement?",Guarantor,1,0,0
42,"What is the role of PUMPERNICKEL ASSOCIATES, LLC in the agreement?",Guarantor,1,0,0
42,"What is the role of Panera, LLC in the agreement?",Subsidiary,1,0,0
42,What is the role of Panera Bread %28BC%29 ULC in the agreement?,Subsidiary,1,0,0
42,"What is the role of Panera Canada Holdings, Inc. in the agreement?",Subsidiary,1,0,0
42,"What is the role of Panera Enterprises, Inc. in the agreement?",Subsidiary,1,0,0
42,"What is the role of Panera International Holdings, Inc. in the agreement?",Subsidiary,1,0,0
42,"What is the role of Paradise Bakery %26 Caf%C3%A9, Inc. in the agreement?",Subsidiary,1,0,0
42,"What is the role of Pumpernickel, Inc. in the agreement?",Subsidiary,1,0,0
42,"What is the role of Pumpernickel Associates, LLC in the agreement?",Subsidiary,1,0,0
42,"What is the role of TD BANK, N.A. in the agreement?",Lender,1,0,0
42,What is the role of REGIONS BANK in the agreement?,Lender,1,0,0
42,"What is the role of PNC BANK, NATIONAL ASSOCIATION in the agreement?",Lender,1,0,0
42,What is the role of Panera Bread Company in the agreement?,BORROWER,1,0,0
42,What company is the Lead Bookrunner in the agreement?,"Merrill Lynch, Pierce, Fenner %26 Smith",1,0,0
42,What company is the Lead Arranger in the agreement?,"Merrill Lynch, Pierce, Fenner %26 Smith",1,0,0
42,What company is the Borrower in the agreement?,Panera Bread Company,1,0,0
95,What is the position of John R. Fallon?,"Jr., Esq.",1,0,0
95,What is the position of Angela Lau?,Vice President,1,0,0
95,What is the position of Daniel J. Booth?,Chief Operating Officer,1,0,0
95,What is the position of Yinghua Zhang?,Vice President,1,0,0
95,In what organization does Jean Hood work?,"Bank of America, N.A.",1,0,0
95,In what organization does John R. Fallon work?,Kaye Scholer LLP,1,0,0
95,Who is the representative of Kaye Scholer LLP?,John R. Fallon,1,0,0
95,"Who is the representative of OHI Asset HUD Delta, LLC?",Daniel J. Booth,1,0,0
95,"Who is the representative of Omega Healthcare Investors, Inc?",Daniel J. Booth,1,0,0
95,What is the location of Kaye Scholer LLP?,"425 Park AvenueNew York, New York 10022",1,0,0
95,"What is the location of Omega Healthcare Investors, Inc?","200 International Circle, Suite 3500Hunt Valley, Maryland 21030",1,0,0
95,"Which company is associated with 100 N. Tryon StreetMail Code%3A NC1 -007-17-11Charlotte, NC 28255?","Bank of America, N.A.",1,0,0
95,"Which company is associated with 101 North Tryon StreetMail Code%3A NC1-001-04-39Charlotte, North Carolina 28255-0001?","Bank of America, N.A.",1,0,0
95,"Which company is associated with 1455 Market StreetMail Code%3A CA5-701-05-19San Francisco, California 94103-1399?","Bank of America, N.A.",1,0,0
95,"Which company is associated with 200 International Circle, Suite 3500Hunt Valley, Maryland 21030?","Omega Healthcare Investors, Inc",1,0,0
95,"Which company is associated with 425 Park AvenueNew York, New York 10022?",Kaye Scholer LLP,1,0,0
95,"What type of location is 100 N. Tryon StreetMail Code%3A NC1 -007-17-11Charlotte, NC 28255?",Global Corporate Debt Products,1,0,0
95,"What type of location is 1455 Market StreetMail Code%3A CA5-701-05-19San Francisco, California 94103-1399?",Agency Management,1,0,0
95,"What is the role of 3806 CLAYTON ROAD, LLC %09245 EAST WILSHIRE AVENUE, LLC %0913922 CERISE AVENUE, LLC %09637 EAST ROMIE LANE, LLC %09523 HAYES LANE, LLC in the agreement?",GUARANTORS,1,0,0
95,"What is the role of CFG 2115 WOODSTOCK PLACE, LLC %091200 ELY STREET HOLDINGS CO. LLC %0942235 COUNTY ROAD HOLDINGS CO. LLC %092425 TELLER AVENUE, LLC %0948 HIGH POINT ROAD, LLC in the agreement?",GUARANTORS,1,0,0
95,"What is the role of CSE ALBANY LLC %09CSE AMARILLO LLC %09CSE AUGUSTA LLC %09CSE BEDFORD LLC %09CSE CAMBRIDGE REALTY LLC %09CSE CANTON LLC %09CSE CEDAR RAPIDS LLC %09CSE CHELMSFORD LLC %09CSE CHESTERTON LLC %09CSE CLAREMONT LLC %09CSE DENVER LLC %09CSE DOUGLAS LLC %09CSE ELKTON REALTY LLC %09CSE FORT WAYNE LLC %09CSE FRANKSTON LLC %09CSE GEORGETOWN LLC %09CSE GREEN BAY LLC %09CSE HILLIARD LLC %09CSE HUNTSVILLE LLC %09CSE INDIANAPOLIS %E2%80%93 CONTINENTAL LLC %09CSE INDIANAPOLIS %E2%80%93 GREENBRIAR LLC %09CSE JEFFERSONVILLE %E2%80%93 HILLCREST CENTER LLC %09CSE JEFFERSONVILLE %E2%80%93 JENNINGS HOUSE LLC %09CSE KINGSPORT LLC %09CSE LAKE CITY LLC %09CSE LAKE WORTH LLC %09CSE LAKEWOOD LLC %09CSE LAS VEGAS LLC %09CSE LAWRENCEBURG LLC %09CSE LEXINGTON PARK REALTY LLC %09CSE LIGONIER LLC %09CSE LIVE OAK LLC %09CSE LOWELL LLC %09CSE MOBILE LLC %09CSE MOORE LLC %09CSE NORTH CAROLINA HOLDINGS I LLC %09CSE NORTH CAROLINA HOLDINGS II LLC %09CSE OMRO LLC %09CSE ORANGE PARK LLC %09CSE ORLANDO %E2%80%93 PINAR TERRACE MANOR LLC %09CSE ORLANDO %E2%80%93 TERRA VISTA REHAB LLC %09CSE PIGGOTT LLC %09CSE PILOT POINT LLC %09CSE PONCA CITY LLC %09CSE PORT ST. LUCIE LLC %09CSE RICHMOND LLC %09CSE SAFFORD LLC %09CSE SALINA LLC %09CSE SEMINOLE LLC %09CSE SHAWNEE LLC %09CSE STILLWATER LLC %09CSE TAYLORSVILLE LLC  %09OMEGA HEALTHCARE INVESTORS, INC.CREDIT AGREEMENT %09    %09CSE TEXAS CITY LLC %09CSE UPLAND LLC %09CSE WINTER HAVEN LLC %09CSE YORKTOWN LLC in the agreement?",GUARANTORS,1,0,0
95,What is the role of CSE ARDEN L.P. %09CSE KING L.P. %09CSE KNIGHTDALE L.P. %09CSE LENOIR L.P. %09CSE WALNUT COVE L.P. %09CSE WOODFIN L.P. in the agreement?,GUARANTORS,1,0,0
95,What is the role of CSE BLOUNTVILLE LLC %09CSE BOLIVAR LLC %09CSE CAMDEN LLC %09CSE HUNTINGDON LLC %09CSE JEFFERSON CITY LLC %09CSE MEMPHIS LLC %09CSE RIPLEY LLC in the agreement?,GUARANTORS,1,0,0
95,What is the role of CSE CAMBRIDGE LLC in the agreement?,GUARANTORS,1,0,0
95,What is the role of CSE CASABLANCA HOLDINGS II LLC in the agreement?,GUARANTORS,1,0,0
95,What is the role of CSE CASABLANCA HOLDINGS LLC in the agreement?,GUARANTORS,1,0,0
95,What is the role of CSE CENTENNIAL VILLAGE in the agreement?,GUARANTORS,1,0,0
95,What is the role of CSE CORPUS NORTH LLC %09CSE JACINTO CITY LLC %09CSE KERRVILLE LLC %09CSE RIPON LLC %09CSE SPRING BRANCH LLC %09CSE THE VILLAGE LLC %09CSE WILLIAMSPORT LLC %09DESERT LANE LLC %09NORTH LAS VEGAS LLC in the agreement?,GUARANTORS,1,0,0
95,"What is the role of CSE DENVER ILIFF LLC %09CSE FAIRHAVEN LLC %09CSE MARIANNA HOLDINGS LLC %09CSE TEXARKANA LLC %09CSE WEST POINT LLC %09CSE WHITEHOUSE LLC %09CARNEGIE GARDENS LLC %09FLORIDA REAL ESTATE COMPANY, LLC %09GREENBOUGH, LLC %09LAD I REAL ESTATE COMPANY, LLC %09PANAMA CITY NURSING CENTER LLC %09SKYLER MAITLAND LLC %09SUWANEE, LLC in the agreement?",GUARANTORS,1,0,0
95,What is the role of CSE ELKTON LLC in the agreement?,GUARANTORS,1,0,0
95,What is the role of CSE LEXINGTON PARK LLC in the agreement?,GUARANTORS,1,0,0
95,What is the role of CSE PENNSYLVANIA HOLDINGS in the agreement?,GUARANTORS,1,0,0
95,What is the role of CSE PINE VIEW LLC in the agreement?,GUARANTORS,1,0,0
95,"What is the role of ENCANTO SENIOR CARE, LLC in the agreement?",GUARANTORS,1,0,0
95,"What is the role of HOUSE OF HANOVER, LTD. in the agreement?",GUARANTORS,1,0,0
95,"What is the role of OHIMA, INC. %09CANTON HEALTH CARE LAND, INC. %09DIXON HEALTH CARE CENTER, INC. %09HUTTON I LAND, INC. %09HUTTON II LAND, INC. %09HUTTON III LAND, INC. %09LEATHERMAN PARTNERSHIP 89-1, INC. %09LEATHERMAN PARTNERSHIP 89-2, INC. %09LEATHERMAN 90-1, INC. %09MERIDIAN ARMS LAND, INC. %09ORANGE VILLAGE CARE CENTER, INC. %09ST. MARY%E2%80%99S PROPERTIES, INC. %09ARIZONA LESSOR %E2%80%93 INFINIA, INC. %09BAYSIDE STREET II, INC. %09COLORADO LESSOR %E2%80%93 CONIFER, INC. %09COPLEY HEALTH CENTER, INC. %09FLORIDA LESSOR %E2%80%93 EMERALD, INC. %09FLORIDA LESSOR %E2%80%93 MEADOWVIEW, INC. %09GEORGIA LESSOR %E2%80%93 BONTERRA%2FPARKVIEW, INC. %09HANOVER HOUSE, INC. %09INDIANA LESSOR %E2%80%93 WELLINGTON MANOR, INC. %09LONG TERM CARE ASSOCIATES %E2%80%93 TEXAS, INC. %09OHI %28CONNECTICUT%29, INC. %09OHI %28FLORIDA%29, INC. %09OHI %28ILLINOIS%29, INC. %09OHI %28INDIANA%29, INC. %09OHI %28IOWA%29, INC. %09PAVILLION NORTH PARTNERS, INC. %09PAVILLION NURSING CENTER NORTH, INC. %09STERLING ACQUISITION CORP. %09THE SUBURBAN PAVILION, INC. %09TEXAS LESSOR %E2%80%93 STONEGATE, LIMITED, INC. %09TEXAS LESSOR %E2%80%93 STONEGATE GP, INC. %09WASHINGTON LESSOR %E2%80%93 SILVERDALE, INC. %09OMEGA TRS I, INC. %09BAYSIDE ARIZONA HEALTHCARE SECOND, INC. %09BAYSIDE COLORADO HEALTHCARE ASSOCIATES, INC. %09BAYSIDE STREET, INC. %09DIXIE WHITE HOUSE NURSING HOME, INC. %09FLORIDA LESSOR %E2%80%93 CRYSTAL SPRINGS, INC. %09FLORIDA LESSOR %E2%80%93 LAKELAND, INC. %09INDIANA LESSOR %E2%80%93 JEFFERSONVILLE, INC. %09JEFFERSON CLARK, INC. %09LONG TERM CARE %E2%80%93 MICHIGAN, INC.   %09OMEGA HEALTHCARE INVESTORS, INC.CREDIT AGREEMENT %09    %09LONG TERM CARE %E2%80%93 NORTH CAROLINA, INC. %09LONG TERM CARE ASSOCIATES %E2%80%93 ILLINOIS, INC. %09LONG TERM CARE ASSOCIATES %E2%80%93 INDIANA, INC. %09OCEAN SPRINGS NURSING HOME, INC. %09OHI %28KANSAS%29, INC. %09OHI ASSET %28SMS%29 LENDER, INC. %09OHI OF TEXAS, INC. %09OHI SUNSHINE, INC. %09OHI TENNESSEE, INC. %09OMEGA %28KANSAS%29, INC. %09OS LEASING COMPANY %09PENSACOLA REAL ESTATE HOLDINGS I, INC. %09PENSACOLA REAL ESTATE HOLDINGS II, INC. %09PENSACOLA REAL ESTATE HOLDINGS III, INC. %09PENSACOLA REAL ESTATE HOLDINGS IV, INC. %09PENSACOLA REAL ESTATE HOLDINGS V, INC. %09SKILLED NURSING %E2%80%93 HICKSVILLE, INC. %09SKYLER BOYINGTON, INC. %09SKYLER FLORIDA, INC. %09SKYLER PENSACOLA, INC. %09STERLING ACQUISITION CORP. II %09TEXAS LESSOR %E2%80%93 TREEMONT, INC. in the agreement?",GUARANTORS,1,0,0
95,"What is the role of OHI ASSET, LLC %09OHI ASSET %28ID%29, LLC %09OHI ASSET %28CA%29, LLC %09DELTA INVESTORS I, LLC %09DELTA INVESTORS II, LLC %09OHI ASSET %28CO%29, LLC %09COLONIAL GARDENS, LLC %09WILCARE, LLC %09NRS VENTURES, L.L.C. %09OHI ASSET %28CT%29 LENDER, LLC %09OHI ASSET %28FL%29, LLC %09OHI ASSET %28IL%29, LLC %09OHI ASSET %28MO%29, LLC %09OHI ASSET %28OH%29, LLC %09OHI ASSET %28OH%29 LENDER, LLC %09OHI ASSET %28PA%29, LLC %09OHI ASSET II %28CA%29, LLC %09OHI ASSET II %28FL%29, LLC %09OHI ASSET CSE-E, LLC %09OHI ASSET CSE-U, LLC %09OHI ASSET CSB LLC %09OHI ASSET %28MI%29, LLC %09OHI ASSET %28FL%29 LENDER, LLC %09OHI ASSET HUD WO, LLC %09OHI ASSET %28MD%29, LLC %09OHI ASSET %28IN%29, LLC %09OHI ASSET %28MI%2FNC%29, LLC %09OHI ASSET %28OH%29 NEW PHILADELPHIA, LLC %09OHI ASSET %28TX%29, LLC %09OHI ASSET ESSEX %28OH%29, LLC %09OHI ASSET %28IN%29 WABASH, LLC %09OHI ASSET %28IN%29 WESTFIELD, LLC %09OHI ASSET %28IN%29 GREENSBURG, LLC %09OHI ASSET %28IN%29 INDIANAPOLIS, LLC %09OHI ASSET HUD SF, LLC %09OHI ASSET %28IN%29 AMERICAN VILLAGE, LLC %09OHI ASSET %28IN%29 ANDERSON, LLC %09OHI ASSET %28IN%29 BEECH GROVE, LLC %09OHI ASSET %28IN%29 CLARKSVILLE, LLC %09OHI ASSET %28IN%29 EAGLE VALLEY, LLC %09OHI ASSET %28IN%29 ELKHART, LLC %09OHI ASSET %28IN%29 FOREST CREEK, LLC %09OHI ASSET %28IN%29 FORT WAYNE, LLC %09OHI ASSET %28IN%29 FRANKLIN, LLC %09OHI ASSET %28IN%29 KOKOMO, LLC %09OHI ASSET %28IN%29 LAFAYETTE, LLC %09  %09OMEGA HEALTHCARE INVESTORS, INC.CREDIT AGREEMENT %09    %09OHI ASSET %28IN%29 MONTICELLO, LLC %09OHI ASSET %28IN%29 NOBLESVILLE, LLC %09OHI ASSET %28IN%29 ROSEWALK, LLC %09OHI ASSET %28IN%29 SPRING MILL, LLC %09OHI ASSET %28IN%29 TERRE HAUTE, LLC %09OHI ASSET %28IN%29 ZIONSVILLE, LLC %09OHI ASSET HUD CFG, LLC %09OHI ASSET HUD SF CA, LLC %09OHI ASSET %28TX%29 HONDO, LLC %09OHI ASSET %28MI%29 HEATHER HILLS, LLC %09OHI ASSET %28IN%29 CROWN POINT, LLC %09OHI ASSET %28IN%29 MADISON, LLC %09OHI ASSET %28AR%29 ASH FLAT, LLC %09OHI ASSET %28AR%29 CAMDEN, LLC %09OHI ASSET %28AR%29 CONWAY, LLC %09OHI ASSET %28AR%29 DES ARC, LLC %09OHI ASSET %28AR%29 HOT SPRINGS, LLC %09OHI ASSET %28AR%29 MALVERN, LLC %09OHI ASSET %28AR%29 MENA, LLC %09OHI ASSET %28AR%29 POCAHONTAS, LLC %09OHI ASSET %28AR%29 SHERIDAN, LLC %09OHI ASSET %28AR%29 WALNUT RIDGE, LLC %09OHI ASSET RO, LLC %09OHI ASSET %28FL%29 LAKE PLACID, LLC %09OHI ASSETHUD DELTA, LLC in the agreement?",GUARANTORS,1,0,0
95,"What is the role of OHI ASSET %28LA%29, LLC in the agreement?",GUARANTORS,1,0,0
95,What is the role of OHI ASSET %28PA%29 TRUST %09OHI ASSET II %28PA%29 TRUST %09OHI ASSET III %28PA%29 TRUST %09OHI ASSET IV %28PA%29 SILVER LAKE TRUST in the agreement?,GUARANTORS,1,0,0
95,"What is the role of PAVILLION NORTH, LLP in the agreement?",GUARANTORS,1,0,0
95,"What is the role of TEXAS LESSOR - STONEGATE, LP in the agreement?",GUARANTORS,1,0,0
95,"What is the role of Omega Healthcare Investors, Inc in the agreement?",Credit Parties,1,0,0
95,"What is the role of Bank of America, N.A. in the agreement?",Administrative Agent,1,0,0
95,What company is the Book Manager in the agreement?,"MERRILL LYNCH, PIERCE, FENNER %26 SMITH INCORPORATED",1,0,0
95,What company is the Arranger in the agreement?,"MERRILL LYNCH, PIERCE, FENNER %26 SMITH INCORPORATED",1,0,0
95,What company is the Borrower in the agreement?,"OMEGA HEALTHCARE INVESTORS, INC.",1,0,0
95,What company is the Lender in the agreement?,"BANK OF AMERICA, N.A.",1,0,0
95,What company is the Agent in the agreement?,"BANK OF AMERICA, N.A.",1,0,0
95,What company is the Credit Parties in the agreement?,"Omega Healthcare Investors, Inc",1,0,0
95,What company is the Administrative Agent in the agreement?,"Bank of America, N.A.",1,0,0
81,"What is the location of KELTIC FINANCIAL PARTNERS II, LP?","580 White Plains RoadSuite 610Tarrytown, NY 10591",1,0,0
81,"Which company is associated with 580 White Plains RoadSuite 610Tarrytown, NY 10591?","KELTIC FINANCIAL PARTNERS II, LP",1,0,0
81,"What is the role of TRIAD PERSONNEL SERVICES, INC in the agreement?",BORROWER,1,0,0
81,"What is the role of BMCH, INC in the agreement?",BORROWER,1,0,0
81,"What is the role of BMPS, INC in the agreement?",BORROWER,1,0,0
81,"What is the role of BUSINESS MANAGEMENT PERSONNEL, INC in the agreement?",BORROWER,1,0,0
81,"What is the role of GENERAL EMPLOYMENT ENTERPRISES, INC in the agreement?",BORROWER,1,0,0
81,"What is the role of KELTIC FINANCIAL PARTNERS II, LP in the agreement?",LENDER,1,0,0
81,What company is the Lender in the agreement?,"KELTIC FINANCIAL PARTNERS II, LP",1,0,0
157,What is the position of Jason Purser?,Vice President,1,0,0
157,What is the position of Mark W. King?,CEO,1,0,0
157,What is the position of Nicholas Nadolsky?,Owner of Record,1,0,0
157,In what organization does Jason Purser work?,FROST BANK,1,0,0
157,In what organization does Mark W. King work?,"MICROPAC INDUSTRIES, INC.",1,0,0
157,"Who is the representative of MICROPAC INDUSTRIES, INC.?",Mark W. King,1,0,0
157,"Who is the representative of MICROPAC INDUSTRIES, INC?",Nicholas Nadolsky,1,0,0
157,What is the location of Frost Bank?,"P.O. Box 1600San Antonio, Texas  78296",1,0,0
157,"What is the location of Micropac Industries, Inc.?","905 E. Walnut St.Garland, Texas 75040",1,0,0
157,Which company is associated with 1100 Placid Avenue Plano TX 75074?,"MICROPAC INDUSTRIES, INC.",1,0,0
157,"Which company is associated with 2727 N. Harwood, 10th FloorDallas, Texas 75201?",FROST BANK,1,0,0
157,"Which company is associated with 480 S. Honduras CD, Juraez, Mexico?","MICROPAC INDUSTRIES, INC.",1,0,0
157,Which company is associated with 903 E. Walnut St. Garland TX 75040?,"MICROPAC INDUSTRIES, INC.",1,0,0
157,"Which company is associated with 905 E. Walnut St.Garland, Texas 75040?","Micropac Industries, Inc.",1,0,0
157,Which company is associated with 1137 E. Walnut St. Garland TX 75040?,"MICROPAC INDUSTRIES, INC.",1,0,0
157,Which company is associated with 725 E. Walnut St. Garland TX 75040?,"MICROPAC INDUSTRIES, INC.",1,0,0
157,Which company is associated with 905 E. Walnut St. Garland TX 75040?,"MICROPAC INDUSTRIES, INC.",1,0,0
157,"Which company is associated with 905 E. Walnut StreetGarland, Texas 75040?","MICROPAC INDUSTRIES, INC.",1,0,0
157,Which company is associated with 912 E. Walnut St. Garland TX 75040?,"MICROPAC INDUSTRIES, INC.",1,0,0
157,"Which company is associated with P.O. Box 1600San Antonio, Texas  78296?",Frost Bank,1,0,0
157,Which company is associated with Texas?,FROST BANK,1,0,0
157,What type of location is 1100 Placid Avenue Plano TX 75074?,OFFSITE STORAGE,1,0,0
157,"What type of location is 480 S. Honduras CD, Juraez, Mexico?",MEXICO LOCATION %28Contract Manufacturing%29,1,0,0
157,What type of location is 903 E. Walnut St. Garland TX 75040?,FRONT END%2FTEST BUILDING,1,0,0
157,What type of location is 1137 E. Walnut St. Garland TX 75040?,OFFSITE STORAGE,1,0,0
157,What type of location is 725 E. Walnut St. Garland TX 75040?,OPTO BUILDING,1,0,0
157,What type of location is 905 E. Walnut St. Garland TX 75040?,MICRO BUILDING AND CORPORATE OFFICE,1,0,0
157,What type of location is 912 E. Walnut St. Garland TX 75040?,ASSEMBLY BUILDING,1,0,0
157,What is the role of Frost Bank in the agreement?,Lender,1,0,0
157,"What is the role of Micropac Industries, Inc. in the agreement?",Borrower,1,0,0
157,What is the role of FROST BANK in the agreement?,SENIOR LENDER,1,0,0
157,"What is the role of MICROPAC INDUSTRIES, INC. in the agreement?",BORROWER,1,0,0
157,What company is the Lender in the agreement?,Frost Bank,1,0,0
157,What company is the Senior Lender in the agreement?,FROST BANK,1,0,0
143,What is the position of Anthony Luppino?,Vice President,1,0,0
143,What is the position of Daniel Nunes?,Authorized Signatory,1,0,0
143,What is the position of John Kallina?,Senior Vice President,1,0,0
143,What is the position of Keith Watanabe?,Director,1,0,0
143,What is the position of Maureen Malphus?,Vice President,1,0,0
143,What is the position of Michael H. Keith?,Vice President,1,0,0
143,What is the position of Michael J. Sullivan?,Duly Authorized Signatory,1,0,0
143,What is the position of Ravi Pillay?,Vice President,1,0,0
143,What is the position of Vance Waldron?,VP,1,0,0
143,In what organization does Anthony Luppino work?,"Wells Fargo Bank, National Association",1,0,0
143,In what organization does Daniel Nunes work?,FIRST TENNESSEE BANK NATIONAL ASSOCIATION,1,0,0
143,In what organization does John Kallina work?,"TEXAS CAPITAL BANK, N.A.",1,0,0
143,In what organization does Keith Watanabe work?,"BMO HARRIS BANK, N.A.",1,0,0
143,In what organization does Maureen Malphus work?,"Wells Fargo Bank, National Association",1,0,0
143,In what organization does Michael H. Keith work?,"Wells Fargo Bank, National Association",1,0,0
143,In what organization does Michael J. Skipworth work?,"WINGSTOP HOLDINGS, INC.",1,0,0
143,In what organization does Michael J. Sullivan work?,"CAPITAL ONE, N.A.",1,0,0
143,In what organization does Ravi Pillay work?,"Wells Fargo Bank, National Association",1,0,0
143,In what organization does Vance Waldron work?,"CADENCE BANK, N.A.",1,0,0
143,Who is the representative of FIRST TENNESSEE BANK NATIONAL ASSOCIATION?,Daniel Nunes,1,0,0
143,"Who is the representative of TEXAS CAPITAL BANK, N.A.?",John Kallina,1,0,0
143,"Who is the representative of BMO HARRIS BANK, N.A.?",Keith Watanabe,1,0,0
143,"Who is the representative of WINGSTOP HOLDINGS, INC.?",Michael J. Skipworth,1,0,0
143,"Who is the representative of CAPITAL ONE, N.A.?",Michael J. Sullivan,1,0,0
143,"Who is the representative of CADENCE BANK, N.A.?",Vance Waldron,1,0,0
143,"What is the location of WELLS FARGO BANK, NATIONALASSOCIATION?","1808 Aston Avenue, Suite 250Carlsbad, CA 92008",1,0,0
143,"Which company is associated with 1012 E. Hwy 80, Suite AForney, TX 75126Kaufman County?",WINGSTOP INC.,1,0,0
143,"Which company is associated with 1152 N Buckner Blvd. Ste 106Dallas, TX 75218Dallas County?",WINGSTOP INC.,1,0,0
143,"Which company is associated with 1251 Northwest Hwy. Ste. CGarland, TX 75041Dallas County?",WINGSTOP INC.,1,0,0
143,"Which company is associated with 1515 S. Buckner Blvd. Ste. 247BDallas, TX 75217Dallas County?",WINGSTOP INC.,1,0,0
143,"Which company is associated with 1801 East Chase Pkwy. Ste. 117Fort Worth, TX 76120Tarrant County?",WINGSTOP INC.,1,0,0
143,"Which company is associated with 1808 Aston Avenue, Suite 250Carlsbad, CA 92008?","WELLS FARGO BANK, NATIONALASSOCIATION",1,0,0
143,"Which company is associated with 237 NE 28th St.Fort Worth, TX 76164Tarrant County?",WINGSTOP INC.,1,0,0
143,"Which company is associated with 2777 W. Craig Rd. Ste. 107North Las Vegas, NV 89032Clark County?","WINGSTOP GCM, LLC",1,0,0
143,"Which company is associated with 2802 N. Shepherd Dr. Ste. 400Houston, TX 77008Harris County?",WINGSTOP INC.,1,0,0
143,"Which company is associated with 3300 Western Center Blvd. Ste. 114AFort Worth, TX 76137Tarrant County?",WINGSTOP INC.,1,0,0
143,"Which company is associated with 3910 S. Maryland Pkwy.Las Vegas, NV 89119Clark County?","WINGSTOP GCM, LLC",1,0,0
143,"Which company is associated with 400 N. Nellis Blvd. Ste. 120Las Vegas, NV 89110Clark County?","WINGSTOP GCM, LLC",1,0,0
143,"Which company is associated with 5045 W. Tropicana Ave. Ste. 110Las Vegas, NV 89103Clark County?",WINGSTOP INC.,1,0,0
143,"Which company is associated with 5501 LBJ FreewayDallas, TX 75240Dallas County?",WINGSTOP INC.,1,0,0
143,"Which company is associated with 6760 Abrams Rd. Ste. 119Dallas, TX 75231Dallas County?",WINGSTOP INC.,1,0,0
143,"Which company is associated with 7017 Spring Mountain Rd. Ste. 101Las Vegas, NV 89117Clark County?","WINGSTOP GCM, LLC",1,0,0
143,"Which company is associated with 7645 S. Custer Road Ste. 420Mckinney, TX 75070Collin County?",WINGSTOP INC.,1,0,0
143,"Which company is associated with 820 E. Cartwright Rd., Suite 130Mesquite, TX 75149Dallas County?",WINGSTOP INC.,1,0,0
143,"Which company is associated with 900 N. Coit Rd. Ste. 2700Richardson, TX 75080Dallas County?",WINGSTOP INC.,1,0,0
143,"Which company is associated with 908 Audelia Rd. Ste. 600Richardson, TX 75081Dallas County?",WINGSTOP INC.,1,0,0
143,"Which company is associated with 9208 E. R L Thornton Fwy. Ste. 204Dallas, TX 75228Dallas County?",WINGSTOP INC.,1,0,0
143,"What is the role of WELLS FARGO BANK, NATIONAL ASSOCIATION in the agreement?",Administrative Agent,1,0,0
143,"What is the role of BANK OF AMERICA, N.A. in the agreement?",LENDER,1,0,0
143,"What is the role of CITIZENS BANK, N.A. in the agreement?",LENDER,1,0,0
143,"What is the role of CITIZENS BANK, NATIONAL ASSOCIATION in the agreement?",Syndication Agent,1,0,0
143,What is the role of RC II WS LLC in the agreement?,Sponsor,1,0,0
143,"What is the role of WINGSTOP BEVERAGES, INC. in the agreement?",GUARANTORS,1,0,0
143,"What is the role of WINGSTOP BEVERAGES II, INC. in the agreement?",GUARANTORS,1,0,0
143,What is the role of WINGSTOP INC in the agreement?,Borrower,1,0,0
143,What is the role of WINGSTOP RESTAURANTS INC. in the agreement?,GUARANTORS,1,0,0
143,"What is the role of CAPITAL ONE, N.A. in the agreement?",LENDER,1,0,0
143,"What is the role of BMO HARRIS BANK, N.A. in the agreement?",LENDER,1,0,0
143,"What is the role of CADENCE BANK, N.A. in the agreement?",LENDER,1,0,0
143,What is the role of FIRST TENNESSEE BANK NATIONAL ASSOCIATION in the agreement?,LENDER,1,0,0
143,"What is the role of TEXAS CAPITAL BANK, N.A. in the agreement?",LENDER,1,0,0
143,"What is the role of WINGSTOP HOLDINGS, INC. in the agreement?",GUARANTORS,1,0,0
143,"What is the role of WINGSTOP GCM, LLC in the agreement?",GUARANTORS,1,0,0
143,What is the role of WINGSTOP INC. in the agreement?,BORROWER,1,0,0
143,What company is the Administrative Agent in the agreement?,"WELLS FARGO BANK, NATIONAL ASSOCIATION",1,0,0
143,What company is the Syndication Agent in the agreement?,"CITIZENS BANK, NATIONAL ASSOCIATION",1,0,0
143,What company is the Documentation Agent in the agreement?,FIFTH THIRD BANK,1,0,0
143,What company is the Joint Book Runners in the agreement?,FIFTH THIRD BANK,1,0,0
143,What company is the Joint Lead Arrangers in the agreement?,FIFTH THIRD BANK,1,0,0
143,What company is the Sponsor in the agreement?,RC II WS LLC,1,0,0
143,What company is the Agent in the agreement?,"Wells Fargo Bank, National Association",1,0,0
142,What is the position of Anar Ramji?,Director,1,0,0
142,What is the position of Brian L. Banke?,Director,1,0,0
142,What is the position of Gordon Yip?,Director,1,0,0
142,What is the position of J. Michael Quigley?,Assistant Vice President,1,0,0
142,What is the position of James Campbell?,Director,1,0,0
142,What is the position of James D. Weinstein?,Managing Director,1,0,0
142,What is the position of Jason Lang?,"Director, Resources %26 Energy Group",1,0,0
142,What is the position of Jeff Ferrell?,Managing Director,1,0,0
142,What is the position of John Niedermier?,Authorized Signatory,1,0,0
142,What is the position of John S. McGill?,Director,1,0,0
142,What is the position of Jon A. Dobson?,Corporate Secretary,1,0,0
142,What is the position of Jonathan Leach?,Associate,1,0,0
142,What is the position of Juan J. Javellana?,Executive Director,1,0,0
142,What is the position of Lexanne Cooper?,Authorized Signatory,1,0,0
142,What is the position of Marguerite Sutton?,Vice President,1,0,0
142,What is the position of Mark Williamson?,Authorized Signatory,1,0,0
142,What is the position of Martin Eyok?,Senior Financing Manager,1,0,0
142,What is the position of Michael Linder?,Director,1,0,0
142,What is the position of Michael Zeller?,Director,1,0,0
142,What is the position of Ming K. Chu?,Director,1,0,0
142,What is the position of Raj Acharya?,Financing Manager,1,0,0
142,What is the position of Randy Geislinger?,Managing Director,1,0,0
142,What is the position of Rob MacKinnon?,Managing Director,1,0,0
142,What is the position of Szymon Ordys?,Authorized Signatory,1,0,0
142,What is the position of Tammy Oldenburg?,Authorized Signatory,1,0,0
142,What is the position of Tim VandeGriend?,Authorized Signatory,1,0,0
142,What is the position of Todd Vaubel?,Vice President,1,0,0
142,In what organization does 1251 Avenue of the Americas work?,"THE BANK OF TOKYO-MITSUBISHI UJF, LTD.",1,0,0
142,In what organization does Alain Daoust work?,"CREDIT SUISSE AG, TORONTO BRANCH",1,0,0
142,In what organization does Anar Ramji work?,"CANADIAN IMPERIAL BANK OFCOMMERCE, NEW YORK BRANCH",1,0,0
142,In what organization does Brad C. Crilly work?,"MIZUHO BANK, LTD.",1,0,0
142,In what organization does Brian L. Banke work?,"CANADIAN IMPERIAL BANK OFCOMMERCE, NEW YORK BRANCH",1,0,0
142,In what organization does Christine R. Johnston work?,TRANSCANADA PIPELINES LIMITED,1,0,0
142,In what organization does Gordon Yip work?,"CANADIAN IMPERIAL BANK OFCOMMERCE, NEW YORK BRANCH",1,0,0
142,In what organization does J. Michael Quigley work?,"WELLS FARGO BANK, NATIONAL ASSOCIATION",1,0,0
142,In what organization does James Campbell work?,"CANADIAN IMPERIAL BANK OFCOMMERCE, NEW YORK BRANCH",1,0,0
142,In what organization does James D. Weinstein work?,"CANADIAN IMPERIAL BANK OFCOMMERCE, NEW YORK BRANCH",1,0,0
142,In what organization does Jason Lang work?,HSBC BANK CANADA,1,0,0
142,In what organization does Jeff Cebryk work?,THE BANK OF NOVA SCOTIA,1,0,0
142,In what organization does Jeff Ferrell work?,"CANADIAN IMPERIAL BANK OFCOMMERCE, NEW YORK BRANCH",1,0,0
142,In what organization does Joel E. Hunter work?,TRANSCANADA PIPELINES LIMITED,1,0,0
142,In what organization does John Niedermier work?,ROYAL BANK OF CANADA,1,0,0
142,In what organization does John S. McGill work?,"CANADIAN IMPERIAL BANK OFCOMMERCE, NEW YORK BRANCH",1,0,0
142,In what organization does Jon A. Dobson work?,TRANSCANADA PIPELINES LIMITED,1,0,0
142,In what organization does Jonathan Leach work?,THE BANK OF NOVA SCOTIA,1,0,0
142,In what organization does Juan J. Javellana work?,"JPMORGAN CHASE BANK, N.A.",1,0,0
142,In what organization does Lexanne Cooper work?,ROYAL BANK OF CANADA,1,0,0
142,In what organization does Marguerite Sutton work?,BARCLAYS BANK PLC,1,0,0
142,In what organization does Mark Williamson work?,ROYAL BANK OF CANADA,1,0,0
142,In what organization does Martin Eyok work?,EXPORT DEVELOPMENT CANADA,1,0,0
142,In what organization does Michael Linder work?,"CANADIAN IMPERIAL BANK OFCOMMERCE, NEW YORK BRANCH",1,0,0
142,In what organization does Michael Zeller work?,"CANADIAN IMPERIAL BANK OFCOMMERCE, NEW YORK BRANCH",1,0,0
142,In what organization does Ming K. Chu work?,"CANADIAN IMPERIAL BANK OFCOMMERCE, NEW YORK BRANCH",1,0,0
142,In what organization does Nathaniel A. Brown work?,"COLUMBIA PIPELINE GROUP, INC.",1,0,0
142,In what organization does Raj Acharya work?,EXPORT DEVELOPMENT CANADA,1,0,0
142,In what organization does Randy Geislinger work?,"CANADIAN IMPERIAL BANK OFCOMMERCE, NEW YORK BRANCH",1,0,0
142,In what organization does Richard Antl work?,"CANADIAN IMPERIAL BANK OFCOMMERCE, NEW YORK BRANCH",1,0,0
142,In what organization does Rob MacKinnon work?,"CANADIAN IMPERIAL BANK OFCOMMERCE, NEW YORK BRANCH",1,0,0
142,In what organization does Szymon Ordys work?,ROYAL BANK OF CANADA,1,0,0
142,In what organization does Tammy Oldenburg work?,ROYAL BANK OF CANADA,1,0,0
142,In what organization does Tim VandeGriend work?,ROYAL BANK OF CANADA,1,0,0
142,In what organization does Todd Vaubel work?,BARCLAYS BANK PLC,1,0,0
142,"Who is the representative of THE BANK OF TOKYO-MITSUBISHI UJF, LTD.?",1251 Avenue of the Americas,1,0,0
142,"Who is the representative of CREDIT SUISSE AG, TORONTO BRANCH?",Alain Daoust,1,0,0
142,"Who is the representative of MIZUHO BANK, LTD.?",Brad C. Crilly,1,0,0
142,"Who is the representative of WELLS FARGO BANK, NATIONAL ASSOCIATION?",J. Michael Quigley,1,0,0
142,Who is the representative of HSBC BANK CANADA?,Jason Lang,1,0,0
142,"Who is the representative of JPMORGAN CHASE BANK, N.A.?",Juan J. Javellana,1,0,0
142,"Who is the representative of COLUMBIA PIPELINE GROUP, INC.?",Nathaniel A. Brown,1,0,0
142,What is the location of BANK OF MONTREAL?,CHICAGO BRANCH,1,0,0
142,Which company is associated with CHICAGO BRANCH?,BANK OF MONTREAL,1,0,0
142,"What type of location is 500 Place d%C2%92Armes, 26th Floor?",Corporate Customers Operations,1,0,0
142,"What is the role of THE TORONTO DOMINION BANK,NEW YORK BRANCH in the agreement?",Lender,1,0,0
142,"What is the role of BANK OF AMERICA, N.A. in the agreement?",Lender,1,0,0
142,"What is the role of BANK OF AMERICA, N.A.,CITIBANK, N.A,DEUTSCHE BANK SECURITIES INC.,EXPORT DEVELOPMENT CANADA,THE BANK OF TOKYO-MITSUBISHI UFJ, LTD in the agreement?",Documentation Agents,1,0,0
142,"What is the role of BANK OF MONTREAL, CHICAGO BRANCH in the agreement?",Lender,1,0,0
142,"What is the role of CITIBANK, N.A. in the agreement?",Lender,1,0,0
142,"What is the role of COLUMBIA PIPELINE GROUP, INC in the agreement?",Borrower,1,0,0
142,What is the role of CREDIT AGRICOLE CORPORATE ANDINVESTMENT BANK. in the agreement?,Lender,1,0,0
142,What is the role of DEUTSCHE BANK AG NEW YORK BRANCH in the agreement?,Lender,1,0,0
142,"What is the role of NATIONAL BANK OF CANADA, NEW YORK BRANCH in the agreement?",Lender,1,0,0
142,What is the role of BANK OF MONTREAL in the agreement?,Joint Lead Arranger,1,0,0
142,"What is the role of COLUMBIA PIPELINE GROUP, INC. in the agreement?",Borrower,1,0,0
142,"What is the role of WELLS FARGO BANK, NATIONAL ASSOCIATION in the agreement?",Lender,1,0,0
142,What is the role of BARCLAYS BANK PLC in the agreement?,Lender,1,0,0
142,"What is the role of CREDIT SUISSE AG, TORONTO BRANCH in the agreement?",Lender,1,0,0
142,What is the role of EXPORT DEVELOPMENT CANADA in the agreement?,Lender,1,0,0
142,"What is the role of MIZUHO BANK, LTD. in the agreement?",Lender,1,0,0
142,"What is the role of THE BANK OF TOKYO-MITSUBISHI UJF, LTD. in the agreement?",Lender,1,0,0
142,What is the role of THE BANK OF NOVA SCOTIA in the agreement?,Lender,1,0,0
142,What is the role of TRANSCANADA PIPELINES LIMITED in the agreement?,Guarantor,1,0,0
142,What is the role of ROYAL BANK OF CANADA in the agreement?,Lender,1,0,0
142,"What is the role of CANADIAN IMPERIAL BANK OFCOMMERCE, NEW YORK BRANCH in the agreement?",Lender,1,0,0
142,What company is the Joint Lead Arranger in the agreement?,JPMORGAN CHASE BANK,1,0,0
142,What company is the Sole Bookmanager in the agreement?,JPMORGAN CHASE BANK,1,0,0
142,What company is the Agent in the agreement?,"JPMORGAN CHASE BANK, N.A.",1,0,0
142,What company is the Guarantor in the agreement?,TRANSCANADA PIPELINES LIMITED,1,0,0
156,What is the position of Patricia Del Busto?,Its Authorized Signatory,1,0,0
156,What is the position of Philip Tancorra?,Vice President,1,0,0
156,What is the position of Andreas-Christoph Beyertt?,Managing Director,1,0,0
156,What is the position of Brian Lane?,Its Authorized Signatory,1,0,0
156,What is the position of Carmela Massari?,Senior Vice President,1,0,0
156,What is the position of Christopher Cassidy?,Vice President,1,0,0
156,What is the position of Guelay Mese?,Director,1,0,0
156,What is the position of Jessica Lutrario?,Associate,1,0,0
156,What is the position of Kevin Siebert?,President and Treasurer,1,0,0
156,What is the position of Patricia Del Busto?,Its Authorized Signatory,1,0,0
156,What is the position of Timothy Lee?,Executive Director,1,0,0
156,In what organization does Henk Derksen work?,VIAVI SOLUTIONS LICENSING LLC,1,0,0
156,In what organization does Patricia Del Busto work?,"WELLS FARGO BANK, NATIONAL ASSOCIATION",1,0,0
156,In what organization does Philip Tancorra work?,BNP PARIBAS,1,0,0
156,In what organization does Andreas-Christoph Beyertt work?,VIAVI SOLUTIONS DEUTSCHLAND GMBH,1,0,0
156,In what organization does Brian Lane work?,"WELLS FARGO BANK, NATIONAL ASSOCIATION",1,0,0
156,In what organization does Carmela Massari work?,WELLS FARGO CAPITAL FINANCE CORPORATION CANADA,1,0,0
156,In what organization does Christopher Cassidy work?,BNP PARIBAS,1,0,0
156,In what organization does Guelay Mese work?,VIAVI SOLUTIONS UK LIMITED,1,0,0
156,In what organization does Henk Derksen work?,VIAVI SOLUTIONS UK LIMITED,1,0,0
156,In what organization does Jessica Lutrario work?,"Deutsche Bank AG, New York Branch",1,0,0
156,In what organization does Kevin Siebert work?,VIAVI SOLUTIONS CANADA ULC,1,0,0
156,In what organization does Patricia Del Busto work?,"WELLS FARGO BANK, NATIONAL ASSOCIATION",1,0,0
156,In what organization does Timothy Lee work?,"JPMORGAN CHASE BANK, N.A.",1,0,0
156,Who is the representative of VIAVI SOLUTIONS LICENSING LLC?,Henk Derksen,1,0,0
156,Who is the representative of VIAVI SOLUTIONS DEUTSCHLAND GMBH?,Andreas-Christoph Beyertt,1,0,0
156,Who is the representative of WELLS FARGO CAPITAL FINANCE CORPORATION CANADA?,Carmela Massari,1,0,0
156,"Who is the representative of Deutsche Bank AG, New York Branch?",Jessica Lutrario,1,0,0
156,Who is the representative of VIAVI SOLUTIONS CANADA ULC?,Kevin Siebert,1,0,0
156,"Who is the representative of JPMORGAN CHASE BANK, N.A.?",Timothy Lee,1,0,0
156,What is the location of Davis Polk %26 Wardwell LLP?,"450 Lexington Avenue %09New York, NY 10017",1,0,0
156,"What is the location of Gibson, Dunn %26 Crutcher?","333 South Grand Avenue %09Los Angeles, CA 90071",1,0,0
156,"What is the location of OPTICAL COATING LABORATORY, LLC?",U.S.,1,0,0
156,What is the location of VIAVI SOLUTIONS INC?,U.S.,1,0,0
156,What is the location of VIAVI SOLUTIONS LL?,U.S.,1,0,0
156,What is the location of Viavi Solutions Inc.?,"6001 America Center Drive %09San Jose, California 95002",1,0,0
156,What is the location of VIAVI SOLUTIONS CANADA ULC?,Canadian,1,0,0
156,What is the location of VIAVI SOLUTIONS DEUTSCHLAND GMBH?,German,1,0,0
156,What is the location of VIAVI SOLUTIONS LICENSING LLC?,U.S.,1,0,0
156,What is the location of VIAVI SOLUTIONS UK LIMITED?,UK,1,0,0
156,"What is the location of WELLS FARGO BANK, NATIONAL ASSOCIATION?","1800 Century Park East, Suite 1100 %09Los Angeles, CA 90067",1,0,0
156,"Which company is associated with 6001 America Center Drive %09San Jose, California 95002?",Viavi Solutions Inc.,1,0,0
156,"Which company is associated with 1800 Century Park East, Suite 1100 %09Los Angeles, CA 90067?","WELLS FARGO BANK, NATIONAL ASSOCIATION",1,0,0
156,"Which company is associated with 333 South Grand Avenue %09Los Angeles, CA 90071?","Gibson, Dunn %26 Crutcher",1,0,0
156,"Which company is associated with 450 Lexington Avenue %09New York, NY 10017?",Davis Polk %26 Wardwell LLP,1,0,0
156,Which company is associated with Canadian?,VIAVI SOLUTIONS CANADA ULC,1,0,0
156,Which company is associated with German?,VIAVI SOLUTIONS DEUTSCHLAND GMBH,1,0,0
156,Which company is associated with UK?,VIAVI SOLUTIONS UK LIMITED,1,0,0
156,"What is the role of VIAVI SOLUTIONS, INC in the agreement?",Administrative Borrower,1,0,0
156,"What is the role of VIAVI SOLUTIONS, INC. in the agreement?",ADMINISTRATIVE BORROWER,1,0,0
156,"What is the role of Deutsche Bank AG, New York Branch in the agreement?",Lender,1,0,0
156,What is the role of VIAVI SOLUTIONS DEUTSCHLAND GMBH in the agreement?,BORROWERS,1,0,0
156,What company is the Lende in the agreement?,"JPMORGAN CHASE BANK, N.A.",1,0,0
156,What company is the Bookrunners in the agreement?,BNP PARIBAS,1,0,0
156,What company is the Bookrunner in the agreement?,"WELLS FARGO BANK, NATIONAL ASSOCIATION",1,0,0
156,What company is the Administrative Agent in the agreement?,"WELLS FARGO BANK, NATIONAL ASSOCIATION",1,0,0
156,What company is the Agent in the agreement?,"WELLS FARGO BANK, NATIONAL ASSOCIATION",1,0,0
156,What company is the Security Agent in the agreement?,"WELLS FARGO BANK, NATIONAL ASSOCIATION",1,0,0
156,What company is the Lead Arrangers in the agreement?,"WELLS FARGO BANK, NATIONAL ASSOCIATION",1,0,0
156,What company is the Lead Arranger in the agreement?,"WELLS FARGO BANK, NATIONAL ASSOCIATION",1,0,0
80,What is the position of Brian Seipke?,Vice President,1,0,0
80,What is the position of Michael Pugsley?,Senior Vice President,1,0,0
80,What is the position of Blake Gronich?,Vice President,1,0,0
80,What is the position of Chris Burns?,Vice President,1,0,0
80,What is the position of Daglas P Panchal?,Vice President,1,0,0
80,What is the position of Mary K Lundin?,Vice President,1,0,0
80,What is the position of Nicole Ferry Lacchia?,Authorized Signatory,1,0,0
80,What is the position of Richard C. Brown?,Senior Vice President,1,0,0
80,What is the position of Thomas M. Paulk?,Senior Vice President,1,0,0
80,In what organization does Brian Seipke work?,U.S. Bank National Association,1,0,0
80,In what organization does Michael Pugsley work?,"PNC Bank, National Association",1,0,0
80,In what organization does Blake Gronich work?,"HSBC Bank USA, National Association",1,0,0
80,In what organization does Charles M. Swoboda work?,E-CONOLIGHT LLC,1,0,0
80,In what organization does Chris Burns work?,"HSBC Bank USA, National Association",1,0,0
80,In what organization does Daglas P Panchal work?,"HSBC Bank USA, National Association",1,0,0
80,In what organization does Mary K Lundin work?,"HSBC Bank USA, National Association",1,0,0
80,In what organization does Michael E. McDevitt work?,"CREE, INC",1,0,0
80,In what organization does Nicole Ferry Lacchia work?,GOLDMAN SACHS BANK USA,1,0,0
80,In what organization does Richard C. Brown work?,"PNC Bank, National Association",1,0,0
80,In what organization does Thomas M. Paulk work?,Bank of America,1,0,0
80,Who is the representative of U.S. Bank National Association?,Brian Seipke,1,0,0
80,Who is the representative of E-CONOLIGHT LLC?,Charles M. Swoboda,1,0,0
80,"Who is the representative of CREE, INC?",Michael E. McDevitt,1,0,0
80,Who is the representative of GOLDMAN SACHS BANK USA?,Nicole Ferry Lacchia,1,0,0
80,Who is the representative of Bank of America?,Thomas M. Paulk,1,0,0
80,What is the role of Citibank in the agreement?,Lender,1,0,0
80,What is the role of JP Morgan Chase Bank in the agreement?,Lender,1,0,0
80,What is the role of SunTrust Bank in the agreement?,Lender,1,0,0
80,"What is the role of CREE, INC in the agreement?",BORROWER,1,0,0
80,What is the role of U.S. Bank National Association in the agreement?,Lender,1,0,0
80,What is the role of Bank of America in the agreement?,Lender,1,0,0
80,What is the role of E-CONOLIGHT LLC in the agreement?,GUARANTOR,1,0,0
80,What is the role of GOLDMAN SACHS BANK USA in the agreement?,Lender,1,0,0
80,"What is the role of PNC Bank, National Association in the agreement?",Lender,1,0,0
80,"What is the role of HSBC Bank USA, National Association in the agreement?",Lender,1,0,0
80,What company is the Swingline Lender in the agreement?,"WELLS FARGO BANK, NATIONAL ASSOCIATION",1,0,0
80,What company is the Administrative Agent in the agreement?,"WELLS FARGO BANK, NATIONAL ASSOCIATION",1,0,0
80,What company is the Issuing Lender in the agreement?,"WELLS FARGO BANK, NATIONAL ASSOCIATION",1,0,0
80,What company is the Sole Book Manager in the agreement?,"WELLS FARGO SECURITIES, LLC",1,0,0
80,What company is the Borrower in the agreement?,"CREE, INC",1,0,0
80,What company is the Guarantor in the agreement?,E-CONOLIGHT LLC,1,0,0
94,What is the position of Ben Cumming?,Director,1,0,0
94,What is the position of Cheryl Carangelo?,Senior Vice President,1,0,0
94,What is the position of E. Joseph Hess?,Managing Director,1,0,0
94,What is the position of Edward T. Crook?,Managing Director,1,0,0
94,What is the position of J. St%C3%A9phane Lautner?,Vice President,1,0,0
94,What is the position of Katsuyuki Kubo?,Executive Director,1,0,0
94,What is the position of Richard C. Brown?,Senior Vice President,1,0,0
94,What is the position of William D. Priester?,Senior Vice President,1,0,0
94,In what organization does Adam C. Derbyshire work?,"SALIX PHARMACEUTICALS, LTD.",1,0,0
94,In what organization does Ben Cumming work?,SUNTRUST BANK,1,0,0
94,In what organization does Cheryl Carangelo work?,"RBS CITIZENS, N.A.",1,0,0
94,In what organization does E. Joseph Hess work?,JEFFERIES FINANCE LLC,1,0,0
94,In what organization does Edward T. Crook work?,"NATIXIS, NEW YORK BRANCH",1,0,0
94,In what organization does J. St%C3%A9phane Lautner work?,"NATIXIS, NEW YORK BRANCH",1,0,0
94,In what organization does Katsuyuki Kubo work?,SUMITOMO MITSUI BANKINGCORPORATION,1,0,0
94,In what organization does Richard C. Brown work?,"RBS CITIZENS, N.A.",1,0,0
94,In what organization does William D. Priester work?,"RBS CITIZENS, N.A.",1,0,0
94,"Who is the representative of SALIX PHARMACEUTICALS, LTD.?",Adam C. Derbyshire,1,0,0
94,Who is the representative of SUNTRUST BANK?,Ben Cumming,1,0,0
94,Who is the representative of JEFFERIES FINANCE LLC?,E. Joseph Hess,1,0,0
94,Who is the representative of SUMITOMO MITSUI BANKINGCORPORATION?,Katsuyuki Kubo,1,0,0
94,"What is the location of Salix Pharmaceuticals, Ltd.?","520 Madison Avenue, New York, NY 10022",1,0,0
94,"What is the location of SALIX PHARMACEUTICALS, LTD.?","8510 Colonnade Center Drive, Raleigh, North Carolina 27615",1,0,0
94,"Which company is associated with 520 Madison Avenue, New York, NY 10022?","Salix Pharmaceuticals, Ltd.",1,0,0
94,"Which company is associated with 8510 Colonnade Center Drive, Raleigh, North Carolina 27615?","SALIX PHARMACEUTICALS, LTD.",1,0,0
94,"What is the role of SALIX PHARMACEUTICALS, LTD in the agreement?",Borrower,1,0,0
94,"What is the role of SALIX PHARMACEUTICALS, LTD. in the agreement?",Borrower,1,0,0
94,What company is the Bank in the agreement?,"PNC BANK, NATIONAL ASSOCIATION",1,0,0
43,What is the role of BANK OF AMERICA in the agreement?,ADMINISTRATIVE AGENT,1,0,0
43,What is the role of K12 CALIFORNIA L.L.C in the agreement?,GUARANTORS,1,0,0
43,What is the role of K12 VIRTUAL SCHOOLS L.L.C. in the agreement?,GUARANTORS,1,0,0
43,What is the role of K12 WASHINGTON L.L.C. in the agreement?,GUARANTORS,1,0,0
43,"What is the role of POWER-GLIDE LANGUAGE COURSES, INC in the agreement?",GUARANTORS,1,0,0
43,"What is the role of FUEL EDUCATION LLC, in the agreement?",GUARANTORS,1,0,0
43,What is the role of K12 CLASSROOM L.L.C in the agreement?,GUARANTORS,1,0,0
43,"What is the role of K12 FLORIDA L.L.C., in the agreement?",GUARANTORS,1,0,0
43,What is the role of K12 INC in the agreement?,BORROWER,1,0,0
43,What is the role of K12 MANAGEMENT INC. in the agreement?,GUARANTORS,1,0,0
43,What is the role of K12 SERVICES INC. in the agreement?,GUARANTORS,1,0,0
43,What company is the Administrative Agent in the agreement?,BANK OF AMERICA,1,0,0
43,What company is the Borrower in the agreement?,K12 INC,1,0,0
57,What is the position of Betsy Briggs?,Associate Director,1,0,0
57,What is the position of Alysha Salinger?,Vice President,1,0,0
57,What is the position of Divyang Shah?,Sr. Vice President,1,0,0
57,What is the position of Henry Pennell?,Vice President,1,0,0
57,What is the position of John W. Deegan?,Director,1,0,0
57,What is the position of Julien Tizorin?,Managing Director,1,0,0
57,What is the position of Kara P. Van Duzee?,Vice President,1,0,0
57,What is the position of Katherine L. Hurley?,Vice President,1,0,0
57,What is the position of Lauren Steiner?,Vice President,1,0,0
57,What is the position of Mark Oberle?,SVP%3B EMEA %26 Asia,1,0,0
57,What is the position of Michael Vondriska?,Vice President,1,0,0
57,What is the position of Ming K. Chu?,Director,1,0,0
57,What is the position of Mukesh Singh?,Director,1,0,0
57,What is the position of Robert Sullivan?,Vice President,1,0,0
57,What is the position of Ronnie D. Berry?,"Vice President, Global Taxes",1,0,0
57,What is the position of Scott A. Richardson?,Senior Vice President,1,0,0
57,What is the position of Sydney G. Dennis?,Director,1,0,0
57,What is the position of Thomas J. Sterr?,Authorized Signatory,1,0,0
57,What is the position of Virginia Cosenza?,Vice President,1,0,0
57,In what organization does Betsy Briggs work?,"UniCredit Bank AG, New York Branch",1,0,0
57,In what organization does Alysha Salinger work?,"Citibank, N.A.",1,0,0
57,In what organization does Chuck B. Kyrish work?,CELANESE US HOLDINGS LLC,1,0,0
57,In what organization does Divyang Shah work?,"PNC Bank, National Association",1,0,0
57,In what organization does Henry Pennell work?,"Citibank, N.A.",1,0,0
57,In what organization does John W. Deegan work?,Bank of America,1,0,0
57,In what organization does Julien Tizorin work?,"UniCredit Bank AG, New York Branch",1,0,0
57,In what organization does Kara P. Van Duzee work?,"Citibank, N.A.",1,0,0
57,In what organization does Katherine L. Hurley work?,"Citibank, N.A.",1,0,0
57,In what organization does Lauren Steiner work?,"Citibank, N.A.",1,0,0
57,In what organization does Mark Oberle work?,CELANESE EUROPE B.V.,1,0,0
57,In what organization does Michael Vondriska work?,"Citibank, N.A.",1,0,0
57,In what organization does Ming K. Chu work?,Bank of America,1,0,0
57,In what organization does Mukesh Singh work?,Bank of America,1,0,0
57,In what organization does Robert Sullivan work?,"Citibank, N.A.",1,0,0
57,In what organization does Ronnie D. Berry work?,Elwood C.V.,1,0,0
57,In what organization does Scott A. Richardson work?,CELANESE CORPORATION,1,0,0
57,In what organization does Sydney G. Dennis work?,Bank of America,1,0,0
57,In what organization does Thomas J. Sterr work?,"MUFG Bank, Ltd.",1,0,0
57,In what organization does Virginia Cosenza work?,"Citibank, N.A.",1,0,0
57,Who is the representative of CELANESE US HOLDINGS LLC?,Chuck B. Kyrish,1,0,0
57,"Who is the representative of PNC Bank, National Association?",Divyang Shah,1,0,0
57,Who is the representative of CELANESE EUROPE B.V.?,Mark Oberle,1,0,0
57,Who is the representative of Elwood C.V.?,Ronnie D. Berry,1,0,0
57,Who is the representative of CELANESE CORPORATION?,Scott A. Richardson,1,0,0
57,"Who is the representative of MUFG Bank, Ltd.?",Thomas J. Sterr,1,0,0
57,What is the role of CE Receivables LLC in the agreement?,buyer,1,0,0
57,What is the role of CNA Holdings LLC in the agreement?,SUBSIDIARY,1,0,0
57,What is the role of Celanese Acetate LLC in the agreement?,SUBSIDIARY,1,0,0
57,What is the role of Celanese Americas LLC in the agreement?,SUBSIDIARY,1,0,0
57,"What is the role of Celanese Chemicals, Inc. in the agreement?",SUBSIDIARY,1,0,0
57,What is the role of Celanese Global Relocation LLC in the agreement?,SUBSIDIARY,1,0,0
57,What is the role of Celanese Ltd. in the agreement?,SUBSIDIARY,1,0,0
57,What is the role of Celanese Sales U.S. Ltd. in the agreement?,SUBSIDIARY,1,0,0
57,"What is the role of Celtran, Inc. in the agreement?",SUBSIDIARY,1,0,0
57,"What is the role of KEP America Engineering Plastics, LLC in the agreement?",SUBSIDIARY,1,0,0
57,What is the role of Ticona Fortron Inc. in the agreement?,SUBSIDIARY,1,0,0
57,What is the role of Ticona LLC in the agreement?,SUBSIDIARY,1,0,0
57,"What is the role of Ticona Polymers, Inc. in the agreement?",SUBSIDIARY,1,0,0
57,What is the role of CELANESE CORPORATION in the agreement?,Holdings,1,0,0
57,What company is the Buyer in the agreement?,CE Receivables LLC,1,0,0
57,What company is the Servicer in the agreement?,Celanese International Corporation,1,0,0
57,What company is the Holdings in the agreement?,CELANESE CORPORATION,1,0,0
57,What company is the Company in the agreement?,CELANESE US HOLDINGS LLC,1,0,0
5,What is the position of Andrew W. Hussion?,Vice President,1,0,0
5,What is the position of Denise Smyth?,Senior Vice President,1,0,0
5,What is the position of Robert Masters?,Senior Vice President,1,0,0
5,In what organization does Andrew W. Hussion work?,WELLS FARGO BANK,1,0,0
5,In what organization does Denise Smyth work?,PNC BANK,1,0,0
5,In what organization does Robert Masters work?,PNC BANK,1,0,0
5,In what organization does Roy E. Alexander work?,PNC BANK,1,0,0
5,Who is the representative of WELLS FARGO BANK?,Andrew W. Hussion,1,0,0
5,What is the role of WELLS FARGO BANK in the agreement?,Documentation Agents,1,0,0
5,What company is the Guarantors in the agreement?,ACADIA REALTY LIMITED PARTNERSHIP,1,0,0
5,What company is the L%2Fc Issuer in the agreement?,"BANK OF AMERICA, N.A.",1,0,0
5,What company is the Lender in the agreement?,"BANK OF AMERICA, N.A.",1,0,0
5,What company is the Administrative Agent in the agreement?,"BANK OF AMERICA, N.A.",1,0,0
5,What company is the Swing Line Lender in the agreement?,"BANK OF AMERICA, N.A.",1,0,0
5,What company is the Bookrunner in the agreement?,"MERRILL LYNCH, PIERCE, FENNER %26 SMITH INCORPORATED",1,0,0
5,What company is the Lead Arranger in the agreement?,"MERRILL LYNCH, PIERCE, FENNER %26 SMITH INCORPORATED",1,0,0
1,What is the position of Alexandra M. Knights?,Authorized Signatory,1,0,0
1,In what organization does Alexandra M. Knights work?,"BANK OF AMERICA, N.A.",1,0,0
1,In what organization does Mark Constant work?,"FRANKLIN RESOURCES, INC.",1,0,0
1,"Who is the representative of BANK OF AMERICA, N.A.?",Alexandra M. Knights,1,0,0
1,"Who is the representative of FRANKLIN RESOURCES, INC.?",Mark Constant,1,0,0
1,"What is the role of FRANKLIN RESOURCES, INC. in the agreement?",Borrower,1,0,0
1,What company is the Lead Bookrunner in the agreement?,"Bank of America, N.A.",1,0,0
1,What company is the Lead Arranger in the agreement?,"Bank of America, N.A.",1,0,0
1,What company is the Arranger in the agreement?,"BANK OF AMERICA, N.A.",1,0,0
1,What company is the Lender in the agreement?,"BANK OF AMERICA, N.A.",1,0,0
1,What company is the Bookrunner in the agreement?,"BANK OF AMERICA, N.A.",1,0,0
1,What company is the Administrative Agent in the agreement?,"BANK OF AMERICA, N.A.",1,0,0
1,What company is the Lenders in the agreement?,"BANK OF AMERICA, N.A.",1,0,0
1,What company is the Borrower in the agreement?,"FRANKLIN RESOURCES, INC.",1,0,0
53,What is the position of Charles M. Joye III?,Senior Vice President,1,0,0
53,In what organization does Charles M. Joye III work?,CADENCE BANK,1,0,0
53,In what organization does Marie Perry work?,JAMBA JUICE ADVERTISING FUND INC.,1,0,0
53,Who is the representative of CADENCE BANK?,Charles M. Joye III,1,0,0
53,Who is the representative of JAMBA JUICE ADVERTISING FUND INC.?,Marie Perry,1,0,0
53,"What is the role of JAMBA, INC. in the agreement?",HOLDINGS,1,0,0
53,What is the role of JAMBA JUICE COMPANY in the agreement?,BORROWER,1,0,0
53,What is the role of JAMBA JUICE ADVERTISING FUND INC. in the agreement?,GUARANTORS,1,0,0
53,What company is the Holdings in the agreement?,"JAMBA, INC.",1,0,0
53,What company is the Borrower in the agreement?,JAMBA JUICE COMPANY,1,0,0
53,What company is the L%2Fc Issuer in the agreement?,CADENCE BANK,1,0,0
53,What company is the Lender in the agreement?,CADENCE BANK,1,0,0
53,What company is the Agent in the agreement?,CADENCE BANK,1,0,0
53,What company is the Guarantors in the agreement?,JAMBA JUICE ADVERTISING FUND INC.,1,0,0
47,What is the position of Anthony Galea?,Vice President,1,0,0
47,What is the position of Bremmer Kneib?,Vice President,1,0,0
47,What is the position of Brian McNany?,Director,1,0,0
47,What is the position of James Edgemond?,Chief Financial Officer and Treasurer,1,0,0
47,What is the position of John P. Treadwell Jr.?,Vice President,1,0,0
47,What is the position of Kirk Tesch?,Managing Director,1,0,0
47,What is the position of Kristie Li?,Senior Vice President,1,0,0
47,What is the position of Marni McManus?,Vice President,1,0,0
47,What is the position of Ming K. Chu?,Vice President,1,0,0
47,What is the position of Philip F. Kurpiewski?,Vice President,1,0,0
47,What is the position of Robert LaPorte?,Senior Vice President,1,0,0
47,What is the position of SAMUEL COWARD?,VICE PRESIDENT,1,0,0
47,What is the position of Virginia Cosenza?,Vice President,1,0,0
47,In what organization does Anthony Galea work?,DEUTSCHE BANK AG NEW YORK BRANCH,1,0,0
47,In what organization does Bremmer Kneib work?,"PNC BANK, NATIONAL ASSOCIATION",1,0,0
47,In what organization does Brian McNany work?,"THE BANK OF TOKYO-MITSUBISHI UFJ, LTD.",1,0,0
47,In what organization does James Edgemond work?,UNITED THERAPEUTICS CORPORATION,1,0,0
47,In what organization does John P. Treadwell Jr. work?,DEUTSCHE BANK AG NEW YORK BRANCH,1,0,0
47,In what organization does Kirk Tesch work?,"WELLS FARGO BANK, NATIONAL ASSOCIATION",1,0,0
47,In what organization does Kristie Li work?,"BANK OF AMERICA, N.A.",1,0,0
47,In what organization does Marni McManus work?,DEUTSCHE BANK AG NEW YORK BRANCH,1,0,0
47,In what organization does Ming K. Chu work?,DEUTSCHE BANK AG NEW YORK BRANCH,1,0,0
47,In what organization does Philip F. Kurpiewski work?,DEUTSCHE BANK AG NEW YORK BRANCH,1,0,0
47,In what organization does Robert LaPorte work?,"BANK OF AMERICA, N.A.",1,0,0
47,In what organization does SAMUEL COWARD work?,BARCLAYS BANK PLC,1,0,0
47,In what organization does Virginia Cosenza work?,DEUTSCHE BANK AG NEW YORK BRANCH,1,0,0
47,"Who is the representative of PNC BANK, NATIONAL ASSOCIATION?",Bremmer Kneib,1,0,0
47,"Who is the representative of THE BANK OF TOKYO-MITSUBISHI UFJ, LTD.?",Brian McNany,1,0,0
47,Who is the representative of UNITED THERAPEUTICS CORPORATION?,James Edgemond,1,0,0
47,"Who is the representative of WELLS FARGO BANK, NATIONAL ASSOCIATION?",Kirk Tesch,1,0,0
47,Who is the representative of BARCLAYS BANK PLC?,SAMUEL COWARD,1,0,0
47,"Which company is associated with 1040 Spring StreetSilver Spring, Maryland 20910?",UNITED THERAPEUTICS CORPORATION,1,0,0
47,"Which company is associated with 1735 Connecticut Avenue, N.W.Washington, District of Columbia 20009?",UNITED THERAPEUTICS CORPORATION,1,0,0
47,"Which company is associated with 301 South College Street, 14th FloorCharlotte, NC 28202?","WELLS FARGO BANK, NATIONAL ASSOCIATION",1,0,0
47,"Which company is associated with MAC D1109-0191525 West W.T. Harris Blvd.Charlotte, NC 28262?","WELLS FARGO BANK, NATIONAL ASSOCIATION",1,0,0
47,"What is the role of CITIBANK, N.A. in the agreement?",Lender,1,0,0
47,What is the role of DNB CAPITAL LLC in the agreement?,Lender,1,0,0
47,"What is the role of HSBC BANK USA, N.A in the agreement?",Lender,1,0,0
47,"What is the role of JPMORGAN CHASE BANK, N.A. in the agreement?",Lender,1,0,0
47,What is the role of LUNG BIOTECHNOLOGY PBC in the agreement?,GUARANTORS,1,0,0
47,"What is the role of 1109 Spring Holdings, LLC, a Delaware Limited Liability Company in the agreement?",Subsidiaries,1,0,0
47,"What is the role of 1109 Spring Managing Member, LLC, a Delaware Limited Liability Company in the agreement?",Subsidiaries,1,0,0
47,"What is the role of EvoLung Inc., a Delaware Corporation in the agreement?",Subsidiaries,1,0,0
47,"What is the role of Lung Biotechnology %28Nanjing%29 Co., Ltd., a Chinese Wholly Foreign-Owned Entity in the agreement?",Subsidiaries,1,0,0
47,"What is the role of Lung Biotechnology Hong Kong Limited, a Hong Kong Company in the agreement?",Subsidiaries,1,0,0
47,"What is the role of Lung Biotechnology PBC, a Delaware Public Benefit Corporation in the agreement?",Subsidiaries,1,0,0
47,"What is the role of Lung Rx Limited, a United Kingdom Company in the agreement?",Subsidiaries,1,0,0
47,"What is the role of Revivicor, Inc., a Delaware Corporation in the agreement?",Subsidiaries,1,0,0
47,"What is the role of UTASIA Inc., a Delaware Corporation in the agreement?",Subsidiaries,1,0,0
47,"What is the role of UTASIA Inc. Shanghai Representative Office, a Chinese Representative Office in the agreement?",Subsidiaries,1,0,0
47,"What is the role of United Therapeutics Europe, Ltd., a United Kingdom Company in the agreement?",Subsidiaries,1,0,0
47,"What is the role of Unither.com, Inc., a Delaware Corporation in the agreement?",Subsidiaries,1,0,0
47,"What is the role of Unither Biotech Inc., a Canadian Corporation in the agreement?",Subsidiaries,1,0,0
47,"What is the role of Unither Pharma, LLC, a Delaware Limited Liability Company in the agreement?",Subsidiaries,1,0,0
47,"What is the role of Unither Pharmaceuticals, LLC, a Delaware Limited Liability Company in the agreement?",Subsidiaries,1,0,0
47,"What is the role of Unither Telmed, Ltd., a Delaware Corporation in the agreement?",Subsidiaries,1,0,0
47,"What is the role of Unither Therapeutik GmbH, a German Company in the agreement?",Subsidiaries,1,0,0
47,What is the role of BARCLAYS BANK PLC in the agreement?,Lender,1,0,0
47,What is the role of UNITED THERAPEUTICS CORPORATION in the agreement?,BORROWER,1,0,0
47,What company is the Guarantors in the agreement?,LUNG BIOTECHNOLOGY PBC,1,0,0
47,What company is the Borrower in the agreement?,UNITED THERAPEUTICS CORPORATION,1,0,0
47,"What company is the Administrative Agent, in the agreement?","WELLS FARGO BANK, NATIONAL ASSOCIATION",1,0,0
152,What is the position of Barry A. Hines?,Esq.,1,0,0
152,What is the position of Craig D. Burr?,Esq,1,0,0
152,What is the position of Michael V. Shustek?,Manager,1,0,0
152,In what organization does Barry A. Hines work?,Frost Brown Todd LLC,1,0,0
152,In what organization does Craig D. Burr work?,"MVP Detroit Center Garage, LLC",1,0,0
152,In what organization does Michael Thomas work?,"MVP Detroit Center Garage, LLC",1,0,0
152,In what organization does Michael V. Shustek work?,"MVP REALTY ADVISORS, LLC",1,0,0
152,Who is the representative of Frost Brown Todd LLC?,Barry A. Hines,1,0,0
152,"Who is the representative of MVP REALTY ADVISORS, LLC?",Michael V. Shustek,1,0,0
152,What is the location of Bank of America?,"900 West Trade Street, Suite 650Mail Code%3A  NC1-026-06-01Charlotte, North Carolina 28255",1,0,0
152,What is the location of Frost Brown Todd LLC?,"400 West Market Street, Suite 3200Louisville, Kentucky 40202",1,0,0
152,"What is the location of MVP Detroit Center Garage, LLC?","8880 West Sunset Road, Suite 240Las Vegas, Nevada 89148",1,0,0
152,"Which company is associated with 400 West Market Street, Suite 3200Louisville, Kentucky 40202?",Frost Brown Todd LLC,1,0,0
152,"Which company is associated with 8880 West Sunset Road, Suite 240Las Vegas, Nevada 89148?","MVP Detroit Center Garage, LLC",1,0,0
152,"Which company is associated with 900 West Trade Street, Suite 650Mail Code%3A  NC1-026-06-01Charlotte, North Carolina 28255?",Bank of America,1,0,0
152,What is the role of BANK OF AMERICA in the agreement?,LENDER,1,0,0
152,"What is the role of BANK OF AMERICA, N.A. in the agreement?",Lender,1,0,0
152,What is the role of Bank of America in the agreement?,Lender,1,0,0
152,"What is the role of MVP REALTY ADVISORS, LLC in the agreement?",BORROWER,1,0,0
152,"What is the role of MVP Detroit Center Garage, LLC in the agreement?",Borrower,1,0,0
146,What is the position of Adam Scozzafava?,Vice President,1,0,0
146,What is the position of Victoria Chant?,Vice President,1,0,0
146,In what organization does Adam Scozzafava work?,WILMINGTON TRUST,1,0,0
146,In what organization does Marisa J. Beeney work?,BLACKSTONE PRIVATE CREDIT FUND,1,0,0
146,In what organization does Victoria Chant work?,WILMINGTON TRUST,1,0,0
146,Who is the representative of BLACKSTONE PRIVATE CREDIT FUND?,Marisa J. Beeney,1,0,0
146,What is the role of BCRED CASTLE PEAK FUNDING LLC in the agreement?,Borrower,1,0,0
146,What is the role of CITIBANK in the agreement?,Administrative Agent,1,0,0
146,What is the role of BLACKSTONE PRIVATE CREDIT FUND in the agreement?,Equityholder,1,0,0
146,What company is the Lender in the agreement?,CITIBANK,1,0,0
146,What company is the Administrative Agent in the agreement?,CITIBANK,1,0,0
146,What company is the Borrower in the agreement?,BCRED CASTLE PEAK FUNDING LLC,1,0,0
146,What company is the Collateral Manager in the agreement?,BLACKSTONE PRIVATE CREDIT FUND,1,0,0
146,What company is the Equityholder in the agreement?,BLACKSTONE PRIVATE CREDIT FUND,1,0,0
146,What company is the Sole Member in the agreement?,BLACKSTONE PRIVATE CREDIT FUND,1,0,0
90,What is the position of Alexander Foster?,AVP,1,0,0
90,What is the position of Annie Chung?,Director,1,0,0
90,What is the position of Barry Fehily?,Managing Director,1,0,0
90,What is the position of Brad Matthews?,Director,1,0,0
90,What is the position of Carlos Cruz?,Executive Director,1,0,0
90,What is the position of Christopher A. Salek?,Vice President,1,0,0
90,What is the position of Christopher Matheson?,Senior Vice President,1,0,0
90,What is the position of Clement Yu?,Director,1,0,0
90,What is the position of David C. Beckett?,Senior Vice President,1,0,0
90,What is the position of Donna DeMagistris?,Authorized Signatory,1,0,0
90,What is the position of Irv Roa?,Senior Vice President,1,0,0
90,What is the position of Kaye Ea?,Managing Director,1,0,0
90,What is the position of Kelsey E. Hehman?,Assistant Vice President,1,0,0
90,What is the position of Kevin D. Higgins?,Managing Director,1,0,0
90,What is the position of Michael Maguire?,Executive Director,1,0,0
90,What is the position of Michael Pearce?,Managing Director,1,0,0
90,What is the position of Michael S. Barnett?,Senior Vice President,1,0,0
90,What is the position of Michael Vondriska?,Vice President,1,0,0
90,What is the position of Ming K. Chu?,Director,1,0,0
90,What is the position of Mukesh Singh?,Director,1,0,0
90,What is the position of Sean Hassett?,Director,1,0,0
90,What is the position of Thomas M. Manning?,Authorized Signatory,1,0,0
90,What is the position of Todd Grossnickle?,Director,1,0,0
90,In what organization does Alexander Foster work?,HSBC BANK USA,1,0,0
90,In what organization does Annie Chung work?,ING BANK N.V.,1,0,0
90,In what organization does Barry Fehily work?,ING BANK N.V.,1,0,0
90,In what organization does Brad Matthews work?,ING BANK N.V.,1,0,0
90,In what organization does Carlos Cruz work?,TRUIST BANK,1,0,0
90,In what organization does Christopher A. Salek work?,JPMORGAN CHASE BANK,1,0,0
90,In what organization does Christopher Matheson work?,SANTANDER BANK,1,0,0
90,In what organization does Clement Yu work?,ING BANK N.V.,1,0,0
90,In what organization does David C. Beckett work?,SANTANDER BANK,1,0,0
90,In what organization does Donna DeMagistris work?,GOLDMAN SACHS BANK USA,1,0,0
90,In what organization does Irv Roa work?,SANTANDER BANK,1,0,0
90,In what organization does Kaye Ea work?,ING BANK N.V.,1,0,0
90,In what organization does Kelsey E. Hehman work?,U.S. BANK NATIONAL ASSOCIATION,1,0,0
90,In what organization does Kevin D. Higgins work?,ING BANK N.V.,1,0,0
90,In what organization does Michael Maguire work?,TRUIST BANK,1,0,0
90,In what organization does Michael Pearce work?,ING BANK N.V.,1,0,0
90,In what organization does Michael S. Barnett work?,SANTANDER BANK,1,0,0
90,In what organization does Michael Vondriska work?,JPMORGAN CHASE BANK,1,0,0
90,In what organization does Ming K. Chu work?,ING BANK N.V.,1,0,0
90,In what organization does Mukesh Singh work?,ING BANK N.V.,1,0,0
90,In what organization does Sean Hassett work?,ING BANK N.V.,1,0,0
90,In what organization does Thomas M. Manning work?,GOLDMAN SACHS BANK USA,1,0,0
90,In what organization does Todd Grossnickle work?,ING BANK N.V.,1,0,0
90,In what organization does William C. Whitaker work?,JPMORGAN CHASE BANK,1,0,0
90,Who is the representative of HSBC BANK USA?,Alexander Foster,1,0,0
90,Who is the representative of U.S. BANK NATIONAL ASSOCIATION?,Kelsey E. Hehman,1,0,0
90,What is the role of %09ASHLAND GLOBAL HOLDINGS INC. in the agreement?,Holding Companies,1,0,0
90,What is the role of ASHLAND CHEMCO INC. in the agreement?,Holding Companies,1,0,0
90,What is the role of ASHLAND LLC in the agreement?,Borrower,1,0,0
90,What is the role of ASHLAND SERVICES B.V. in the agreement?,Dutch Borrower,1,0,0
90,What is the role of BANK OF AMERICA in the agreement?,Lender,1,0,0
90,What is the role of BNP PARIBAS in the agreement?,Lender,1,0,0
90,What is the role of CITIBANK in the agreement?,Lender,1,0,0
90,What is the role of CREDIT AGRICOLE CORPORATE AND        INVESTMENT BANK in the agreement?,Lender,1,0,0
90,"What is the role of Cravath, Swaine %26 Moore LLP in the agreement?",special New York counsel to the Borrowers,1,0,0
90,What is the role of DEUTSCHE BANK AG NEW YORK BRANCH in the agreement?,Lender,1,0,0
90,What is the role of FIFTH THIRD BANK in the agreement?,Lender,1,0,0
90,"What is the role of MIZUHO BANK, LTD in the agreement?",Lender,1,0,0
90,What is the role of PNC BANK in the agreement?,Lender,1,0,0
90,"What is the role of SUMITOMO MITSUI BANKING CORPORATION, in the agreement?",Lender,1,0,0
90,What is the role of TD BANK in the agreement?,Lender,1,0,0
90,What is the role of HSBC BANK USA in the agreement?,Lender,1,0,0
90,What is the role of U.S. BANK NATIONAL ASSOCIATION in the agreement?,Lender,1,0,0
90,What is the role of GOLDMAN SACHS BANK USA in the agreement?,Lender,1,0,0
90,What is the role of TRUIST BANK in the agreement?,Lender,1,0,0
90,What is the role of JPMORGAN CHASE BANK in the agreement?,Lender,1,0,0
90,What is the role of SANTANDER BANK in the agreement?,Lender,1,0,0
90,What is the role of ING BANK N.V. in the agreement?,Lender,1,0,0
90,What company is the Borrower in the agreement?,ASHLAND LLC,1,0,0
90,What company is the Dutch Borrower in the agreement?,ASHLAND SERVICES B.V.,1,0,0
90,What company is the Special New York Counsel To The Borrowers in the agreement?,"Cravath, Swaine %26 Moore LLP",1,0,0
90,What company is the Administrativeagent in the agreement?,THE BANK OF NOVA SCOTIA,1,0,0
90,What company is the L%2Fc Issuer in the agreement?,THE BANK OF NOVA SCOTIA,1,0,0
90,What company is the Swing Line Lender in the agreement?,THE BANK OF NOVA SCOTIA,1,0,0
84,What is the position of Ahaz Armstrong?,Assistant Vice President,1,0,0
84,What is the position of Amie L. Edwards?,Director,1,0,0
84,What is the position of Amy Trapp?,Managing Director,1,0,0
84,What is the position of Andrea S. Chen?,Director,1,0,0
84,What is the position of Audrey Pishnery?,Servicing Officer,1,0,0
84,What is the position of Bershunda J. Taylor?,Vice President,1,0,0
84,What is the position of Bill O%C2%92Daly?,Director,1,0,0
84,What is the position of Brian Tuerff?,Senior Vice President,1,0,0
84,What is the position of Christina P. Blackwell?,Vice President,1,0,0
84,What is the position of Elsa O%C2%92Brien?,Manager,1,0,0
84,What is the position of Helga Blum?,Managing Director,1,0,0
84,What is the position of James M. Armstrong?,Senior Vice President,1,0,0
84,What is the position of John C. Rowland?,Vice President,1,0,0
84,What is the position of Joselin Fernandes?,Associate Director,1,0,0
84,What is the position of Joshua Freedman?,Authorized Signatory,1,0,0
84,What is the position of Joshua Turner?,Vice President,1,0,0
84,What is the position of Kazuhisa Matsuda?,Managing Director,1,0,0
84,What is the position of Kirby R. Holman?,Vice President,1,0,0
84,What is the position of Kristy Ahee?,Vice President,1,0,0
84,What is the position of Kyle B. O%C2%92Neill?,Account Representative,1,0,0
84,What is the position of Lana Gifas?,Director,1,0,0
84,What is the position of Laura Conway?,Vice President,1,0,0
84,What is the position of Laura Conway?,Vice President,1,0,0
84,What is the position of Mark Costantino?,Executive Director,1,0,0
84,What is the position of Megan R. Brearey?,Assistant Vice President,1,0,0
84,What is the position of Michael D%C2%92Onofrio?,Associate,1,0,0
84,What is the position of Michael King?,Authorized Signatory,1,0,0
84,What is the position of Ming K. Chu?,Vice President,1,0,0
84,What is the position of Noam Azachi?,Authorized Signatory,1,0,0
84,What is the position of Samuel A. Bluso?,Senior Vice President,1,0,0
84,What is the position of Scott O%C2%92Connell?,Vice President,1,0,0
84,What is the position of Tanya Crossley?,Managing Director,1,0,0
84,What is the position of Virginia Cosenza?,Vice President,1,0,0
84,In what organization does Ahaz Armstrong work?,BRANCH BANKING AND TRUST COMPANY,1,0,0
84,In what organization does Alexander Wu work?,BANK OF TAIWAN,1,0,0
84,In what organization does Amie L. Edwards work?,Bank of America,1,0,0
84,In what organization does Amy Trapp work?,Credit Agricole Corporate and Investment Bank,1,0,0
84,In what organization does Andrea S. Chen work?,Bank of America,1,0,0
84,In what organization does Audrey Pishnery work?,KeyBank National Association,1,0,0
84,In what organization does Bershunda J. Taylor work?,KeyBank National Association,1,0,0
84,In what organization does Bill O%C2%92Daly work?,Bank of America,1,0,0
84,In what organization does Brian Tuerff work?,"HEALTH CARE REIT, INC.",1,0,0
84,In what organization does Christina P. Blackwell work?,KeyBank National Association,1,0,0
84,In what organization does Chwan-Ming Ho work?,BANK OF TAIWAN,1,0,0
84,In what organization does Edward Chen work?,E.SUN COMMERCIAL BANK,1,0,0
84,In what organization does Elsa O%C2%92Brien work?,KeyBank National Association,1,0,0
84,In what organization does Helga Blum work?,Credit Agricole Corporate and Investment Bank,1,0,0
84,In what organization does James M. Armstrong work?,"HEALTH CARE REIT, INC.",1,0,0
84,In what organization does John C. Rowland work?,KeyBank National Association,1,0,0
84,In what organization does Joselin Fernandes work?,UBS AG,1,0,0
84,In what organization does Joshua Freedman work?,ROYAL BANK OF CANADA,1,0,0
84,In what organization does Joshua Turner work?,DEUTSCHE BANK AG,1,0,0
84,In what organization does Kazuhisa Matsuda work?,Credit Agricole Corporate and Investment Bank,1,0,0
84,In what organization does Kirby R. Holman work?,KeyBank National Association,1,0,0
84,In what organization does Kristy Ahee work?,KeyBank National Association,1,0,0
84,In what organization does Kyle B. O%C2%92Neill work?,Comerica Bank,1,0,0
84,In what organization does Lana Gifas work?,Bank of America,1,0,0
84,In what organization does Laura Conway work?,KeyBank National Association,1,0,0
84,In what organization does Laura Conway work?,KeyBank National Association,1,0,0
84,In what organization does Li Hua Huang work?,E.SUN COMMERCIAL BANK,1,0,0
84,In what organization does Mark Costantino work?,JPMORGAN CHASE BANK,1,0,0
84,In what organization does Mary Ellen Pisanelli work?,"Shumaker, Loop %26 Kendrick, LLP",1,0,0
84,In what organization does Megan R. Brearey work?,Fifth Third Bank,1,0,0
84,In what organization does Michael A. Crabtree work?,"HEALTH CARE REIT, INC.",1,0,0
84,In what organization does Michael D%C2%92Onofrio work?,CREDIT SUISSE AG,1,0,0
84,In what organization does Michael King work?,ROYAL BANK OF CANADA,1,0,0
84,In what organization does Ming K. Chu work?,DEUTSCHE BANK AG,1,0,0
84,In what organization does Mr. George L. Chapman work?,"Health Care REIT, Inc.",1,0,0
84,In what organization does Noam Azachi work?,BARCLAYS BANK PLC,1,0,0
84,In what organization does Samuel A. Bluso work?,"HEALTH CARE REIT, INC.",1,0,0
84,In what organization does Scott O%C2%92Connell work?,KeyBank National Association,1,0,0
84,In what organization does Tanya Crossley work?,Credit Agricole Corporate and Investment Bank,1,0,0
84,In what organization does Virginia Cosenza work?,DEUTSCHE BANK AG,1,0,0
84,Who is the representative of BRANCH BANKING AND TRUST COMPANY?,Ahaz Armstrong,1,0,0
84,Who is the representative of UBS AG?,Joselin Fernandes,1,0,0
84,Who is the representative of Comerica Bank?,Kyle B. O%C2%92Neill,1,0,0
84,Who is the representative of JPMORGAN CHASE BANK?,Mark Costantino,1,0,0
84,"Who is the representative of Shumaker, Loop %26 Kendrick, LLP?",Mary Ellen Pisanelli,1,0,0
84,Who is the representative of Fifth Third Bank?,Megan R. Brearey,1,0,0
84,Who is the representative of CREDIT SUISSE AG?,Michael D%C2%92Onofrio,1,0,0
84,"Who is the representative of Health Care REIT, Inc.?",Mr. George L. Chapman,1,0,0
84,Who is the representative of BARCLAYS BANK PLC?,Noam Azachi,1,0,0
84,"What is the location of Health Care REIT, Inc.?","4500 Dorr StreetToledo, Ohio 43615-4040",1,0,0
84,"What is the location of Shumaker, Loop %26 Kendrick, LLP?","North Courthouse Square1000 Jackson StreetToledo, Ohio 43604-5573",1,0,0
84,"What is the location of HEALTH CARE REIT, INC.?","4500 Dorr StreetToledo, Ohio 43615-4040",1,0,0
84,"Which company is associated with North Courthouse Square1000 Jackson StreetToledo, Ohio 43604-5573?","Shumaker, Loop %26 Kendrick, LLP",1,0,0
84,What is the role of Taiwan Cooperative Bank in the agreement?,Lender,1,0,0
84,What is the role of JPMORGAN CHASE BANK in the agreement?,Co-Syndication Agents,1,0,0
84,What is the role of Bank of America in the agreement?,Co-Syndication Agents,1,0,0
84,What company is the Documentation Agent in the agreement?,DEUTSCHE BANK SECURITIES INC.,1,0,0
84,What company is the Swingline    Lender in the agreement?,KEYBANK NATIONAL ASSOCIATION,1,0,0
84,What company is the Lc Issuer in the agreement?,KEYBANK NATIONAL ASSOCIATION,1,0,0
84,What company is the L%2Fc Issuer%3A in the agreement?,KeyBank National Association,1,0,0
85,What is the position of Kenneth Butler?,Senior Vice President,1,0,0
85,In what organization does Kenneth Butler work?,BANK OF AMERICA,1,0,0
85,Who is the representative of BANK OF AMERICA?,Kenneth Butler,1,0,0
85,"Who is the representative of CLINFORCE, LLC?",Susan E. Ball,1,0,0
85,"Who is the representative of LOCAL STAFF, LLC?",Susan E. Ball,1,0,0
85,"Who is the representative of ASSIGNMENT AMERICA, LLC?",Susan E. Ball,1,0,0
85,"Who is the representative of CC LOCAL, INC.?",Susan E. Ball,1,0,0
85,"Who is the representative of CREDENT VERIFICATION AND LICENSING SERVICES, LLC?",Susan E. Ball,1,0,0
85,"Who is the representative of CROSS COUNTRY EDUCATION, LLC?",Susan E. Ball,1,0,0
85,"Who is the representative of CROSS COUNTRY PUBLISHING, LLC?",Susan E. Ball,1,0,0
85,"Who is the representative of CROSS COUNTRY STAFFING, INC.?",Susan E. Ball,1,0,0
85,"Who is the representative of MCVT, INC.?",Susan E. Ball,1,0,0
85,"Who is the representative of MDA HOLDINGS, INC.?",Susan E. Ball,1,0,0
85,"Who is the representative of MEDICAL DOCTOR ASSOCIATES, LLC?",Susan E. Ball,1,0,0
85,"What is the location of %09ALLIED HEALTH GROUP, LLC?","135 Technology Parkway NWNorcross, Georgia 30092",1,0,0
85,What is the location of ASSENT CONSULTING?,"380 Stevens Avenue, Suite 120Solana Beach, California 92075",1,0,0
85,"What is the location of METROPOLITAN RESEARCH ASSOCIATES, INC.?","48815 Emperor Blvd., Suite 300Durham, North Carolina 27703",1,0,0
85,"What is the location of MRA SEARCH, INC.?","4 City Place Drive, Suite 300Creve Coeur, Missouri 63141",1,0,0
85,"What is the location of TRAVEL STAFF, LLC?","6551 Park of Commerce Blvd. NWBoca Raton, Florida 33487",1,0,0
85,What is the location of BANK OF AMERICA?,"300 Galleria Parkway, Suite 800Atlanta, GA 30339",1,0,0
85,"What is the location of CLINFORCE, LLC?","48815 Emperor Blvd., Suite 300Durham, North Carolina 27703",1,0,0
85,"What is the location of LOCAL STAFF, LLC?","3805 W. Chester Pike, Suite 200Newtown Square, Pennsylvania 19073",1,0,0
85,"What is the location of ASSIGNMENT AMERICA, LLC?","6551 Park of Commerce Blvd. NWBoca Raton, Florida 33487",1,0,0
85,"What is the location of CC LOCAL, INC.?","6551 Park of Commerce Blvd. NWBoca Raton, Florida 33487",1,0,0
85,"What is the location of CREDENT VERIFICATION AND LICENSING SERVICES, LLC?","135 Technology Parkway NWNorcross, Georgia 30092",1,0,0
85,"What is the location of CROSS COUNTRY EDUCATION, LLC?","9020 Overlook Blvd., Suite 140Brentwood, Tennessee 37027",1,0,0
85,"What is the location of CROSS COUNTRY PUBLISHING, LLC?","9020 Overlook Blvd., Suite 140Brentwood, Tennessee 37027",1,0,0
85,"What is the location of CROSS COUNTRY STAFFING, INC.?","6551 Park of Commerce Blvd. NWBoca Raton, Florida 33487",1,0,0
85,"What is the location of MCVT, INC.?","40 Eastern AvenueMalden, Massachusetts 02148-9104",1,0,0
85,"What is the location of MDA HOLDINGS, INC.?","135 Technology Parkway NWNorcross, Georgia 30092",1,0,0
85,"What is the location of MEDICAL DOCTOR ASSOCIATES, LLC?","135 Technology Parkway NWNorcross, Georgia 30092",1,0,0
85,"What is the location of CROSS COUNTRY HEALTHCARE, INC.?","6551 Park of Commerce Blvd. NWBoca Raton, Florida 33487",1,0,0
85,"What is the location of CEJKA SEARCH, INC.?","4 City Place Drive, Suite 300Creve Coeur, Missouri 63141",1,0,0
85,"Which company is associated with 300 Galleria Parkway, Suite 800Atlanta, GA 30339?",BANK OF AMERICA,1,0,0
85,"Which company is associated with 3805 W. Chester Pike, Suite 200Newtown Square, Pennsylvania 19073?","LOCAL STAFF, LLC",1,0,0
85,"Which company is associated with 380 Stevens Avenue, Suite 120Solana Beach, California 92075?",ASSENT CONSULTING,1,0,0
85,"Which company is associated with 40 Eastern AvenueMalden, Massachusetts 02148-9104?","MCVT, INC.",1,0,0
85,What is the role of Proskauer Rose LLP in the agreement?,counsel to Borrowers,1,0,0
85,"What is the role of %09ALLIED HEALTH GROUP, LLC in the agreement?",BORROWERS,1,0,0
85,What is the role of ASSENT CONSULTING in the agreement?,BORROWERS,1,0,0
85,"What is the role of METROPOLITAN RESEARCH ASSOCIATES, INC. in the agreement?",BORROWERS,1,0,0
85,"What is the role of MRA SEARCH, INC. in the agreement?",BORROWERS,1,0,0
85,"What is the role of TRAVEL STAFF, LLC in the agreement?",BORROWERS,1,0,0
85,"What is the role of CLINFORCE, LLC in the agreement?",BORROWERS,1,0,0
85,"What is the role of LOCAL STAFF, LLC in the agreement?",BORROWERS,1,0,0
85,"What is the role of ASSIGNMENT AMERICA, LLC in the agreement?",BORROWERS,1,0,0
85,"What is the role of CC LOCAL, INC. in the agreement?",BORROWERS,1,0,0
85,"What is the role of CREDENT VERIFICATION AND LICENSING SERVICES, LLC in the agreement?",BORROWERS,1,0,0
85,"What is the role of CROSS COUNTRY EDUCATION, LLC in the agreement?",BORROWERS,1,0,0
85,"What is the role of CROSS COUNTRY PUBLISHING, LLC in the agreement?",BORROWERS,1,0,0
85,"What is the role of CROSS COUNTRY STAFFING, INC. in the agreement?",BORROWERS,1,0,0
85,"What is the role of MCVT, INC. in the agreement?",BORROWERS,1,0,0
85,"What is the role of MDA HOLDINGS, INC. in the agreement?",BORROWERS,1,0,0
85,"What is the role of MEDICAL DOCTOR ASSOCIATES, LLC in the agreement?",BORROWERS,1,0,0
85,"What is the role of CROSS COUNTRY HEALTHCARE, INC. in the agreement?",BORROWERS,1,0,0
85,"What is the role of CEJKA SEARCH, INC. in the agreement?",BORROWERS,1,0,0
85,What company is the Counsel To Borrowers in the agreement?,Proskauer Rose LLP,1,0,0
85,What company is the Lender in the agreement?,BANK OF AMERICA,1,0,0
85,What company is the Agent in the agreement?,BANK OF AMERICA,1,0,0
91,What is the position of Thomas M. Foncannon?,Senior Vice President,1,0,0
91,In what organization does Ray Singleton work?,EARTHSTONE ENERGY INC,1,0,0
91,In what organization does Thomas M. Foncannon work?,BANK OF OKLAHOMA,1,0,0
91,Who is the representative of EARTHSTONE ENERGY INC?,Ray Singleton,1,0,0
91,Who is the representative of BANK OF OKLAHOMA?,Thomas M. Foncannon,1,0,0
91,What is the location of EARTHSTONE ENERGY INC?,"633 17th Street, Suite 1900Denver, Colorado 80202-3619",1,0,0
91,"Which company is associated with 633 17th Street, Suite 1900Denver, Colorado 80202-3619?",EARTHSTONE ENERGY INC,1,0,0
91,"Which company is associated with Bank of Oklahoma1625 Broadway, Suite 1100Denver, Colorado 80202?",BANK OF OKLAHOMA,1,0,0
91,"Which company is associated with P.O. Box 248817Oklahoma City, Oklahoma 73124-8817?",BANK OF OKLAHOMA,1,0,0
91,"What type of location is 633 17th Street, Suite 1900Denver, Colorado 80202-3619?",Address for Notices%3A,1,0,0
91,"What type of location is Bank of Oklahoma1625 Broadway, Suite 1100Denver, Colorado 80202?",Address for Notices%3A,1,0,0
91,"What type of location is P.O. Box 248817Oklahoma City, Oklahoma 73124-8817?",Payment Processing Center,1,0,0
91,"What is the role of BOKF, N.A., A NATIONAL BANKING ASSOCIATION in the agreement?",Lender,1,0,0
91,What is the role of EARTHSTONE ENERGY INC. in the agreement?,Borrower,1,0,0
91,What is the role of EARTHSTONE ENERGY INC in the agreement?,BORROWER,1,0,0
147,What is the position of Dawn Lee Lum?,Executive Director,1,0,0
147,What is the position of Eugene Yermash?,Vice President,1,0,0
147,What is the position of Graham Robertson?,Authorized Signatory,1,0,0
147,What is the position of Jack Kelly?,Vice President,1,0,0
147,What is the position of Joseph L. Corah?,Director,1,0,0
147,What is the position of Komal Shah?,Authorized Signatory,1,0,0
147,What is the position of Michael Strobel?,Vice President,1,0,0
147,What is the position of Philip Tancorra?,Vice President,1,0,0
147,What is the position of Raymond Ventura?,Managing Director,1,0,0
147,What is the position of Ronnie Glenn?,Director,1,0,0
147,What is the position of Thomas Manning?,Authorized Signatory,1,0,0
147,What is the position of Whitney Gaston?,Authorized Signatory,1,0,0
147,In what organization does B. Judd Hartman work?,"PPD Development, L.P.",1,0,0
147,In what organization does Daniel Seale work?,Latham %26 Watkins LLP,1,0,0
147,In what organization does Dawn Lee Lum work?,JPMORGAN CHASE BANK,1,0,0
147,In what organization does Eugene Yermash work?,HSBC BANK USA,1,0,0
147,In what organization does Graham Robertson work?,"Morgan Stanley Senior Funding, Inc.",1,0,0
147,In what organization does Jack Kelly work?,HSBC BANK USA,1,0,0
147,In what organization does Joseph L. Corah work?,Barclays Bank PLC,1,0,0
147,In what organization does Kevin Campbell work?,"JPMorgan Chase Bank, N.A.",1,0,0
147,In what organization does Komal Shah work?,"Morgan Stanley Senior Funding, Inc.",1,0,0
147,In what organization does Michael Strobel work?,HSBC BANK USA,1,0,0
147,In what organization does Philip Tancorra work?,HSBC BANK USA,1,0,0
147,In what organization does Raymond Ventura work?,"Mizuho Bank, Ltd.",1,0,0
147,In what organization does Ronnie Glenn work?,Barclays Bank PLC,1,0,0
147,In what organization does Thomas Manning work?,Goldman Sachs Bank USA,1,0,0
147,In what organization does Whitney Gaston work?,"Morgan Stanley Senior Funding, Inc.",1,0,0
147,"Who is the representative of PPD Development, L.P.?",B. Judd Hartman,1,0,0
147,Who is the representative of Latham %26 Watkins LLP?,Daniel Seale,1,0,0
147,Who is the representative of JPMORGAN CHASE BANK?,Dawn Lee Lum,1,0,0
147,"Who is the representative of JPMorgan Chase Bank, N.A.?",Kevin Campbell,1,0,0
147,"Who is the representative of Mizuho Bank, Ltd.?",Raymond Ventura,1,0,0
147,Who is the representative of Goldman Sachs Bank USA?,Thomas Manning,1,0,0
147,What is the location of Hellman %26 Friedman LLC?,"One Maritime Plaza, 12th FloorSan Francisco, CA 94111",1,0,0
147,"What is the location of PPD, INC.?","929 North Front StreetWilmington, NC 28401",1,0,0
147,"What is the location of PPD, Inc.?","929 North Front StreetWilmington, NC 28401",1,0,0
147,What is the location of The Carlyle Group?,"520 Madison Avenue, 39th FloorNew York, NY 10022",1,0,0
147,What is the location of JPMORGAN CHASE BANK?,"500 Stanton Christiana Rd.NCC5 %2F 1st FloorNewark, DE 19713",1,0,0
147,What is the location of Latham %26 Watkins LLP?,"885 Third AvenueNew York, NY 10022-4834",1,0,0
147,"Which company is associated with 520 Madison Avenue, 39th FloorNew York, NY 10022?",The Carlyle Group,1,0,0
147,"Which company is associated with 885 Third AvenueNew York, NY 10022-4834?",Latham %26 Watkins LLP,1,0,0
147,"Which company is associated with One Maritime Plaza, 12th FloorSan Francisco, CA 94111?",Hellman %26 Friedman LLC,1,0,0
147,"What is the role of PPD, INC in the agreement?",BORROWER,1,0,0
147,"What is the role of PPD DEVELOPMENT, L.P in the agreement?",CO-BORROWER,1,0,0
147,"What is the role of PPD, INC. in the agreement?",Borrower,1,0,0
147,"What is the role of PPD Development, L.P. in the agreement?",Borrower,1,0,0
147,What is the role of HSBC BANK USA in the agreement?,L%2FC Issuer,1,0,0
147,What company is the A L%2Fc Issuer in the agreement?,"JPMORGAN CHASE BANK, N.A.",1,0,0
147,What company is the Administrative Agent in the agreement?,"JPMORGAN CHASE BANK, N.A.",1,0,0
147,What company is the Collateral Agent in the agreement?,"JPMORGAN CHASE BANK, N.A.",1,0,0
147,What company is the Co-Borrower in the agreement?,"PPD DEVELOPMENT, L.P",1,0,0
147,What company is the Agent in the agreement?,JPMORGAN CHASE BANK,1,0,0
153,What is the position of Colin Murphy?,Vice President,1,0,0
153,What is the position of Daniel Russell?,Managing Director,1,0,0
153,What is the position of David A. Wild?,Senior Vice President,1,0,0
153,What is the position of Francis Groccia?,Director,1,0,0
153,What is the position of Grace Mahood?,Authorized Signatory,1,0,0
153,What is the position of Kenneth Gayron?,Executive Vice President and Chief Financial Officer,1,0,0
153,What is the position of Kyle Patterson?,Senior Vice President,1,0,0
153,What is the position of Michael J. McWalters?,Director,1,0,0
153,What is the position of Renata I. Levine?,Director,1,0,0
153,In what organization does Colin Murphy work?,"TD BANK, N.A.",1,0,0
153,In what organization does Daniel Russell work?,"PNC BANK, NATIONAL ASSOCIATION",1,0,0
153,In what organization does David A. Wild work?,"HSBC BANK USA, NATIONAL ASSOCIATION",1,0,0
153,In what organization does Francis Groccia work?,TRUIST BANK,1,0,0
153,In what organization does Grace Mahood work?,"JPMORGAN CHASE BANK, N.A",1,0,0
153,In what organization does Kenneth Gayron work?,"AVID TECHNOLOGY, INC.",1,0,0
153,In what organization does Kyle Patterson work?,"HSBC BANK USA, NATIONAL ASSOCIATION",1,0,0
153,In what organization does Michael J. McWalters work?,TRUIST BANK,1,0,0
153,In what organization does Renata I. Levine work?,TRUIST BANK,1,0,0
153,"Who is the representative of TD BANK, N.A.?",Colin Murphy,1,0,0
153,"Who is the representative of PNC BANK, NATIONAL ASSOCIATION?",Daniel Russell,1,0,0
153,"Who is the representative of JPMORGAN CHASE BANK, N.A?",Grace Mahood,1,0,0
153,"Who is the representative of AVID TECHNOLOGY, INC.?",Kenneth Gayron,1,0,0
153,"What is the location of JPMorgan Chase Bank, N.A?","10 South Dearborn, Floor L2S, Chicago, Illinois 60603-2300",1,0,0
153,"What is the location of AVID TECHNOLOGY, INC.?","75 Network Drive, Burlington, MA 01803",1,0,0
153,"Which company is associated with 10 South Dearborn, Floor L2S, Chicago, Illinois 60603-2300?","JPMorgan Chase Bank, N.A",1,0,0
153,"Which company is associated with 75 Network Drive, Burlington, MA 01803?","AVID TECHNOLOGY, INC.",1,0,0
153,"What is the role of AVID TECHNOLOGY, INC in the agreement?",Administrative Agent,1,0,0
153,"What is the role of AVID TECHNOLOGY, INC. in the agreement?",Borrower,1,0,0
153,What company is the Agent in the agreement?,"JPMORGAN CHASE BANK, N.A",1,0,0
153,What company is the Borrower in the agreement?,"AVID TECHNOLOGY, INC.",1,0,0
46,What is the position of Gregory R. Russano?,Senior Vice President,1,0,0
46,What is the position of John Paul Hills?,VP,1,0,0
46,In what organization does Gregory R. Russano work?,"SANTANDER BANK, N.A.,",1,0,0
46,In what organization does James Pinto work?,"MVC GP II, LLC",1,0,0
46,In what organization does John Paul Hills work?,"Wintrust Bank,",1,0,0
46,"Who is the representative of SANTANDER BANK, N.A.,?",Gregory R. Russano,1,0,0
46,"Who is the representative of MVC GP II, LLC?",James Pinto,1,0,0
46,"Who is the representative of Wintrust Bank,?",John Paul Hills,1,0,0
46,What is the location of Goldberg Kohn LTD.?,"55 East MonroeSuite 3300 Chicago, IL 60603",1,0,0
46,What is the location of Locke Lord LLP?,"111 South Wacker DriveChicago, Illinois 60606",1,0,0
46,"What is the location of MVC CAPITAL, INC.?","287 Bowman Ave %23 241Purchase, NY 10577",1,0,0
46,What is the location of Otterbourg P.C.?,"230 Park AvenueNew York, New York 10169",1,0,0
46,"What is the location of SANTANDER BANK, N.A.,?","830 Morris Turnpike, 3rd FloorShort Hills, NJ 07078",1,0,0
46,"What is the location of Wintrust Bank,?","at Wintrust Bank231 S. LaSalle Street2nd FloorChicago, IL 60604",1,0,0
46,"Which company is associated with 111 South Wacker DriveChicago, Illinois 60606?",Locke Lord LLP,1,0,0
46,"Which company is associated with 230 Park AvenueNew York, New York 10169?",Otterbourg P.C.,1,0,0
46,"Which company is associated with 287 Bowman Ave %23 241Purchase, NY 10577?","MVC CAPITAL, INC.",1,0,0
46,"Which company is associated with 55 East MonroeSuite 3300 Chicago, IL 60603?",Goldberg Kohn LTD.,1,0,0
46,"Which company is associated with 830 Morris Turnpike, 3rd FloorShort Hills, NJ 07078?","SANTANDER BANK, N.A.,",1,0,0
46,"Which company is associated with at Wintrust Bank231 S. LaSalle Street2nd FloorChicago, IL 60604?","Wintrust Bank,",1,0,0
46,What is the role of MVC PARTNERS LLC in the agreement?,GUARANTORS%3A,1,0,0
46,What is the role of MVC CAYMAN in the agreement?,GUARANTORS%3A,1,0,0
46,"What is the role of MVC FINANCIAL SERVICES, INC. in the agreement?",GUARANTORS%3A,1,0,0
46,"What is the role of MVC GP II, LLC in the agreement?",GUARANTORS%3A,1,0,0
46,What is the role of Goldberg Kohn LTD. in the agreement?,counsel,1,0,0
46,What is the role of Locke Lord LLP in the agreement?,legal counsel,1,0,0
46,"What is the role of MVC CAPITAL, INC. in the agreement?",BORROWER%3A,1,0,0
46,What is the role of Otterbourg P.C. in the agreement?,counsel,1,0,0
46,"What is the role of Wintrust Bank, in the agreement?",Lender,1,0,0
46,What company is the Borrower%3A in the agreement?,"MVC CAPITAL, INC.",1,0,0
46,What company is the Agent in the agreement?,"SANTANDER BANK, N.A.,",1,0,0
52,What is the position of Adriana Collins?,Director,1,0,0
52,What is the position of Annie Carr?,Authorized Signatory,1,0,0
52,What is the position of Barry Bergman?,Managing Director,1,0,0
52,What is the position of Carolyn Kee?,Vice President,1,0,0
52,What is the position of James Travagline?,Managing Director,1,0,0
52,What is the position of Jeff Benedix?,Vice President,1,0,0
52,What is the position of John Flores?,Authorized Signatory,1,0,0
52,What is the position of John Lascody?,Vice President,1,0,0
52,What is the position of Laura Stein?,Executive Vice President,1,0,0
52,What is the position of Lauren Hom?,Director,1,0,0
52,What is the position of Michael King?,Authorized Signatory,1,0,0
52,What is the position of Michelle C. Phillips?,Director,1,0,0
52,In what organization does Adriana Collins work?,BANK OF THE WEST,1,0,0
52,In what organization does Annie Carr work?,"MORGAN STANLEY BANK, N.A.",1,0,0
52,In what organization does Barry Bergman work?,WELLS FARGO BANK,1,0,0
52,In what organization does Carolyn Kee work?,THE NORTHERN TRUST COMPANY,1,0,0
52,In what organization does Charles R. Conradi work?,Clorox Company,1,0,0
52,In what organization does James Travagline work?,WELLS FARGO BANK,1,0,0
52,In what organization does Jeff Benedix work?,THE NORTHERN TRUST COMPANY,1,0,0
52,In what organization does John Flores work?,"MORGAN STANLEY BANK, N.A.",1,0,0
52,In what organization does John Lascody work?,THE NORTHERN TRUST COMPANY,1,0,0
52,In what organization does Laura Stein work?,Clorox Company,1,0,0
52,In what organization does Lauren Hom work?,BANK OF THE WEST,1,0,0
52,In what organization does Michael King work?,"MORGAN STANLEY BANK, N.A.",1,0,0
52,In what organization does Michelle C. Phillips work?,BANK OF THE WEST,1,0,0
52,"What is the location of CITIBANK, N.A.?","1615 Brett Road Building %233New Castle, DE 19720",1,0,0
52,"What is the location of Citibank, N.A.?","1615 Brett Road Building %233New Castle, DE 19720",1,0,0
52,"What is the location of JPMORGAN CHASE BANK, N.A.?","270 Park AvenueNew York, NY 10017",1,0,0
52,"What is the location of JPMorgan Chase Bank, N.A.?","270 Park AvenueNew York, NY 10017",1,0,0
52,What is the location of Wells Fargo Bank?,"301 South College St.Charlotte, NC 28288",1,0,0
52,What is the location of Clorox Company?,"1221 Broadway     %09Oakland, California 94612",1,0,0
52,What is the location of WELLS FARGO BANK?,"301 South College St.Charlotte, NC 28288",1,0,0
52,"Which company is associated with 1221 Broadway     %09Oakland, California 94612?",Clorox Company,1,0,0
52,What is the role of GOLDMAN SACHS BANK USA in the agreement?,Bank,1,0,0
52,What is the role of ROYAL BANK OF CANADA in the agreement?,Bank,1,0,0
52,What is the role of THE BANK OF NOVA SCOTIA in the agreement?,Bank,1,0,0
52,"What is the role of THE BANK OF TOKYO-MITSUBISHIUFJ, LTD. in the agreement?",Bank,1,0,0
52,What is the role of U.S. BANK NATIONAL ASSOCIATION in the agreement?,Bank,1,0,0
52,"What is the role of CITIBANK, N.A. in the agreement?",Bank,1,0,0
52,"What is the role of JPMORGAN CHASE BANK, N.A. in the agreement?",Bank,1,0,0
52,What is the role of BANK OF THE WEST in the agreement?,Bank,1,0,0
52,What is the role of Clorox Company in the agreement?,Borrower,1,0,0
52,"What is the role of MORGAN STANLEY BANK, N.A. in the agreement?",Bank,1,0,0
52,What is the role of THE NORTHERN TRUST COMPANY in the agreement?,Bank,1,0,0
52,What is the role of WELLS FARGO BANK in the agreement?,Bank,1,0,0
52,What company is the Borrower in the agreement?,Clorox Company,1,0,0
78,What is the position of Abraham Mirman?,Chief Executive Officer,1,0,0
78,What is the position of Phil Thomas?,CLO %2F EVP,1,0,0
78,In what organization does Abraham Mirman work?,"LILIS ENERGY, INC",1,0,0
78,In what organization does Phil Thomas work?,HEARTLAND BANK,1,0,0
78,"Who is the representative of LILIS ENERGY, INC?",Abraham Mirman,1,0,0
78,Who is the representative of HEARTLAND BANK?,Phil Thomas,1,0,0
78,What is the location of Davis Graham %26 Stubbs LLP?,"1550 Seventeenth Street, Suite 500Denver, Colorado 80202Attention%3A Ron Levine",1,0,0
78,What is the location of HEARTLAND BANK?,"One Information Way, Suite 300Little Rock, Arkansas 72202",1,0,0
78,"What is the location of LILIS ENERGY, INC?","1900 Grant StreetSuite 720Denver, CO 80203",1,0,0
78,"Which company is associated with 1550 Seventeenth Street, Suite 500Denver, Colorado 80202Attention%3A Ron Levine?",Davis Graham %26 Stubbs LLP,1,0,0
78,"Which company is associated with 1900 Grant StreetSuite 720Denver, CO 80203?","LILIS ENERGY, INC",1,0,0
78,"Which company is associated with One Information Way, Suite 300Little Rock, Arkansas 72202?",HEARTLAND BANK,1,0,0
78,What is the role of HEARTLAND BANK in the agreement?,administrative agent,1,0,0
78,"What is the role of LILIS ENERGY, INC in the agreement?",Borrower,1,0,0
78,What company is the Administrative Agent in the agreement?,HEARTLAND BANK,1,0,0
78,What company is the Borrower in the agreement?,"LILIS ENERGY, INC",1,0,0
44,What is the position of John M. Hall?,Senior Vice President,1,0,0
44,What is the position of Maria A. McClain?,Vice President,1,0,0
44,What is the position of Matthew J. Jewell?,President,1,0,0
44,What is the position of Rodney L. Bell?,Chief Financial Officer,1,0,0
44,What is the position of Tiffany E. Gardner?,Senior Vice President,1,0,0
44,In what organization does John M. Hall work?,BANK OF AMERICA,1,0,0
44,In what organization does Maria A. McClain work?,BANK OF AMERICA,1,0,0
44,In what organization does Matthew J. Jewell work?,"FORWARD AIR ROYALTY, LLC,",1,0,0
44,In what organization does Rodney L. Bell work?,FORWARD AIR CORPORATION,1,0,0
44,In what organization does Tiffany E. Gardner work?,BANK OF AMERICA,1,0,0
44,"Who is the representative of FORWARD AIR ROYALTY, LLC,?",Matthew J. Jewell,1,0,0
44,Who is the representative of FORWARD AIR CORPORATION?,Rodney L. Bell,1,0,0
44,What is the location of FORWARD AIR CORPORATION?,"430 Airport RoadGreeneville, Tennessee 37745",1,0,0
44,"Which company is associated with 430 Airport RoadGreeneville, Tennessee 37745?",FORWARD AIR CORPORATION,1,0,0
44,"Which company is associated with NC1-026-06-03900 W. Trade St.Charlotte, NC 28255?",BANK OF AMERICA,1,0,0
44,"Which company is associated with One Independence CenterMail Code%3A NC1-001-05-46Charlotte, NC 28255-0001?",BANK OF AMERICA,1,0,0
44,"Which company is associated with PA6-580-02-301 Fleet WayScranton, PA 18507Attention%3A Alfonso Malave Jr.?",BANK OF AMERICA,1,0,0
44,"What type of location is PA6-580-02-301 Fleet WayScranton, PA 18507Attention%3A Alfonso Malave Jr.?",Trade Finance,1,0,0
44,"What is the role of CENTRAL STATES LOGISTICS, INC in the agreement?",GUARANTOR,1,0,0
44,"What is the role of CENTRAL STATES TRUCKING CO., in the agreement?",GUARANTOR,1,0,0
44,"What is the role of FAF, INC in the agreement?",GUARANTOR,1,0,0
44,"What is the role of FORWARD AIR, INC. in the agreement?",BORROWER,1,0,0
44,"What is the role of FORWARD AIR SOLUTIONS, INC. in the agreement?",GUARANTOR,1,0,0
44,"What is the role of FORWARD AIR TECHNOLOGY AND LOGISTICS SERVICES, INC., in the agreement?",GUARANTOR,1,0,0
44,"What is the role of TOTAL QUALITY, INC., in the agreement?",GUARANTOR,1,0,0
44,"What is the role of TQI HOLDINGS, INC. in the agreement?",GUARANTOR,1,0,0
44,What is the role of TQI INC. in the agreement?,GUARANTOR,1,0,0
44,"What is the role of FORWARD AIR ROYALTY, LLC, in the agreement?",GUARANTOR,1,0,0
44,What is the role of FORWARD AIR CORPORATION in the agreement?,BORROWER,1,0,0
44,What company is the L%2Fc Issuer in the agreement?,BANK OF AMERICA,1,0,0
44,What company is the Administrative Agent in the agreement?,BANK OF AMERICA,1,0,0
50,What is the position of Darin Mullis?,Director,1,0,0
50,What is the position of David Green?,Vice President,1,0,0
50,What is the position of Derek R. Brunelle?,Managing Director,1,0,0
50,What is the position of Laura Woodward?,Vice President,1,0,0
50,What is the position of Michael R. Brough?,Senior Vice President,1,0,0
50,What is the position of Philip K. Lievscher?,Vice President,1,0,0
50,What is the position of R. Bryan Riggsbee?,Chief Financial Officer,1,0,0
50,What is the position of William D. Priester?,Senior Vice President,1,0,0
50,What is the position of Yinghua Zhang?,Director,1,0,0
50,In what organization does Darin Mullis work?,WELLS FARGO BANK,1,0,0
50,In what organization does David Green work?,PNC BANK,1,0,0
50,In what organization does Derek R. Brunelle work?,SILICON VALLEY BANK,1,0,0
50,In what organization does Laura Woodward work?,PNC BANK,1,0,0
50,In what organization does Michael R. Brough work?,ZIONS FIRST NATIONAL BANK,1,0,0
50,In what organization does Philip K. Lievscher work?,PNC BANK,1,0,0
50,In what organization does R. Bryan Riggsbee work?,"MYRIAD GENETICS, INC.",1,0,0
50,In what organization does William D. Priester work?,ZIONS FIRST NATIONAL BANK,1,0,0
50,In what organization does Yinghua Zhang work?,WELLS FARGO BANK,1,0,0
50,Who is the representative of SILICON VALLEY BANK?,Derek R. Brunelle,1,0,0
50,"Who is the representative of MYRIAD GENETICS, INC.?",R. Bryan Riggsbee,1,0,0
50,"What is the location of JPMORGAN CHASE BANK, N.A.?","10 South Dearborn, Floor L2Chicago, Illinois 60603",1,0,0
50,"Which company is associated with 10 South Dearborn, Floor L2Chicago, Illinois 60603?","JPMORGAN CHASE BANK, N.A.",1,0,0
50,"What is the role of MYRIAD GENETICS, INC. in the agreement?",Borrower,1,0,0
50,What company is the Borrower in the agreement?,"MYRIAD GENETICS, INC.",1,0,0
2,What is the position of Adam J. Kultgen?,Vice President,1,0,0
2,What is the position of Alysa Trakas?,Director,1,0,0
2,What is the position of Anthony Hoye?,Director,1,0,0
2,What is the position of Carl Hinrichs?,Director,1,0,0
2,"What is the position of Carl S. Tabacjar, Jr?",Senior Vice President,1,0,0
2,What is the position of Jaime Mariano?,Senior Vice President,1,0,0
2,What is the position of Mary F. Molnar?,Senior Vice President,1,0,0
2,What is the position of Mary Ramsey?,"Managing Director, SVP",1,0,0
2,What is the position of Michael Borowiecki?,Authorized Signatory,1,0,0
2,What is the position of Paul Isaac?,Duly Authorized Signatory,1,0,0
2,What is the position of Phil Andresen?,Vice President,1,0,0
2,In what organization does Adam J. Kultgen work?,THE HUNTINGTON NATIONAL BANK,1,0,0
2,In what organization does Alysa Trakas work?,"BANK OF AMERICA, N.A",1,0,0
2,In what organization does Anthony Hoye work?,"BANK OF AMERICA, N.A",1,0,0
2,In what organization does Carl Hinrichs work?,"BANK OF AMERICA, N.A",1,0,0
2,"In what organization does Carl S. Tabacjar, Jr work?","HSBC BANK USA, N.A.",1,0,0
2,In what organization does Jaime Mariano work?,"HSBC BANK USA, N.A.",1,0,0
2,In what organization does Mary F. Molnar work?,"HSBC BANK USA, N.A.",1,0,0
2,In what organization does Mary Ramsey work?,"FIFTH THIRD BANK, NATIONAL ASSOCIATION",1,0,0
2,In what organization does Michael Borowiecki work?,THE TORONTO-DOMINION BANK,1,0,0
2,In what organization does Navdeep Gupta work?,"DICK%C2%92S SPORTING GOODS, INC.",1,0,0
2,In what organization does Paul Isaac work?,"CAPITAL ONE, N.A.",1,0,0
2,In what organization does Phil Andresen work?,THE HUNTINGTON NATIONAL BANK,1,0,0
2,"Who is the representative of FIFTH THIRD BANK, NATIONAL ASSOCIATION?",Mary Ramsey,1,0,0
2,Who is the representative of THE TORONTO-DOMINION BANK?,Michael Borowiecki,1,0,0
2,"Who is the representative of DICK%C2%92S SPORTING GOODS, INC.?",Navdeep Gupta,1,0,0
2,"Who is the representative of CAPITAL ONE, N.A.?",Paul Isaac,1,0,0
2,What is the location of THE TORONTO-DOMINION BANK?,NEWYORK,1,0,0
2,Which company is associated with NEWYORK?,THE TORONTO-DOMINION BANK,1,0,0
2,What is the role of National Association in the agreement?,co-documentation agent,1,0,0
2,What is the role of TD Securities %28USA%29 LLC in the agreement?,co-documentation agent,1,0,0
2,What is the role of U.S. Bank National Association in the agreement?,co-documentation agent,1,0,0
2,"What is the role of DICK%C2%92S SPORTING GOODS, INC. in the agreement?",Borrower,1,0,0
2,What company is the Syndication Agent in the agreement?,"BofA Securities, Inc.",1,0,0
2,What company is the Administrative Agent in the agreement?,"WELLS FARGO BANK, NATIONAL ASSOCIATION",1,0,0
2,What company is the Borrower in the agreement?,"DICK%C2%92S SPORTING GOODS, INC.",1,0,0
145,What is the position of Emily Ergang Pappas?,Associate Counsel,1,0,0
145,What is the position of Guy Major?,Director,1,0,0
145,What is the position of Tammy Jennissen?,Director,1,0,0
145,In what organization does Christopher Stephen Guinta work?,NFE BAHAMAS HOLDINGS LTD.,1,0,0
145,In what organization does Joseph D. Glatt work?,ATHORA LUX INVEST S.C.SP,1,0,0
145,In what organization does Lana Guardino work?,NFE SHANNON HOLDINGS LIMITED,1,0,0
145,In what organization does Brian Kim work?,"Paul, Weiss, Rifkind, Wharton %26 Garrison LLP",1,0,0
145,In what organization does Christopher Stephen Guinta work?,NFE SUB LLC,1,0,0
145,In what organization does Emily Ergang Pappas work?,CORTLAND CAPITAL MARKET SERVICES LLC,1,0,0
145,In what organization does George E. Zobitz work?,"Cravath, Swaine %26 Moore LLP",1,0,0
145,In what organization does Guy Major work?,PATH LTD,1,0,0
145,In what organization does Joseph D. Glatt work?,PATH LTD,1,0,0
145,In what organization does Steve Lenard work?,Cortland Capital Market Services LLC,1,0,0
145,In what organization does Tammy Jennissen work?,PATH LTD,1,0,0
145,Who is the representative of NFE BAHAMAS HOLDINGS LTD.?,Christopher Stephen Guinta,1,0,0
145,Who is the representative of ATHORA LUX INVEST S.C.SP?,Joseph D. Glatt,1,0,0
145,Who is the representative of NFE SHANNON HOLDINGS LIMITED?,Lana Guardino,1,0,0
145,"Who is the representative of Paul, Weiss, Rifkind, Wharton %26 Garrison LLP?",Brian Kim,1,0,0
145,Who is the representative of NFE SUB LLC?,Christopher Stephen Guinta,1,0,0
145,Who is the representative of CORTLAND CAPITAL MARKET SERVICES LLC?,Emily Ergang Pappas,1,0,0
145,"Who is the representative of Cravath, Swaine %26 Moore LLP?",George E. Zobitz,1,0,0
145,Who is the representative of Cortland Capital Market Services LLC?,Steve Lenard,1,0,0
145,What is the location of NFE Management LLC?,"1209 Orange Street,Wilmington, New Castle County,Delaware 19801United States of America",1,0,0
145,What is the location of New Fortress Energy LLC?,"111 W 19th Street, 8th Floor,New York, New York 10011",1,0,0
145,What is the location of Cortland Capital Market Services LLC?,"225 W. Washington St., 9th FloorChicago, Illinois 60606",1,0,0
145,"What is the location of Paul, Weiss, Rifkind, Wharton %26 Garrison LLP?","1285 Avenue of the AmericasNew York, New York 10019",1,0,0
145,"Which company is associated with 111 W 19th Street, 8th Floor,New York, New York 10011?",New Fortress Energy LLC,1,0,0
145,"Which company is associated with 1209 Orange Street,Wilmington, New Castle County,Delaware 19801United States of America?",NFE Management LLC,1,0,0
145,"Which company is associated with 1285 Avenue of the AmericasNew York, New York 10019?","Paul, Weiss, Rifkind, Wharton %26 Garrison LLP",1,0,0
145,"Which company is associated with 225 W. Washington St., 9th FloorChicago, Illinois 60606?",Cortland Capital Market Services LLC,1,0,0
145,What is the role of AMERICAN ENERGY LOGISTICS SOLUTIONS LLC in the agreement?,GUARANTOR,1,0,0
145,What is the role of AMERICAN LNG MARKETING LLC in the agreement?,GUARANTOR,1,0,0
145,What is the role of AMERICAN NATURAL GAS HOLDINGS LLC in the agreement?,GUARANTOR,1,0,0
145,What is the role of ATLANTIC ENERGY HOLDINGS LLC in the agreement?,GUARANTOR,1,0,0
145,What is the role of Apollo Lincoln Fixed Income Advisors %28APO DC%29 in the agreement?,general partner,1,0,0
145,What is the role of Apollo Management International LLP in the agreement?,portfolio manager,1,0,0
145,What is the role of BRADFORD COUNTY GPF HOLDINGS LLC in the agreement?,GUARANTOR,1,0,0
145,What is the role of BRADFORD COUNTY GPF PARTNERS LLC in the agreement?,GUARANTOR,1,0,0
145,What is the role of BRADFORD COUNTY POWER HOLDINGS LLC in the agreement?,GUARANTOR,1,0,0
145,What is the role of BRADFORD COUNTY POWER PARTNERS LLC in the agreement?,GUARANTOR,1,0,0
145,What is the role of BRADFORD COUNTY REAL ESTATE HOLDINGS LLC in the agreement?,GUARANTOR,1,0,0
145,What is the role of BRADFORD COUNTY TRANSPORT HOLDINGS LLC in the agreement?,GUARANTOR,1,0,0
145,What is the role of BRADFORD COUNTY TRANSPORT PARTNERS LLC in the agreement?,GUARANTOR,1,0,0
145,What is the role of LA REAL ESTATE HOLDINGS LLC in the agreement?,GUARANTOR,1,0,0
145,What is the role of LA REAL ESTATE PARTNERS LLC in the agreement?,GUARANTOR,1,0,0
145,What is the role of LNG HOLDINGS LLC in the agreement?,GUARANTOR,1,0,0
145,What is the role of NEW FORTRESS ENERGY LLC in the agreement?,GUARANTOR,1,0,0
145,What is the role of NEW FORTRESS ENERGY MARKETING LLC in the agreement?,GUARANTOR,1,0,0
145,What is the role of NFE BCS HOLDINGS %28A%29 LLC in the agreement?,GUARANTOR,1,0,0
145,What is the role of NFE BCS HOLDINGS %28B%29 LLC in the agreement?,GUARANTOR,1,0,0
145,What is the role of NFE EQUIPMENT HOLDINGS LLC in the agreement?,GUARANTOR,1,0,0
145,What is the role of NFE EQUIPMENT PARTNERS LLC in the agreement?,GUARANTOR,1,0,0
145,What is the role of NFE GHANA HOLDINGS LLC in the agreement?,GUARANTOR,1,0,0
145,What is the role of NFE HONDURAS HOLDINGS LLC in the agreement?,GUARANTOR,1,0,0
145,What is the role of NFE ISO HOLDINGS LLC in the agreement?,GUARANTOR,1,0,0
145,What is the role of NFE PLANT DEVELOPMENT HOLDINGS LLC in the agreement?,GUARANTOR,1,0,0
145,What is the role of NFE TRANSPORT HOLDINGS LLC in the agreement?,GUARANTOR,1,0,0
145,What is the role of PA REAL ESTATE HOLDINGS LLC %09 in the agreement?,GUARANTOR,1,0,0
145,What is the role of TICO DEVELOPMENT PARTNERS HOLDINGS LLC in the agreement?,GUARANTOR,1,0,0
145,"What is the role of AMI %28Holdings%29, LLC in the agreement?",member,1,0,0
145,What is the role of APOLLO CREDIT STRATEGIES MASTER FUND LTD. in the agreement?,LENDER,1,0,0
145,What is the role of Apollo A-N Credit Advisors %28APO FC Delaware%29 in the agreement?,general partner,1,0,0
145,"What is the role of Apollo A-N Credit Advisors %28APO FC GP%29, in the agreement?",general partner,1,0,0
145,"What is the role of Apollo Accord Advisors G III, LLC in the agreement?",general partner,1,0,0
145,"What is the role of Apollo Accord Advisors III, L.P. in the agreement?",general partner,1,0,0
145,"What is the role of Apollo Capital Management, L.P in the agreement?",sub-advisor,1,0,0
145,"What is the role of Apollo Capital Management, L.P. in the agreement?",sub-advisor,1,0,0
145,"What is the role of Apollo Capital Management GP, LLC in the agreement?",general partner,1,0,0
145,What is the role of Apollo Centre Street Advisors %28APO DC%29 in the agreement?,general partner,1,0,0
145,What is the role of Apollo Centre Street Advisors %28APO DC-GP%29 in the agreement?,general partner,1,0,0
145,What is the role of Apollo Insurance Solutions Group LLC in the agreement?,investment manager,1,0,0
145,"What is the role of Apollo Insurance Solutions Group LLC, in the agreement?",investment manager,1,0,0
145,What is the role of Apollo Lincoln Fixed Income Advisors %28APO DC-GP%29 in the agreement?,general partner,1,0,0
145,"What is the role of Apollo Moultrie Credit Fund Advisors, L.P in the agreement?",general partner,1,0,0
145,"What is the role of Apollo Tactical Value SPN Advisors %28APO DC%29, L.P. in the agreement?",general partner,1,0,0
145,"What is the role of Apollo Tactical Value SPN Capital Management %28APO DC-GP%29, LLC, in the agreement?",general partner,1,0,0
145,What is the role of Apollo Total Return Enhanced Management LLC in the agreement?,investment manager,1,0,0
145,What is the role of BRADFORD COUNTY DEVELOPMENT HOLDINGS LLC in the agreement?,GUARANTOR,1,0,0
145,What is the role of BRADFORD COUNTY REAL ESTATE PARTNERS LLC in the agreement?,GUARANTOR,1,0,0
145,What is the role of ENERGY TRANSPORT SOLUTIONS LLC in the agreement?,GUARANTOR,1,0,0
145,What is the role of ISLAND LNG LLC in the agreement?,GUARANTOR,1,0,0
145,What is the role of LA DEVELOPMENT HOLDINGS LLC in the agreement?,GUARANTOR,1,0,0
145,What is the role of LNG HOLDINGS %28FLORIDA%29 LLC in the agreement?,GUARANTOR,1,0,0
145,What is the role of NFE GHANA PARTNERS LLC in the agreement?,GUARANTOR,1,0,0
145,What is the role of NFE INTERNATIONAL LLC in the agreement?,GUARANTOR,1,0,0
145,What is the role of NFE ISO PARTNERS LLC in the agreement?,GUARANTOR,1,0,0
145,What is the role of NFE LOGISTICS HOLDINGS LLC in the agreement?,GUARANTOR,1,0,0
145,What is the role of NFE MANAGEMENT LLC in the agreement?,GUARANTOR,1,0,0
145,What is the role of NFE MEXICO HOLDINGS LLC in the agreement?,GUARANTOR,1,0,0
145,What is the role of NFE SOUTH POWER HOLDINGS LLC in the agreement?,GUARANTOR,1,0,0
145,What is the role of NFE TRANSPORT PARTNERS LLC in the agreement?,GUARANTOR,1,0,0
145,What is the role of PA DEVELOPMENT HOLDINGS LLC in the agreement?,GUARANTOR,1,0,0
145,What is the role of PA REAL ESTATE PARTNERS LLC in the agreement?,GUARANTOR,1,0,0
145,What is the role of TICO DEVELOPMENT PARTNERS LLC in the agreement?,GUARANTOR,1,0,0
145,What company is the Portfolio Manager in the agreement?,Apollo Management International LLP,1,0,0
145,What company is the Member in the agreement?,"AMI %28Holdings%29, LLC",1,0,0
145,What company is the Lender in the agreement?,APOLLO CREDIT STRATEGIES MASTER FUND LTD.,1,0,0
145,What company is the Holdings in the agreement?,NEW FORTRESS INTERMEDIATE LLC,1,0,0
145,What company is the Borrower in the agreement?,NFE ATLANTIC HOLDINGS LLC,1,0,0
145,What company is the Administrative Agent in the agreement?,CORTLAND CAPITAL MARKET SERVICES LLC,1,0,0
145,"What company is the Collateral Agent, in the agreement?",CORTLAND CAPITAL MARKET SERVICES LLC,1,0,0
145,What company is the Collateral Agent in the agreement?,CORTLAND CAPITAL MARKET SERVICES LLC,1,0,0
151,What is the position of Anders Holmgaard?,Executive Director,1,0,0
151,What is the position of Andrea S Chen?,Managing Director,1,0,0
151,What is the position of Annie Chung?,Director,1,0,0
151,What is the position of Arjun Talwalkar?,Director,1,0,0
151,What is the position of Christopher Coney?,Vice President,1,0,0
151,What is the position of Cormac Langford?,Director,1,0,0
151,What is the position of Gail Motonaga?,Executive Director,1,0,0
151,What is the position of Gregory T Martin?,Executive Director,1,0,0
151,What is the position of Iain P. Stewart?,Managing Director,1,0,0
151,What is the position of Jack Lonker?,Authorized Signatory,1,0,0
151,What is the position of Jennifer S. O%E2%80%99Neill?,Director,1,0,0
151,What is the position of Jessica Gavarkovs?,Authorized Signatory,1,0,0
151,What is the position of John Bosco?,Managing Director,1,0,0
151,What is the position of Joseph L. Corah?,Drector,1,0,0
151,What is the position of Judith E. Smith?,Authorized Signatory,1,0,0
151,What is the position of Maria Massimino?,Senior Vice President,1,0,0
151,What is the position of Michael King?,Authorized Signatory,1,0,0
151,What is the position of Michael Pearce?,Managing Director,1,0,0
151,What is the position of Mindy K. Chu?,Director,1,0,0
151,What is the position of Ola Anderssen?,First Vice President,1,0,0
151,What is the position of Raymond Qiao?,Executive Vice President,1,0,0
151,What is the position of Richard Rivera?,Vice President,1,0,0
151,What is the position of Robert Botcherby?,Vice President,1,0,0
151,What is the position of Ronnie Glenn?,Director,1,0,0
151,What is the position of Scott MacVicar?,Authorized Signatory,1,0,0
151,What is the position of Sean Hassett?,Director,1,0,0
151,What is the position of Tanille Ingle?,Vice President,1,0,0
151,What is the position of Tracy Rahn?,Executive Director,1,0,0
151,What is the position of William E. Briggs IV?,Authorized Signatory,1,0,0
151,In what organization does Anders Holmgaard work?,JPMORGAN CHASE BANK,1,0,0
151,In what organization does Andrea S Chen work?,BNP Paribas,1,0,0
151,In what organization does Annie Chung work?,BARCLAYS BANK PLC,1,0,0
151,In what organization does Anthony H. Smith work?,THERMO FISHER SCIENTIFIC INC.,1,0,0
151,In what organization does Arjun Talwalkar work?,BARCLAYS BANK PLC,1,0,0
151,In what organization does Christopher Coney work?,BANK OF AMERICA,1,0,0
151,In what organization does Cormac Langford work?,BARCLAYS BANK PLC,1,0,0
151,In what organization does Gail Motonaga work?,JPMORGAN CHASE BANK,1,0,0
151,In what organization does Gregory T Martin work?,JPMORGAN CHASE BANK,1,0,0
151,In what organization does Iain P. Stewart work?,BNP Paribas,1,0,0
151,In what organization does Jack Lonker work?,CREDIT SUISSE AG,1,0,0
151,In what organization does Jennifer S. O%E2%80%99Neill work?,BARCLAYS BANK PLC,1,0,0
151,In what organization does Jessica Gavarkovs work?,CREDIT SUISSE AG,1,0,0
151,In what organization does John Bosco work?,BNP Paribas,1,0,0
151,In what organization does Joseph L. Corah work?,BANK OF AMERICA,1,0,0
151,In what organization does Judith E. Smith work?,CREDIT SUISSE AG,1,0,0
151,In what organization does Maria Massimino work?,U.S. Bank National Association,1,0,0
151,In what organization does Michael King work?,CREDIT SUISSE AG,1,0,0
151,In what organization does Michael Pearce work?,BNP Paribas,1,0,0
151,In what organization does Mindy K. Chu work?,BARCLAYS BANK PLC,1,0,0
151,In what organization does Ola Anderssen work?,Nordea Bank Abp,1,0,0
151,In what organization does Raymond Qiao work?,Bank of China,1,0,0
151,In what organization does Richard Rivera work?,BANK OF AMERICA,1,0,0
151,In what organization does Robert Botcherby work?,BANK OF AMERICA,1,0,0
151,In what organization does Ronnie Glenn work?,BARCLAYS BANK PLC,1,0,0
151,In what organization does Scott MacVicar work?,CREDIT SUISSE AG,1,0,0
151,In what organization does Sean Hassett work?,BARCLAYS BANK PLC,1,0,0
151,In what organization does Tanille Ingle work?,BANK OF AMERICA,1,0,0
151,In what organization does Tracy Rahn work?,JPMORGAN CHASE BANK,1,0,0
151,In what organization does William E. Briggs IV work?,CREDIT SUISSE AG,1,0,0
151,Who is the representative of THERMO FISHER SCIENTIFIC INC.?,Anthony H. Smith,1,0,0
151,Who is the representative of U.S. Bank National Association?,Maria Massimino,1,0,0
151,Who is the representative of Nordea Bank Abp?,Ola Anderssen,1,0,0
151,Who is the representative of Bank of China?,Raymond Qiao,1,0,0
151,"What is the role of BANK OF AMERICA, N.A., BARCLAYS BANK PLC, CITIBANK, N.A.,JPMORGAN CHASE BANK, N.A. and MIZUHO BANK, LTD in the agreement?",L%2FC Issuers,1,0,0
151,"What is the role of BANK OF AMERICA, N.A., BARCLAYS BANK PLC and JPMORGAN CHASE BANK, N.A. in the agreement?",Swing Line Lenders,1,0,0
151,What is the role of Wilmer Cutler Pickering Hale and Dorr LLP in the agreement?,counsel to the Company,1,0,0
151,What is the role of THERMO FISHER SCIENTIFIC INC. in the agreement?,Borrowers,1,0,0
151,What company is the L%2Fc Issuers in the agreement?,"BANK OF AMERICA, N.A., BARCLAYS BANK PLC, CITIBANK, N.A.,JPMORGAN CHASE BANK, N.A. and MIZUHO BANK, LTD",1,0,0
151,What company is the Swing Line Lenders in the agreement?,"BANK OF AMERICA, N.A., BARCLAYS BANK PLC and JPMORGAN CHASE BANK, N.A.",1,0,0
151,What company is the Counsel To The Company in the agreement?,Wilmer Cutler Pickering Hale and Dorr LLP,1,0,0
151,What company is the Borrowers in the agreement?,THERMO FISHER SCIENTIFIC INC.,1,0,0
151,"What company is the Agent, in the agreement?",BANK OF AMERICA,1,0,0
87,What is the position of Chris Hursey?,Director,1,0,0
87,What is the position of Jennifer Yan?,Senior Vice President,1,0,0
87,What is the position of John Emery?,Managing Director,1,0,0
87,What is the position of Melissa Mullis?,Assistant Vice President,1,0,0
87,What is the position of Robert Levins?,Senior Credit Manager,1,0,0
87,What is the position of Sarah C. Lesser?,Vice President,1,0,0
87,In what organization does Chris Hursey work?,SUNTRUST BANK,1,0,0
87,In what organization does Douglas B. Bingham work?,MANUFACTURERS AND TRADERS TRUST COMPANY,1,0,0
87,In what organization does Jennifer Yan work?,"ARMSTRONG FLOORING, INC",1,0,0
87,In what organization does John Emery work?,JPMORGAN CHASE BANK,1,0,0
87,In what organization does Melissa Mullis work?,BANK OF AMERICA,1,0,0
87,In what organization does Robert Levins work?,HSBC BANK USA,1,0,0
87,In what organization does Ronald D. Ford work?,"ARMSTRONG FLOORING, INC",1,0,0
87,In what organization does Sarah C. Lesser work?,MANUFACTURERS AND TRADERS TRUST COMPANY,1,0,0
87,Who is the representative of SUNTRUST BANK?,Chris Hursey,1,0,0
87,Who is the representative of JPMORGAN CHASE BANK?,John Emery,1,0,0
87,Who is the representative of BANK OF AMERICA?,Melissa Mullis,1,0,0
87,Who is the representative of HSBC BANK USA?,Robert Levins,1,0,0
87,What is the role of AFI LICENSING LLC in the agreement?,GUARANTOR,1,0,0
87,"What is the role of Morgan, Lewis %26 Bockius LLP in the agreement?",legal counsel,1,0,0
87,What is the role of SUNTRUST BANK in the agreement?,Lender,1,0,0
87,What is the role of BANK OF AMERICA in the agreement?,Administrative Agent,1,0,0
87,What is the role of HSBC BANK USA in the agreement?,Lender,1,0,0
87,What is the role of JPMORGAN CHASE BANK in the agreement?,Lender,1,0,0
87,"What is the role of ARMSTRONG FLOORING, INC in the agreement?",BORROWER,1,0,0
87,What is the role of MANUFACTURERS AND TRADERS TRUST COMPANY in the agreement?,Lender,1,0,0
87,What company is the Guarantor in the agreement?,AFI LICENSING LLC,1,0,0
87,What company is the Legal Counsel in the agreement?,"Morgan, Lewis %26 Bockius LLP",1,0,0
87,What company is the Administrative Agent in the agreement?,BANK OF AMERICA,1,0,0
87,What company is the Borrower in the agreement?,"ARMSTRONG FLOORING, INC",1,0,0
93,What is the position of Erin D. Pickens?,Senior Vice President,1,0,0
93,What is the position of Sterling J. Silver?,Senior Vice President,1,0,0
93,In what organization does Erin D. Pickens work?,Stratus Properties Inc.,1,0,0
93,In what organization does Ken Jones work?,"Armbrust %26 Brown, PLLC",1,0,0
93,In what organization does Sterling J. Silver work?,Stratus Properties Inc.,1,0,0
93,"Who is the representative of Armbrust %26 Brown, PLLC?",Ken Jones,1,0,0
93,"What is the location of AUSTIN 290 PROPERTIES, INC.?","212 Lavaca Boulevard, Suite 300Austin, Texas 78701",1,0,0
93,"What is the location of CIRCLE C LAND, L.P.?","212 Lavaca Boulevard, Suite 300Austin, Texas 78701",1,0,0
93,What is the location of COMERICA BANK?,"300 West 6th Street, Suite 1300Austin, TX 78701",1,0,0
93,What is the location of STRATUS PROPERTIES INC?,"212 Lavaca Boulevard, Suite 300Austin, Texas 78701",1,0,0
93,"What is the location of STRATUS PROPERTIES OPERATING CO., L.P.?","212 Lavaca Boulevard, Suite 300Austin, Texas 78701",1,0,0
93,"What is the location of Armbrust %26 Brown, PLLC?","100 Congress Ave, Suite 1300Austin, Texas 78701",1,0,0
93,"Which company is associated with 100 Congress Ave, Suite 1300Austin, Texas 78701?","Armbrust %26 Brown, PLLC",1,0,0
93,"Which company is associated with 300 West 6th Street, Suite 1300Austin, TX 78701?",COMERICA BANK,1,0,0
93,"What is the role of AUSTIN 290 PROPERTIES, INC. in the agreement?",BORROWERS,1,0,0
93,"What is the role of CIRCLE C LAND, L.P. in the agreement?",BORROWERS,1,0,0
93,What is the role of COMERICA BANK in the agreement?,BANK,1,0,0
93,What is the role of STRATUS PROPERTIES INC in the agreement?,BORROWERS,1,0,0
93,"What is the role of STRATUS PROPERTIES OPERATING CO., L.P. in the agreement?",BORROWERS,1,0,0
93,What company is the Bank in the agreement?,COMERICA BANK,1,0,0
92,In what organization does Cooper C. Collins work?,"PERNIX THERAPEUTICS, LLC",1,0,0
92,In what organization does Michael Min work?,"MIDCAP FUNDING V, LLC,",1,0,0
92,"Who is the representative of PERNIX THERAPEUTICS, LLC?",Cooper C. Collins,1,0,0
92,"Who is the representative of MIDCAP FUNDING V, LLC,?",Michael Min,1,0,0
92,"What is the location of GAINE, INC.?","10003 Woodloch Forest Drive         Suite 950         The Woodlands, Texas 77380",1,0,0
92,"What is the location of CYPRESS PHARMACEUTICALS, INC.?","10003 Woodloch Forest DriveSuite 950The Woodlands, Texas 77380",1,0,0
92,"What is the location of GTA GP, INC.?","10003 Woodloch Forest DriveSuite 950The Woodlands, Texas 77380",1,0,0
92,"What is the location of HAWTHORN PHARMACEUTICALS, INC.?","10003 Woodloch Forest DriveSuite 950The Woodlands, Texas 77380",1,0,0
92,"What is the location of MACOVEN PHARMACEUTICALS, L.L.C.?","10003 Woodloch Forest Drive         Suite 950         The Woodlands, Texas 77380",1,0,0
92,"What is the location of MIDCAP FUNDING VI, LLC,?","7725 Woodmont Ave., %23200Bethesda, Maryland 20814",1,0,0
92,What is the location of PERNIX ACQUISITION CORP. I?,"10003 Woodloch Forest Drive         Suite 950         The Woodlands, Texas 77380",1,0,0
92,"What is the location of PERNIX MANUFACTURING, LLC?","10003 Woodloch Forest Drive         Suite 950         The Woodlands, Texas 77380",1,0,0
92,"What is the location of PERNIX THERAPEUTICS HOLDINGS, INC.?","10003 Woodloch Forest DriveSuite 950The Woodlands, Texas 77380",1,0,0
92,"What is the location of RESPICOPEA, INC.?","10003 Woodloch Forest Drive         Suite 950         The Woodlands, Texas 77380",1,0,0
92,What is the location of SunTrust Bank?,"25 Park PlaceAtlanta, Georgia 30303",1,0,0
92,"What is the location of MIDCAP FUNDING V, LLC,?","7725 Woodmont Ave., %23200Bethesda, Maryland 20814",1,0,0
92,"What is the location of PERNIX THERAPEUTICS, LLC?","10003 Woodloch Forest DriveSuite 950The Woodlands, Texas 77380",1,0,0
92,"Which company is associated with 10003 Woodloch Forest DriveSuite 950The Woodlands, Texas 77380?","HAWTHORN PHARMACEUTICALS, INC.",1,0,0
92,"Which company is associated with 25 Park PlaceAtlanta, Georgia 30303?",SunTrust Bank,1,0,0
92,"What is the role of GAINE, INC. in the agreement?",GUARANTORS,1,0,0
92,"What is the role of CYPRESS PHARMACEUTICALS, INC. in the agreement?",GUARANTORS,1,0,0
92,"What is the role of GTA GP, INC. in the agreement?",GUARANTORS,1,0,0
92,"What is the role of HAWTHORN PHARMACEUTICALS, INC. in the agreement?",GUARANTORS,1,0,0
92,"What is the role of MACOVEN PHARMACEUTICALS, L.L.C. in the agreement?",GUARANTORS,1,0,0
92,"What is the role of MIDCAP FUNDING VI, LLC, in the agreement?",Lender,1,0,0
92,What is the role of PERNIX ACQUISITION CORP. I in the agreement?,GUARANTORS,1,0,0
92,"What is the role of PERNIX MANUFACTURING, LLC in the agreement?",GUARANTORS,1,0,0
92,"What is the role of PERNIX THERAPEUTICS HOLDINGS, INC. in the agreement?",BORROWER,1,0,0
92,"What is the role of RESPICOPEA, INC. in the agreement?",GUARANTORS,1,0,0
92,"What is the role of MIDCAP FUNDING V, LLC, in the agreement?",Lender,1,0,0
92,"What is the role of PERNIX THERAPEUTICS, LLC in the agreement?",GUARANTORS,1,0,0
92,What company is the Borrower in the agreement?,"PERNIX THERAPEUTICS HOLDINGS, INC.",1,0,0
86,What is the position of Jay Wefel?,RM II,1,0,0
86,What is the position of Julie Yamauchi?,Senior Vice President,1,0,0
86,What is the position of Mark S. Gronich?,Authorized Signatory,1,0,0
86,What is the position of Rosanne Parsill?,Vice President,1,0,0
86,What is the position of Wayne Liao?,Vice President,1,0,0
86,In what organization does Chris Power work?,"ID ANALYTICS, INC",1,0,0
86,In what organization does Jay Wefel work?,"SILICON VALLEY BANK,",1,0,0
86,In what organization does Julie Yamauchi work?,BANK OF AMERICA,1,0,0
86,In what organization does Mark S. Gronich work?,ROYAL BANK OF CANADA,1,0,0
86,In what organization does Rosanne Parsill work?,COMERICA BANK,1,0,0
86,In what organization does Wayne Liao work?,COMERICA BANK,1,0,0
86,"Who is the representative of ID ANALYTICS, INC?",Chris Power,1,0,0
86,"Who is the representative of SILICON VALLEY BANK,?",Jay Wefel,1,0,0
86,Who is the representative of BANK OF AMERICA?,Julie Yamauchi,1,0,0
86,Who is the representative of ROYAL BANK OF CANADA?,Mark S. Gronich,1,0,0
86,"What is the role of IDA, INC in the agreement?",GUARANTORS,1,0,0
86,"What is the role of LIFELOCK, INC in the agreement?",BORROWER,1,0,0
86,"What is the role of ID ANALYTICS, INC in the agreement?",GUARANTORS,1,0,0
86,What is the role of ROYAL BANK OF CANADA in the agreement?,Lender,1,0,0
86,"What is the role of SILICON VALLEY BANK, in the agreement?",Lender,1,0,0
86,What is the role of COMERICA BANK in the agreement?,Lender,1,0,0
86,What company is the Borrower in the agreement?,"LIFELOCK, INC",1,0,0
86,What company is the Manager in the agreement?,"MERRILL LYNCH, PIERCE, FENNER %26 SMITH INCORPORATED",1,0,0
86,What company is the Arranger in the agreement?,"MERRILL LYNCH, PIERCE, FENNER %26 SMITH INCORPORATED",1,0,0
86,What company is the L%2Fc Issuer in the agreement?,BANK OF AMERICA,1,0,0
86,What company is the Administrative Agent in the agreement?,BANK OF AMERICA,1,0,0
86,What company is the Swing Line Lender in the agreement?,BANK OF AMERICA,1,0,0
150,What is the position of Jinah Lim?,Authorized Signatory,1,0,0
150,What is the position of Raye Goldsborough?,Vice President,1,0,0
150,What is the position of Tom Lesinski?,CEO,1,0,0
150,In what organization does Jinah Lim work?,Credit Suisse Loan Funding LLC,1,0,0
150,"In what organization does Jonathan I. Levine, Esq. work?",Arnold %26 Porter Kaye Scholer LLP,1,0,0
150,"In what organization does R. Goldsborough, P. Healy work?","WILMINGTON SAVINGS FUND SOCIETY, FSB",1,0,0
150,In what organization does Raye Goldsborough work?,"WILMINGTON SAVINGS FUND SOCIETY, FSB",1,0,0
150,In what organization does Ronnie Ng work?,"NATIONAL CINEMEDIA, LLC",1,0,0
150,In what organization does Tom Lesinski work?,"NATIONAL CINEMEDIA, LLC",1,0,0
150,Who is the representative of Credit Suisse Loan Funding LLC?,Jinah Lim,1,0,0
150,Who is the representative of Arnold %26 Porter Kaye Scholer LLP?,"Jonathan I. Levine, Esq.",1,0,0
150,What is the location of The Bank of New York Mellon?,Corporate Trust Administration    250 Greenwich Street,1,0,0
150,What is the location of Arnold %26 Porter Kaye Scholer LLP?,"250 West 55th Street    New York, NY 10019-9710",1,0,0
150,"What is the location of NATIONAL CINEMEDIA, LLC?","6300 South Syracuse Way, Suite 300Centennial, CO 80111",1,0,0
150,"What is the location of WILMINGTON SAVINGS FUND SOCIETY, FSB?","500 Delaware Avenue, 11th Floor    Wilmington, DE 19081",1,0,0
150,"Which company is associated with 250 West 55th Street    New York, NY 10019-9710?",Arnold %26 Porter Kaye Scholer LLP,1,0,0
150,"Which company is associated with 500 Delaware Avenue, 11th Floor    Wilmington, DE 19081?","WILMINGTON SAVINGS FUND SOCIETY, FSB",1,0,0
150,"Which company is associated with 6300 South Syracuse Way, Suite 300Centennial, CO 80111?","NATIONAL CINEMEDIA, LLC",1,0,0
150,Which company is associated with Corporate Trust Administration    250 Greenwich Street?,The Bank of New York Mellon,1,0,0
150,What is the role of Credit Suisse Loan Funding LLC in the agreement?,Fronting Lender,1,0,0
150,"What is the role of NATIONAL CINEMEDIA, LLC in the agreement?",Borrower,1,0,0
150,What company is the Fronting Lender in the agreement?,Credit Suisse Loan Funding LLC,1,0,0
150,What company is the Borrower in the agreement?,"NATIONAL CINEMEDIA, LLC",1,0,0
150,What company is the Administrative Agent in the agreement?,"WILMINGTON SAVINGS FUND SOCIETY, FSB",1,0,0
150,What company is the Collateral Agent in the agreement?,"WILMINGTON SAVINGS FUND SOCIETY, FSB",1,0,0
144,What is the position of Jos%C3%A9 I. Carmona?,Treasurer,1,0,0
144,What is the position of Joseph D. Glatt?,Vice President,1,0,0
144,In what organization does Howard Widra work?,APOLLO INVESTMENT CORPORATION,1,0,0
144,In what organization does Jonathan Krain work?,APOLLO INVESTMENT CORPORATION,1,0,0
144,In what organization does Jos%C3%A9 I. Carmona work?,"RADIUS PHARMACEUTICALS, INC.",1,0,0
144,In what organization does Joseph D. Glatt work?,APOLLO INVESTMENT CORPORATION,1,0,0
144,In what organization does Maurice Amsellem work?,MIDCAP FINANCIAL TRUST,1,0,0
144,In what organization does Sheriff Ibrahim work?,APOLLO INVESTMENT CORPORATION,1,0,0
144,Who is the representative of MIDCAP FINANCIAL TRUST?,Maurice Amsellem,1,0,0
144,"Who is the representative of RADIUS HEALTH, INC.?",Jose Carmona,1,0,0
144,What is the location of MIDCAP FINANCIAL TRUST?,"7255 Woodmont Avenue, Suite 200Bethesda, Maryland 20814",1,0,0
144,"What is the location of RADIUS HEALTH, INC.?",950 Winter StreetWaltham MA 02451,1,0,0
144,"What is the location of RADIUS PHARMACEUTICALS, INC.?",950 Winter StreetWaltham MA 02451,1,0,0
144,"Which company is associated with 7255 Woodmont Avenue, Suite 200Bethesda, Maryland 20814?",MIDCAP FINANCIAL TRUST,1,0,0
144,Which company is associated with 950 Winter StreetWaltham MA 02451?,"RADIUS HEALTH, INC.",1,0,0
144,Which company is associated with 950 Winter StreetWaltham MA 02451?,"RADIUS PHARMACEUTICALS, INC.",1,0,0
144,"Which company is associated with Apollo Investment Corporation730 Fifth Avenue, 11th FloorNew York, New York 10019?",APOLLO INVESTMENT CORPORATION,1,0,0
144,"Which company is associated with Apollo Investment Corporation9 West 57th Street, 37th FloorNew York, New York 10019?",APOLLO INVESTMENT CORPORATION,1,0,0
144,"What is the role of ACC Management, LLC in the agreement?",General Partner,1,0,0
144,"What is the role of Apollo Capital Management, L.P. in the agreement?",investment manager,1,0,0
144,"What is the role of Apollo Capital Management GP, LLC in the agreement?",general partner,1,0,0
144,"What is the role of Apollo Investment Management, L.P. in the agreement?",Advisor,1,0,0
144,"What is the role of RADIUS HEALTH, INC in the agreement?",Borrowers,1,0,0
144,"What is the role of RADIUS PHARMACEUTICALS, INC in the agreement?",Borrowers,1,0,0
144,"What is the role of RADIUS HEALTH, INC. in the agreement?",BORROWERS,1,0,0
144,What is the role of APOLLO INVESTMENT CORPORATION in the agreement?,LENDER,1,0,0
144,What company is the Investment Manager in the agreement?,"Apollo Capital Management, L.P.",1,0,0
144,What company is the Advisor in the agreement?,"Apollo Investment Management, L.P.",1,0,0
144,What company is the Agent in the agreement?,MIDCAP FINANCIAL TRUST,1,0,0
51,What is the position of Cody Gunsch?,Vice President,1,0,0
51,What is the position of Sonia Flores?,VP,1,0,0
51,In what organization does Cody Gunsch work?,"MORGAN STANLEY SENIOR FUNDING, INC.",1,0,0
51,In what organization does Sonia Flores work?,"MUFG UNION BANK, N.A.",1,0,0
51,In what organization does Zamir Rauf work?,CALPINE CORPORATION,1,0,0
51,"Who is the representative of MORGAN STANLEY SENIOR FUNDING, INC.?",Cody Gunsch,1,0,0
51,"Who is the representative of MUFG UNION BANK, N.A.?",Sonia Flores,1,0,0
51,Who is the representative of CALPINE CORPORATION?,Zamir Rauf,1,0,0
51,What is the location of Cahill Gordon %26 Reindel LLP?,"80 Pine Street New York, NY 10005",1,0,0
51,What is the location of CALPINE CORPORATION?,"717 Texas Avenue Suite 1000 Houston, TX 77002",1,0,0
51,"What is the location of MORGAN STANLEY SENIOR FUNDING, INC.?","1585 Broadway New York, NY 10036",1,0,0
51,"What is the location of MUFG UNION BANK, N.A.?","Global Trust Services 350 California St., 11th Floor San Francisco, CA 94014",1,0,0
51,"Which company is associated with 1585 Broadway New York, NY 10036?","MORGAN STANLEY SENIOR FUNDING, INC.",1,0,0
51,"Which company is associated with 717 Texas Avenue Suite 1000 Houston, TX 77002?",CALPINE CORPORATION,1,0,0
51,"Which company is associated with 80 Pine Street New York, NY 10005?",Cahill Gordon %26 Reindel LLP,1,0,0
51,"Which company is associated with Global Trust Services 350 California St., 11th Floor San Francisco, CA 94014?","MUFG UNION BANK, N.A.",1,0,0
51,"What is the role of ING CAPITAL, LLC in the agreement?",Co-Manager,1,0,0
51,What is the role of Cahill Gordon %26 Reindel LLP in the agreement?,Administrative Agent,1,0,0
51,What is the role of CALPINE CORPORATION in the agreement?,Borrower,1,0,0
51,What company is the Co-Manager in the agreement?,"ING CAPITAL, LLC",1,0,0
51,What company is the Administrative Agent in the agreement?,Cahill Gordon %26 Reindel LLP,1,0,0
51,What company is the Borrower in the agreement?,CALPINE CORPORATION,1,0,0
51,What company is the Lender in the agreement?,"MORGAN STANLEY SENIOR FUNDING, INC.",1,0,0
3,What is the position of Anand J. Jobanputra?,Managing Director,1,0,0
3,What is the position of Christopher Eng?,Secretary,1,0,0
3,What is the position of Cindy Jordan?,AVP,1,0,0
3,What is the position of Kyle Pearson?,Vice President,1,0,0
3,In what organization does Anand J. Jobanputra work?,"WELLS FARGO BANK, NATIONAL ASSOCIATION",1,0,0
3,In what organization does Christopher Eng work?,"SUMMIT NCI JV BR 177, LLC",1,0,0
3,In what organization does Cindy Jordan work?,"BANK OF AMERICA, N.A.",1,0,0
3,In what organization does Kyle Pearson work?,"BANK OF AMERICA, N.A.",1,0,0
3,"Who is the representative of WELLS FARGO BANK, NATIONAL ASSOCIATION?",Anand J. Jobanputra,1,0,0
3,"Who is the representative of SUMMIT NCI JV BR 177, LLC?",Christopher Eng,1,0,0
3,"What is the role of SUMMIT HOSPITALITY SUBJV, LLC in the agreement?",GUARANTOR,1,0,0
3,"What is the role of SUMMIT NCI JV BR 156-159, LLC in the agreement?",GUARANTOR,1,0,0
3,"What is the role of SUMMIT NCI JV BR 160, LLC in the agreement?",GUARANTOR,1,0,0
3,"What is the role of SUMMIT NCI JV BR 161, LLC in the agreement?",GUARANTOR,1,0,0
3,"What is the role of SUMMIT NCI MASTER TRS, INC in the agreement?",GUARANTOR,1,0,0
3,"What is the role of SUMMIT NCI MASTER TRS, INC. in the agreement?",Issuer,1,0,0
3,"What is the role of Summit Hotel GP 2, LLC in the agreement?",general partner,1,0,0
3,"What is the role of Wells Fargo Bank, National Association in the agreement?",Syndication Agent,1,0,0
3,What company is the Issuer in the agreement?,"SUMMIT NCI MASTER TRS, INC.",1,0,0
3,What company is the Administrative Agent in the agreement?,"BANK OF AMERICA, N.A.",1,0,0
45,"What is the position of Cynthia M. Olson,?",Client Services Representative,1,0,0
45,What is the position of Eric Niedbalski?,Portfolio Manager,1,0,0
45,What is the position of Harold R. Carpenter?,Chief Financial Officer,1,0,0
45,What is the position of Mark R. Cousineau?,Senior Vice President,1,0,0
45,"In what organization does Cynthia M. Olson, work?",U.S. BANK NATIONAL ASSOCIATION,1,0,0
45,In what organization does Eric Niedbalski work?,U.S. BANK NATIONAL ASSOCIATION,1,0,0
45,In what organization does Harold R. Carpenter work?,PINNACLE BANK,1,0,0
45,In what organization does Mark R. Cousineau work?,U.S. BANK NATIONAL ASSOCIATION,1,0,0
45,Who is the representative of PINNACLE BANK?,Harold R. Carpenter,1,0,0
45,What is the location of Kirkland %26 Ellis LLP?,"300 North LaSalle Street, Suite 2400, Chicago, Illinois",1,0,0
45,What is the location of PINNACLE BANK?,"150 Third Avenue SouthNashville, Tennessee 37201",1,0,0
45,"Which company is associated with 150 Third Avenue SouthNashville, Tennessee 37201?",PINNACLE BANK,1,0,0
45,"Which company is associated with 300 North LaSalle Street, Suite 2400, Chicago, Illinois?",Kirkland %26 Ellis LLP,1,0,0
45,"Which company is associated with 5065 Wooster Road, CN-OH-L2CBCincinnati, Ohio 45226-2326?",U.S. BANK NATIONAL ASSOCIATION,1,0,0
45,"Which company is associated with One U.S. Bank PlazaSt. Louis, Missouri  63101?",U.S. BANK NATIONAL ASSOCIATION,1,0,0
45,"What is the role of PINNACLE FINANCIAL PARTNERS, INC in the agreement?",subsidiary,1,0,0
45,What is the role of Kirkland %26 Ellis LLP in the agreement?,counsel to Lender,1,0,0
45,What is the role of PINNACLE BANK in the agreement?,Borrower,1,0,0
45,What is the role of U.S. BANK NATIONAL ASSOCIATION in the agreement?,Lender,1,0,0
45,What company is the Subsidiary Borrower in the agreement?,"PINNACLE FINANCIAL PARTNERS, INC",1,0,0
45,What company is the Subsidiary Guarantor in the agreement?,"PINNACLE FINANCIAL PARTNERS, INC",1,0,0
45,What company is the Borrower in the agreement?,PINNACLE BANK,1,0,0
45,What company is the Lender in the agreement?,U.S. BANK NATIONAL ASSOCIATION,1,0,0
79,What is the position of Darlene Arias?,Director,1,0,0
79,What is the position of Derek Chang?,Vice President,1,0,0
79,What is the position of Helen H. Gateson?,Vice President,1,0,0
79,"What is the position of John R. Roach, Jr.?",Vice President,1,0,0
79,What is the position of S. Kent Gorman?,Sr. VP,1,0,0
79,What is the position of Casey Gehrig?,Vice President,1,0,0
79,What is the position of Charles McLaughlin?,Senior Vice President,1,0,0
79,What is the position of Cheryl Snoor?,Vice President,1,0,0
79,What is the position of Craig Pearson?,Associate Director,1,0,0
79,What is the position of D. Bryan Gregory?,Director,1,0,0
79,What is the position of Dan LePage?,Authorized Signatory,1,0,0
79,What is the position of David Heller?,Senior Vice President,1,0,0
79,What is the position of Gregory A. Conner?,Vice President,1,0,0
79,What is the position of Jean M. Brennan?,Senior Vice President,1,0,0
79,What is the position of John C. Rowland?,Vice President,1,0,0
79,What is the position of Mark Edwards?,Senior Vice President,1,0,0
79,What is the position of Michael King?,Authorized Signatory,1,0,0
79,What is the position of Michael R Mellott?,Director,1,0,0
79,What is the position of Noel Purcell?,Authorized Signatory,1,0,0
79,In what organization does Darlene Arias work?,"WELLS FARGO BANK, NATIONAL ASSOCIATION",1,0,0
79,In what organization does Derek Chang work?,CITIGROUP GLOBAL MARKETS INC,1,0,0
79,In what organization does Helen H. Gateson work?,CITIGROUP GLOBAL MARKETS INC,1,0,0
79,"In what organization does John R. Roach, Jr. work?",CITIGROUP GLOBAL MARKETS INC,1,0,0
79,In what organization does S. Kent Gorman work?,COMPASS BANK,1,0,0
79,In what organization does Casey Gehrig work?,CITIGROUP GLOBAL MARKETS INC,1,0,0
79,In what organization does Charles McLaughlin work?,BRANCH BANKING AND TRUST COMPANY,1,0,0
79,In what organization does Cheryl Snoor work?,CITIGROUP GLOBAL MARKETS INC,1,0,0
79,In what organization does Craig Pearson work?,"UBS AG, STAMFORD BRANCH",1,0,0
79,In what organization does D. Bryan Gregory work?,"WELLS FARGO BANK, NATIONAL ASSOCIATION",1,0,0
79,In what organization does Dan LePage work?,ROYAL BANK OF CANADA,1,0,0
79,In what organization does David Heller work?,U.S. BANK NATIONAL ASSOCIATION,1,0,0
79,In what organization does Dinesh Kumar work?,"Citibank, N.A.",1,0,0
79,In what organization does Gregory A. Conner work?,"ASSOCIATED BANK, NATIONAL ASSOCIATION",1,0,0
79,In what organization does Jean M. Brennan work?,BRANCH BANKING AND TRUST COMPANY,1,0,0
79,In what organization does John C. Popeo work?,SELECT INCOME REIT,1,0,0
79,In what organization does John C. Rowland work?,CITIGROUP GLOBAL MARKETS INC,1,0,0
79,In what organization does Mark Edwards work?,BRANCH BANKING AND TRUST COMPANY,1,0,0
79,In what organization does Michael King work?,MORGAN STANLEY BANK,1,0,0
79,In what organization does Michael R Mellott work?,"WELLS FARGO BANK, NATIONAL ASSOCIATION",1,0,0
79,In what organization does Noel Purcell work?,MORGAN STANLEY BANK,1,0,0
79,In what organization does Tari Mock work?,"WELLS FARGO BANK, NATIONAL ASSOCIATION",1,0,0
79,In what organization does Treva Lee work?,"Wells Fargo Bank, National Association",1,0,0
79,Who is the representative of COMPASS BANK?,S. Kent Gorman,1,0,0
79,"Who is the representative of UBS AG, STAMFORD BRANCH?",Craig Pearson,1,0,0
79,Who is the representative of ROYAL BANK OF CANADA?,Dan LePage,1,0,0
79,Who is the representative of U.S. BANK NATIONAL ASSOCIATION?,David Heller,1,0,0
79,"Who is the representative of Citibank, N.A.?",Dinesh Kumar,1,0,0
79,"Who is the representative of ASSOCIATED BANK, NATIONAL ASSOCIATION?",Gregory A. Conner,1,0,0
79,Who is the representative of SELECT INCOME REIT?,John C. Popeo,1,0,0
79,"Who is the representative of Wells Fargo Bank, National Association?",Treva Lee,1,0,0
79,What is the location of BANK OF AMERICA?,"One Fleet Way, 2nd FloorMail Code PA6-580-02-30Scranton, PA 18507",1,0,0
79,What is the location of Royal Bank of Canada?,"200 Vesey St., 5th FloorNew York, NY 10281-8098",1,0,0
79,What is the location of Select Income REIT?,"Two Newton Place255 Washington Street, Suite 300Newton, Massachusetts  02458-1634",1,0,0
79,What is the location of Select Income REIT%2818%29?,"Two Newton Place255 Washington Street, Suite 300Newton, Massachusetts  02458-1634",1,0,0
79,"What is the location of WELLS FARGO SECURITIES, LLC?","Minneapolis Loan CenterMAC N9303-110608 Second Avenue South, 11th FloorMinneapolis, Minnesota 55402-1916",1,0,0
79,What is the location of ROYAL BANK OF CANADA?,"200 Vesey St., 5th FloorNew York, NY 10281-8098",1,0,0
79,What is the location of SELECT INCOME REIT?,"Two Newton Place255 Washington Street, Suite 300Newton, Massachusetts 02458-1634",1,0,0
79,"What is the location of Citibank, N.A.?","1615 Brett Road, Ops IIINew Castle, DE 19720",1,0,0
79,"What is the location of Wells Fargo Bank, National Association?","Minneapolis Loan CenterMAC N9303-110608 Second Avenue South, 11th FloorMinneapolis, Minnesota 55402-1916",1,0,0
79,"What is the location of WELLS FARGO BANK, NATIONAL ASSOCIATION?","550 South Tryon Street, 6th FloorCharlotte, North Carolina 28202",1,0,0
79,What is the location of CITIGROUP GLOBAL MARKETS INC?,"1615 Brett Road, Ops IIINew Castle, DE 19720",1,0,0
79,"Which company is associated with 550 South Tryon Street, 6th FloorCharlotte, North Carolina 28202?","WELLS FARGO BANK, NATIONAL ASSOCIATION",1,0,0
79,"Which company is associated with One Fleet Way, 2nd FloorMail Code PA6-580-02-30Scranton, PA 18507?",BANK OF AMERICA,1,0,0
79,"Which company is associated with Two Newton Place255 Washington Street, Suite 300Newton, Massachusetts 02458-1634?",SELECT INCOME REIT,1,0,0
79,"What type of location is One Fleet Way, 2nd FloorMail Code PA6-580-02-30Scranton, PA 18507?",Global Trade Operations,1,0,0
79,"What is the role of MIZUHO BANK, LTD in the agreement?",Documentation Agents,1,0,0
79,What is the role of Saul Ewing LLP in the agreement?,counsel to the Borrower,1,0,0
79,What is the role of Sullivan %26 Worcester LLP in the agreement?,counsel to the Borrower,1,0,0
79,What is the role of BANK OF AMERICA in the agreement?,Syndication Agents,1,0,0
79,What is the role of COMPASS BANK in the agreement?,Documentation Agents,1,0,0
79,What is the role of U.S. BANK NATIONAL ASSOCIATION in the agreement?,Documentation Agents,1,0,0
79,What is the role of ROYAL BANK OF CANADA in the agreement?,Syndication Agents,1,0,0
79,What is the role of SELECT INCOME REIT in the agreement?,Borrower,1,0,0
79,What company is the Borrower in the agreement?,SELECT INCOME REIT,1,0,0
79,What company is the Lenders in the agreement?,"WELLS FARGO BANK, NATIONAL ASSOCIATION",1,0,0
79,What company is the Administrative Agent in the agreement?,"WELLS FARGO BANK, NATIONAL ASSOCIATION",1,0,0
22,What is the position of Ajay Jagsi?,Vice President,1,0,0
22,What is the position of Alexandre Camerlain?,Authorized Signatory,1,0,0
22,What is the position of Anca Loghin?,Authorized Officer,1,0,0
22,What is the position of Heath Israel?,Authorized Signatory,1,0,0
22,In what organization does Ajay Jagsi work?,"BANK OF AMERICA, N.A",1,0,0
22,In what organization does Alexandre Camerlain work?,ROYAL BANK OF CANADA,1,0,0
22,In what organization does Anca Loghin work?,"JPMORGAN CHASE BANK, N.A.",1,0,0
22,In what organization does Heath Israel work?,ROYAL BANK OF CANADA,1,0,0
22,In what organization does Lloyd A. Hajdik work?,"OIL STATES INTERNATIONAL, INC.,",1,0,0
22,"Who is the representative of BANK OF AMERICA, N.A?",Ajay Jagsi,1,0,0
22,"Who is the representative of JPMORGAN CHASE BANK, N.A.?",Anca Loghin,1,0,0
22,"Who is the representative of OIL STATES INTERNATIONAL, INC.,?",Lloyd A. Hajdik,1,0,0
22,"What is the location of GREENBERG TRAURIG, LLP?","3333 Piedmont Road, Suite 2500Atlanta, Georgia 30305Attn%3A Timothy W. Bratcher, Esq.",1,0,0
22,What is the location of SIMPSON THACHER %26 BARTLETT LLP?,"600 Travis StreetSuite 5400Houston, Texas 77002",1,0,0
22,"What is the location of WELLS FARGO BANK, NATIONAL ASSOCIATION?","1100 Abernathy RoadSuite 1600130Atlanta, GA 30328",1,0,0
22,"What is the location of OIL STATES INTERNATIONAL, INC.,?","Three Allen Center333 Clay StreetSuite 4620Houston, Texas 77002",1,0,0
22,"Which company is associated with 1100 Abernathy RoadSuite 1600130Atlanta, GA 30328?","WELLS FARGO BANK, NATIONAL ASSOCIATION",1,0,0
22,"Which company is associated with 3333 Piedmont Road, Suite 2500Atlanta, Georgia 30305Attn%3A Timothy W. Bratcher, Esq.?","GREENBERG TRAURIG, LLP",1,0,0
22,"Which company is associated with 600 Travis StreetSuite 5400Houston, Texas 77002?",SIMPSON THACHER %26 BARTLETT LLP,1,0,0
22,"Which company is associated with Three Allen Center333 Clay StreetSuite 4620Houston, Texas 77002?","OIL STATES INTERNATIONAL, INC.,",1,0,0
22,"What is the role of GREENBERG TRAURIG, LLP in the agreement?",counsel to any Lender,1,0,0
22,What is the role of SIMPSON THACHER %26 BARTLETT LLP in the agreement?,counsel to Borrowers,1,0,0
22,"What is the role of OIL STATES INTERNATIONAL, INC., in the agreement?",BORROWER,1,0,0
22,What is the role of ROYAL BANK OF CANADA in the agreement?,Lender,1,0,0
22,What company is the Runner in the agreement?,"JPMORGAN CHASE BANK, N.A.",1,0,0
22,What company is the Agent in the agreement?,"WELLS FARGO BANK, NATIONAL ASSOCIATION",1,0,0
22,What company is the Borrower in the agreement?,"OIL STATES INTERNATIONAL, INC.,",1,0,0
36,What is the position of Reagan Philipp?,Authorized Signatory,1,0,0
36,What is the position of Robert J. Nikl?,Chief Financial Officer,1,0,0
36,In what organization does Reagan Philipp work?,"MORGAN STANLEY SENIOR FUNDING, INC.",1,0,0
36,In what organization does Robert J. Nikl work?,SILICON GRAPHICS INTERNATIONAL CORP,1,0,0
36,"Who is the representative of MORGAN STANLEY SENIOR FUNDING, INC.?",Reagan Philipp,1,0,0
36,Who is the representative of SILICON GRAPHICS INTERNATIONAL CORP?,Robert J. Nikl,1,0,0
36,"What is the role of SILICON GRAPHICS FEDERAL, LLC in the agreement?",GRANTORS,1,0,0
36,What is the role of SILICON GRAPHICS INTERNATIONAL CORP in the agreement?,Borrower,1,0,0
36,What is the role of SILICON GRAPHICS INTERNATIONAL CORP. in the agreement?,GRANTORS,1,0,0
36,What is the role of SILICON GRAPHICS INTERNATIONAL CORP in the agreement?,Borrower,1,0,0
36,What company is the Borrower in the agreement?,SILICON GRAPHICS INTERNATIONAL CORP,1,0,0
36,What company is the Lender in the agreement?,"MORGAN STANLEY SENIOR FUNDING, INC.",1,0,0
36,What company is the Bookrunner in the agreement?,"MORGAN STANLEY SENIOR FUNDING, INC.",1,0,0
36,What company is the Agent in the agreement?,"MORGAN STANLEY SENIOR FUNDING, INC.",1,0,0
36,What company is the Arranger in the agreement?,"MORGAN STANLEY SENIOR FUNDING, INC.",1,0,0
123,What is the position of Andrew Payne?,Director,1,0,0
123,What is the position of Bill O%C2%92Daly?,Authorized Signatory,1,0,0
123,What is the position of Brandon K. Fiddler?,Vice President,1,0,0
123,What is the position of Gene R. Riego De Dios?,Vice President,1,0,0
123,What is the position of Julia Ivanova?,Authorized Signatory,1,0,0
123,What is the position of Kelly Heimrich?,Authorized Signatory,1,0,0
123,What is the position of Kimberly A. Crotty?,VP,1,0,0
123,What is the position of Kyle Lewis?,AVP,1,0,0
123,What is the position of Lisa Huang?,Vice President,1,0,0
123,What is the position of Ravneet Mumick?,Director,1,0,0
123,What is the position of Robert Ehudin?,Authorized Signatory,1,0,0
123,What is the position of Sean Hassett?,Director,1,0,0
123,What is the position of Shaun Hawley?,Vice President,1,0,0
123,What is the position of Steven L. Sawyer?,Senior Vice President,1,0,0
123,In what organization does Andrew Payne work?,ING Bank N.V,1,0,0
123,In what organization does Bill O%C2%92Daly work?,Credit Suisse AG,1,0,0
123,In what organization does Brandon K. Fiddler work?,ING Bank N.V,1,0,0
123,In what organization does Gene R. Riego De Dios work?,ING Bank N.V,1,0,0
123,In what organization does John B. Ellis work?,NEWELL RUBBERMAID INC,1,0,0
123,In what organization does Julia Ivanova work?,Credit Suisse AG,1,0,0
123,In what organization does Kelly Heimrich work?,Credit Suisse AG,1,0,0
123,In what organization does Kimberly A. Crotty work?,THE NORTHERN TRUST COMPANY,1,0,0
123,In what organization does Kyle Lewis work?,"Bank of America, N.A.",1,0,0
123,In what organization does Lisa Huang work?,"CITIBANK, N.A",1,0,0
123,In what organization does Ravneet Mumick work?,ING Bank N.V,1,0,0
123,In what organization does Robert Ehudin work?,Credit Suisse AG,1,0,0
123,In what organization does Sean Hassett work?,ING Bank N.V,1,0,0
123,In what organization does Shaun Hawley work?,ING Bank N.V,1,0,0
123,In what organization does Steven L. Sawyer work?,US Bank National Association,1,0,0
123,Who is the representative of NEWELL RUBBERMAID INC?,John B. Ellis,1,0,0
123,Who is the representative of THE NORTHERN TRUST COMPANY?,Kimberly A. Crotty,1,0,0
123,"Who is the representative of Bank of America, N.A.?",Kyle Lewis,1,0,0
123,"Who is the representative of CITIBANK, N.A?",Lisa Huang,1,0,0
123,Who is the representative of US Bank National Association?,Steven L. Sawyer,1,0,0
123,What is the location of Credit Suisse AG?,Cayman Islands,1,0,0
123,What is the location of ING Bank N.V?,Dublin,1,0,0
123,Which company is associated with Cayman Islands?,Credit Suisse AG,1,0,0
123,Which company is associated with Dublin?,ING Bank N.V,1,0,0
123,What type of location is Cayman Islands?,Branch,1,0,0
123,What type of location is Dublin?,Branch,1,0,0
123,"What is the role of JPMORGAN CHASE BANK, N.A in the agreement?",Lender,1,0,0
123,What is the role of NEWELL RUBBERMAID INC. in the agreement?,Borrower,1,0,0
123,What is the role of PNC Bank in the agreement?,Lender,1,0,0
123,What is the role of ROYAL BANK OF CANADA in the agreement?,Lender,1,0,0
123,"What is the role of The Bank of Tokyo-Mitsubishi UFJ, Ltd in the agreement?",Lender,1,0,0
123,"What is the role of Bank of America, N.A. in the agreement?",Lender,1,0,0
123,"What is the role of CITIBANK, N.A in the agreement?",Lender,1,0,0
123,What is the role of THE NORTHERN TRUST COMPANY in the agreement?,Lender,1,0,0
123,What is the role of US Bank National Association in the agreement?,Lender,1,0,0
123,What is the role of Credit Suisse AG in the agreement?,Lender,1,0,0
123,What company is the Borrower in the agreement?,NEWELL RUBBERMAID INC.,1,0,0
137,What is the position of Alexander L. Rody?,Senior Vice President,1,0,0
137,What is the position of Eric Searls?,Senior Vice President,1,0,0
137,What is the position of James Komperda?,Vice President,1,0,0
137,What is the position of James Rolison?,Managing Director,1,0,0
137,What is the position of John Sletten?,Vice President,1,0,0
137,What is the position of Joseph J. Seroke?,Vice President,1,0,0
137,What is the position of Joshua Freedman?,Authorized Signatory,1,0,0
137,What is the position of Murray Mackinnon?,Vice President,1,0,0
137,What is the position of Scott DeJong?,Senior Vice President,1,0,0
137,What is the position of T. Barrett Vawter?,Vice President,1,0,0
137,What is the position of Christopher Eng?,Secretary,1,0,0
137,In what organization does Alexander L. Rody work?,U.S. BANK NATIONAL ASSOCIATION,1,0,0
137,In what organization does Eric Searls work?,U.S. BANK NATIONAL ASSOCIATION,1,0,0
137,In what organization does Ian LaRoche work?,ROYAL BANK OF CANADA,1,0,0
137,In what organization does James Komperda work?,Regions Bank,1,0,0
137,In what organization does James Rolison work?,Deutsche Bank AG New York Branch,1,0,0
137,In what organization does Jireh Carcellar work?,U.S. BANK NATIONAL ASSOCIATION,1,0,0
137,In what organization does John Sletten work?,Regions Bank,1,0,0
137,In what organization does Joseph J. Seroke work?,Regions Bank,1,0,0
137,In what organization does Joshua Freedman work?,ROYAL BANK OF CANADA,1,0,0
137,In what organization does Julie Camarra work?,ROYAL BANK OF CANADA,1,0,0
137,In what organization does Murray Mackinnon work?,Regions Bank,1,0,0
137,In what organization does Scott DeJong work?,U.S. BANK NATIONAL ASSOCIATION,1,0,0
137,In what organization does T. Barrett Vawter work?,Regions Bank,1,0,0
137,In what organization does Wolsley Grannum work?,KEYBANK NATIONAL ASSOCIATION,1,0,0
137,Who is the representative of Deutsche Bank AG New York Branch?,James Rolison,1,0,0
137,Who is the representative of KEYBANK NATIONAL ASSOCIATION?,Wolsley Grannum,1,0,0
137,"Who is the representative of San Fran JV, LLC?",Christopher Eng,1,0,0
137,"Who is the representative of Summit Hospitality 039, LLC?",Christopher Eng,1,0,0
137,"Who is the representative of Summit Hospitality 057, LLC?",Christopher Eng,1,0,0
137,"Who is the representative of Summit Hospitality 060, LLC?",Christopher Eng,1,0,0
137,"Who is the representative of Summit Hospitality 079, LLC?",Christopher Eng,1,0,0
137,"Who is the representative of Summit Hospitality 081, LLC?",Christopher Eng,1,0,0
137,"Who is the representative of Summit Hospitality 082, LLC?",Christopher Eng,1,0,0
137,"Who is the representative of Summit Hospitality 084, LLC?",Christopher Eng,1,0,0
137,"Who is the representative of Summit Hospitality 093, LLC?",Christopher Eng,1,0,0
137,"Who is the representative of Summit Hospitality 100, LLC?",Christopher Eng,1,0,0
137,"Who is the representative of Summit Hospitality 114, LLC?",Christopher Eng,1,0,0
137,"Who is the representative of Summit Hospitality 115, LLC?",Christopher Eng,1,0,0
137,"Who is the representative of Summit Hospitality 117, LLC?",Christopher Eng,1,0,0
137,"Who is the representative of Summit Hospitality 118, LLC?",Christopher Eng,1,0,0
137,"Who is the representative of Summit Hospitality 119, LLC?",Christopher Eng,1,0,0
137,"Who is the representative of Summit Hospitality 121, LLC?",Christopher Eng,1,0,0
137,"Who is the representative of Summit Hospitality 122, LLC?",Christopher Eng,1,0,0
137,"Who is the representative of Summit Hospitality 123, LLC?",Christopher Eng,1,0,0
137,"Who is the representative of Summit Hospitality 130, LLC?",Christopher Eng,1,0,0
137,"Who is the representative of Summit Hospitality 17, LLC?",Christopher Eng,1,0,0
137,"Who is the representative of Summit Hospitality 18, LLC?",Christopher Eng,1,0,0
137,"Who is the representative of Summit Hospitality I, LLC?",Christopher Eng,1,0,0
137,"Who is the representative of Summit Hospitality XII, LLC?",Christopher Eng,1,0,0
137,"Who is the representative of Summit Hotel TRS 035, LLC?",Christopher Eng,1,0,0
137,"What is the role of RAYMOND JAMES BANK, N.A. in the agreement?",Lender,1,0,0
137,What is the role of BRANCH BANKING AND TRUST COMPANY in the agreement?,Lender,1,0,0
137,"What is the role of Bank of America, N.A. in the agreement?",Lender,1,0,0
137,What is the role of DEUTSCHE BANK AG NEW YORK BRANCH in the agreement?,Administrative Agent,1,0,0
137,What is the role of INITIAL LENDERS in the agreement?,Lenders,1,0,0
137,"What is the role of PNC BANK, NATIONAL ASSOCIATION in the agreement?",Lender,1,0,0
137,"What is the role of SUMMIT HOTEL PROPERTIES, INC in the agreement?",Parent Guarantor,1,0,0
137,"What is the role of SUMMIT HOTEL PROPERTIES, INC. in the agreement?",PARENT,1,0,0
137,"What is the role of Summit Hotel TRS 010, LLC in the agreement?",SUBSIDIARY,1,0,0
137,"What is the role of Summit Hotel TRS 020, LLC in the agreement?",SUBSIDIARY,1,0,0
137,"What is the role of Summit Hotel TRS 021, LLC in the agreement?",SUBSIDIARY,1,0,0
137,"What is the role of Summit Hotel TRS 023, LLC in the agreement?",SUBSIDIARY,1,0,0
137,"What is the role of Summit Hotel TRS 026, LLC in the agreement?",SUBSIDIARY,1,0,0
137,"What is the role of Summit Hotel TRS 028, LLC in the agreement?",SUBSIDIARY,1,0,0
137,"What is the role of Summit Hotel TRS 029, LLC in the agreement?",SUBSIDIARY,1,0,0
137,"What is the role of Summit Hotel TRS 030, LLC in the agreement?",SUBSIDIARY,1,0,0
137,"What is the role of Summit Hotel TRS 032, LLC in the agreement?",SUBSIDIARY,1,0,0
137,"What is the role of Summit Hotel TRS 036, LLC in the agreement?",SUBSIDIARY,1,0,0
137,"What is the role of Summit Hotel TRS 037, LLC in the agreement?",SUBSIDIARY,1,0,0
137,"What is the role of Summit Hotel TRS 038, LLC in the agreement?",SUBSIDIARY,1,0,0
137,"What is the role of Summit Hotel TRS 039, LLC in the agreement?",SUBSIDIARY,1,0,0
137,"What is the role of Summit Hotel TRS 044, LLC in the agreement?",SUBSIDIARY,1,0,0
137,"What is the role of Summit Hotel TRS 045, LLC in the agreement?",SUBSIDIARY,1,0,0
137,"What is the role of Summit Hotel TRS 057, LLC in the agreement?",SUBSIDIARY,1,0,0
137,"What is the role of Summit Hotel TRS 060, LLC in the agreement?",SUBSIDIARY,1,0,0
137,"What is the role of Summit Hotel TRS 062, LLC in the agreement?",SUBSIDIARY,1,0,0
137,"What is the role of Summit Hotel TRS 063, LLC in the agreement?",SUBSIDIARY,1,0,0
137,"What is the role of Summit Hotel TRS 064, LLC in the agreement?",SUBSIDIARY,1,0,0
137,"What is the role of Summit Hotel TRS 065, LLC in the agreement?",SUBSIDIARY,1,0,0
137,"What is the role of Summit Hotel TRS 066, LLC in the agreement?",SUBSIDIARY,1,0,0
137,"What is the role of Summit Hotel TRS 068, LLC in the agreement?",SUBSIDIARY,1,0,0
137,"What is the role of Summit Hotel TRS 069, LLC in the agreement?",SUBSIDIARY,1,0,0
137,"What is the role of Summit Hotel TRS 079, LLC in the agreement?",SUBSIDIARY,1,0,0
137,"What is the role of Summit Hotel TRS 081, LLC in the agreement?",SUBSIDIARY,1,0,0
137,"What is the role of Summit Hotel TRS 082, LLC in the agreement?",SUBSIDIARY,1,0,0
137,"What is the role of Summit Hotel TRS 083, LLC in the agreement?",SUBSIDIARY,1,0,0
137,"What is the role of Summit Hotel TRS 084, LLC in the agreement?",SUBSIDIARY,1,0,0
137,"What is the role of Summit Hotel TRS 088, LLC in the agreement?",SUBSIDIARY,1,0,0
137,"What is the role of Summit Hotel TRS 094, LLC in the agreement?",SUBSIDIARY,1,0,0
137,"What is the role of Summit Hotel TRS 095, LLC in the agreement?",SUBSIDIARY,1,0,0
137,"What is the role of Summit Hotel TRS 097, LLC in the agreement?",SUBSIDIARY,1,0,0
137,"What is the role of Summit Hotel TRS 100, LLC in the agreement?",SUBSIDIARY,1,0,0
137,"What is the role of Summit Hotel TRS 102, LLC in the agreement?",SUBSIDIARY,1,0,0
137,"What is the role of Summit Hotel TRS 104, LLC in the agreement?",SUBSIDIARY,1,0,0
137,"What is the role of Summit Hotel TRS 114, LLC in the agreement?",SUBSIDIARY,1,0,0
137,"What is the role of Summit Hotel TRS 115, LLC in the agreement?",SUBSIDIARY,1,0,0
137,"What is the role of Summit Hotel TRS 117, LLC in the agreement?",SUBSIDIARY,1,0,0
137,"What is the role of Summit Hotel TRS 118, LLC in the agreement?",SUBSIDIARY,1,0,0
137,"What is the role of Summit Hotel TRS 119, LLC in the agreement?",SUBSIDIARY,1,0,0
137,"What is the role of Summit Hotel TRS 121, LLC in the agreement?",SUBSIDIARY,1,0,0
137,"What is the role of Summit Hotel TRS 122, LLC in the agreement?",SUBSIDIARY,1,0,0
137,"What is the role of Summit Hotel TRS 123, LLC in the agreement?",SUBSIDIARY,1,0,0
137,"What is the role of Summit Hotel TRS 130, LLC in the agreement?",SUBSIDIARY,1,0,0
137,What is the role of Deutsche Bank AG New York Branch in the agreement?,Lender,1,0,0
137,"What is the role of Summit Hotel TRS 035, LLC in the agreement?",SUBSIDIARY,1,0,0
137,What is the role of KEYBANK NATIONAL ASSOCIATION in the agreement?,Lender,1,0,0
137,"What is the role of San Fran JV, LLC in the agreement?",SUBSIDIARY,1,0,0
137,"What is the role of Summit Hospitality 039, LLC in the agreement?",SUBSIDIARY,1,0,0
137,"What is the role of Summit Hospitality 057, LLC in the agreement?",SUBSIDIARY,1,0,0
137,"What is the role of Summit Hospitality 060, LLC in the agreement?",SUBSIDIARY,1,0,0
137,"What is the role of Summit Hospitality 079, LLC in the agreement?",SUBSIDIARY,1,0,0
137,"What is the role of Summit Hospitality 082, LLC in the agreement?",GUARANTORS,1,0,0
137,"What is the role of Summit Hospitality 084, LLC in the agreement?",SUBSIDIARY,1,0,0
137,"What is the role of Summit Hospitality 093, LLC in the agreement?",SUBSIDIARY,1,0,0
137,"What is the role of Summit Hospitality 100, LLC in the agreement?",SUBSIDIARY,1,0,0
137,"What is the role of Summit Hospitality 114, LLC in the agreement?",SUBSIDIARY,1,0,0
137,"What is the role of Summit Hospitality 115, LLC in the agreement?",SUBSIDIARY,1,0,0
137,"What is the role of Summit Hospitality 117, LLC in the agreement?",SUBSIDIARY,1,0,0
137,"What is the role of Summit Hospitality 118, LLC in the agreement?",SUBSIDIARY,1,0,0
137,"What is the role of Summit Hospitality 119, LLC in the agreement?",SUBSIDIARY,1,0,0
137,"What is the role of Summit Hospitality 121, LLC in the agreement?",SUBSIDIARY,1,0,0
137,"What is the role of Summit Hospitality 122, LLC in the agreement?",SUBSIDIARY,1,0,0
137,"What is the role of Summit Hospitality 123, LLC in the agreement?",SUBSIDIARY,1,0,0
137,"What is the role of Summit Hospitality 130, LLC in the agreement?",SUBSIDIARY,1,0,0
137,"What is the role of Summit Hospitality 17, LLC in the agreement?",SUBSIDIARY,1,0,0
137,"What is the role of Summit Hospitality 18, LLC in the agreement?",SUBSIDIARY,1,0,0
137,"What is the role of Summit Hospitality I, LLC in the agreement?",SUBSIDIARY,1,0,0
137,"What is the role of Summit Hospitality XII, LLC in the agreement?",SUBSIDIARY,1,0,0
137,What is the role of ROYAL BANK OF CANADA in the agreement?,Lender,1,0,0
137,What is the role of Regions Bank in the agreement?,Lender,1,0,0
137,What is the role of U.S. BANK NATIONAL ASSOCIATION in the agreement?,Lender,1,0,0
137,What company is the Administrative Agent in the agreement?,DEUTSCHE BANK AG NEW YORK BRANCH,1,0,0
137,What company is the Bookrunners in the agreement?,"REGIONS CAPITAL MARKETS,",1,0,0
137,What company is the Borrower in the agreement?,"SUMMIT HOTEL OP, LP,",1,0,0
137,What company is the Parent Guarantor in the agreement?,"SUMMIT HOTEL PROPERTIES, INC",1,0,0
137,What company is the Guarantors in the agreement?,"Summit Hospitality 082, LLC",1,0,0
136,In what organization does Katharine R. Briggs work?,B2R Finance L.P.,1,0,0
136,Who is the representative of B2R Finance L.P.?,Katharine R. Briggs,1,0,0
136,What is the location of AHR FIRST BORROWER LLC?,"4800 Montgomery Lane, %23450, Bethesda, Maryland 20814",1,0,0
136,"What is the location of AHR FIRST BORROWER LLC,?","Montgomery Lane, %23450                                              Bethesda, Maryland 20814                                              Attention%3A  Don McClure",1,0,0
136,What is the location of B2R FINANCE L.P.?,"Congress Street, Suite 475                                              Charlotte, NC  28209                                              Attention%3A  Katharine R. Briggs or General Counsel",1,0,0
136,"Which company is associated with 4800 Montgomery Lane, %23450, Bethesda, Maryland 20814?",AHR FIRST BORROWER LLC,1,0,0
136,"Which company is associated with Congress Street, Suite 475                                              Charlotte, NC  28209                                              Attention%3A  Katharine R. Briggs or General Counsel?",B2R FINANCE L.P.,1,0,0
136,"Which company is associated with Montgomery Lane, %23450                                              Bethesda, Maryland 20814                                              Attention%3A  Don McClure?","AHR FIRST BORROWER LLC,",1,0,0
136,"What type of location is 4800 Montgomery Lane, %23450, Bethesda, Maryland 20814?",Chief Executive Office,1,0,0
136,What is the role of B2R FINANCE L.P in the agreement?,Lender,1,0,0
136,What is the role of AHR FIRST BORROWER LLC in the agreement?,Borrower,1,0,0
136,"What is the role of AHR FIRST BORROWER LLC, in the agreement?",BORROWER,1,0,0
136,What is the role of B2R FINANCE L.P. in the agreement?,LENDER%3A,1,0,0
136,What is the role of B2R Finance L.P. in the agreement?,Lender,1,0,0
136,What company is the Lender%3A in the agreement?,B2R FINANCE L.P.,1,0,0
122,What is the position of Andres Neumeier?,Managing Director,1,0,0
122,What is the position of Andy McClinton?,Managing Director,1,0,0
122,What is the position of Anna Smith?,Vice President,1,0,0
122,What is the position of Arti Sugunan?,Assistant Vice President,1,0,0
122,What is the position of Bill Seabrook?,Director,1,0,0
122,What is the position of Christopher Choi?,Director,1,0,0
122,"What is the position of Craig M. Pinsly, CFA?",Director,1,0,0
122,What is the position of Diederik Sluijs?,Director,1,0,0
122,What is the position of Doreen Barr?,Authorized Signatory,1,0,0
122,What is the position of Jody Feldman?,Director,1,0,0
122,"What is the position of Kenneth P. Sneider, Jr.?",Managing Director,1,0,0
122,What is the position of Kristen M. Murphy?,Vice President,1,0,0
122,What is the position of Lingzi Huang?,Authorized Signatory,1,0,0
122,What is the position of Maria Lago?,Director,1,0,0
122,What is the position of Maureen Maroney?,Vice President,1,0,0
122,What is the position of Michael King?,Authorized Signatory,1,0,0
122,What is the position of Michelle S. Dagenhart?,Director,1,0,0
122,What is the position of N. J. Hardman?,Director,1,0,0
122,What is the position of P. A. Hogwood?,Secretary,1,0,0
122,What is the position of Paul Hagy?,Treasurer,1,0,0
122,What is the position of Robert Grillo?,Director,1,0,0
122,What is the position of Ross Levitsky?,Managing Director,1,0,0
122,What is the position of Thane Rattew?,Managing Director,1,0,0
122,What is the position of Tony Gordon?,Managing Director,1,0,0
122,What is the position of Zhao Caiyan?,General Manager,1,0,0
122,In what organization does Andres Neumeier work?,THE BANK OF NOVA SCOTIA,1,0,0
122,In what organization does Andy McClinton work?,THE BANK OF NOVA SCOTIA,1,0,0
122,In what organization does Anna Smith work?,"JPMORGAN CHASE BANK, N.A",1,0,0
122,In what organization does Arti Sugunan work?,BARCLAYS BANK PLC,1,0,0
122,In what organization does Bill Seabrook work?,UNICREDIT BANK A.G.,1,0,0
122,In what organization does Christopher Choi work?,UNICREDIT BANK A.G.,1,0,0
122,"In what organization does Craig M. Pinsly, CFA work?",UNICREDIT BANK A.G.,1,0,0
122,In what organization does Diederik Sluijs work?,UNICREDIT BANK A.G.,1,0,0
122,In what organization does Doreen Barr work?,CREDIT SUISSE AG,1,0,0
122,In what organization does Jody Feldman work?,UNICREDIT BANK A.G.,1,0,0
122,"In what organization does Kenneth P. Sneider, Jr. work?",THE BANK OF NOVA SCOTIA,1,0,0
122,In what organization does Kristen M. Murphy work?,"JPMORGAN CHASE BANK, N.A",1,0,0
122,In what organization does Lingzi Huang work?,CREDIT SUISSE AG,1,0,0
122,In what organization does Maria Lago work?,UNICREDIT BANK A.G.,1,0,0
122,In what organization does Maureen Maroney work?,"JPMORGAN CHASE BANK, N.A",1,0,0
122,In what organization does Michael King work?,CREDIT SUISSE AG,1,0,0
122,In what organization does Michelle S. Dagenhart work?,UNICREDIT BANK A.G.,1,0,0
122,In what organization does N. J. Hardman work?,UNICREDIT BANK A.G.,1,0,0
122,In what organization does P. A. Hogwood work?,AON UK LIMITED,1,0,0
122,In what organization does Paul Hagy work?,AON CORPORATION,1,0,0
122,In what organization does Robert Grillo work?,UNICREDIT BANK A.G.,1,0,0
122,In what organization does Ross Levitsky work?,THE BANK OF NOVA SCOTIA,1,0,0
122,In what organization does Thane Rattew work?,THE BANK OF NOVA SCOTIA,1,0,0
122,In what organization does Tony Gordon work?,THE BANK OF NOVA SCOTIA,1,0,0
122,In what organization does Zhao Caiyan work?,BANK OF CHINA %28LUXEMBOURG%29,1,0,0
122,Who is the representative of BARCLAYS BANK PLC?,Arti Sugunan,1,0,0
122,Who is the representative of AON UK LIMITED?,P. A. Hogwood,1,0,0
122,Who is the representative of AON CORPORATION?,Paul Hagy,1,0,0
122,Who is the representative of BANK OF CHINA %28LUXEMBOURG%29?,Zhao Caiyan,1,0,0
122,What is the location of BANK OF MONTREAL?,LONDON,1,0,0
122,"What is the location of Citibank, N.A.?","1615 Brett Road, Building %233New Castle, Delaware 19720",1,0,0
122,What is the location of DEUTSCHE BANK AG?,NEW YORK,1,0,0
122,What is the location of BANK OF CHINA %28LUXEMBOURG%29?,S.A. ROTTERDAM,1,0,0
122,"Which company is associated with 1615 Brett Road, Building %233New Castle, Delaware 19720?","Citibank, N.A.",1,0,0
122,Which company is associated with LONDON?,BANK OF MONTREAL,1,0,0
122,Which company is associated with NEW YORK?,DEUTSCHE BANK AG,1,0,0
122,Which company is associated with S.A. ROTTERDAM?,BANK OF CHINA %28LUXEMBOURG%29,1,0,0
122,What type of location is LONDON?,BRANCH,1,0,0
122,What type of location is NEW YORK?,BRANCH,1,0,0
122,"What is the role of WELLS FARGO BANK, NATIONAL ASSOCIATION in the agreement?",Lender,1,0,0
122,What is the role of AON CORPORATION in the agreement?,Borrowers,1,0,0
122,What is the role of AON PLC in the agreement?,Borrowers,1,0,0
122,What is the role of AUSTRALIA AND NEW ZEALAND BANK GROUP LIMITED in the agreement?,Lender,1,0,0
122,"What is the role of HSBC BANK USA, N.A. in the agreement?",Lender,1,0,0
122,"What is the role of ING BANK N.V., in the agreement?",Lender,1,0,0
122,"What is the role of MORGAN STANLEY BANK, N.A. in the agreement?",Lender,1,0,0
122,What is the role of NATIONAL AUSTRALIA BANK LIMITED in the agreement?,Lender,1,0,0
122,What is the role of THE BANK OF NEW YORK MELLON in the agreement?,Lender,1,0,0
122,What is the role of AON UK LIMITED in the agreement?,Borrowers,1,0,0
122,What is the role of BANK OF MONTREAL in the agreement?,Lender,1,0,0
122,What is the role of BARCLAYS BANK PLC in the agreement?,Lender,1,0,0
122,What is the role of DEUTSCHE BANK AG in the agreement?,Lender,1,0,0
122,What is the role of BANK OF CHINA %28LUXEMBOURG%29 in the agreement?,Lender,1,0,0
122,What is the role of CREDIT SUISSE AG in the agreement?,Lender,1,0,0
122,"What is the role of JPMORGAN CHASE BANK, N.A in the agreement?",Lender,1,0,0
122,What is the role of THE BANK OF NOVA SCOTIA in the agreement?,Lender,1,0,0
122,What is the role of UNICREDIT BANK A.G. in the agreement?,Lender,1,0,0
37,What is the position of Worthing Jackman?,Authorized Signatory,1,0,0
37,What is the position of Bryan Ervin?,Vice President,1,0,0
37,What is the position of Felix Miranda?,Senior Vice President,1,0,0
37,What is the position of John Kushnerick?,Vice President,1,0,0
37,What is the position of Judith A. Huckins?,Vice President,1,0,0
37,What is the position of Kelly Nash?,Vice President,1,0,0
37,What is the position of Maria F. Maia?,Managing Director,1,0,0
37,What is the position of Mark Grover?,Senior Vice President,1,0,0
37,What is the position of Philip K. Liebscher?,Senior Vice President,1,0,0
37,What is the position of Raj Nambiar?,Vice President,1,0,0
37,What is the position of Sandra Cortes?,Director,1,0,0
37,What is the position of Steven Dixon?,Vice President,1,0,0
37,What is the position of Tad Stainbrook?,Vice President,1,0,0
37,In what organization does Bryan Ervin work?,"Citizens Bank, N.A",1,0,0
37,In what organization does Felix Miranda work?,Branch Banking and Trust Company,1,0,0
37,In what organization does John Kushnerick work?,"Citizens Bank, N.A",1,0,0
37,In what organization does Judith A. Huckins work?,"Citizens Bank, N.A",1,0,0
37,In what organization does Kelly Nash work?,"Citizens Bank, N.A",1,0,0
37,In what organization does Maria F. Maia work?,"BANK OF AMERICA, N.A.",1,0,0
37,In what organization does Mark Grover work?,Branch Banking and Trust Company,1,0,0
37,In what organization does Philip K. Liebscher work?,Branch Banking and Trust Company,1,0,0
37,In what organization does Raj Nambiar work?,"Citizens Bank, N.A",1,0,0
37,In what organization does Sandra Cortes work?,"MUFG Union Bank, N.A.,",1,0,0
37,In what organization does Steven Dixon work?,"Citizens Bank, N.A",1,0,0
37,In what organization does Tad Stainbrook work?,"Citizens Bank, N.A",1,0,0
37,In what organization does Worthing F. Jackman work?,"Waste Connections, Inc.",1,0,0
37,"Who is the representative of BANK OF AMERICA, N.A.?",Maria F. Maia,1,0,0
37,"Who is the representative of MUFG Union Bank, N.A.,?",Sandra Cortes,1,0,0
37,"Who is the representative of Waste Connections, Inc.?",Worthing F. Jackman,1,0,0
37,What is the location of Goulston %26 Storrs?,"400 Atlantic AvenueBoston, MA 02110",1,0,0
37,What is the location of Latham %26 Watkins LLP?,"811 Main Street, Suite 3700Houston, TX 77002",1,0,0
37,"What is the location of Waste Connections, Inc.?","3 Waterway Square Place, Suite 110The Woodlands, TX 77380",1,0,0
37,"Which company is associated with 100 Federal StreetMail Code%3A  MA5-100-09-07Boston, MA 02110?","Bank of America, N.A",1,0,0
37,"Which company is associated with 101 N. Tryon StreetMail Code%3A  NC1-001-05-46Charlotte, NC 28255-0001?","Bank of America, N.A.",1,0,0
37,"Which company is associated with 1 Fleet WayMail Code%3A  PA6-580-02-30Scranton, PA 18507?","Bank of America, N.A.",1,0,0
37,"Which company is associated with 3 Waterway Square Place, Suite 110The Woodlands, TX 77380?","Waste Connections, Inc.",1,0,0
37,"Which company is associated with 400 Atlantic AvenueBoston, MA 02110?",Goulston %26 Storrs,1,0,0
37,"Which company is associated with 555 California Street, 4th FloorMail Code%3A  CA5-705-04-09 San Francisco, CA 94104?","Bank of America, N.A",1,0,0
37,"Which company is associated with 811 Main Street, Suite 3700Houston, TX 77002?",Latham %26 Watkins LLP,1,0,0
37,"What is the role of EMPIRE DISPOSAL, INC. in the agreement?",Subsidiaries,1,0,0
37,What is the role of ENTECH ALASKA LLC in the agreement?,Subsidiaries,1,0,0
37,What is the role of ENVIRONMENTAL TRUST COMPANY in the agreement?,Subsidiaries,1,0,0
37,"What is the role of EVERGREEN DISPOSAL, INC. in the agreement?",Subsidiaries,1,0,0
37,What is the role of FINLEY-BUTTES LIMITED PARTNERSHIP in the agreement?,Subsidiaries,1,0,0
37,"What is the role of FINNEY COUNTY LANDFILL, INC in the agreement?",Subsidiaries,1,0,0
37,"What is the role of FORT ANN TRANSFER STATION, LLC in the agreement?",Subsidiaries,1,0,0
37,"What is the role of FRONT RANGE LANDFILL, INC. in the agreement?",Subsidiaries,1,0,0
37,"What is the role of GBUSA HOLDINGS, LLC in the agreement?",Subsidiaries,1,0,0
37,"What is the role of GOD BLESS THE USA, INCORPORATED in the agreement?",Subsidiaries,1,0,0
37,"What is the role of GREEN WASTE SOLUTIONS OF ALASKA, LLC in the agreement?",Subsidiaries,1,0,0
37,"What is the role of G %26 P DEVELOPMENT, INC. in the agreement?",Subsidiaries,1,0,0
37,"What is the role of HARDIN SANITATION, INC. in the agreement?",Subsidiaries,1,0,0
37,"What is the role of HAROLD LEMAY ENTERPRISES, INCORPORATED in the agreement?",Subsidiaries,1,0,0
37,"What is the role of HIGH DESERT SOLID WASTE FACILITY, INC. in the agreement?",Subsidiaries,1,0,0
37,"What is the role of HUDSON VALLEY WASTE HOLDING, INC. in the agreement?",Subsidiaries,1,0,0
37,"What is the role of ISLAND DISPOSAL, INC. in the agreement?",Subsidiaries,1,0,0
37,"What is the role of J BAR J LAND, INC. in the agreement?",Subsidiaries,1,0,0
37,"What is the role of LACASSINE HOLDINGS, L.L.C. in the agreement?",Subsidiaries,1,0,0
37,"What is the role of LAKESHORE DISPOSAL, INC in the agreement?",Subsidiaries,1,0,0
37,"What is the role of LAUREL RIDGE LANDFILL, L.L.C. in the agreement?",Subsidiaries,1,0,0
37,"What is the role of LEALCO, INC. in the agreement?",Subsidiaries,1,0,0
37,"What is the role of LFC, INC. in the agreement?",Subsidiaries,1,0,0
37,"What is the role of LIGHTNING BUTTE ENVIRONMENTAL, LLC in the agreement?",Subsidiaries,1,0,0
37,"What is the role of LOUISIANA RECLAMATION COMPANY, L.L.C. in the agreement?",Subsidiaries,1,0,0
37,"What is the role of MADERA DISPOSAL SYSTEMS, INC. in the agreement?",Subsidiaries,1,0,0
37,What is the role of MAMMOTH DISPOSAL COMPANY in the agreement?,Subsidiaries,1,0,0
37,"What is the role of MANAGEMENT ENVIRONMENTAL NATIONAL, INC. in the agreement?",Subsidiaries,1,0,0
37,"What is the role of MASON COUNTY GARBAGE CO., INC. in the agreement?",Subsidiaries,1,0,0
37,"What is the role of MBO, LLC in the agreement?",Subsidiaries,1,0,0
37,"What is the role of MDSI OF LA, INC. in the agreement?",Subsidiaries,1,0,0
37,What is the role of MILLENNIUM WASTE INCORPORATED in the agreement?,Subsidiaries,1,0,0
37,What is the role of MISSION COUNTRY DISPOSAL in the agreement?,Subsidiaries,1,0,0
37,What is the role of MORRO BAY GARBAGE SERVICE in the agreement?,Subsidiaries,1,0,0
37,"What is the role of MURREY%E2%80%99S DISPOSAL COMPANY, INC. in the agreement?",Subsidiaries,1,0,0
37,"What is the role of NEBRASKA ECOLOGY SYSTEMS, INC. in the agreement?",Subsidiaries,1,0,0
37,"What is the role of NOBLES COUNTY LANDFILL, INC. in the agreement?",Subsidiaries,1,0,0
37,"What is the role of NORTHWEST CONTAINER SERVICES, INC. in the agreement?",Subsidiaries,1,0,0
37,"What is the role of OKLAHOMA CITY WASTE DISPOSAL, INC. in the agreement?",Subsidiaries,1,0,0
37,"What is the role of OKLAHOMA LANDFILL HOLDINGS, INC. in the agreement?",Subsidiaries,1,0,0
37,"What is the role of OSAGE LANDFILL, INC. in the agreement?",Subsidiaries,1,0,0
37,"What is the role of PIERCE COUNTY RECYCLING, COMPOSTING AND DISPOSAL, LLC in the agreement?",Subsidiaries,1,0,0
37,"What is the role of POTRERO HILLS LANDFILL, INC. in the agreement?",Subsidiaries,1,0,0
37,"What is the role of PRAIRIE DISPOSAL, LLC in the agreement?",Subsidiaries,1,0,0
37,"What is the role of PRAIRIE LIQUIDS, LLC in the agreement?",Subsidiaries,1,0,0
37,"What is the role of PSI ENVIRONMENTAL SERVICES, INC. in the agreement?",Subsidiaries,1,0,0
37,"What is the role of PSI ENVIRONMENTAL SYSTEMS, INC. in the agreement?",Subsidiaries,1,0,0
37,"What is the role of R.A. BROWNRIGG INVESTMENTS, INC. in the agreement?",Subsidiaries,1,0,0
37,What is the role of R.J.C. TRUCKING CO. in the agreement?,Subsidiaries,1,0,0
37,"What is the role of R360 ARTESIA, LLC in the agreement?",Subsidiaries,1,0,0
37,"What is the role of R360 CLACO, LLC in the agreement?",Subsidiaries,1,0,0
37,"What is the role of R360 ENVIRONMENTAL SOLUTIONS, LLC in the agreement?",Subsidiaries,1,0,0
37,"What is the role of R360 ENVIRONMENTAL SOLUTIONS HOLDINGS, INC. in the agreement?",Subsidiaries,1,0,0
37,"What is the role of R360 ENVIRONMENTAL SOLUTIONS OF LOUISIANA, LLC in the agreement?",Subsidiaries,1,0,0
37,"What is the role of R360 ENVIRONMENTAL SOLUTIONS OF MISSISSIPPI, LLC in the agreement?",Subsidiaries,1,0,0
37,"What is the role of R360 ENVIRONMENTAL SOLUTIONS OF TEXAS, LLC in the agreement?",Subsidiaries,1,0,0
37,"What is the role of R360 ES HOLDINGS, INC. in the agreement?",Subsidiaries,1,0,0
37,"What is the role of R360 HITCHCOCK, LLC in the agreement?",Subsidiaries,1,0,0
37,"What is the role of R360 LOGISTICS, LLC in the agreement?",Subsidiaries,1,0,0
37,"What is the role of R360 OKLAHOMA, LLC in the agreement?",Subsidiaries,1,0,0
37,"What is the role of R360 PERMIAN BASIN, LLC in the agreement?",Subsidiaries,1,0,0
37,"What is the role of R360 RED BLUFF, LLC in the agreement?",Subsidiaries,1,0,0
37,"What is the role of R360 SHUTE CREEK, LLC in the agreement?",Subsidiaries,1,0,0
37,"What is the role of R360 SILO, LLC in the agreement?",Subsidiaries,1,0,0
37,"What is the role of R360 WILLISTON BASIN, LLC in the agreement?",Subsidiaries,1,0,0
37,"What is the role of RAILROAD AVENUE DISPOSAL, LLC in the agreement?",Subsidiaries,1,0,0
37,"What is the role of RED CARPET LANDFILL, INC. in the agreement?",Subsidiaries,1,0,0
37,"What is the role of RENSSELAER REGION LANDFILLS, INC. in the agreement?",Subsidiaries,1,0,0
37,What is the role of RH FINANCIAL CORPORATION in the agreement?,Subsidiaries,1,0,0
37,"What is the role of RICH VALLEY, LLC in the agreement?",Subsidiaries,1,0,0
37,"What is the role of RKS HOLDING, CORP. in the agreement?",Subsidiaries,1,0,0
37,"What is the role of S.A. DUNN %26 COMPANY, LLC in the agreement?",Subsidiaries,1,0,0
37,"What is the role of SANIPAC, INC. in the agreement?",Subsidiaries,1,0,0
37,What is the role of SAN LUIS GARBAGE COMPANY in the agreement?,Subsidiaries,1,0,0
37,What is the role of SCOTT SOLID WASTE DISPOSAL COMPANY in the agreement?,Subsidiaries,1,0,0
37,"What is the role of SCOTT WASTE SERVICES, LLC in the agreement?",Subsidiaries,1,0,0
37,"What is the role of SEABREEZE RECOVERY, INC in the agreement?",Subsidiaries,1,0,0
37,"What is the role of SECTION 18, LLC in the agreement?",Subsidiaries,1,0,0
37,What is the role of SEDALIA LAND COMPANY in the agreement?,Subsidiaries,1,0,0
37,"What is the role of SHALE GAS SERVICES, LLC in the agreement?",Subsidiaries,1,0,0
37,"What is the role of SIERRA HOLDING GROUP, LLC in the agreement?",Subsidiaries,1,0,0
37,"What is the role of SIERRA PROCESSING, LLC in the agreement?",Subsidiaries,1,0,0
37,What is the role of SILVER SPRINGS ORGANICS L.L.C. in the agreement?,Subsidiaries,1,0,0
37,"What is the role of SJ RECLAMATION, INC. in the agreement?",Subsidiaries,1,0,0
37,"What is the role of SKB %28AUSTIN%29 ENVIRONMENTAL, LLC in the agreement?",Subsidiaries,1,0,0
37,"What is the role of SKB ENVIRONMENTAL, INC. in the agreement?",Subsidiaries,1,0,0
37,"What is the role of SKB RECYCLING, LLC in the agreement?",Subsidiaries,1,0,0
37,"What is the role of SMOKY BUTTE ENVIRONMENTAL, LLC in the agreement?",Subsidiaries,1,0,0
37,"What is the role of SOUTH COUNTY SANITARY SERVICE, INC. in the agreement?",Subsidiaries,1,0,0
37,"What is the role of STERLING AVENUE PROPERTIES, LLC in the agreement?",Subsidiaries,1,0,0
37,What is the role of STUTZMAN REFUSE DISPOSAL INC. in the agreement?,Subsidiaries,1,0,0
37,"What is the role of TACOMA RECYCLING COMPANY, INC. in the agreement?",Subsidiaries,1,0,0
37,"What is the role of TENNESSEE WASTE MOVERS, INC. in the agreement?",Subsidiaries,1,0,0
37,"What is the role of THUNDER BUTTE ENVIRONMENTAL, LLC in the agreement?",Subsidiaries,1,0,0
37,"What is the role of US LIQUIDS OF LA, L.P. in the agreement?",Subsidiaries,1,0,0
37,"What is the role of VOORHEES SANITATION, L.L.C. in the agreement?",Subsidiaries,1,0,0
37,"What is the role of WASCO COUNTY LANDFILL, INC. in the agreement?",Subsidiaries,1,0,0
37,"What is the role of WASTE CONNECTIONS, INC. in the agreement?",BORROWERS,1,0,0
37,"What is the role of WASTE CONNECTIONS MANAGEMENT SERVICES, INC. in the agreement?",Subsidiaries,1,0,0
37,"What is the role of WASTE CONNECTIONS OF ALABAMA, INC. in the agreement?",Subsidiaries,1,0,0
37,"What is the role of WASTE CONNECTIONS OF ALASKA, INC. in the agreement?",Subsidiaries,1,0,0
37,"What is the role of WASTE CONNECTIONS OF ARIZONA, INC. in the agreement?",Subsidiaries,1,0,0
37,"What is the role of WASTE CONNECTIONS OF ARKANSAS, INC. in the agreement?",Subsidiaries,1,0,0
37,"What is the role of WASTE CONNECTIONS OF CALIFORNIA, INC. in the agreement?",Subsidiaries,1,0,0
37,"What is the role of WASTE CONNECTIONS OF COLORADO, INC. in the agreement?",Subsidiaries,1,0,0
37,"What is the role of WASTE CONNECTIONS OF GEORGIA, INC. in the agreement?",Subsidiaries,1,0,0
37,"What is the role of WASTE CONNECTIONS OF IDAHO, INC. in the agreement?",Subsidiaries,1,0,0
37,"What is the role of WASTE CONNECTIONS OF ILLINOIS, INC in the agreement?",Subsidiaries,1,0,0
37,"What is the role of WASTE CONNECTIONS OF IOWA, INC. in the agreement?",Subsidiaries,1,0,0
37,"What is the role of WASTE CONNECTIONS OF KANSAS, INC. in the agreement?",Subsidiaries,1,0,0
37,"What is the role of WASTE CONNECTIONS OF KENTUCKY, INC. in the agreement?",Subsidiaries,1,0,0
37,"What is the role of WASTE CONNECTIONS OF LEFLORE, LLC in the agreement?",Subsidiaries,1,0,0
37,"What is the role of WASTE CONNECTIONS OF LOUISIANA, INC. in the agreement?",Subsidiaries,1,0,0
37,"What is the role of WASTE CONNECTIONS OF MINNESOTA, INC. in the agreement?",Subsidiaries,1,0,0
37,"What is the role of WASTE CONNECTIONS OF MISSISSIPPI, INC in the agreement?",Subsidiaries,1,0,0
37,"What is the role of WASTE CONNECTIONS OF MISSISSIPPI DISPOSAL SERVICES, LLC in the agreement?",Subsidiaries,1,0,0
37,"What is the role of WASTE CONNECTIONS OF MONTANA, INC. in the agreement?",Subsidiaries,1,0,0
37,"What is the role of WASTE CONNECTIONS OF NEBRASKA, INC in the agreement?",Subsidiaries,1,0,0
37,"What is the role of WASTE CONNECTIONS OF NEW MEXICO, INC. in the agreement?",Subsidiaries,1,0,0
37,"What is the role of WASTE CONNECTIONS OF NORTH CAROLINA, INC in the agreement?",Subsidiaries,1,0,0
37,"What is the role of WASTE CONNECTIONS OF NORTH DAKOTA, INC. in the agreement?",Subsidiaries,1,0,0
37,"What is the role of WASTE CONNECTIONS OF OKLAHOMA, INC in the agreement?",Subsidiaries,1,0,0
37,"What is the role of WASTE CONNECTIONS OF OREGON, INC. in the agreement?",Subsidiaries,1,0,0
37,"What is the role of WASTE CONNECTIONS OF SOUTH CAROLINA, INC. in the agreement?",Subsidiaries,1,0,0
37,"What is the role of WASTE CONNECTIONS OF SOUTH DAKOTA, INC. in the agreement?",Subsidiaries,1,0,0
37,"What is the role of WASTE CONNECTIONS OF TENNESSEE, INC in the agreement?",Subsidiaries,1,0,0
37,"What is the role of WASTE CONNECTIONS OF TEXAS, LLC in the agreement?",Subsidiaries,1,0,0
37,"What is the role of WASTE CONNECTIONS OF THE CENTRAL VALLEY, INC. in the agreement?",Subsidiaries,1,0,0
37,"What is the role of WASTE CONNECTIONS OF UTAH, INC in the agreement?",Subsidiaries,1,0,0
37,"What is the role of WASTE CONNECTIONS OF WASHINGTON, INC in the agreement?",Subsidiaries,1,0,0
37,"What is the role of WASTE CONNECTIONS OF WYOMING, INC. in the agreement?",Subsidiaries,1,0,0
37,"What is the role of WASTE CONNECTIONS TRANSPORTATION COMPANY, INC. in the agreement?",Subsidiaries,1,0,0
37,"What is the role of WASTE REDUCTION SERVICES, L.L.C. in the agreement?",Subsidiaries,1,0,0
37,"What is the role of WASTE SERVICES OF N.E. MISSISSIPPI, INC. in the agreement?",Subsidiaries,1,0,0
37,"What is the role of WASTE SOLUTIONS GROUP OF SAN BENITO, LLC in the agreement?",Subsidiaries,1,0,0
37,"What is the role of WCI-WHITE OAKS LANDFILL, INC. in the agreement?",Subsidiaries,1,0,0
37,"What is the role of WCI AUSTIN LANDFILL, LLC in the agreement?",Subsidiaries,1,0,0
37,"What is the role of WEST BANK ENVIRONMENTAL SERVICES, INC in the agreement?",Subsidiaries,1,0,0
37,"What is the role of WEST COAST RECYCLING AND TRANSFER, INC. in the agreement?",Subsidiaries,1,0,0
37,"What is the role of WYOMING ENVIRONMENTAL SERVICES, INC. in the agreement?",Subsidiaries,1,0,0
37,"What is the role of YAKIMA WASTE SYSTEMS, INC. in the agreement?",Subsidiaries,1,0,0
37,What company is the Agent in the agreement?,"BANK OF AMERICA, N.A",1,0,0
37,What company is the L%2Fc Issuer in the agreement?,"BANK OF AMERICA, N.A.",1,0,0
23,What is the position of Andrew Sidford?,Managing Director,1,0,0
23,What is the position of Holli Balzar?,Vice President,1,0,0
23,What is the position of Jeanna Steele?,Secretary,1,0,0
23,What is the position of Jeremy Eisman?,Managing Director,1,0,0
23,What is the position of Jonathan M. Bouvet?,Senior Vice President,1,0,0
23,What is the position of Jordan Kanis?,Managing Director,1,0,0
23,What is the position of Komal Shah?,Authorized Signatory,1,0,0
23,What is the position of Kyle Hatze?,Director,1,0,0
23,What is the position of Mark W. Condon?,Authorized Signatory,1,0,0
23,What is the position of Michael Agrimis?,Director,1,0,0
23,What is the position of Michael King?,Authorized Signatory,1,0,0
23,What is the position of Myra Martinez?,Director,1,0,0
23,What is the position of Nawshaer Safi?,Authorized Signatory,1,0,0
23,What is the position of Paul Dickson?,Chief Financial Officer,1,0,0
23,What is the position of Tom vonReichbauer?,Chief Financial Officer,1,0,0
23,In what organization does Andrew Sidford work?,"DEUTSCHE BANK AG, NEW YORK BRANCH,",1,0,0
23,In what organization does Holli Balzar work?,"BANK OF AMERICA, N.A.",1,0,0
23,In what organization does Jeanna Steele work?,CLEAN ENERGY EXPERTS LLC,1,0,0
23,In what organization does Jeremy Eisman work?,"DEUTSCHE BANK AG, NEW YORK BRANCH,",1,0,0
23,In what organization does Jonathan M. Bouvet work?,KEYBANK NATIONAL ASSOCIATION,1,0,0
23,In what organization does Jordan Kanis work?,"DEUTSCHE BANK AG, NEW YORK BRANCH,",1,0,0
23,In what organization does Komal Shah work?,"ROYAL BANK OF CANADA,",1,0,0
23,In what organization does Kyle Hatze work?,"DEUTSCHE BANK AG, NEW YORK BRANCH,",1,0,0
23,In what organization does Mark W. Condon work?,"ROYAL BANK OF CANADA,",1,0,0
23,In what organization does Michael Agrimis work?,"DEUTSCHE BANK AG, NEW YORK BRANCH,",1,0,0
23,In what organization does Michael King work?,"ROYAL BANK OF CANADA,",1,0,0
23,In what organization does Myra Martinez work?,"DEUTSCHE BANK AG, NEW YORK BRANCH,",1,0,0
23,In what organization does Nawshaer Safi work?,"ROYAL BANK OF CANADA,",1,0,0
23,In what organization does Paul Dickson work?,"VIVINT SOLAR DEVELOPER, LLC,",1,0,0
23,In what organization does Tom vonReichbauer work?,"VIVINT SOLAR DEVELOPER, LLC,",1,0,0
23,"Who is the representative of BANK OF AMERICA, N.A.?",Holli Balzar,1,0,0
23,Who is the representative of CLEAN ENERGY EXPERTS LLC?,Jeanna Steele,1,0,0
23,Who is the representative of KEYBANK NATIONAL ASSOCIATION?,Jonathan M. Bouvet,1,0,0
23,"What is the location of KEYBANC CAPITAL MARKETS INC.,?",Arranger,1,0,0
23,"What is the location of MUFG BANK, LTD.,?",Arranger,1,0,0
23,What is the role of CREDIT AGRICOLE CORPORATE AND INVESTMENT BANK in the agreement?,Lender,1,0,0
23,"What is the role of CREDIT SUISSE AG, CAYMAN ISLANDS BRANCH in the agreement?",Lender,1,0,0
23,"What is the role of MORGAN STANLEY SENIOR FUNDING, INC in the agreement?",Lender,1,0,0
23,"What is the role of MUFG BANK, LTD in the agreement?",Lender,1,0,0
23,"What is the role of VIVINT SOLAR, INC in the agreement?",GUARANTOR,1,0,0
23,"What is the role of VIVINT SOLAR HOLDINGS, INC in the agreement?",GUARANTOR,1,0,0
23,"What is the role of VIVINT SOLAR OPERATIONS, LLC in the agreement?",GUARANTOR,1,0,0
23,What is the role of AEE SOLAR INC in the agreement?,GUARANTOR,1,0,0
23,What is the role of SUNRUN INC in the agreement?,BORROWER%3A,1,0,0
23,What is the role of SUNRUN INSTALLATION SERVICES INC in the agreement?,GUARANTOR,1,0,0
23,What is the role of SUNRUN SOUTH LLC in the agreement?,GUARANTOR,1,0,0
23,"What is the role of BANK OF AMERICA, N.A. in the agreement?",Lender,1,0,0
23,What is the role of CLEAN ENERGY EXPERTS LLC in the agreement?,GUARANTOR,1,0,0
23,"What is the role of VIVINT SOLAR DEVELOPER, LLC, in the agreement?",GUARANTOR,1,0,0
23,"What is the role of ROYAL BANK OF CANADA, in the agreement?",Lender,1,0,0
23,"What is the role of DEUTSCHE BANK AG, NEW YORK BRANCH, in the agreement?",Lender,1,0,0
23,What company is the Collateral Agent in the agreement?,SILICON VALLEY BANK,1,0,0
23,What company is the Borrower%3A in the agreement?,SUNRUN INC,1,0,0
23,What company is the Administrative Agent in the agreement?,KEYBANK NATIONAL ASSOCIATION,1,0,0
35,What is the position of Cheryl LaBelle?,Managing Director,1,0,0
35,What is the position of Claudia Zarate?,Director,1,0,0
35,What is the position of David Gurghigian?,Managing Director,1,0,0
35,What is the position of DeVon J. Lang?,Senior Vice President,1,0,0
35,What is the position of Debra Hrelja?,Vice President,1,0,0
35,What is the position of Diane Pockaj?,Managing Director,1,0,0
35,What is the position of Eric S. Fishman?,Treasurer,1,0,0
35,What is the position of Glen Binder?,Vice President,1,0,0
35,What is the position of Haifeng Xu?,Executive Vice President,1,0,0
35,What is the position of Hans Beekmans?,Vice President,1,0,0
35,What is the position of Hsing H. Huang?,"Associate Director,",1,0,0
35,What is the position of J. Frazell?,Director,1,0,0
35,What is the position of James D. Weinstein?,Managing Director,1,0,0
35,What is the position of Joe Hykle?,Senior Vice President,1,0,0
35,What is the position of John M. Eyerman?,Vice President,1,0,0
35,What is the position of Kelton Glasscock?,Senior Vice President,1,0,0
35,What is the position of Kevin Sparks?,Vice President,1,0,0
35,What is the position of Leon Mo?,Authorized Signatory,1,0,0
35,What is the position of Marco Pizzi?,Global Relationship Manager,1,0,0
35,What is the position of Maureen Maroney?,Vice President,1,0,0
35,What is the position of Michael King?,Authorized Signatory,1,0,0
35,What is the position of Michael Willis?,Managing Director,1,0,0
35,What is the position of Nicolas Anberree?,Vice President,1,0,0
35,What is the position of Nurys Maleki?,Director,1,0,0
35,What is the position of Peter Carini?,Vice President,1,0,0
35,What is the position of Raza Jafferi?,Vice President,1,0,0
35,What is the position of Rebecca Kratz?,Authorized Signatory,1,0,0
35,What is the position of Sophia Love?,Senior Vice President,1,0,0
35,What is the position of Steve Aloupis?,Managing Director Capital Markets,1,0,0
35,What is the position of Steve Ray?,Authorized Signatory,1,0,0
35,What is the position of Steven Smith?,Director,1,0,0
35,What is the position of Veronica Incera?,Managing Director,1,0,0
35,In what organization does Cheryl LaBelle work?,CREDIT AGRICOLE CORPORATE AND INVESTMENT BANK,1,0,0
35,In what organization does Claudia Zarate work?,"COMMERZBANK AG,",1,0,0
35,In what organization does David Gurghigian work?,CREDIT AGRICOLE CORPORATE AND INVESTMENT BANK,1,0,0
35,In what organization does DeVon J. Lang work?,HESS CORPORATION,1,0,0
35,In what organization does Debra Hrelja work?,U.S. Bank National Association,1,0,0
35,In what organization does Diane Pockaj work?,"COMMERZBANK AG,",1,0,0
35,In what organization does Eric S. Fishman work?,HESS OVERSEAS FINANCE INVESTMENTS CENTRE LIMITED,1,0,0
35,In what organization does Glen Binder work?,U.S. Bank National Association,1,0,0
35,In what organization does Haifeng Xu work?,Bank of China,1,0,0
35,In what organization does Hans Beekmans work?,U.S. Bank National Association,1,0,0
35,In what organization does Hsing H. Huang work?,Standard Chartered Bank,1,0,0
35,In what organization does J. Frazell work?,"COMMERZBANK AG,",1,0,0
35,In what organization does James D. Weinstein work?,CREDIT AGRICOLE CORPORATE AND INVESTMENT BANK,1,0,0
35,In what organization does Joe Hykle work?,HESS CORPORATION,1,0,0
35,In what organization does John M. Eyerman work?,U.S. Bank National Association,1,0,0
35,In what organization does John P. Rielly work?,HESS CORPORATION,1,0,0
35,In what organization does Kelton Glasscock work?,HESS CORPORATION,1,0,0
35,In what organization does Kevin Sparks work?,U.S. Bank National Association,1,0,0
35,In what organization does Leon Mo work?,THE ROYAL BANK OF SCOTLAND PLC,1,0,0
35,In what organization does Marco Pizzi work?,INTESA SANPAOLO S.p.A.,1,0,0
35,In what organization does Maureen Maroney work?,U.S. Bank National Association,1,0,0
35,In what organization does Michael King work?,THE ROYAL BANK OF SCOTLAND PLC,1,0,0
35,In what organization does Michael Willis work?,CREDIT AGRICOLE CORPORATE AND INVESTMENT BANK,1,0,0
35,In what organization does Nicolas Anberree work?,U.S. Bank National Association,1,0,0
35,In what organization does Nurys Maleki work?,"COMMERZBANK AG,",1,0,0
35,In what organization does Peter Carini work?,U.S. Bank National Association,1,0,0
35,In what organization does Raza Jafferi work?,U.S. Bank National Association,1,0,0
35,In what organization does Rebecca Kratz work?,THE ROYAL BANK OF SCOTLAND PLC,1,0,0
35,In what organization does Sophia Love work?,HESS CORPORATION,1,0,0
35,In what organization does Steve Aloupis work?,Standard Chartered Bank,1,0,0
35,In what organization does Steve Ray work?,THE ROYAL BANK OF SCOTLAND PLC,1,0,0
35,In what organization does Steven Smith work?,"COMMERZBANK AG,",1,0,0
35,In what organization does Timothy B. Goodell work?,HESS CORPORATION,1,0,0
35,In what organization does Veronica Incera work?,CREDIT AGRICOLE CORPORATE AND INVESTMENT BANK,1,0,0
35,Who is the representative of HESS OVERSEAS FINANCE INVESTMENTS CENTRE LIMITED?,Eric S. Fishman,1,0,0
35,Who is the representative of Bank of China?,Haifeng Xu,1,0,0
35,Who is the representative of INTESA SANPAOLO S.p.A.?,Marco Pizzi,1,0,0
35,"What is the location of Banco Bilbao Argentaria, S.A.?",New York,1,0,0
35,What is the location of Banco Bilbao Vizcaya Argentaria?,New York,1,0,0
35,"What is the location of JPMorgan Chase Bank, N.A.?","500 Stanton Christiana Rd, Ops 2, Floor 3Newark, Delaware 19713",1,0,0
35,What is the location of Bank of China?,New York,1,0,0
35,What is the location of HESS CORPORATION?,"1185 Avenue of the AmericasNew York, New York 10036",1,0,0
35,"Which company is associated with 1185 Avenue of the AmericasNew York, New York 10036?",HESS CORPORATION,1,0,0
35,"Which company is associated with 270 Park AvenueNew York, NY 10017?","JPMorgan Chase Bank, N.A",1,0,0
35,Which company is associated with GRAND CAYMAN?,"COMMERZBANK AG,",1,0,0
35,Which company is associated with NEW YORK?,"COMMERZBANK AG,",1,0,0
35,What type of location is GRAND CAYMAN?,BRANCH,1,0,0
35,What type of location is NEW YORK?,BRANCH,1,0,0
35,What type of location is New York?,Branch,1,0,0
35,What is the role of HESS OIL AND GAS HOLDINGS INC in the agreement?,Subsidiaries,1,0,0
35,What is the role of HESS OIL AND GAS HOLDINGS INC. in the agreement?,Subsidiary,1,0,0
35,What is the role of HESS CORPORATION in the agreement?,Borrower,1,0,0
35,What company is the Borrower in the agreement?,HESS CORPORATION,1,0,0
21,What is the position of Danielle Spar?,Authorized Signatory,1,0,0
21,What is the position of Eric Liaw?,Authorized Person,1,0,0
21,What is the position of Marisa Beeney?,Authorized Person,1,0,0
21,What is the position of Nicole Kroll?,Assistant Vice President,1,0,0
21,What is the position of Robert J. Shusterman?,Authorized Signatory,1,0,0
21,In what organization does Danielle Spar work?,GOLDMAN SACHS BANK USA,1,0,0
21,In what organization does Dawn M. Wilson work?,"LD LOWER HOLDINGS, INC.",1,0,0
21,In what organization does Eric Liaw work?,BLACKSTONE SECURED LENDING FUND,1,0,0
21,In what organization does Marisa Beeney work?,BLACKSTONE SECURED LENDING FUND,1,0,0
21,In what organization does Nicole Kroll work?,"WILMINGTON TRUST, NATIONAL ASSOCIATION",1,0,0
21,In what organization does Robert J. Shusterman work?,GOLDMAN SACHS BANK USA,1,0,0
21,"Who is the representative of LD LOWER HOLDINGS, INC.?",Dawn M. Wilson,1,0,0
21,"Who is the representative of WILMINGTON TRUST, NATIONAL ASSOCIATION?",Nicole Kroll,1,0,0
21,What is the role of BGSL BIG SKY FUNDING LLC in the agreement?,Lender,1,0,0
21,"What is the role of BGSL BRECKENRIDGE FUNDING LLC, in the agreement?",Lender,1,0,0
21,"What is the role of BGSL JACKSON HOLE FUNDING LLC, in the agreement?",Lender,1,0,0
21,What is the role of BLACKSTONE HOLDINGS FINANCE CO. L.L.C. in the agreement?,Lender,1,0,0
21,What is the role of BLACKSTONE PRIVATE CREDIT FUND in the agreement?,Lender,1,0,0
21,What is the role of EMERALD DIRECT LENDING 1 LIMITED PARTNERSHIP in the agreement?,Lender,1,0,0
21,What is the role of EMERALD MURRAY STREET LP in the agreement?,Lender,1,0,0
21,What is the role of EMERALD SPRING STREET LP in the agreement?,Lender,1,0,0
21,What is the role of GN LOAN FUND LP in the agreement?,Lender,1,0,0
21,"What is the role of LD TOPCO, INC. in the agreement?","Holdings Topco,",1,0,0
21,"What is the role of LD LOWER HOLDINGS, INC. in the agreement?",Borrower,1,0,0
21,What is the role of BLACKSTONE SECURED LENDING FUND in the agreement?,Lender,1,0,0
21,What is the role of GOLDMAN SACHS BANK USA in the agreement?,Lender,1,0,0
21,What company is the L%2Fc Issuer in the agreement?,ALLY BANK,1,0,0
21,What company is the Ally Representative in the agreement?,ALLY BANK,1,0,0
21,"What company is the Holdings Topco, in the agreement?","LD TOPCO, INC.",1,0,0
21,What company is the Borrower in the agreement?,"LD LOWER HOLDINGS, INC.",1,0,0
108,What is the position of Lee Surtees?,Director,1,0,0
108,What is the position of Gregory W. Lane?,Vice President,1,0,0
108,What is the position of Lori Y. Jensen?,Vice President,1,0,0
108,What is the position of Michael P. Perillo?,Assistant Vice President,1,0,0
108,What is the position of Andrew White?,Vice President,1,0,0
108,In what organization does Gregory W. Lane work?,KEYBANK NATIONAL ASSOCIATION,1,0,0
108,In what organization does Lori Y. Jensen work?,KEYBANK NATIONAL ASSOCIATION,1,0,0
108,In what organization does Michael P. Perillo work?,"FIFTH THIRD BANK, an Ohio banking corporation",1,0,0
108,In what organization does Randall H. Brown work?,"Retreat at State College, LLC",1,0,0
108,"Who is the representative of FIFTH THIRD BANK, an Ohio banking corporation?",Michael P. Perillo,1,0,0
108,"Who is the representative of Retreat at State College, LLC?",Randall H. Brown,1,0,0
108,"Who is the representative of PNC Bank, National Association?",Andrew White,1,0,0
108,What is the role of 3949 Lindell LLC in the agreement?,Borrower,1,0,0
108,What is the role of CV East Lansing MI LLC in the agreement?,Borrower,1,0,0
108,"What is the role of Carrollton Place, LLC in the agreement?",Borrower,1,0,0
108,What is the role of Cottages W. Lafayette IN LL in the agreement?,Borrower,1,0,0
108,"What is the role of Deloitte %26 Touche, LLP in the agreement?",accountants,1,0,0
108,What is the role of District on 5th Tuscon AZ LLC in the agreement?,Borrower,1,0,0
108,What is the role of EDR Austin LLC in the agreement?,Borrower,1,0,0
108,What is the role of EDR Berkeley LP in the agreement?,Borrower,1,0,0
108,"What is the role of EDR Carbondale, LLC in the agreement?",Borrower,1,0,0
108,What is the role of EDR Charlottesville Jefferson LLC in the agreement?,Borrower,1,0,0
108,What is the role of EDR Charlottesville LLC in the agreement?,Borrower,1,0,0
108,What is the role of EDR Charlottesville Wertland LLC in the agreement?,Borrower,1,0,0
108,What is the role of EDR Gainesville Limited Partnership in the agreement?,Borrower,1,0,0
108,What is the role of EDR Lawrence Limited Partnership in the agreement?,Borrower,1,0,0
108,What is the role of EDR Lexington I LLC in the agreement?,Borrower,1,0,0
108,What is the role of EDR Orlando Limited Partnership in the agreement?,Borrower,1,0,0
108,"What is the role of EDR Oxford, LLC in the agreement?",Borrower,1,0,0
108,"What is the role of EDR Statesboro, LLC in the agreement?",Borrower,1,0,0
108,"What is the role of EDR Syracuse, LL in the agreement?",Borrower,1,0,0
108,What is the role of EDR Syracuse Campus West LLC in the agreement?,Borrower,1,0,0
108,"What is the role of EDR Tallahassee I, LLC in the agreement?",Borrower,1,0,0
108,What is the role of EDR Tallahassee Limited Partnership in the agreement?,Borrower,1,0,0
108,What is the role of EDR Tampa Limited Partnership in the agreement?,Borrower,1,0,0
108,What is the role of East Edge Tuscaloosa LLC in the agreement?,Borrower,1,0,0
108,"What is the role of Education Realty Operating Partnership, LP in the agreement?",Borrower,1,0,0
108,What is the role of Province Kent OH LLC in the agreement?,Borrower,1,0,0
108,What is the role of REGIONS CAPITAL MARKETS in the agreement?,Arrangers,1,0,0
108,What is the role of The Province Greenville NC LP in the agreement?,Borrower,1,0,0
108,What is the role of University Village Towers LP in the agreement?,Borrower,1,0,0
108,"What is the role of Retreat at State College, LLC in the agreement?",Borrower,1,0,0
108,"What company is the Administrative Agent, in the agreement?",KeyBank National Association,1,0,0
108,What company is the Administrative Borrower in the agreement?,KeyBank National Association,1,0,0
108,What company is the Administrative Agent in the agreement?,KeyBank National Association,1,0,0
108,What company is the Accountants in the agreement?,"Deloitte %26 Touche, LLP",1,0,0
108,What company is the Bookrunners in the agreement?,PNC CAPITAL MARKETS LLC,1,0,0
108,What company is the Arrangers in the agreement?,REGIONS CAPITAL MARKETS,1,0,0
134,What is the position of Darren Drake?,Authorized Signatory,1,0,0
134,What is the position of Janet Chao?,Senior Vice President,1,0,0
134,What is the position of Mohammad S Hasan?,Vice President,1,0,0
134,What is the position of Nelson Arteaga?,Vice President,1,0,0
134,In what organization does Darren Drake work?,"STOCKBRIDGE%2FSBE HOLDINGS, LLC",1,0,0
134,In what organization does Janet Chao work?,EAST WEST BANK.,1,0,0
134,In what organization does Mohammad S Hasan work?,"JPMorgan Chase Bank, N.A",1,0,0
134,In what organization does Nelson Arteaga work?,"JPMorgan Chase Bank, N.A",1,0,0
134,"Who is the representative of STOCKBRIDGE%2FSBE HOLDINGS, LLC?",Darren Drake,1,0,0
134,Who is the representative of EAST WEST BANK.?,Janet Chao,1,0,0
134,What is the location of Cahill Gordon %26 Reindel LLP?,"80 Pine StreetNew York, NY 10005",1,0,0
134,"Which company is associated with 80 Pine StreetNew York, NY 10005?",Cahill Gordon %26 Reindel LLP,1,0,0
134,What is the role of GUARANTORS PARTY in the agreement?,Guarantors,1,0,0
134,"What is the role of SB GAMING, LLC in the agreement?",Guarantor,1,0,0
134,"What is the role of UNION GAMING ADVISORS, LLC, in the agreement?",Documentation Agent,1,0,0
134,"What is the role of STOCKBRIDGE%2FSBE HOLDINGS, LLC in the agreement?",Borrower,1,0,0
134,What company is the Lead Arranger in the agreement?,J.P. MORGAN SECURITIES LLC,1,0,0
134,What company is the Guarantors in the agreement?,GUARANTORS PARTY,1,0,0
134,What company is the Bookrunning Manager in the agreement?,"J.P. MORGAN SECURITIES LLC,",1,0,0
134,What company is the Arranger in the agreement?,"J.P. MORGAN SECURITIES LLC,",1,0,0
134,What company is the Issuing Bank in the agreement?,"JPMORGAN CHASE BANK, N.A",1,0,0
134,What company is the Administrative Agent in the agreement?,"JPMORGAN CHASE BANK, N.A",1,0,0
134,What company is the Collateral Agent in the agreement?,"JPMORGAN CHASE BANK, N.A",1,0,0
134,What company is the Holdings in the agreement?,"STOCKBRIDGE%2FSBE INVESTMENT COMPANY, LLC",1,0,0
134,What company is the Documentation Agent in the agreement?,"UNION GAMING ADVISORS, LLC,",1,0,0
134,What company is the Borrower in the agreement?,"STOCKBRIDGE%2FSBE HOLDINGS, LLC",1,0,0
120,What is the position of Charles McLaughlin?,Senior Vice President,1,0,0
120,What is the position of Cheryl Sneor?,Vice President,1,0,0
120,What is the position of Curt Steiner?,Senior Vice President,1,0,0
120,What is the position of Dan LePage?,Authorized Signatory,1,0,0
120,What is the position of Frederick H. Denecke?,Senior Vice President,1,0,0
120,What is the position of Greg Conner?,Vice President,1,0,0
120,What is the position of Helga Blum?,Managing Director,1,0,0
120,What is the position of James P. Surless?,Vice President,1,0,0
120,What is the position of John T. Murphy?,Senior Vice President,1,0,0
120,What is the position of Kent Gorman?,Senior Vice President,1,0,0
120,What is the position of Lori Chambers?,Vice President,1,0,0
120,What is the position of Marc Costantino?,Executive Director,1,0,0
120,What is the position of Mark A. Edwards?,Senior Vice President,1,0,0
120,What is the position of Mark W. Piekos?,Managing Director,1,0,0
120,What is the position of Michael Glandt?,Vice President,1,0,0
120,What is the position of Rory Desmond?,Vice President,1,0,0
120,What is the position of William G. Karl?,Executive Officer,1,0,0
120,What is the position of Winita Lau?,Senior Vice President,1,0,0
120,In what organization does Adam Markman work?,EQUITY COMMONWEALTH,1,0,0
120,In what organization does Angela Chen work?,"MEGA INTERNATIONAL COMMERCIAL BANK CO., LTD",1,0,0
120,In what organization does Chad Hale work?,THE BANK OF NOVA SCOTIA,1,0,0
120,In what organization does Charles McLaughlin work?,BANK HAPOALIM B.M,1,0,0
120,In what organization does Cheryl Sneor work?,BANK HAPOALIM B.M,1,0,0
120,In what organization does Curt Steiner work?,BANK HAPOALIM B.M,1,0,0
120,In what organization does Dan LePage work?,ROYAL BANK OF CANADA,1,0,0
120,In what organization does Frederick H. Denecke work?,CAPITAL ONE,1,0,0
120,In what organization does Greg Conner work?,BANK HAPOALIM B.M,1,0,0
120,In what organization does Helga Blum work?,THE BANK OF NEW YORK MELLON,1,0,0
120,In what organization does James P. Surless work?,BANK HAPOALIM B.M,1,0,0
120,In what organization does John T. Murphy work?,PNC BANK,1,0,0
120,In what organization does Kent Gorman work?,PNC BANK,1,0,0
120,In what organization does Lori Chambers work?,BANK HAPOALIM B.M,1,0,0
120,In what organization does Marc Costantino work?,"JPMORGAN CHASE BANK, N.A.",1,0,0
120,In what organization does Mark A. Edwards work?,BANK HAPOALIM B.M,1,0,0
120,In what organization does Mark W. Piekos work?,BMO HARRIS BANK,1,0,0
120,In what organization does Michael Glandt work?,FIFTH THIRD BANK,1,0,0
120,In what organization does Rory Desmond work?,BANK HAPOALIM B.M,1,0,0
120,In what organization does William G. Karl work?,SUMITOMO MITSUI BANKING CORPORATION,1,0,0
120,In what organization does Winita Lau work?,PNC BANK,1,0,0
120,Who is the representative of EQUITY COMMONWEALTH?,Adam Markman,1,0,0
120,"Who is the representative of MEGA INTERNATIONAL COMMERCIAL BANK CO., LTD?",Angela Chen,1,0,0
120,Who is the representative of THE BANK OF NOVA SCOTIA?,Chad Hale,1,0,0
120,Who is the representative of ROYAL BANK OF CANADA?,Dan LePage,1,0,0
120,Who is the representative of CAPITAL ONE?,Frederick H. Denecke,1,0,0
120,Who is the representative of THE BANK OF NEW YORK MELLON?,Helga Blum,1,0,0
120,"Who is the representative of JPMORGAN CHASE BANK, N.A.?",Marc Costantino,1,0,0
120,Who is the representative of BMO HARRIS BANK?,Mark W. Piekos,1,0,0
120,Who is the representative of FIFTH THIRD BANK?,Michael Glandt,1,0,0
120,Who is the representative of SUMITOMO MITSUI BANKING CORPORATION?,William G. Karl,1,0,0
120,"What is the location of Bank of America, N.A.?","Global Trade OperationsOne Fleet Way, 2nd FloorMail Code PA6-580-02-30Scranton, PA 18507",1,0,0
120,What is the location of Equity Commonwealth?,"Two North Riverside Plaza, Suite 600Chicago, Illinois 60606",1,0,0
120,"What is the location of JPMorgan Chase Bank, N.A.?","10420 Highland Manor Drive, Fl 4Tampa, FL 33610",1,0,0
120,What is the location of Kirkland %26 Ellis LLP?,"300 North LaSalle StreetChicago, Illinois 60654",1,0,0
120,What is the location of Wells Fargo Bank?,"10 South Wacker Drive, 32nd FloorChicago, Illinois 60606",1,0,0
120,"What is the location of Wells Fargo Bank, National Association?","10 South Wacker Drive, 32nd floorChicago, Illinois 60606",1,0,0
120,"Which company is associated with 10420 Highland Manor Drive, Fl 4Tampa, FL 33610?","JPMorgan Chase Bank, N.A.",1,0,0
120,"Which company is associated with 10 South Wacker Drive, 32nd FloorChicago, Illinois 60606?",Wells Fargo Bank,1,0,0
120,"Which company is associated with 10 South Wacker Drive, 32nd floorChicago, Illinois 60606?","Wells Fargo Bank, National Association",1,0,0
120,"Which company is associated with 300 North LaSalle StreetChicago, Illinois 60654?",Kirkland %26 Ellis LLP,1,0,0
120,"Which company is associated with Global Trade OperationsOne Fleet Way, 2nd FloorMail Code PA6-580-02-30Scranton, PA 18507?","Bank of America, N.A.",1,0,0
120,"Which company is associated with Two North Riverside Plaza, Suite 600Chicago, Illinois 60606?",Equity Commonwealth,1,0,0
120,What is the role of EQUITY COMMONWEALTH in the agreement?,Borrower,1,0,0
120,What company is the Arranger in the agreement?,WELLS FARGO SECURITIES LLC,1,0,0
120,What company is the Arrangers in the agreement?,"MERRILL LYNCH, PIERCE, FENNER %26 SMITH INCORPORATED",1,0,0
120,What company is the Borrower in the agreement?,EQUITY COMMONWEALTH,1,0,0
121,What is the position of Christopher R. Hermann?,Vice President,1,0,0
121,What is the position of Andrey Rudnitsky?,Assistant Vice President,1,0,0
121,What is the position of Brian Grossman?,Executive Director,1,0,0
121,What is the position of Carla Balesano?,Senior Vice President,1,0,0
121,What is the position of Chris Hursey?,Director,1,0,0
121,What is the position of Corey J. Davis?,Vice President,1,0,0
121,What is the position of Daniel Vilarelle?,Vice President,1,0,0
121,What is the position of Darran Wee?,Vice President,1,0,0
121,What is the position of Derek Chang?,Vice President,1,0,0
121,What is the position of Donna DeMagistris?,Authorized Signatory,1,0,0
121,What is the position of Eric Harvey?,Vice President,1,0,0
121,What is the position of James Hua?,SVP,1,0,0
121,What is the position of Jason Jean?,Deputy General Manager,1,0,0
121,What is the position of Joseph Philbin?,Senior Vice President,1,0,0
121,What is the position of Joshua R. Pirozzolo?,Managing Director,1,0,0
121,What is the position of Kitty Sin?,SVP,1,0,0
121,What is the position of Li Yin Wang?,Assistant General Manager,1,0,0
121,What is the position of Mary R. Wright?,Vice President,1,0,0
121,What is the position of Michael Dixon?,Senior Vice President,1,0,0
121,What is the position of Michele Dragonetti?,Senior Vice President,1,0,0
121,What is the position of Murtuza Ziauddin?,VP,1,0,0
121,What is the position of S. Bradley McDougall?,Vice President,1,0,0
121,What is the position of Shirley Shipley?,Vice President,1,0,0
121,What is the position of Shuji Yabe?,Managing Director,1,0,0
121,What is the position of Steven K. Kessler?,Senior Vice President,1,0,0
121,What is the position of Steven R. Bruno?,Director,1,0,0
121,What is the position of Victor Pierzchalski?,Authorized Signatory,1,0,0
121,In what organization does Christopher R. Hermann work?,PNC Bank,1,0,0
121,In what organization does Andrey Rudnitsky work?,BRANCH BANKING AND TRUST COMPANY,1,0,0
121,In what organization does Angela Chen work?,Mega International Commercial Bank,1,0,0
121,In what organization does Brian Grossman work?,"JPMORGAN CHASE BANK, N.A.",1,0,0
121,In what organization does Carla Balesano work?,HSBC Bank USA,1,0,0
121,In what organization does Chris Hursey work?,The Metropolitan Life Insurance Company,1,0,0
121,In what organization does Corey J. Davis work?,PNC Bank,1,0,0
121,In what organization does Daniel Vilarelle work?,FIFTH THIRD BANK,1,0,0
121,In what organization does Darran Wee work?,FIFTH THIRD BANK,1,0,0
121,In what organization does Derek Chang work?,PNC Bank,1,0,0
121,In what organization does Donna DeMagistris work?,"Mizuho Bank, Ltd",1,0,0
121,In what organization does Eric Harvey work?,FIFTH THIRD BANK,1,0,0
121,In what organization does James Hua work?,"BANK OF EAST ASIA, LIMITED",1,0,0
121,In what organization does Jane Chang work?,Bank of Taiwan,1,0,0
121,In what organization does Jason Jean work?,Taiwan Business Bank,1,0,0
121,In what organization does Joseph Philbin work?,HSBC Bank USA,1,0,0
121,In what organization does Joshua R. Pirozzolo work?,Bank of the West,1,0,0
121,In what organization does Kefel Xu work?,BANK OF CHINA,1,0,0
121,In what organization does Kitty Sin work?,"BANK OF EAST ASIA, LIMITED",1,0,0
121,In what organization does Li Yin Wang work?,TAIWAN COOPERATIVE BANK LTD,1,0,0
121,In what organization does Mary R. Wright work?,FIFTH THIRD BANK,1,0,0
121,In what organization does Michael Dixon work?,HSBC Bank USA,1,0,0
121,In what organization does Michele Dragonetti work?,HSBC Bank USA,1,0,0
121,In what organization does Murtuza Ziauddin work?,Bank of Taiwan,1,0,0
121,In what organization does Paul Hultgren work?,The Metropolitan Life Insurance Company,1,0,0
121,In what organization does Peter C. Underwood work?,FIFTH THIRD BANK,1,0,0
121,In what organization does S. Bradley McDougall work?,FIFTH THIRD BANK,1,0,0
121,In what organization does Shirley Shipley work?,FIFTH THIRD BANK,1,0,0
121,In what organization does Shuji Yabe work?,Bank of the West,1,0,0
121,In what organization does Steven K. Kessler work?,"BANK OF AMERICA, N.A.",1,0,0
121,In what organization does Steven R. Bruno work?,The Metropolitan Life Insurance Company,1,0,0
121,In what organization does Victor Pierzchalski work?,"Mizuho Bank, Ltd",1,0,0
121,Who is the representative of BRANCH BANKING AND TRUST COMPANY?,Andrey Rudnitsky,1,0,0
121,Who is the representative of Mega International Commercial Bank?,Angela Chen,1,0,0
121,"Who is the representative of JPMORGAN CHASE BANK, N.A.?",Brian Grossman,1,0,0
121,Who is the representative of Taiwan Business Bank?,Jason Jean,1,0,0
121,Who is the representative of BANK OF CHINA?,Kefel Xu,1,0,0
121,Who is the representative of TAIWAN COOPERATIVE BANK LTD?,Li Yin Wang,1,0,0
121,"Who is the representative of BANK OF AMERICA, N.A.?",Steven K. Kessler,1,0,0
121,"What is the location of BANK OF EAST ASIA, LIMITED?",NEW YORK,1,0,0
121,Which company is associated with NEW YORK?,"BANK OF EAST ASIA, LIMITED",1,0,0
121,What type of location is NEW YORK?,BRANCH,1,0,0
121,What is the role of REGAL-BELOIT CORPORATION in the agreement?,LENDER,1,0,0
121,What company is the Lender in the agreement?,REGAL-BELOIT CORPORATION,1,0,0
135,What is the position of Cathleen Buckley?,Senior Vice President,1,0,0
135,What is the position of Christine Aharonian?,Vice President,1,0,0
135,What is the position of Craig Pearson?,Associate Director,1,0,0
135,What is the position of Gabriel Juarez?,Vice President,1,0,0
135,What is the position of John C. Lozano?,Vice President,1,0,0
135,What is the position of Leon Mo?,Authorized Signatory,1,0,0
135,What is the position of Mark Sparrow?,Director,1,0,0
135,What is the position of Michael King?,Authorized Signatory,1,0,0
135,What is the position of Reginald CRICHLOW?,Vice President,1,0,0
135,What is the position of Rosanne Parsill?,Vice President,1,0,0
135,What is the position of Stephanie Balette?,Authorized Officer,1,0,0
135,What is the position of William Reid?,Authorized Signatory,1,0,0
135,What is the position of Adam H. Fey?,Director,1,0,0
135,What is the position of Andreas Bubenzer-Paim?,Director,1,0,0
135,What is the position of Cathleen Buckley?,Senior Vice President,1,0,0
135,What is the position of Darlene Arias?,Director,1,0,0
135,What is the position of David Kee?,Managing Director,1,0,0
135,What is the position of David Valentine?,Vice President,1,0,0
135,What is the position of DeVon J. Lang?,Senior Vice President,1,0,0
135,What is the position of Gumaro Tijerina?,Managing Director,1,0,0
135,What is the position of James R. Allred?,Authorized Signatory,1,0,0
135,What is the position of Joseph ONISCHUK?,Managing Director,1,0,0
135,What is the position of Les Werme?,Vice President,1,0,0
135,What is the position of M. Colin Warman?,Vice President,1,0,0
135,What is the position of Mark Oberreuter?,Vice President,1,0,0
135,What is the position of Michael A. Tribolet?,Managing Director,1,0,0
135,What is the position of Michiel Van der Voort?,Managing Director,1,0,0
135,What is the position of Richard Antl?,Authorized Signatory,1,0,0
135,What is the position of Shannon Juhan?,Vice President,1,0,0
135,What is the position of Virginia Cosenza?,Vice President,1,0,0
135,What is the position of Cheryl LaBelle?,Managing Director,1,0,0
135,What is the position of Hans Beekmans?,Vice President,1,0,0
135,In what organization does Anders Platou work?,DNB CAPITAL LLC,1,0,0
135,In what organization does Cathleen Buckley work?,BRANCH BANKING AND TRUST COMPANY,1,0,0
135,In what organization does Christine Aharonian work?,"PLAINS ALL AMERICAN PIPELINE, L.P.",1,0,0
135,In what organization does Craig Pearson work?,"UBS AG, STAMFORD BRANCH",1,0,0
135,In what organization does Gabriel Juarez work?,"PLAINS ALL AMERICAN PIPELINE, L.P.",1,0,0
135,In what organization does John C. Lozano work?,"PLAINS ALL AMERICAN PIPELINE, L.P.",1,0,0
135,In what organization does Leon Mo work?,"MORGAN STANLEY BANK, N.A.",1,0,0
135,In what organization does Mark Sparrow work?,DEUTSCHE BANK AG NEW YORK BRANCH,1,0,0
135,In what organization does Michael King work?,"MORGAN STANLEY BANK, N.A.",1,0,0
135,In what organization does Reginald CRICHLOW work?,"PLAINS ALL AMERICAN PIPELINE, L.P.",1,0,0
135,In what organization does Rosanne Parsill work?,"PLAINS ALL AMERICAN PIPELINE, L.P.",1,0,0
135,In what organization does Stephanie Balette work?,"JPMORGAN CHASE BANK, N.A.",1,0,0
135,In what organization does William Reid work?,"MORGAN STANLEY BANK, N.A.",1,0,0
135,In what organization does Adam H. Fey work?,DEUTSCHE BANK AG NEW YORK BRANCH,1,0,0
135,In what organization does Andreas Bubenzer-Paim work?,DEUTSCHE BANK AG NEW YORK BRANCH,1,0,0
135,In what organization does Cathleen Buckley work?,BRANCH BANKING AND TRUST COMPANY,1,0,0
135,In what organization does Darlene Arias work?,DEUTSCHE BANK AG NEW YORK BRANCH,1,0,0
135,In what organization does David Kee work?,"WELLS FARGO BANK, NATIONAL ASSOCIATION",1,0,0
135,In what organization does David Valentine work?,"PLAINS ALL AMERICAN PIPELINE, L.P.",1,0,0
135,In what organization does DeVon J. Lang work?,BRANCH BANKING AND TRUST COMPANY,1,0,0
135,In what organization does Gumaro Tijerina work?,"WELLS FARGO BANK, NATIONAL ASSOCIATION",1,0,0
135,In what organization does James R. Allred work?,ROYAL BANK OF CANADA,1,0,0
135,In what organization does Joseph ONISCHUK work?,BNP PARIBAS,1,0,0
135,In what organization does Les Werme work?,"PLAINS ALL AMERICAN PIPELINE, L.P.",1,0,0
135,In what organization does M. Colin Warman work?,"PLAINS ALL AMERICAN PIPELINE, L.P.",1,0,0
135,In what organization does Mark Oberreuter work?,"PLAINS ALL AMERICAN PIPELINE, L.P.",1,0,0
135,In what organization does Michael A. Tribolet work?,"WELLS FARGO BANK, NATIONAL ASSOCIATION",1,0,0
135,In what organization does Michiel Van der Voort work?,"WELLS FARGO BANK, NATIONAL ASSOCIATION",1,0,0
135,In what organization does Richard Antl work?,"MORGAN STANLEY BANK, N.A.",1,0,0
135,In what organization does Shannon Juhan work?,"PLAINS ALL AMERICAN PIPELINE, L.P.",1,0,0
135,In what organization does Sharon S. Spurlin work?,"PLAINS ALL AMERICAN PIPELINE, L.P.",1,0,0
135,In what organization does Virginia Cosenza work?,"PLAINS ALL AMERICAN PIPELINE, L.P.",1,0,0
135,Who is the representative of DNB CAPITAL LLC?,Anders Platou,1,0,0
135,"Who is the representative of UBS AG, STAMFORD BRANCH?",Craig Pearson,1,0,0
135,"Who is the representative of JPMORGAN CHASE BANK, N.A.?",Stephanie Balette,1,0,0
135,Who is the representative of ROYAL BANK OF CANADA?,James R. Allred,1,0,0
135,"What type of location is 135 S. LaSalle St.Mail Code%3A IL4-135-09-61Chicago, IL 60603?",Agency Management,1,0,0
135,What is the role of BMO HARRIS BANK N.A. in the agreement?,Lender,1,0,0
135,"What is the role of CANADIAN IMPERIAL BANK OF COMMERCE, NEW YORK BRANCH, in the agreement?",Lender,1,0,0
135,What is the role of COMPASS BANK in the agreement?,Lender,1,0,0
135,What is the role of REGIONS BANK in the agreement?,Lender,1,0,0
135,What is the role of SUNTRUST BANK in the agreement?,Lender,1,0,0
135,What is the role of THE BANK OF NOVA SCOTIA in the agreement?,Lender,1,0,0
135,"What is the role of BANK OF AMERICA, N.A., in the agreement?",Administrative Agent,1,0,0
135,What is the role of BARCLAYS BANK PLC in the agreement?,Lender,1,0,0
135,"What is the role of PLAINS ALL AMERICAN PIPELINE, L.P., in the agreement?",Borrower,1,0,0
135,"What is the role of PNC BANK, NATIONAL ASSOCIATION in the agreement?",Lender,1,0,0
135,What is the role of SOCI%C3%89T%C3%89 G%C3%89N%C3%89RALE in the agreement?,Lender,1,0,0
135,What is the role of SUMITOMO MITSUI BANKING CORPORATION in the agreement?,Lender,1,0,0
135,"What is the role of THE BANK OF TOKYO-MITSUBISHI UFJ, LTD. in the agreement?",Lender,1,0,0
135,What is the role of U.S. BANK NATIONAL ASSOCIATION in the agreement?,Lender,1,0,0
135,What is the role of ROYAL BANK OF CANADA in the agreement?,Lender,1,0,0
135,"What is the role of UBS AG, STAMFORD BRANCH in the agreement?",Lender,1,0,0
135,What is the role of DNB CAPITAL LLC in the agreement?,Lender,1,0,0
135,What is the role of BNP PARIBAS in the agreement?,Lender,1,0,0
135,What is the role of BRANCH BANKING AND TRUST COMPANY in the agreement?,Lender,1,0,0
135,What is the role of ING CAPITAL LLC in the agreement?,Lender,1,0,0
135,What is the role of DEUTSCHE BANK AG NEW YORK BRANCH in the agreement?,Lender,1,0,0
135,"What is the role of MORGAN STANLEY BANK, N.A. in the agreement?",Lender,1,0,0
135,"What is the role of PLAINS ALL AMERICAN PIPELINE, L.P. in the agreement?",Borrower,1,0,0
135,What company is the Administrative Agent in the agreement?,"BANK OF AMERICA, N.A.,",1,0,0
109,What is the position of Denis Yevstifeyey?,Director,1,0,0
109,What is the position of Douglas Polinksy?,Director,1,0,0
109,What is the position of J. Gregory Smith?,Director,1,0,0
109,What is the position of John Busshaus?,Chief Financial Officer,1,0,0
109,In what organization does Brian J. Sohocki work?,First Commonwealth Bank,1,0,0
109,In what organization does Christopher J. Spencer work?,"Liberated Syndication Inc., Webmayhem Inc, and pair Networks, Inc",1,0,0
109,In what organization does Denis Yevstifeyey work?,"Liberated Syndication Inc., Webmayhem Inc, and pair Networks, Inc",1,0,0
109,In what organization does Douglas Polinksy work?,"Liberated Syndication Inc., Webmayhem Inc, and pair Networks, Inc",1,0,0
109,In what organization does Gregory D. Cribbs work?,First Commonwealth Bank,1,0,0
109,In what organization does J. Gregory Smith work?,"Liberated Syndication Inc., Webmayhem Inc, and pair Networks, Inc",1,0,0
109,In what organization does John Busshaus work?,"Liberated Syndication Inc., Webmayhem Inc, and pair Networks, Inc",1,0,0
109,What is the location of Liberated Syndication Inc.?,"5001 Baum Blvd., Ste., 770Pittsburgh, PA 15213",1,0,0
109,"Which company is associated with 437 Grant StreetFrick Building, Suite 1600Pittsburgh, PA 15219?",First Commonwealth Bank,1,0,0
109,"Which company is associated with 5001 Baum Blvd., Ste., 770Pittsburgh, PA 15213?",Liberated Syndication Inc.,1,0,0
109,"Which company is associated with Babst, Calland, Clements and Zomnir, P.C.Two Gateway CenterPittsburgh, PA 15222?",First Commonwealth Bank,1,0,0
109,What is the role of Liberated Syndication Inc. in the agreement?,Borrowers,1,0,0
109,What is the role of First Commonwealth Bank in the agreement?,Bank,1,0,0
109,What company is the Borrowers in the agreement?,Liberated Syndication Inc.,1,0,0
109,What company is the Bank in the agreement?,First Commonwealth Bank,1,0,0
20,What is the position of Benjamin Mlot?,Director,1,0,0
20,In what organization does Benjamin Mlot work?,"BANK OF MONTREAL, CHICAGO BRANCH",1,0,0
20,"Who is the representative of BANK OF MONTREAL, CHICAGO BRANCH?",Benjamin Mlot,1,0,0
20,"What is the location of SELECTIVE INSURANCE GROUP, INC.?","40 Wantage Avenue, Branchville, New Jersey 07890",1,0,0
20,"Which company is associated with 40 Wantage Avenue, Branchville, New Jersey 07890?","SELECTIVE INSURANCE GROUP, INC.",1,0,0
20,What company is the Arranger in the agreement?,BMO Capital Markets Corp.,1,0,0
20,What company is the Lender in the agreement?,"BANK OF MONTREAL, CHICAGO BRANCH",1,0,0
20,What company is the Administrative Agent in the agreement?,"BANK OF MONTREAL, CHICAGO BRANCH",1,0,0
34,What is the position of Rejji P. Hayes?,"Vice President, Finance and Treasurer",1,0,0
34,"In what organization does Cameron M. Bready, work?","MICHIGAN ELECTRIC TRANSMISSION COMPANY, LLC",1,0,0
34,In what organization does Rejji P. Hayes work?,"MICHIGAN ELECTRIC TRANSMISSION COMPANY, LLC",1,0,0
34,In what organization does Wendy A. McIntyre work?,"MICHIGAN ELECTRIC TRANSMISSION COMPANY, LLC",1,0,0
34,What is the location of ITC Holdings Corp?,"27175 Energy WayNovi, MI  48377",1,0,0
34,"What is the location of Michigan Electric Transmission Company, LLC?","27175 Energy WayNovi, MI 48377",1,0,0
34,"Which company is associated with 200 West StreetNew York, New York  10282-2198?",Goldman Sachs Bank USA,1,0,0
34,"Which company is associated with 200 West StreetNew York, New York 10282-2198?",Goldman Sachs Bank USA,1,0,0
34,"Which company is associated with 27175 Energy WayNovi, MI  48377?",ITC Holdings Corp,1,0,0
34,"Which company is associated with 27175 Energy WayNovi, MI 48377?","Michigan Electric Transmission Company, LLC",1,0,0
34,"Which company is associated with 30 Hudson Street, 36th FloorJersey City, NJ 07302?",Goldman Sachs Bank USA,1,0,0
34,"Which company is associated with c%2Fo Goldman, Sachs %26 Co.30 Hudson Street, 36th FloorJersey City, NJ 07302?",Goldman Sachs Bank USA,1,0,0
34,"What is the role of Michigan Electric Transmission Company, LLC in the agreement?",Borrower,1,0,0
34,"What is the role of MICHIGAN ELECTRIC TRANSMISSION COMPANY, LLC in the agreement?",Borrower,1,0,0
34,What company is the Sole Manager in the agreement?,ITC Holdings Corp,1,0,0
34,What company is the Sole General Partner in the agreement?,ITC Holdings Corp,1,0,0
34,What company is the Sole Bookrunner in the agreement?,ITC Holdings Corp,1,0,0
34,What company is the Sole Arranger in the agreement?,ITC Holdings Corp,1,0,0
34,What company is the Lender in the agreement?,GOLDMAN SACHS BANK USA,1,0,0
34,What company is the Bookrunner in the agreement?,GOLDMAN SACHS BANK USA,1,0,0
34,What company is the Arranger in the agreement?,GOLDMAN SACHS BANK USA,1,0,0
18,What is the position of Craig V. Koshkarian?,Vice President,1,0,0
18,What is the position of Dennis Szczesuil?,Senior Vice President,1,0,0
18,What is the position of Elizabeth Dove?,Vice President,1,0,0
18,What is the position of Ghi Gavin?,Senior Vice President,1,0,0
18,What is the position of Katherine Davidson?,Director,1,0,0
18,What is the position of Kevin A. Stacker?,Senior Vice President,1,0,0
18,In what organization does Craig V. Koshkarian work?,"WELLS FARGO BANK, NATIONAL ASSOCIATION",1,0,0
18,In what organization does Dennis Szczesuil work?,"RAYMOND JAMES BANK, N.A.",1,0,0
18,In what organization does Elizabeth Dove work?,"WELLS FARGO BANK, NATIONAL ASSOCIATION",1,0,0
18,In what organization does Ghi Gavin work?,"RAYMOND JAMES BANK, N.A.",1,0,0
18,In what organization does Katherine Davidson work?,"MUFG UNION BANK, N.A",1,0,0
18,In what organization does Kevin A. Stacker work?,"RAYMOND JAMES BANK, N.A.",1,0,0
18,In what organization does Lainie Minnick work?,BLACK CREEK DIVERSIFIED PROPERTY OPERATING PARTNERSHIP LP,1,0,0
18,"Who is the representative of MUFG UNION BANK, N.A?",Katherine Davidson,1,0,0
18,Who is the representative of BLACK CREEK DIVERSIFIED PROPERTY OPERATING PARTNERSHIP LP?,Lainie Minnick,1,0,0
18,What is the location of Black Creek Diversified Property Operating Partnership LP?,"518 17th StreetSuite 1700Denver, CO 80202",1,0,0
18,"Which company is associated with 10 South Wacker DriveChicago, IL 60606?","WELLS FARGO BANK, NATIONAL ASSOCIATION",1,0,0
18,"Which company is associated with 518 17th StreetSuite 1700Denver, CO 80202?",Black Creek Diversified Property Operating Partnership LP,1,0,0
18,"Which company is associated with Minneapolis Loan CenterMAC N9300-091600 South 4th Street, 9th FloorMinneapolis, Minnesota 55415?","WELLS FARGO BANK, NATIONAL ASSOCIATION",1,0,0
18,What is the role of BLACK CREEK DIVERSIFIED PROPERTY OPERATING PARTNERSHIP LP in the agreement?,Borrower,1,0,0
18,"What is the role of MUFG UNION BANK, N.A in the agreement?",Lender,1,0,0
18,"What is the role of RAYMOND JAMES BANK, N.A. in the agreement?",Lender,1,0,0
18,What company is the Syndication Agent in the agreement?,REGIONS BANK,1,0,0
18,What company is the Documentation Agent in the agreement?,"CAPITAL ONE, NATIONAL ASSOCIATION",1,0,0
18,What company is the Borrower in the agreement?,BLACK CREEK DIVERSIFIED PROPERTY OPERATING PARTNERSHIP LP,1,0,0
18,What company is the Administrative Agent in the agreement?,"WELLS FARGO BANK, NATIONAL ASSOCIATION",1,0,0
30,What is the location of Edgetech Holding Co?,Ohio,1,0,0
30,"What is the location of Mikron Industries, Inc?",Washington,1,0,0
30,What is the location of Mikron Washington LLC?,Washington,1,0,0
30,What is the location of Nichols Aluminum-Alabama LLC?,Delaware,1,0,0
30,What is the location of Nichols Aluminum LLC?,Delaware,1,0,0
30,What is the location of Quanex Building Products Corporation?,"1900 West Loop South, Suite 1500Houston, Texas 77027",1,0,0
30,What is the location of Quanex Homeshield LLC?,Delaware,1,0,0
30,"What is the location of Quanex IG Systems, Inc?",Ohio,1,0,0
30,What is the location of Quanex Screens LLC?,Delaware,1,0,0
30,"What is the location of Quanex Services, Inc?",Delaware,1,0,0
30,"What is the location of Truseal Technologies, Inc?",Delaware,1,0,0
30,"Which company is associated with 1000 Louisiana, 3rd FloorHouston, Texas 77002?","Wells Fargo Bank, National Association",1,0,0
30,"Which company is associated with 1900 West Loop South, Suite 1500Houston, Texas 77027?",Quanex Building Products Corporation,1,0,0
30,"Which company is associated with MAC D1109-0191525 West W. T. Harris Blvd.Charlotte, NC 28262?","Wells Fargo Bank, National Association",1,0,0
30,"What is the role of BANK OF AMERICA, N.A in the agreement?",LENDERS,1,0,0
30,What is the role of EDGETECH HOLDING CO in the agreement?,GUARANTORS,1,0,0
30,"What is the role of MIKRON INDUSTRIES, INC. in the agreement?",GUARANTORS,1,0,0
30,What is the role of MIKRON WASHINGTON LLC in the agreement?,GUARANTORS,1,0,0
30,What is the role of NICHOLS ALUMINUM-ALABAMA LLC in the agreement?,GUARANTORS,1,0,0
30,What is the role of NICHOLS ALUMINUM LLC in the agreement?,GUARANTORS,1,0,0
30,What is the role of QUANEX BUILDING PRODUCTS CORPORATION in the agreement?,BORROWER,1,0,0
30,What is the role of QUANEX HOMESHIELD LLC in the agreement?,GUARANTORS,1,0,0
30,"What is the role of QUANEX IG SYSTEMS, INC. in the agreement?",GUARANTORS,1,0,0
30,What is the role of QUANEX SCREENS LLC in the agreement?,GUARANTORS,1,0,0
30,"What is the role of QUANEX SERVICES, INC. in the agreement?",GUARANTORS,1,0,0
30,"What is the role of TRUSEAL TECHNOLOGIES, Inc. in the agreement?",GUARANTORS,1,0,0
30,What is the role of Edgetech Holding Co in the agreement?,SUBSIDIARIES,1,0,0
30,"What is the role of Mikron Industries, Inc in the agreement?",SUBSIDIARIES,1,0,0
30,What is the role of Mikron Washington LLC in the agreement?,SUBSIDIARIES,1,0,0
30,What is the role of Nichols Aluminum-Alabama LLC in the agreement?,SUBSIDIARIES,1,0,0
30,What is the role of Nichols Aluminum LLC in the agreement?,SUBSIDIARIES,1,0,0
30,What is the role of Quanex Homeshield LLC in the agreement?,SUBSIDIARIES,1,0,0
30,"What is the role of Quanex IG Systems, Inc in the agreement?",SUBSIDIARIES,1,0,0
30,What is the role of Quanex Screens LLC in the agreement?,SUBSIDIARIES,1,0,0
30,"What is the role of Quanex Services, Inc in the agreement?",SUBSIDIARIES,1,0,0
30,"What is the role of Truseal Technologies, Inc in the agreement?",SUBSIDIARIES,1,0,0
30,What company is the Borrower in the agreement?,QUANEX BUILDING PRODUCTS CORPORATION,1,0,0
30,What company is the Lender in the agreement?,"WELLS FARGO BANK, NATIONAL ASSOCIATION",1,0,0
30,What company is the Arranger in the agreement?,"WELLS FARGO SECURITIES, LLC",1,0,0
24,What is the position of Chad McMasters?,Senior Vice President,1,0,0
24,What is the position of Courtney Jones?,Vice President,1,0,0
24,What is the position of D. Bryan Gregory?,Director,1,0,0
24,What is the position of J. Craig Lee?,Partner,1,0,0
24,What is the position of J. Lee Hord?,Senior Vice President,1,0,0
24,What is the position of Jaime Gitler?,Vice President,1,0,0
24,What is the position of Jessica Trombly?,Vice President,1,0,0
24,What is the position of Paul E. Burgan?,Vice President,1,0,0
24,What is the position of William G. Karl?,Executive Officer,1,0,0
24,In what organization does Chad McMasters work?,PNC BANK NATIONAL ASSOCIATION,1,0,0
24,In what organization does Courtney Jones work?,"JPMORGAN CHASE BANK, N.A.",1,0,0
24,In what organization does D. Bryan Gregory work?,WELLS FARGO BANK NATIONALASSOCIATION,1,0,0
24,In what organization does J. Craig Lee work?,King %26 Spalding LLP,1,0,0
24,In what organization does J. Lee Hord work?,PNC BANK NATIONAL ASSOCIATION,1,0,0
24,In what organization does Jaime Gitler work?,"JPMORGAN CHASE BANK, N.A.",1,0,0
24,In what organization does James A. Fleming work?,"COLUMBIA PROPERTY TRUSTOPERATING PARTNERSHIP, L.P.",1,0,0
24,In what organization does Jessica Trombly work?,"JPMORGAN CHASE BANK, N.A.",1,0,0
24,In what organization does Paul E. Burgan work?,"JPMORGAN CHASE BANK, N.A.",1,0,0
24,In what organization does Sangeeta Mahadevan work?,"JPMorgan Chase Bank, N.A.",1,0,0
24,In what organization does Stephen M. Miklus work?,"Morgan, Lewis %26 Bockius LLP",1,0,0
24,In what organization does William G. Karl work?,SUMITOMO MITSUI BANKING CORPORATION,1,0,0
24,Who is the representative of WELLS FARGO BANK NATIONALASSOCIATION?,D. Bryan Gregory,1,0,0
24,Who is the representative of King %26 Spalding LLP?,J. Craig Lee,1,0,0
24,"Who is the representative of COLUMBIA PROPERTY TRUSTOPERATING PARTNERSHIP, L.P.?",James A. Fleming,1,0,0
24,"Who is the representative of JPMorgan Chase Bank, N.A.?",Sangeeta Mahadevan,1,0,0
24,"Who is the representative of Morgan, Lewis %26 Bockius LLP?",Stephen M. Miklus,1,0,0
24,Who is the representative of SUMITOMO MITSUI BANKING CORPORATION?,William G. Karl,1,0,0
24,"What is the location of Columbia Property Trust Operating Partnership, L.P.?","One Glenlake Parkway, Suite 1200Atlanta Georgia 30328-7267",1,0,0
24,What is the location of King %26 Spalding LLP?,"1180 Peachtree Street, NEAtlanta, GA 30309",1,0,0
24,"What is the location of Morgan, Lewis %26 Bockius LLP?","One Federal StreetBoston, Massachusetts 02110-1726",1,0,0
24,"Which company is associated with 1180 Peachtree Street, NEAtlanta, GA 30309?",King %26 Spalding LLP,1,0,0
24,"Which company is associated with 383 Madison Avenue, 24th FloorNew York, New York 10179?","JPMorgan Chase Bank, N.A.",1,0,0
24,"Which company is associated with 500 Stanton Christiana Road, 3rd FloorNewark, DE 19713-2107?","JPMorgan Chase Bank, N.A.",1,0,0
24,"Which company is associated with One Federal StreetBoston, Massachusetts 02110-1726?","Morgan, Lewis %26 Bockius LLP",1,0,0
24,"Which company is associated with One Glenlake Parkway, Suite 1200Atlanta Georgia 30328-7267?","Columbia Property Trust Operating Partnership, L.P.",1,0,0
24,"What is the role of COLUMBIA PROPERTY TRUST OPERATING PARTNERSHIP, L.P. in the agreement?",Borrower,1,0,0
24,"What is the role of COLUMBIA PROPERTY TRUST OPERATING PARTNERSHIP, L.P. in the agreement?",BORROWER,1,0,0
24,"What is the role of TD BANK, N. A. in the agreement?",Lender,1,0,0
24,"What is the role of Columbia Property Trust Operating Partnership, L.P. in the agreement?",Borrower,1,0,0
24,What is the role of SUMITOMO MITSUI BANKING CORPORATION in the agreement?,Lender,1,0,0
24,What is the role of WELLS FARGO BANK NATIONALASSOCIATION in the agreement?,Lender,1,0,0
24,What is the role of King %26 Spalding LLP in the agreement?,Borrower,1,0,0
24,What is the role of PNC BANK NATIONAL ASSOCIATION in the agreement?,Lender,1,0,0
24,What company is the Sole Manager in the agreement?,"COLUMBIA PROPERTY TRUSTOPERATING PARTNERSHIP, L.P.",1,0,0
24,What company is the Sole General Partner in the agreement?,"COLUMBIA PROPERTY TRUSTOPERATING PARTNERSHIP, L.P.",1,0,0
24,What company is the Sole Bookrunner in the agreement?,"COLUMBIA PROPERTY TRUSTOPERATING PARTNERSHIP, L.P.",1,0,0
24,What company is the Sole Arranger in the agreement?,"COLUMBIA PROPERTY TRUSTOPERATING PARTNERSHIP, L.P.",1,0,0
24,What company is the Bookrunner in the agreement?,"JPMORGAN CHASE BANK, N.A.",1,0,0
24,What company is the Lead Arranger in the agreement?,"JPMORGAN CHASE BANK, N.A.",1,0,0
131,What is the position of John Bumgarner?,Authorized Signatory,1,0,0
131,What is the position of Marisa J. Beeney?,Authorized Signatory,1,0,0
131,What is the position of Matthieu Milgrom?,Authorized Signatory,1,0,0
131,"What is the position of Ralph J. Creasia, Jr.?",Senior Vice President,1,0,0
131,In what organization does John Bumgarner work?,BLACKSTONE PRIVATE CREDIT FUND,1,0,0
131,In what organization does Marisa J. Beeney work?,BLACKSTONE PRIVATE CREDIT FUND,1,0,0
131,In what organization does Matthieu Milgrom work?,BLACKSTONE PRIVATE CREDIT FUND,1,0,0
131,"In what organization does Ralph J. Creasia, Jr. work?",U.S. BANK NATIONAL ASSOCIATION,1,0,0
131,Who is the representative of U.S. BANK NATIONAL ASSOCIATION?,"Ralph J. Creasia, Jr.",1,0,0
131,What is the location of BCRED Maroon Peak Funding LLC?,"345 Park Avenue, 31st FloorNew York, New York 10154",1,0,0
131,What is the location of Blackstone Private Credit Fund?,"345 Park Avenue, 31st FloorNew York, New York 10154",1,0,0
131,What is the location of Morgan Stanley %26 Co. LLC?,"1585 BroadwayNew York, New York 10036",1,0,0
131,"What is the location of Morgan Stanley Senior Funding, Inc.?","1585 BroadwayNew York, New York 10036",1,0,0
131,What is the location of U.S. Bank National Association?,"One Federal Street, Third FloorBoston, Massachusetts 02110",1,0,0
131,"Which company is associated with 1300 Thames StreetThames Street WharfBaltimore, Maryland 21231?","Morgan Stanley Bank, N.A.",1,0,0
131,"Which company is associated with 201 South Main StreetSalt Lake City, Utah 84111-2215?","Morgan Stanley Bank, N.A.",1,0,0
131,"Which company is associated with One Federal Street, Third FloorBoston, Massachusetts 02110?",U.S. Bank National Association,1,0,0
131,What is the role of BCRED MAROON PEAK FUNDING LLC in the agreement?,Borrower,1,0,0
131,"What is the role of MORGAN STANLEY BANK, N.A. in the agreement?",Lender,1,0,0
131,What is the role of U.S. BANK NATIONAL ASSOCIATION in the agreement?,Collateral Agent,1,0,0
131,What company is the Borrower in the agreement?,BCRED MAROON PEAK FUNDING LLC,1,0,0
131,What company is the Lender in the agreement?,"MORGAN STANLEY BANK, N.A.",1,0,0
131,What company is the Agent in the agreement?,"MORGAN STANLEY SENIOR FUNDING, INC",1,0,0
131,What company is the Collateral Agent in the agreement?,U.S. BANK NATIONAL ASSOCIATION,1,0,0
125,What is the position of David R. Barney?,Senior Vice President,1,0,0
125,What is the position of Eric J. Cosgrove?,Senior Vice President,1,0,0
125,In what organization does David R. Barney work?,"BANK OF AMERICA, N.A.",1,0,0
125,In what organization does Eric J. Cosgrove work?,"BANK OF AMERICA, N.A.",1,0,0
125,In what organization does Joe Horrigan work?,U.S. Bank National Association,1,0,0
125,In what organization does Joseph D. Tarry work?,Public Service Company of New Mexico,1,0,0
125,Who is the representative of U.S. Bank National Association?,Joe Horrigan,1,0,0
125,Who is the representative of Public Service Company of New Mexico?,Joseph D. Tarry,1,0,0
125,What is the location of PUBLIC SERVICE COMPANY OF NEW MEXICO?,New Mexico,1,0,0
125,What is the location of US Bank Agency Services?,"1420 5th Avenue, 9th FloorSeattle, WA 98101",1,0,0
125,What is the location of Public Service Company of New Mexico?,"414 Silver Ave. SW, MS0905Albuquerque, New Mexico 87102-3289",1,0,0
125,What is the location of U.S. Bank National Association?,"US Bank Utilities Division461 Fifth Avenue, 8th FloorNew York, NY 10017",1,0,0
125,"Which company is associated with 1420 5th Avenue, 9th FloorSeattle, WA 98101?",US Bank Agency Services,1,0,0
125,"Which company is associated with 414 Silver Ave. SW, MS0905Albuquerque, New Mexico 87102-3289?",Public Service Company of New Mexico,1,0,0
125,Which company is associated with New Mexico?,PUBLIC SERVICE COMPANY OF NEW MEXICO,1,0,0
125,"Which company is associated with US Bank Utilities Division461 Fifth Avenue, 8th FloorNew York, NY 10017?",U.S. Bank National Association,1,0,0
125,What is the role of PUBLIC SERVICE COMPANY OF NEW MEXICO in the agreement?,BORROWER,1,0,0
125,"What is the role of BANK OF AMERICA, N.A. in the agreement?",Lender,1,0,0
125,What company is the Book Manager in the agreement?,U.S. BANK NATIONAL ASSOCIATION,1,0,0
125,What company is the Agent in the agreement?,U.S. BANK NATIONAL ASSOCIATION,1,0,0
125,What company is the Arranger in the agreement?,U.S. BANK NATIONAL ASSOCIATION,1,0,0
125,What company is the Borrower in the agreement?,PUBLIC SERVICE COMPANY OF NEW MEXICO,1,0,0
119,What is the position of Delanson D. Crist?,Senior Manager,1,0,0
119,In what organization does Delanson D. Crist work?,INTERNATIONAL FINANCE CORPORATION,1,0,0
119,In what organization does W. Russell Scheirman work?,"VAALCO GABON %28ETAME%29, INC",1,0,0
119,Who is the representative of INTERNATIONAL FINANCE CORPORATION?,Delanson D. Crist,1,0,0
119,"Who is the representative of VAALCO GABON %28ETAME%29, INC?",W. Russell Scheirman,1,0,0
119,What is the location of International Finance Corporation?,"2121 Pennsylvania Avenue, N.W.Washington, D.C. 20433United States of America",1,0,0
119,"What is the location of VAALCO Gabon %28Etame%29, Inc.?","4600 Post Oak PlaceSuite 309Houston, TX 77027",1,0,0
119,"Which company is associated with 2121 Pennsylvania Avenue, N.W.Washington, D.C. 20433United States of America?",International Finance Corporation,1,0,0
119,"Which company is associated with 4600 Post Oak PlaceSuite 309Houston, TX 77027?","VAALCO Gabon %28Etame%29, Inc.",1,0,0
119,"What is the role of VAALCO GABON %28ETAME%29, INC in the agreement?",Borrower,1,0,0
119,What company is the Borrower in the agreement?,"VAALCO GABON %28ETAME%29, INC",1,0,0
118,What is the position of Brendan Korb?,Vice President,1,0,0
118,What is the position of Carl A. Mayer III?,Managing Director,1,0,0
118,What is the position of Charles D. Johnston?,Authorized Signatory,1,0,0
118,What is the position of Christopher Day?,Authorized Signatory,1,0,0
118,What is the position of Daniel J. Miller?,Vice President,1,0,0
118,What is the position of Daniel R. Van Aken?,Director,1,0,0
118,What is the position of Hal Nelson?,Vice President,1,0,0
118,What is the position of J. Haynes Gentry III?,Director,1,0,0
118,What is the position of Joan Spiotto?,Vice President,1,0,0
118,What is the position of John H. Phillips?,Executive Vice President,1,0,0
118,What is the position of Kelly Chin?,Authorized Signatory,1,0,0
118,What is the position of Peter Duncan?,Managing Director,1,0,0
118,What is the position of Peter Glawe?,Executive Director,1,0,0
118,What is the position of Roger Lumley?,Senior Vice President,1,0,0
118,What is the position of Ronnie Glenn?,Vice President,1,0,0
118,What is the position of Samuel Miller?,Authorized Signatory,1,0,0
118,In what organization does Brendan Korb work?,BMO Harris Financing Inc.,1,0,0
118,In what organization does Carl A. Mayer III work?,COOPERATIEVE CENTRALERAIFFEISEN-BOERENLEENBANK,1,0,0
118,In what organization does Charles D. Johnston work?,GOLDMAN SACHS BANK USA,1,0,0
118,In what organization does Christopher Day work?,GOLDMAN SACHS BANK USA,1,0,0
118,In what organization does Daniel J. Miller work?,BMO Harris Financing Inc.,1,0,0
118,In what organization does Daniel R. Van Aken work?,SUNTRUST BANK,1,0,0
118,In what organization does Diedre J. Gray work?,"POST HOLDINGS, INC.",1,0,0
118,In what organization does Hal Nelson work?,BMO Harris Financing Inc.,1,0,0
118,In what organization does J. Haynes Gentry III work?,SUNTRUST BANK,1,0,0
118,In what organization does Joan Spiotto work?,BMO Harris Financing Inc.,1,0,0
118,In what organization does John H. Phillips work?,Stifel Bank %26 Trust,1,0,0
118,In what organization does Kelly Chin work?,GOLDMAN SACHS BANK USA,1,0,0
118,In what organization does Peter Duncan work?,COOPERATIEVE CENTRALERAIFFEISEN-BOERENLEENBANK,1,0,0
118,In what organization does Peter Glawe work?,COOPERATIEVE CENTRALERAIFFEISEN-BOERENLEENBANK,1,0,0
118,In what organization does Roger Lumley work?,BANK OF THE WEST,1,0,0
118,In what organization does Ronnie Glenn work?,BMO Harris Financing Inc.,1,0,0
118,In what organization does Samuel Miller work?,GOLDMAN SACHS BANK USA,1,0,0
118,In what organization does Tom W. Zook work?,"Lewis, Rice %26 Fingersh, L.C",1,0,0
118,"Who is the representative of POST HOLDINGS, INC.?",Diedre J. Gray,1,0,0
118,Who is the representative of Stifel Bank %26 Trust?,John H. Phillips,1,0,0
118,Who is the representative of BANK OF THE WEST?,Roger Lumley,1,0,0
118,"Who is the representative of Lewis, Rice %26 Fingersh, L.C?",Tom W. Zook,1,0,0
118,What is the location of CREDIT SUISSE AG?,CAYMAN ISLANDS,1,0,0
118,What is the location of Latham %26 Watkins LLP?,"885 Third AvenueNew York, NY 10022",1,0,0
118,"What is the location of Post Holdings, Inc.?","2503 S. Hanley RoadSt. Louis, MO 63144",1,0,0
118,"What is the location of Wells Fargo Bank, National Association?","1525 West W.T. Harris BoulevardCharlotte, NC 28262",1,0,0
118,What is the location of Wells Fargo Corporate Banking?,"10 S. Wacker Drive 22nd FloorChicago, IL 60606",1,0,0
118,"What is the location of Lewis, Rice %26 Fingersh, L.C?","600 Washington Avenue, Suite 2500St. Louis, MO 63101",1,0,0
118,"Which company is associated with 10 S. Wacker Drive 22nd FloorChicago, IL 60606?",Wells Fargo Corporate Banking,1,0,0
118,"Which company is associated with 1525 West W.T. Harris BoulevardCharlotte, NC 28262?","Wells Fargo Bank, National Association",1,0,0
118,"Which company is associated with 2503 S. Hanley RoadSt. Louis, MO 63144?","Post Holdings, Inc.",1,0,0
118,"Which company is associated with 600 Washington Avenue, Suite 2500St. Louis, MO 63101?","Lewis, Rice %26 Fingersh, L.C",1,0,0
118,"Which company is associated with 885 Third AvenueNew York, NY 10022?",Latham %26 Watkins LLP,1,0,0
118,Which company is associated with CAYMAN ISLANDS?,CREDIT SUISSE AG,1,0,0
118,What type of location is CAYMAN ISLANDS?,BRANCH,1,0,0
118,"What is the role of POST HOLDINGS, INC. in the agreement?",BORROWER,1,0,0
118,What company is the L%2Fc Issuer in the agreement?,"WELLS FARGO BANK, NATIONAL ASSOCIATION",1,0,0
118,What company is the Lender in the agreement?,"WELLS FARGO BANK, NATIONAL ASSOCIATION",1,0,0
118,What company is the Borrower in the agreement?,"POST HOLDINGS, INC.",1,0,0
124,What is the position of Christine Keating?,Senior Vice President,1,0,0
124,What is the position of Randall R. Phillips?,Vice President,1,0,0
124,What is the position of Richard Ferrari?,Senior Vice President,1,0,0
124,What is the position of Craig Welch?,Senior Vice President,1,0,0
124,What is the position of Michael K. Makaitis?,Vice President,1,0,0
124,What is the position of Michael McMahon?,Senior Vice President,1,0,0
124,What is the position of Peter M. Killea?,Executive Director,1,0,0
124,What is the position of Thomas C. Strasenburgh?,Senior Vice President,1,0,0
124,What is the position of Trevor Williams?,Banking Officer,1,0,0
124,In what organization does Christine Keating work?,CITIBANK N.A.,1,0,0
124,In what organization does Randall R. Phillips work?,"FIRST NIAGARA BANK, N.A.,",1,0,0
124,In what organization does Richard Ferrari work?,"WELLS FARGO BANK, N.A.",1,0,0
124,In what organization does Catherine D%C2%92Amico work?,"MONRO MUFFLER BRAKE, INC",1,0,0
124,In what organization does Craig Welch work?,CITIBANK N.A.,1,0,0
124,In what organization does Michael K. Makaitis work?,"FIRST NIAGARA BANK, N.A.,",1,0,0
124,In what organization does Michael McMahon work?,CITIBANK N.A.,1,0,0
124,In what organization does Peter M. Killea work?,"JPMORGAN CHASE BANK, N.A",1,0,0
124,In what organization does Thomas C. Strasenburgh work?,CITIBANK N.A.,1,0,0
124,In what organization does Trevor Williams work?,BRANCH BANKING %26 TRUST COMPANY,1,0,0
124,"Who is the representative of WELLS FARGO BANK, N.A.?",Richard Ferrari,1,0,0
124,"Who is the representative of MONRO MUFFLER BRAKE, INC?",Catherine D%C2%92Amico,1,0,0
124,"Who is the representative of JPMORGAN CHASE BANK, N.A?",Peter M. Killea,1,0,0
124,Who is the representative of BRANCH BANKING %26 TRUST COMPANY?,Trevor Williams,1,0,0
124,What is the role of BRANCH BANKING in the agreement?,Documentation Agents,1,0,0
124,"What is the role of CITIZENS BANK, N.A in the agreement?",Lender,1,0,0
124,"What is the role of MERRILL LYNCH, PIERCE, FENNER %26 SMITH, INC in the agreement?",Bookrunners,1,0,0
124,What is the role of TRUST COMPANY in the agreement?,Documentation Agents,1,0,0
124,What is the role of WELLS FARGO BANK in the agreement?,Documentation Agents,1,0,0
124,What is the role of BRANCH BANKING %26 TRUST COMPANY in the agreement?,Lender,1,0,0
124,"What is the role of MONRO MUFFLER BRAKE, INC in the agreement?",Borrower,1,0,0
124,"What is the role of WELLS FARGO BANK, N.A. in the agreement?",Lender,1,0,0
124,"What is the role of FIRST NIAGARA BANK, N.A., in the agreement?",Lender,1,0,0
124,What is the role of CITIBANK N.A. in the agreement?,Lender,1,0,0
124,What company is the Administrative Agent in the agreement?,"CITIZENS BANK, N.A.",1,0,0
124,What company is the Borrower in the agreement?,"MONRO MUFFLER BRAKE, INC",1,0,0
130,What is the position of Aaron Wade?,Director,1,0,0
130,What is the position of Cory Miller?,Senior Vice President,1,0,0
130,What is the position of J. Carlos Navarrete?,Director,1,0,0
130,What is the position of Jacob McGee?,Director,1,0,0
130,What is the position of John Flores?,Authorized Signatory,1,0,0
130,What is the position of Kevin Couch?,SVP%2FCommercial Credit Officer,1,0,0
130,What is the position of Mark Holm?,Managing Director,1,0,0
130,What is the position of Michael L. Monninger?,Senior Vice President,1,0,0
130,What is the position of Mike Ross?,Managing Director,1,0,0
130,What is the position of Nancy G. Moragas?,SVP,1,0,0
130,What is the position of Stephanie Balette?,Authorized Officer,1,0,0
130,What is the position of Yvonne Brazier?,"Manager, Agency Services",1,0,0
130,In what organization does Aaron Wade work?,BANCORPSOUTH BANK,1,0,0
130,In what organization does Cory Miller work?,"UMB BANK, N.A.",1,0,0
130,In what organization does J. Carlos Navarrete work?,BANCORPSOUTH BANK,1,0,0
130,In what organization does Jacob McGee work?,BANCORPSOUTH BANK,1,0,0
130,In what organization does John Flores work?,ROYAL BANK OF CANADA,1,0,0
130,In what organization does Kevin Couch work?,"BANK OF AMERICA, N.A",1,0,0
130,In what organization does Mark Holm work?,"FIFTH THIRD BANK, NATIONAL ASSOCIATION",1,0,0
130,In what organization does Michael L. Monninger work?,"UMB BANK, N.A.",1,0,0
130,In what organization does Mike Ross work?,"FIFTH THIRD BANK, NATIONAL ASSOCIATION",1,0,0
130,In what organization does Mindy K. West work?,"MURPHY OIL USA, INC.",1,0,0
130,In what organization does Nancy G. Moragas work?,HANCOCK WHITNEY BANK,1,0,0
130,In what organization does Stephanie Balette work?,"JPMORGAN CHASE BANK, N.A",1,0,0
130,In what organization does Yvonne Brazier work?,ROYAL BANK OF CANADA,1,0,0
130,"Who is the representative of BANK OF AMERICA, N.A?",Kevin Couch,1,0,0
130,"Who is the representative of MURPHY OIL USA, INC.?",Mindy K. West,1,0,0
130,Who is the representative of HANCOCK WHITNEY BANK?,Nancy G. Moragas,1,0,0
130,"Who is the representative of JPMORGAN CHASE BANK, N.A?",Stephanie Balette,1,0,0
130,"What is the location of 591 Beverage, Inc.?",Nebraska,1,0,0
130,"What is the location of 864 Beverage, Inc.?",Texas,1,0,0
130,"What is the location of 864 Holdings, Inc.?",Delaware,1,0,0
130,What is the location of El Dorado Properties LLC?,Arkansas,1,0,0
130,"What is the location of Hankinson Holding, LLC?",Delaware,1,0,0
130,"What is the location of JPMorgan Chase Bank, N.A.?","2200 Ross Avenue, 9th FloorDallas, TX 75201",1,0,0
130,What is the location of Murphy Oil TradingCompany%28Eastern%29?,Delaware,1,0,0
130,"What is the location of Murphy Oil USA, Inc.?",Delaware,1,0,0
130,What is the location of Murphy USA?,"200 Peach Street, El Dorado, Arkansas 71730",1,0,0
130,"What is the location of Murphy USA NJ, Inc.?",New Jersey,1,0,0
130,"What is the location of QuickChek Realty, L.L.C.?",New Jersey,1,0,0
130,What is the location of QuickChek Realty Urban Renewal LLC?,New Jersey,1,0,0
130,What is the location of Quick Chek Corporation?,New Jersey,1,0,0
130,What is the location of Spur Oil Corporation?,Delaware,1,0,0
130,What is the location of Superior Crude Trading Company?,Delaware,1,0,0
130,What is the location of The Griffin LLC Arkansas?,Arkansas,1,0,0
130,"Which company is associated with 200 Peach Street, El Dorado, Arkansas 71730?",Murphy USA,1,0,0
130,"Which company is associated with 2200 Ross Avenue, 9th FloorDallas, TX 75201?","JPMorgan Chase Bank, N.A.",1,0,0
130,Which company is associated with Nebraska?,"591 Beverage, Inc.",1,0,0
130,Which company is associated with Texas?,"864 Beverage, Inc.",1,0,0
130,"What is the role of MURPHY USA, INC. in the agreement?",Borrower,1,0,0
130,What is the role of REGIONS BANK in the agreement?,LENDER,1,0,0
130,What is the role of TRUIST BANK in the agreement?,LENDER,1,0,0
130,"What is the role of WELLS FARGO BANK, NATIONAL ASSOCIATION in the agreement?",LENDER,1,0,0
130,"What is the role of 591 Beverage, Inc. in the agreement?",Subsidiary,1,0,0
130,"What is the role of 864 Beverage, Inc. in the agreement?",Subsidiary,1,0,0
130,"What is the role of 864 Holdings, Inc. in the agreement?",Subsidiary,1,0,0
130,What is the role of El Dorado Properties LLC in the agreement?,Subsidiary,1,0,0
130,What is the role of HANCOCK WHITNEY BANK in the agreement?,LENDER,1,0,0
130,"What is the role of Hankinson Holding, LLC in the agreement?",Subsidiary,1,0,0
130,"What is the role of MURPHY OIL USA, INC. in the agreement?",Borrower,1,0,0
130,What is the role of Murphy Oil TradingCompany%28Eastern%29 in the agreement?,Subsidiary,1,0,0
130,"What is the role of Murphy Oil USA, Inc. in the agreement?",Subsidiary,1,0,0
130,What is the role of Murphy USA in the agreement?,Guarantor,1,0,0
130,"What is the role of Murphy USA NJ, Inc. in the agreement?",Subsidiary,1,0,0
130,"What is the role of QuickChek Realty, L.L.C. in the agreement?",Subsidiary,1,0,0
130,What is the role of QuickChek Realty Urban Renewal LLC in the agreement?,Subsidiary,1,0,0
130,What is the role of Quick Chek Corporation in the agreement?,Subsidiary,1,0,0
130,What is the role of Spur Oil Corporation in the agreement?,Subsidiary,1,0,0
130,What is the role of Superior Crude Trading Company in the agreement?,Subsidiary,1,0,0
130,What is the role of The Griffin LLC Arkansas in the agreement?,Subsidiary,1,0,0
130,"What is the role of FIFTH THIRD BANK, NATIONAL ASSOCIATION in the agreement?",LENDER,1,0,0
130,"What is the role of UMB BANK, N.A. in the agreement?",LENDER,1,0,0
130,What is the role of BANCORPSOUTH BANK in the agreement?,LENDER,1,0,0
130,What company is the Collateral Agent in the agreement?,"JPMORGAN CHASE BANK, N.A.",1,0,0
130,What company is the Guarantor in the agreement?,Murphy USA,1,0,0
130,"What company is the Issuing Bank, in the agreement?",ROYAL BANK OF CANADA,1,0,0
25,What is the position of Emily Ergang Pappas?,Associate Counsel,1,0,0
25,What is the position of Michael Larsen?,President,1,0,0
25,What is the position of William P. McLoughlin?,SVP,1,0,0
25,In what organization does Emily Ergang Pappas work?,CORTLAND CAPITAL MARKET SERVICES %09LLC,1,0,0
25,In what organization does Michael Larsen work?,"HUNT CMT EQUITY, LLC",1,0,0
25,In what organization does William P. McLoughlin work?,"JEFFERIES LEVERAGED CREDIT PRODUCTS, LLC",1,0,0
25,Who is the representative of CORTLAND CAPITAL MARKET SERVICES %09LLC?,Emily Ergang Pappas,1,0,0
25,"Who is the representative of HUNT CMT EQUITY, LLC?",Michael Larsen,1,0,0
25,"Who is the representative of JEFFERIES LEVERAGED CREDIT PRODUCTS, LLC?",William P. McLoughlin,1,0,0
25,What is the role of FIVE OAKS ACQUISITION CORP. in the agreement?,Guarantor,1,0,0
25,"What is the role of FIVE OAKS ACQUISITION CORP. AND HUNT CMT EQUITY, LLC in the agreement?",Guarantors,1,0,0
25,What is the role of Five Oaks Acquisition Corp. in the agreement?,Guarantors,1,0,0
25,"What is the role of HUNT COMPANIES FINANCE TRUST, INC in the agreement?",Borrower,1,0,0
25,"What is the role of HUNT COMPANIES FINANCE TRUST, INC. in the agreement?",Borrower,1,0,0
25,"What is the role of Hunt CMT Equity, LLC in the agreement?",Guarantors,1,0,0
25,"What is the role of Hunt Companies Finance Trust, Inc. in the agreement?",Borrower,1,0,0
25,"What is the role of HUNT CMT EQUITY, LLC in the agreement?",Guarantor,1,0,0
25,What company is the Lenders in the agreement?,CORTLAND CAPITAL MARKET SERVICES LLC,1,0,0
25,What company is the Lender in the agreement?,"JEFFERIES LEVERAGED CREDIT PRODUCTS, LLC",1,0,0
31,What is the position of Anthea Del Bianco?,Vice President,1,0,0
31,What is the position of Dhiren Desai?,Vice President,1,0,0
31,What is the position of Eoin Roche?,Executive Director,1,0,0
31,What is the position of George Manchenko?,Director,1,0,0
31,What is the position of Johanna Minaya?,Associate Director,1,0,0
31,What is the position of Kurban H. Merchant?,Vice President,1,0,0
31,What is the position of Mark Timms?,"Vice President, Debt Finance",1,0,0
31,What is the position of Mark Walton?,Authorized Signatory,1,0,0
31,What is the position of Maureen Maroney?,Vice President,1,0,0
31,What is the position of Oscar D. Cortez?,Vice President,1,0,0
31,What is the position of Richard J. Poworoznek?,Executive Director,1,0,0
31,What is the position of Richard Laiderman?,Treasurer,1,0,0
31,What is the position of Robert Casey?,Authorized Signatory,1,0,0
31,What is the position of Robert K. Reddington?,Documentation Manager,1,0,0
31,What is the position of Scott W. Reynolds?,Director,1,0,0
31,In what organization does Anthea Del Bianco work?,"BANK OF AMERICA, N.A.",1,0,0
31,In what organization does Dhiren Desai work?,"BANK OF AMERICA, N.A.",1,0,0
31,In what organization does Eoin Roche work?,"CANADIAN IMPERIAL BANK OF COMMERCE, NEW YORK AGENCY",1,0,0
31,In what organization does George Manchenko work?,"HSBC BANK USA, NATIONAL ASSOCIATION",1,0,0
31,In what organization does Haiyong Yang work?,THE BANK OF CHINA,1,0,0
31,In what organization does Johanna Minaya work?,STANDARD CHARTERED BANK,1,0,0
31,In what organization does Kurban H. Merchant work?,"BANK OF AMERICA, N.A.",1,0,0
31,In what organization does Mark Timms work?,BARCLAYS BANK PLC,1,0,0
31,In what organization does Mark Walton work?,GOLDMAN SACHS BANK USA,1,0,0
31,In what organization does Maureen Maroney work?,"BANK OF AMERICA, N.A.",1,0,0
31,In what organization does Oscar D. Cortez work?,"BANK OF AMERICA, N.A.",1,0,0
31,In what organization does Richard J. Poworoznek work?,"CANADIAN IMPERIAL BANK OF COMMERCE, NEW YORK AGENCY",1,0,0
31,In what organization does Richard Laiderman work?,VISA U.S.A. INC.,1,0,0
31,In what organization does Robert Casey work?,GOLDMAN SACHS BANK USA,1,0,0
31,In what organization does Robert K. Reddington work?,STANDARD CHARTERED BANK,1,0,0
31,In what organization does Scott W. Reynolds work?,"HSBC BANK USA, NATIONAL ASSOCIATION",1,0,0
31,Who is the representative of THE BANK OF CHINA?,Haiyong Yang,1,0,0
31,Who is the representative of BARCLAYS BANK PLC?,Mark Timms,1,0,0
31,Who is the representative of VISA U.S.A. INC.?,Richard Laiderman,1,0,0
31,What is the location of Visa International Service Association?,"900 Metro Center Boulevard %09Treasury, Mailstop M1-6C %09Foster City, CA 94404",1,0,0
31,"What is the location of Bank of America, N.A?","101 N Tryon Street. %09Mail Code%3A NC1-001-05-46 %09Charlotte, North Carolina 28255-0001",1,0,0
31,What is the location of Visa Inc?,900 Metro Center Boulevard,1,0,0
31,What is the location of Visa Inc.?,"900 Metro Center Boulevard %09Treasury, Mailstop M1-6C %09Foster City, CA 94404",1,0,0
31,What is the location of Visa U.S.A. Inc?,"900 Metro Center Boulevard %09Treasury, Mailstop M1-6C %09Foster City, CA 94404",1,0,0
31,What is the location of Visa U.S.A. Inc.?,900 Metro Center Boulevard,1,0,0
31,"Which company is associated with 101 N Tryon Street %09Mail Code%3A NC1-001-05-46 %09Charlotte, North Carolina 28255-0001?","Bank of America, N.A.",1,0,0
31,"Which company is associated with 101 N Tryon Street. %09Mail Code%3A NC1-001-05-46 %09Charlotte, North Carolina 28255-0001?","Bank of America, N.A",1,0,0
31,"Which company is associated with 4th Floor Prestige Knowledge Park %09Near Marathalli Junction, Outer Ring Road %09Kadabeesanahalli, Vathur Hobli, Bangalore 560087?","JPMorgan Chase Bank, N.A.",1,0,0
31,Which company is associated with 900 Metro Center Boulevard?,Visa International Service Association,1,0,0
31,"Which company is associated with Tokyo Building, 2-7-3, Marunouchi %09Chiyoda-ku, Tokyo, 100-6432, Japan?","JPMorgan Chase Bank, N.A.",1,0,0
31,"Which company is associated with 1455 Market Street, 5th Floor %09Mail Code%3A CA5-701-05-19 %09San Francisco, California 94103?","Bank of America, N.A.",1,0,0
31,"Which company is associated with 26 Elmfield Road %09Bromley, BR1 1WA %09United Kingdom?","Bank of America, N.A.",1,0,0
31,"Which company is associated with 901 Main Street, 64th Floor %09Mail Code%3A TX1-492-64-01 %09Dallas, Texas 75202-3714?","Bank of America, N.A.",1,0,0
19,What is the position of Annie Carr?,Authorized Signatory,1,0,0
19,What is the position of John Flores?,Authorized Signatory,1,0,0
19,What is the position of Katherine Robinson?,Director,1,0,0
19,What is the position of Katie Cunningham?,Director,1,0,0
19,What is the position of Maureen S. Malphus?,Vice President,1,0,0
19,What is the position of Robert Graff?,Managing Director,1,0,0
19,What is the position of Robert P. Elbert?,Senior Vice President,1,0,0
19,What is the position of Rodica Dutka?,"Manager, Agency",1,0,0
19,What is the position of Timothy J. Devane?,Executive Director,1,0,0
19,In what organization does Annie Carr work?,ROYAL BANK OF CANADA,1,0,0
19,In what organization does John Flores work?,ROYAL BANK OF CANADA,1,0,0
19,In what organization does Katherine Robinson work?,"MUFG Bank, Ltd.",1,0,0
19,In what organization does Katie Cunningham work?,"MUFG Bank, Ltd.",1,0,0
19,In what organization does Maureen S. Malphus work?,"WELLS FARGO BANK, NATIONAL ASSOCIATION",1,0,0
19,In what organization does Robert Graff work?,"CO%C3%96PERATIEVE RABOBANK U.A., NEW YORK",1,0,0
19,In what organization does Robert P. Elbert work?,"UMB Bank, n.a.",1,0,0
19,In what organization does Rodica Dutka work?,ROYAL BANK OF CANADA,1,0,0
19,In what organization does Terry W. Handley work?,"CASEY%E2%80%99S GENERAL STORES, INC.",1,0,0
19,In what organization does Timothy J. Devane work?,"CO%C3%96PERATIEVE RABOBANK U.A., NEW YORK",1,0,0
19,"Who is the representative of WELLS FARGO BANK, NATIONAL ASSOCIATION?",Maureen S. Malphus,1,0,0
19,"Who is the representative of UMB Bank, n.a.?",Robert P. Elbert,1,0,0
19,"Who is the representative of CASEY%E2%80%99S GENERAL STORES, INC.?",Terry W. Handley,1,0,0
19,"What is the location of Casey%E2%80%99s General Stores, Inc?","One Convenience Blvd.Ankeny, IA 50021",1,0,0
19,What is the location of Husch Blackwell LLP?,"4801 Main Street, Suite 1000Kansas City, MO 64112",1,0,0
19,"Which company is associated with 200 Vesey StreetNew York, New York 10281?",Royal Bank of Canada,1,0,0
19,"Which company is associated with 4801 Main Street, Suite 1000Kansas City, MO 64112?",Husch Blackwell LLP,1,0,0
19,"Which company is associated with One Convenience Blvd.Ankeny, IA 50021?","Casey%E2%80%99s General Stores, Inc",1,0,0
19,"Which company is associated with RBC Agency Services Group20 King Street West, 4th FloorToronto, Ontario, Canada?",Royal Bank of Canada,1,0,0
19,"What is the role of BMO Harris Bank, N.A. in the agreement?",Lender,1,0,0
19,What is the role of Casey%E2%80%99s Marketing Company in the agreement?,Subsidiary,1,0,0
19,What is the role of Casey%E2%80%99s Retail Company in the agreement?,Subsidiary,1,0,0
19,What is the role of Casey%E2%80%99s Services Company in the agreement?,Subsidiary,1,0,0
19,What is the role of GOLDMAN SACHS BANK in the agreement?,Lender,1,0,0
19,"What is the role of CASEY%E2%80%99S GENERAL STORES, INC. in the agreement?",Borrower,1,0,0
19,"What is the role of UMB Bank, n.a. in the agreement?",Lender,1,0,0
19,"What is the role of WELLS FARGO BANK, NATIONAL ASSOCIATION in the agreement?",Lender,1,0,0
19,"What is the role of CO%C3%96PERATIEVE RABOBANK U.A., NEW YORK in the agreement?",Lender,1,0,0
19,"What is the role of MUFG Bank, Ltd. in the agreement?",Lender,1,0,0
19,What company is the Bookrunner in the agreement?,RBC CAPITAL MARKETS,1,0,0
19,What company is the Arranger in the agreement?,RBC CAPITAL MARKETS,1,0,0
19,What company is the Borrower in the agreement?,"CASEY%E2%80%99S GENERAL STORES, INC.",1,0,0
19,What company is the Issuing Bank in the agreement?,ROYAL BANK OF CANADA,1,0,0
19,What company is the Administrative Agent in the agreement?,ROYAL BANK OF CANADA,1,0,0
27,What is the position of Gary Levin?,Authorized Signatory,1,0,0
27,In what organization does Adam Moses work?,Milbank Tweed Hadley %26 McCloy LLP,1,0,0
27,In what organization does Gary Levin work?,"AF V Energy I Holdings, L.P.",1,0,0
27,In what organization does Michael A. Gerlich work?,GASTAR MIDCO HOLDINGS LLC,1,0,0
27,Who is the representative of Milbank Tweed Hadley %26 McCloy LLP?,Adam Moses,1,0,0
27,Who is the representative of GASTAR MIDCO HOLDINGS LLC?,Michael A. Gerlich,1,0,0
27,Who is the representative of Gastar Midco Holdings LLC?,Eric Waxman,1,0,0
27,What is the location of Gastar Midco Holdings LLC?,"Ares Management LLC, 2000 Avenue of the Stars, 12th Floor, Los Angeles, CA  90067",1,0,0
27,What is the location of Milbank Tweed Hadley %26 McCloy LLP?,"2029 Century Park East, 33rd Floor, Los Angeles, CA 90067",1,0,0
27,"What is the location of AF V Energy I Holdings, L.P.?","Ares Management LLC, 2000 Avenue of the Stars, 12th Floor, Los Angeles, CA  90067",1,0,0
27,"Which company is associated with 2029 Century Park East, 33rd Floor, Los Angeles, CA 90067?",Milbank Tweed Hadley %26 McCloy LLP,1,0,0
27,"What is the role of AF V ENERGY I HOLDINGS, L.P. in the agreement?",Lender,1,0,0
27,"What is the role of GASTAR MIDCO HOLDINGS LLC, in the agreement?",Borrower,1,0,0
27,What is the role of GASTAR MIDCO HOLDINGS LLC in the agreement?,BORROWER,1,0,0
27,What is the role of Gastar Midco Holdings LLC in the agreement?,Borrower,1,0,0
27,"What is the role of AF V Energy I Holdings, L.P. in the agreement?",Lender,1,0,0
33,What is the position of Christopher Day?,Authorized Signatory,1,0,0
33,What is the position of Jean-Marc Vauclair?,Authorized Signatory,1,0,0
33,In what organization does Christopher Day work?,CREDIT SUISSE AG,1,0,0
33,In what organization does Jean-Marc Vauclair work?,CREDIT SUISSE AG,1,0,0
33,In what organization does Shawn K. Poe work?,"PLY GEM INDUSTRIES, INC.,",1,0,0
33,"Who is the representative of PLY GEM INDUSTRIES, INC.,?",Shawn K. Poe,1,0,0
33,"What is the role of PLY GEM HOLDINGS, INC. in the agreement?",Parent,1,0,0
33,What is the role of UBS Securities LLC in the agreement?,Documentation Agent,1,0,0
33,"What is the role of PLY GEM INDUSTRIES, INC., in the agreement?",Borrower,1,0,0
33,What company is the Parent in the agreement?,"PLY GEM HOLDINGS, INC.",1,0,0
33,What company is the Arranger in the agreement?,"RBC CAPITAL MARKETS, LLC",1,0,0
33,What company is the Documentation Agent in the agreement?,UBS Securities LLC,1,0,0
33,What company is the Borrower in the agreement?,"PLY GEM INDUSTRIES, INC.,",1,0,0
126,What is the position of Andrew Sidford?,Managing Director,1,0,0
126,What is the position of Brendan Heneghan?,Director,1,0,0
126,What is the position of Brett Bonet?,Director,1,0,0
126,What is the position of Dan Beckwith?,Senior Vice President,1,0,0
126,What is the position of Dayi Liu?,Executive Director,1,0,0
126,What is the position of Derek Jensen?,Vice President,1,0,0
126,What is the position of Gordon Yip?,Director,1,0,0
126,What is the position of James Beck?,Associate Director,1,0,0
126,What is the position of Juliana Fong?,Senior Vice President,1,0,0
126,What is the position of Karim Remtoula?,Vice President,1,0,0
126,What is the position of Lillian Kim?,Director,1,0,0
126,What is the position of Michael Maguire?,Managing Director,1,0,0
126,What is the position of Michelle C. Phillips?,Managing Director,1,0,0
126,What is the position of Min Park?,Vice President,1,0,0
126,What is the position of Puneet Lakhotia?,Vice President,1,0,0
126,What is the position of Raymond Qiao?,Executive Vice President,1,0,0
126,"What is the position of Richard J. Ameny, Jr.?",Vice President,1,0,0
126,What is the position of Rita Walz-Cuccioli?,Executive Director,1,0,0
126,What is the position of Sergio A. Cadavid?,Treasurer,1,0,0
126,What is the position of Susan M. Olsen?,Vice President,1,0,0
126,What is the position of Tony Huang?,Director,1,0,0
126,What is the position of Tracy Rahn?,Executive Director,1,0,0
126,What is the position of Xavier Ruiz Sena?,Managing Director,1,0,0
126,In what organization does Andrew Sidford work?,"BANCO SANTANDER, S.A., NEW YORK BRANCH",1,0,0
126,In what organization does Brendan Heneghan work?,"HSBC BANK USA, NATIONAL ASSOCIATION",1,0,0
126,In what organization does Brett Bonet work?,"HSBC BANK USA, NATIONAL ASSOCIATION",1,0,0
126,In what organization does Dan Beckwith work?,DBS BANK LTD,1,0,0
126,In what organization does Dayi Liu work?,"INDUSTRIAL AND COMMERCIAL BANK OF CHINA LIMITED, NEW YORK BRANCH",1,0,0
126,In what organization does Derek Jensen work?,"WELLS FARGO BANK, NATIONAL ASSOCIATION",1,0,0
126,In what organization does Gordon Yip work?,"HSBC BANK USA, NATIONAL ASSOCIATION",1,0,0
126,In what organization does James Beck work?,STANDARD CHARTERED BANK,1,0,0
126,In what organization does Juliana Fong work?,DBS BANK LTD,1,0,0
126,In what organization does Karim Remtoula work?,"WELLS FARGO BANK, NATIONAL ASSOCIATION",1,0,0
126,In what organization does Lillian Kim work?,"HSBC BANK USA, NATIONAL ASSOCIATION",1,0,0
126,In what organization does Michael Maguire work?,"BANCO SANTANDER, S.A., NEW YORK BRANCH",1,0,0
126,In what organization does Michelle C. Phillips work?,"BANCO SANTANDER, S.A., NEW YORK BRANCH",1,0,0
126,In what organization does Min Park work?,"WELLS FARGO BANK, NATIONAL ASSOCIATION",1,0,0
126,In what organization does Puneet Lakhotia work?,"WELLS FARGO BANK, NATIONAL ASSOCIATION",1,0,0
126,In what organization does Raymond Qiao work?,"BANK OF CHINA, NEW YORK BRANCH",1,0,0
126,"In what organization does Richard J. Ameny, Jr. work?","WELLS FARGO BANK, NATIONAL ASSOCIATION",1,0,0
126,In what organization does Rita Walz-Cuccioli work?,"INDUSTRIAL AND COMMERCIAL BANK OF CHINA LIMITED, NEW YORK BRANCH",1,0,0
126,In what organization does Sergio A. Cadavid work?,JABIL INC.,1,0,0
126,In what organization does Susan M. Olsen work?,"WELLS FARGO BANK, NATIONAL ASSOCIATION",1,0,0
126,In what organization does Tony Huang work?,"HSBC BANK USA, NATIONAL ASSOCIATION",1,0,0
126,In what organization does Tracy Rahn work?,"INDUSTRIAL AND COMMERCIAL BANK OF CHINA LIMITED, NEW YORK BRANCH",1,0,0
126,In what organization does Xavier Ruiz Sena work?,"BANCO SANTANDER, S.A., NEW YORK BRANCH",1,0,0
126,Who is the representative of STANDARD CHARTERED BANK?,James Beck,1,0,0
126,"Who is the representative of BANK OF CHINA, NEW YORK BRANCH?",Raymond Qiao,1,0,0
126,Who is the representative of JABIL INC.?,Sergio A. Cadavid,1,0,0
126,"What is the location of BA Leasing BSC, LLC?","11333 McCormick RoadMailcode%3A MD5-032-07-05Hunt Valley, MD 21031",1,0,0
126,"What is the location of Citibank, N.A.?","1615 Brett Road, Building %233New Castle, Delaware 19720",1,0,0
126,"What is the location of JPMorgan Chase Bank, N.A.?","10 S. DearbornChicago, IL 60670",1,0,0
126,"What is the location of Jabil Circuit, Inc.?","10560 Ninth StreetSt. Petersburg, FL 33716",1,0,0
126,What is the location of Jabil Inc.?,"10560 Dr. Martin Luther King, Jr St. NorthSt. Petersburg, FL 33716",1,0,0
126,"Which company is associated with 10560 Dr. Martin Luther King, Jr St. NorthSt. Petersburg, FL 33716?",Jabil Inc.,1,0,0
126,"Which company is associated with 10560 Ninth StreetSt. Petersburg, FL 33716?","Jabil Circuit, Inc.",1,0,0
126,"Which company is associated with 10 S. DearbornChicago, IL 60670?","JPMorgan Chase Bank, N.A.",1,0,0
126,"Which company is associated with 11333 McCormick RoadMailcode%3A MD5-032-07-05Hunt Valley, MD 21031?","BA Leasing BSC, LLC",1,0,0
126,"Which company is associated with 1615 Brett Road, Building %233New Castle, Delaware 19720?","Citibank, N.A.",1,0,0
126,What is the role of CREDIT AGRICOLE CORPORATE AND INVESTMENT BANK in the agreement?,Lenders,1,0,0
126,"What is the role of PNC BANK, NATIONAL ASSOCIATION in the agreement?",Lenders,1,0,0
126,What is the role of THE BANK OF NOVA SCOTIA in the agreement?,Lenders,1,0,0
126,What is the role of U.S. BANK NATIONAL ASSOCIATION in the agreement?,Lenders,1,0,0
126,"What is the role of BANK OF CHINA, NEW YORK BRANCH in the agreement?",Lenders,1,0,0
126,"What is the role of Citibank, N.A. in the agreement?",Agent,1,0,0
126,What is the role of JABIL INC. in the agreement?,Borrower,1,0,0
126,What is the role of STANDARD CHARTERED BANK in the agreement?,Lenders,1,0,0
126,What is the role of DBS BANK LTD in the agreement?,Lenders,1,0,0
126,"What is the role of INDUSTRIAL AND COMMERCIAL BANK OF CHINA LIMITED, NEW YORK BRANCH in the agreement?",Lenders,1,0,0
126,"What is the role of BANCO SANTANDER, S.A., NEW YORK BRANCH in the agreement?",Lenders,1,0,0
126,"What is the role of HSBC BANK USA, NATIONAL ASSOCIATION in the agreement?",Lenders,1,0,0
126,"What is the role of WELLS FARGO BANK, NATIONAL ASSOCIATION in the agreement?",Lenders,1,0,0
126,What company is the Borrower in the agreement?,JABIL INC.,1,0,0
132,What is the position of Amy Prager?,Director,1,0,0
132,What is the position of Doreen Barr?,Authorized Signatory,1,0,0
132,What is the position of Jennifer M. Dunneback?,Vice President,1,0,0
132,What is the position of Ryan Durkin?,Authorized Signatory,1,0,0
132,What is the position of Amy Prager?,Director,1,0,0
132,What is the position of Andrew Griffin?,Authorized Signatory,1,0,0
132,What is the position of James Mastroianna?,Director,1,0,0
132,What is the position of Mark R. Cousineau?,Senior Vice President,1,0,0
132,In what organization does Amy Prager work?,BANK OF MONTREAL,1,0,0
132,In what organization does Doreen Barr work?,"CREDIT SUISSE AG, NEW YORK BRANCH",1,0,0
132,In what organization does Gary G. Zyla work?,"OBS HOLDINGS, INC.",1,0,0
132,In what organization does Jennifer M. Dunneback work?,"JPMORGAN CHASE BANK, N.A.",1,0,0
132,In what organization does Ryan Durkin work?,"CREDIT SUISSE AG, NEW YORK BRANCH",1,0,0
132,In what organization does Amy Prager work?,BANK OF MONTREAL,1,0,0
132,In what organization does Andrew Griffin work?,"CREDIT SUISSE AG, NEW YORK BRANCH",1,0,0
132,In what organization does Gary G. Zyla work?,"OBS FINANCIAL SERVICES, INC.",1,0,0
132,In what organization does James Mastroianna work?,BANK OF MONTREAL,1,0,0
132,In what organization does Mark R. Cousineau work?,U.S. BANK NATIONAL ASSOCIATION,1,0,0
132,"Who is the representative of OBS HOLDINGS, INC.?",Gary G. Zyla,1,0,0
132,"Who is the representative of JPMORGAN CHASE BANK, N.A.?",Jennifer M. Dunneback,1,0,0
132,"Who is the representative of OBS FINANCIAL SERVICES, INC.?",Gary G. Zyla,1,0,0
132,Who is the representative of U.S. BANK NATIONAL ASSOCIATION?,Mark R. Cousineau,1,0,0
132,"What is the location of ASSETMARK FINANCIAL HOLDINGS, INC.?","1655 Grant Street, 10th FloorConcord, CA 94520",1,0,0
132,What is the location of Bank of Montreal?,"115 South LaSalle StreetChicago, Illinois 60603",1,0,0
132,"Which company is associated with 115 South LaSalle StreetChicago, Illinois 60603?",Bank of Montreal,1,0,0
132,"Which company is associated with 1655 Grant Street, 10th FloorConcord, CA 94520?","ASSETMARK FINANCIAL HOLDINGS, INC.",1,0,0
132,"What is the role of ASSETMARK, INC. in the agreement?",Guarantors,1,0,0
132,"What is the role of ASSETMARK FINANCIAL, INC. in the agreement?",Guarantors,1,0,0
132,"What is the role of ASSETMARK RETIREMENT SERVICES, INC. in the agreement?",Guarantors,1,0,0
132,"What is the role of GLOBAL FINANCIAL ADVISORY, LLC in the agreement?",Guarantors,1,0,0
132,"What is the role of GLOBAL FINANCIAL PRIVATE CAPITAL, INC. in the agreement?",Guarantors,1,0,0
132,What is the role of GOLDMAN SACHS BANK USA in the agreement?,Lender,1,0,0
132,"What is the role of WBI OBS FINANCIAL, INC. in the agreement?",Guarantors,1,0,0
132,"What is the role of WELLS FARGO BANK, N.A. in the agreement?",Lender,1,0,0
132,"What is the role of ASSETMARK FINANCIAL HOLDINGS, INC. in the agreement?",Borrower,1,0,0
132,"What is the role of JPMORGAN CHASE BANK, N.A. in the agreement?",Lender,1,0,0
132,"What is the role of OBS FINANCIAL SERVICES, INC. in the agreement?",Guarantors,1,0,0
132,"What is the role of OBS HOLDINGS, INC. in the agreement?",Guarantors,1,0,0
132,What is the role of U.S. BANK NATIONAL ASSOCIATION in the agreement?,Lender,1,0,0
132,What is the role of BANK OF MONTREAL in the agreement?,Lender,1,0,0
132,"What is the role of CREDIT SUISSE AG, NEW YORK BRANCH in the agreement?",Lender,1,0,0
132,What company is the Borrower in the agreement?,"ASSETMARK FINANCIAL HOLDINGS, INC.",1,0,0
132,What company is the L%2Fc Issuer in the agreement?,Bank of Montreal,1,0,0
132,What company is the Agent in the agreement?,Bank of Montreal,1,0,0
133,What is the position of Marc Stolzman?,Chief Financial Officer,1,0,0
133,What is the position of Ronald J. Drobny?,Senior Vice President,1,0,0
133,What is the position of William Allen?,SVP,1,0,0
133,In what organization does Marc Stolzman work?,"ZULILY, INC.",1,0,0
133,In what organization does Ronald J. Drobny work?,"BANK OF AMERICA, N.A.",1,0,0
133,In what organization does William Allen work?,"CITIBANK, N.A.",1,0,0
133,"Who is the representative of ZULILY, INC.?",Marc Stolzman,1,0,0
133,"Who is the representative of BANK OF AMERICA, N.A.?",Ronald J. Drobny,1,0,0
133,"Who is the representative of CITIBANK, N.A.?",William Allen,1,0,0
133,What is the role of Delaware corporation in the agreement?,Borrower,1,0,0
133,What is the role of FENNER %26 SMITH in the agreement?,Syndication Agent,1,0,0
133,What is the role of MERRILL LYNCH in the agreement?,Syndication Agent,1,0,0
133,What is the role of PIERCE in the agreement?,Syndication Agent,1,0,0
133,"What is the role of ZULILY, INC in the agreement?",Borrower,1,0,0
133,"What is the role of BANK OF AMERICA, N.A. in the agreement?",Lender,1,0,0
133,"What is the role of ZULILY, INC. in the agreement?",Borrower,1,0,0
133,What company is the Rating Agency in the agreement?,Standard %26 Poor%C2%92s Financial Services LLC,1,0,0
133,What company is the L%2Fc Issuer in the agreement?,"CITIBANK, N.A.,",1,0,0
133,What company is the Administrative Agent in the agreement?,"CITIBANK, N.A.,",1,0,0
133,What company is the Collateral Agent in the agreement?,"CITIBANK, N.A.,",1,0,0
127,What is the position of Annie Carr?,Authorized Signatory,1,0,0
127,What is the position of Annie Chung?,Director,1,0,0
127,What is the position of Darren Merten?,Director,1,0,0
127,What is the position of Eugene Yermash?,Vice President,1,0,0
127,What is the position of Heather E. Hoopingarner?,Authorized Signer,1,0,0
127,What is the position of Julie Lilienfeld?,Authorized Signatory,1,0,0
127,What is the position of Ming K. Chu?,Director,1,0,0
127,What is the position of Raymond Qiao?,Executive Vice President,1,0,0
127,What is the position of Ryan M. Black?,Vice President,1,0,0
127,What is the position of Taelitha Bonds-Harris?,Assistant Vice President,1,0,0
127,What is the position of Teddy Koch?,Director,1,0,0
127,What is the position of Tracy Rahn?,Executive Director,1,0,0
127,In what organization does Annie Carr work?,GOLDMAN SACHS BANK,1,0,0
127,In what organization does Annie Chung work?,DEUTSCHE BANK AG,1,0,0
127,In what organization does Darren Merten work?,DEUTSCHE BANK AG,1,0,0
127,In what organization does Eugene Yermash work?,"CITIBANK, N.A.",1,0,0
127,In what organization does Heather E. Hoopingarner work?,"JPMORGAN CHASE BANK, N.A",1,0,0
127,In what organization does Julie Lilienfeld work?,GOLDMAN SACHS BANK,1,0,0
127,In what organization does Michael Dambach work?,BIOGEN INC.,1,0,0
127,In what organization does Ming K. Chu work?,DEUTSCHE BANK AG,1,0,0
127,In what organization does Raymond Qiao work?,"BANK OF CHINA, NEW YORK BRANCH",1,0,0
127,In what organization does Ryan M. Black work?,"CITIBANK, N.A.",1,0,0
127,In what organization does Taelitha Bonds-Harris work?,"BANK OF AMERICA, N.A",1,0,0
127,In what organization does Teddy Koch work?,DEUTSCHE BANK AG,1,0,0
127,In what organization does Tracy Rahn work?,MIZUHO BANK,1,0,0
127,"Who is the representative of JPMORGAN CHASE BANK, N.A?",Heather E. Hoopingarner,1,0,0
127,Who is the representative of BIOGEN INC.?,Michael Dambach,1,0,0
127,"Who is the representative of BANK OF CHINA, NEW YORK BRANCH?",Raymond Qiao,1,0,0
127,"Who is the representative of BANK OF AMERICA, N.A?",Taelitha Bonds-Harris,1,0,0
127,Who is the representative of MIZUHO BANK?,Tracy Rahn,1,0,0
127,What is the location of DEUTSCHE BANK AG?,NEW YORK,1,0,0
127,What is the location of MIZUHO BANK?,USA,1,0,0
127,What is the location of GOLDMAN SACHS BANK?,USA,1,0,0
127,What is the role of BIOGEN INC. in the agreement?,BORROWER,1,0,0
127,What company is the Lead Bookrunner in the agreement?,BofA Securities,1,0,0
127,What company is the Lead Arranger in the agreement?,BofA Securities,1,0,0
127,What company is the L%2Fc Issuer in the agreement?,"BANK OF AMERICA, N.A.",1,0,0
127,What company is the Lenders in the agreement?,"BANK OF AMERICA, N.A.",1,0,0
127,What company is the Bookrunner in the agreement?,"BOFA SECURITIES, INC.",1,0,0
127,What company is the Arranger in the agreement?,"BOFA SECURITIES, INC.",1,0,0
127,What company is the Agent in the agreement?,"BANK OF AMERICA, N.A",1,0,0
127,What company is the Borrower in the agreement?,BIOGEN INC.,1,0,0
32,What is the position of Alan Greenhow?,Director,1,0,0
32,What is the position of Ann E. Sutton?,Director,1,0,0
32,What is the position of Barbara S. Wang?,Director and Counsel Region Americas Legal,1,0,0
32,What is the position of Chris Golding?,Director Corporate Banking,1,0,0
32,What is the position of Douglas Brandes?,Vice President Commercial Banking,1,0,0
32,What is the position of Gregg L. Byers?,Executive Director,1,0,0
32,What is the position of J. Campbell?,Director,1,0,0
32,What is the position of Jason Blondell?,Authorised Signatory,1,0,0
32,What is the position of Jeremy Causton?,Authorised Signatory,1,0,0
32,What is the position of John Cantalupo?,Senior Vice President,1,0,0
32,What is the position of John Hanbury?,Authorized Signatory,1,0,0
32,What is the position of John Stholl?,Director,1,0,0
32,"What is the position of Mark Lumpkin, Jr.?",Authorized Signatory,1,0,0
32,What is the position of Muhammad Hasan?,Vice President,1,0,0
32,What is the position of O. Lavitzson?,Executive,1,0,0
32,What is the position of Todd Patchell?,Assistant Vice President,1,0,0
32,What is the position of Tony Baratta?,Managing Director Corporate Coverage Canada,1,0,0
32,In what organization does Alan Greenhow work?,UBS LIMITED,1,0,0
32,In what organization does Ann E. Sutton work?,UBS LIMITED,1,0,0
32,In what organization does Barbara S. Wang work?,UBS SECURITIES LLC,1,0,0
32,In what organization does Chris Golding work?,BNP PARIBAS,1,0,0
32,In what organization does Douglas Brandes work?,HSBC BANK CANADA,1,0,0
32,In what organization does Gregg L. Byers work?,"J.P. MORGAN SECURITIES LLC,",1,0,0
32,In what organization does J. Campbell work?,UBS LIMITED,1,0,0
32,In what organization does Jason Blondell work?,HSBC CORPORATE TRUSTEE COMPANY %28UK%29 LIMITED,1,0,0
32,In what organization does Jeremy Causton work?,HSBC BANK PLC,1,0,0
32,In what organization does John Cantalupo work?,"WELLS FARGO BANK, N.A.",1,0,0
32,In what organization does John Hanbury work?,ROYAL BANK OF CANADA,1,0,0
32,In what organization does John Stholl work?,UBS LIMITED,1,0,0
32,"In what organization does Mark Lumpkin, Jr. work?",ROYAL BANK OF CANADA,1,0,0
32,In what organization does Muhammad Hasan work?,"JPMORGAN CHASE BANK, N.A.",1,0,0
32,In what organization does O. Lavitzson work?,THE STANDARD BANK OF SOUTH AFRICA LIMITED,1,0,0
32,In what organization does Rebecca Camden work?,ROYAL BANK OF CANADA,1,0,0
32,In what organization does Todd Patchell work?,HSBC BANK CANADA,1,0,0
32,In what organization does Tony Baratta work?,BNP PARIBAS,1,0,0
32,Who is the representative of UBS SECURITIES LLC?,Barbara S. Wang,1,0,0
32,"Who is the representative of J.P. MORGAN SECURITIES LLC,?",Gregg L. Byers,1,0,0
32,Who is the representative of HSBC CORPORATE TRUSTEE COMPANY %28UK%29 LIMITED?,Jason Blondell,1,0,0
32,Who is the representative of HSBC BANK PLC?,Jeremy Causton,1,0,0
32,"Who is the representative of WELLS FARGO BANK, N.A.?",John Cantalupo,1,0,0
32,"Who is the representative of JPMORGAN CHASE BANK, N.A.?",Muhammad Hasan,1,0,0
32,Who is the representative of THE STANDARD BANK OF SOUTH AFRICA LIMITED?,O. Lavitzson,1,0,0
32,What is the location of 6922767 HOLDING S.%C3%80 R.L.?,"13-15 avenue de la Libert%C3%A9, L-1931 Luxembourg",1,0,0
32,What is the location of CHC Den Helder B.V.?,Netherlands,1,0,0
32,What is the location of CHC Global Operations %282008%29 Inc?,Canada,1,0,0
32,What is the location of CHC Global Operations International Inc?,Canada,1,0,0
32,What is the location of CHC HELICOPTER HOLDING S.%C3%80 R.L.?,"13-15 avenue de la Libert%C3%A9, L-1931 Luxembourg",1,0,0
32,What is the location of CHC HELICOPTER S.A?,"13-15 avenue de la Libert%C3%A9, L-1931 Luxembourg",1,0,0
32,What is the location of CHC Holding NL B.V?,Netherlands,1,0,0
32,What is the location of CHC Netherlands B.V?,Netherlands,1,0,0
32,What is the location of CHC Norway Acquisition Co AS?,Norway,1,0,0
32,What is the location of HSBC Corporate Trust Company %28UK%29 Limited?,8 Canada SquareLondon E14 5HQ,1,0,0
32,What is the location of Heli-One %28Europe%29 AS?,Norway,1,0,0
32,What is the location of Heli-One %28Norway%29 AS?,Norway,1,0,0
32,What is the location of Heli-One %28U.S.%29 Inc.?,"2711 Centerville Road, Suite 400WilmingtonDelaware 19808",1,0,0
32,What is the location of Heli-One Canada Inc?,Canada,1,0,0
32,What is the location of Heli-One Leasing Inc?,Canada,1,0,0
32,"Which company is associated with 2711 Centerville Road, Suite 400WilmingtonDelaware 19808?",Heli-One %28U.S.%29 Inc.,1,0,0
32,"Which company is associated with 4740 Agar DriveRichmond, B.C.V7B 1A3Canada?",ATC-RCS Corporate Services %28Luxembourg%29 S.A.,1,0,0
32,Which company is associated with 8 Canada SquareLondon E14 5HQ?,HSBC Corporate Trust Company %28UK%29 Limited,1,0,0
32,"Which company is associated with 9, rue Sainte Zithe, 3rd FloorL-2763 LuxembourgLuxembourg?",ATC-RCS Corporate Services %28Luxembourg%29 S.A.,1,0,0
32,"Which company is associated with Corporate Trust %26 Loan Agency, Level 278 Canada SquareLondon E14 5HQ?",HSBC Bank plc,1,0,0
32,"Which company is associated with Level 27, 8 Canada SquareLondon E14 5HQ?",HSBC Bank plc,1,0,0
32,"What type of location is 13-15 avenue de la Libert%C3%A9, L-1931 Luxembourg?",registered office,1,0,0
32,What is the role of BNP Paribas %28Canada%29 in the agreement?,Lenders,1,0,0
32,What is the role of Barclays Bank PLC in the agreement?,Lenders,1,0,0
32,What is the role of CHC HELICOPTER HOLDING S.%C3%80 R.L. in the agreement?,Holdco,1,0,0
32,What is the role of HSBC Bank Canada in the agreement?,Lenders,1,0,0
32,"What is the role of JPMorgan Chase Bank, N.A in the agreement?",Lenders,1,0,0
32,What is the role of Royal Bank of Canada in the agreement?,Lenders,1,0,0
32,What is the role of The Standard Bank of South Africa Limited in the agreement?,Lenders,1,0,0
32,What is the role of UBS Limited in the agreement?,Lenders,1,0,0
32,"What is the role of Wells Fargo Bank, N.A in the agreement?",Lenders,1,0,0
32,What is the role of 6922767 HOLDING S.%C3%80 R.L. in the agreement?,The Company,1,0,0
32,What is the role of CHC Den Helder B.V. in the agreement?,Subsidiaries,1,0,0
32,What is the role of CHC Global Operations %282008%29 Inc in the agreement?,Subsidiaries,1,0,0
32,What company is the Holdco in the agreement?,CHC HELICOPTER HOLDING S.%C3%80 R.L.,1,0,0
32,What company is the The Company in the agreement?,6922767 HOLDING S.%C3%80 R.L.,1,0,0
32,What company is the Bank in the agreement?,HSBC BANK CANADA,1,0,0
26,What is the position of Ade Adedeji?,Vice President,1,0,0
26,What is the position of Andrew D. Holtz?,Senior Vice President,1,0,0
26,What is the position of Anish Shah?,Authorized Signatory,1,0,0
26,What is the position of Breck Fleming?,Senior Vice President,1,0,0
26,What is the position of Brian Crowley?,Managing Director,1,0,0
26,What is the position of Christopher Sked?,Managing Director,1,0,0
26,What is the position of Clifford A. Mull?,Director,1,0,0
26,What is the position of Daniel Mattern?,Associate Director,1,0,0
26,What is the position of Emerson Almeida?,Authorized Signatory,1,0,0
26,What is the position of Fabio Della Malva?,Managing Director,1,0,0
26,What is the position of Gary Herzog?,Managing Director,1,0,0
26,What is the position of Iain Stewart?,Managing Director,1,0,0
26,What is the position of Jill Wong?,Director,1,0,0
26,What is the position of John Toronto?,Authorized Signatory,1,0,0
26,What is the position of Jonathan Logan?,Director,1,0,0
26,What is the position of Jordan Harris?,Director,1,0,0
26,What is the position of Joshua Hovermale?,Director,1,0,0
26,What is the position of Katherine.kelly?,Corporate Secretary,1,0,0
26,What is the position of Katherine Bass?,Director,1,0,0
26,What is the position of Katherine Kelly?,Corporate Secretary,1,0,0
26,What is the position of Katsuyuki Kubo?,Managin Director,1,0,0
26,What is the position of Marc Fussbahn?,Managing Director,1,0,0
26,What is the position of Michelle C. Phillips?,Managing Director,1,0,0
26,What is the position of Ming K. Chu?,Director,1,0,0
26,What is the position of Pedro Bell?,Managing Director,1,0,0
26,What is the position of Ronnie Glenn?,Director,1,0,0
26,What is the position of Ryan M. Black?,Vice President,1,0,0
26,What is the position of Scott O%E2%80%99Connell?,Director,1,0,0
26,What is the position of Tracy Rahn?,Authorized Signatory,1,0,0
26,What is the position of Veli-Matti Abohen?,Vice President,1,0,0
26,What is the position of Veronica Incera?,Managing Director,1,0,0
26,What is the position of Virginia Cosenza?,Vice President,1,0,0
26,What is the position of William P. Herold?,Vice President,1,0,0
26,What is the position of Xavier Ruiz Sena?,Managing Director,1,0,0
26,What is the position of jeffrey.galik?,Treasurer,1,0,0
26,In what organization does Ade Adedeji work?,DEUTSCHE BANK,1,0,0
26,In what organization does Andrew D. Holtz work?,City National Bank,1,0,0
26,In what organization does Anish Shah work?,Cayman Islands Brank,1,0,0
26,In what organization does Breck Fleming work?,City National Bank,1,0,0
26,In what organization does Brian Crowley work?,"Santander Bank, N.A",1,0,0
26,In what organization does Christopher Sked work?,"Santander Bank, N.A",1,0,0
26,In what organization does Clifford A. Mull work?,THE BANK OF NEW YORK MELLON,1,0,0
26,In what organization does Daniel Mattern work?,Standard Chartered Bank,1,0,0
26,In what organization does Emerson Almeida work?,Cayman Islands Brank,1,0,0
26,In what organization does Fabio Della Malva work?,"Santander Bank, N.A",1,0,0
26,In what organization does Gary Herzog work?,"Santander Bank, N.A",1,0,0
26,In what organization does Iain Stewart work?,"Santander Bank, N.A",1,0,0
26,In what organization does Jeffrey Galik work?,BRISTOL-MEYERS SQUIBB COMPANY,1,0,0
26,In what organization does Jill Wong work?,THE BANK OF NEW YORK MELLON,1,0,0
26,In what organization does John Toronto work?,Cayman Islands Brank,1,0,0
26,In what organization does Jonathan Logan work?,THE BANK OF NEW YORK MELLON,1,0,0
26,In what organization does Jordan Harris work?,THE BANK OF NEW YORK MELLON,1,0,0
26,In what organization does Joshua Hovermale work?,THE BANK OF NEW YORK MELLON,1,0,0
26,In what organization does Katherine.kelly work?,BRISTOL-MEYERS SQUIBB COMPANY,1,0,0
26,In what organization does Katherine Bass work?,THE BANK OF NEW YORK MELLON,1,0,0
26,In what organization does Katherine Kelly work?,BRISTOL-MEYERS SQUIBB COMPANY,1,0,0
26,In what organization does Katsuyuki Kubo work?,Sumitomo Mitsui Banking Corporation,1,0,0
26,In what organization does Marc Fussbahn work?,"Santander Bank, N.A",1,0,0
26,In what organization does Michelle C. Phillips work?,"Santander Bank, N.A",1,0,0
26,In what organization does Ming K. Chu work?,THE BANK OF NEW YORK MELLON,1,0,0
26,In what organization does Pedro Bell work?,"Santander Bank, N.A",1,0,0
26,In what organization does Ronnie Glenn work?,THE BANK OF NEW YORK MELLON,1,0,0
26,In what organization does Ryan M. Black work?,DEUTSCHE BANK,1,0,0
26,In what organization does Scott O%E2%80%99Connell work?,THE BANK OF NEW YORK MELLON,1,0,0
26,In what organization does Tracy Rahn work?,Cayman Islands Brank,1,0,0
26,In what organization does Veli-Matti Abohen work?,DEUTSCHE BANK,1,0,0
26,In what organization does Veronica Incera work?,"Santander Bank, N.A",1,0,0
26,In what organization does Virginia Cosenza work?,DEUTSCHE BANK,1,0,0
26,In what organization does William P. Herold work?,DEUTSCHE BANK,1,0,0
26,In what organization does Xavier Ruiz Sena work?,"Santander Bank, N.A",1,0,0
26,In what organization does jeffrey.galik work?,BRISTOL-MEYERS SQUIBB COMPANY,1,0,0
26,Who is the representative of Standard Chartered Bank?,Daniel Mattern,1,0,0
26,Who is the representative of Sumitomo Mitsui Banking Corporation?,Katsuyuki Kubo,1,0,0
26,What is the location of BANCO BILBAO VIZCAYA ARGENTARIA?,NEW YORK,1,0,0
26,What is the location of Commerzbank AG?,New York,1,0,0
26,"What is the location of Morgan Stanley Senior Funding, Inc?","1585 BroadwayNew York, NY 10036",1,0,0
26,"What is the location of Morgan Stanley Senior Funding, Inc.?","1300 Thames Street, Thames Street Wharf, 4th Floor, Baltimore, MD 21231",1,0,0
26,What is the location of UniCredit Bank AG?,New York,1,0,0
26,What is the location of DEUTSCHE BANK?,NEW YORK,1,0,0
26,"Which company is associated with 1300 Thames Street, Thames Street Wharf, 4th Floor, Baltimore, MD 21231?","Morgan Stanley Senior Funding, Inc.",1,0,0
26,"Which company is associated with 1585 BroadwayNew York, NY 10036?","Morgan Stanley Senior Funding, Inc",1,0,0
26,"Which company is associated with 345 Park Avenue, New York, New York 10154?",Bristol-Myers Squibb Company,1,0,0
26,"Which company is associated with Route 206 %26 Province Line Road, Princeton, New Jersey 08543?",Bristol-Myers Squibb Company,1,0,0
26,"What type of location is 1300 Thames Street, Thames Street Wharf, 4th Floor, Baltimore, MD 21231?",office,1,0,0
26,What type of location is NEW YORK?,BRANCH,1,0,0
26,What type of location is New York?,Branch,1,0,0
26,What is the role of BNP Paribas in the agreement?,Lender,1,0,0
26,"What is the role of PNC Bank, National Association in the agreement?",Lender,1,0,0
26,What is the role of THE BANK OF NOVA SCOTIA in the agreement?,Lender,1,0,0
26,"What is the role of WELLS FARGO BANK, NATIONAL ASSOCIATION in the agreement?",Lender,1,0,0
26,What is the role of BMO HARRIS BANK N.A. in the agreement?,Lender,1,0,0
26,What is the role of BRISTOL-MYERS SQUIBB COMPANY in the agreement?,LENDERS,1,0,0
26,"What is the role of CREDIT SUISSE AG, in the agreement?",Lender,1,0,0
26,What is the role of Credit Agricole Corporate and Investment Bank in the agreement?,Lender,1,0,0
26,"What is the role of HSBC Bank USA, N.A in the agreement?",Lender,1,0,0
26,"What is the role of MORGAN STANLEY BANK, N.A. in the agreement?",Lender,1,0,0
26,"What is the role of MORGAN STANLEY SENIOR FUNDING, INC in the agreement?",Lender,1,0,0
26,"What is the role of Mizuho Bank, Ltd in the agreement?",Lender,1,0,0
26,What is the role of Soci%C3%A9t%C3%A9 G%C3%A9n%C3%A9rale in the agreement?,Lender,1,0,0
26,What is the role of SunTrust Bank in the agreement?,Lender,1,0,0
26,What is the role of The Northern Trust Company in the agreement?,Lender,1,0,0
26,What is the role of U.S. Bank National Association in the agreement?,Lender,1,0,0
26,What is the role of BANCO BILBAO VIZCAYA ARGENTARIA in the agreement?,Lender,1,0,0
26,What is the role of Commerzbank AG in the agreement?,Lender,1,0,0
26,What is the role of Standard Chartered Bank in the agreement?,Lender,1,0,0
26,What is the role of Sumitomo Mitsui Banking Corporation in the agreement?,Lender,1,0,0
26,What is the role of UniCredit Bank AG in the agreement?,Lender,1,0,0
26,What is the role of City National Bank in the agreement?,Lender,1,0,0
26,What is the role of Cayman Islands Brank in the agreement?,Lender,1,0,0
26,What is the role of DEUTSCHE BANK in the agreement?,Lender,1,0,0
26,What is the role of THE BANK OF NEW YORK MELLON in the agreement?,Lender,1,0,0
26,"What is the role of Santander Bank, N.A in the agreement?",Lender,1,0,0
26,What company is the Lenders in the agreement?,BRISTOL-MYERS SQUIBB COMPANY,1,0,0
