document_number,mean_f1_score,mean_token_edit_distance
215,0.6666666666666666,0.7008547008547009
216,0.5,0.5497311827956989
217,0.4000000000000001,0.5373345015576324
219,0.8250000000000001,0.8120842572062084
218,0.5,0.5414870689655172
OVERALL,0.5941176470588236,0.6347319495028863
