mean_f1,num_questions,document_number,overall_f1_score
0.6666666666666666,3,215,0.5941176470588236
0.5,4,216,0.5941176470588236
0.4000000000000001,2,217,0.5941176470588236
0.8250000000000001,4,219,0.5941176470588236
0.5,4,218,0.5941176470588236
