mean_bleu,correctness_rate,num_questions,document_number,overall_bleu,overall_correctness
0.16547958983904068,1.0,4,99,0.17059558152587206,0.875
0.17571157321270342,0.75,4,102,0.17059558152587206,0.875
