mean_bleu,mean_cosine,mean_bertscore,correctness_rate,num_questions,document_number,overall_bleu,overall_cosine,overall_bert,overall_correctness
0.04968584577723242,0.49205342431863147,0.8402730822563171,0.0,3,99,0.13553721720118153,0.7460267717639605,0.9201365113258362,0.0
0.2213885886251307,1.0000001192092896,1.0,0.0,3,102,0.13553721720118153,0.7460267717639605,0.9201365113258362,0.0
