mean_bleu,correctness_rate,num_questions,document_number,overall_bleu,overall_correctness
0.4073603760777537,0.0,4,219,0.2754376326276887,0.0
0.39392993253186837,0.0,4,218,0.2754376326276887,0.0
0.010111491617193496,0.0,4,99,0.2754376326276887,0.0
0.17468628855368995,0.0,4,101,0.2754376326276887,0.0
0.39392993253186837,0.0,4,215,0.2754376326276887,0.0
0.2950097693541652,0.0,4,216,0.2754376326276887,0.0
0.2564332125631835,0.0,4,102,0.2754376326276887,0.0
0.2686424829558855,0.0,2,217,0.2754376326276887,0.0
