document_number,question,answer,num_hops,num_set_operations,multiple_answer_dimension
17,What companies are the grantor but not the borrower in the agreement?,"constellation dco albany power holdings llc, exelon avsr holding llc, solgen holding llc",1,2,1
17,What companies are the grantor but not the pledgor in the agreement?,"constellation dco albany power holdings llc, exelon avsr holding llc, solgen holding llc",1,2,1
102,What companies are the borrowers but not the administrative borrower in the agreement?,"digirad imaging solutions inc, dms health technologies inc, dms imaging inc, md office solutions, project rendezvous holding corporation, telerhythmics llc",1,2,1
117,What companies are the arranger but not the swing line lender in the agreement?,wells fargo securities llc,1,2,0
117,What companies are the arranger but not the administrative agent in the agreement?,wells fargo securities llc,1,2,0
117,What companies are the arranger but not the bookrunner in the agreement?,wells fargo securities llc,1,2,0
117,What companies are the arranger but not the issuing lender in the agreement?,wells fargo securities llc,1,2,0
117,What companies are the lender but not the syndication agent in the agreement?,"hsbc bank usa national association, royal bank of canada, wells fargo bank national association",1,2,1
117,What companies are the lender but not the agent in the agreement?,"bank of america na, hsbc bank usa national association, royal bank of canada",1,2,1
103,What companies are the administrative agent but not the lender in the agreement?,botticelli llc c o angelo gordonand co lp,1,2,0
28,What companies are the lender but not the agent in the agreement?,"biopharma credit investments v master lp, biopharma credit plc",1,2,1
28,What companies are the lender but not the investment manager in the agreement?,"akin gump strauss hauer and feld llp, biopharma credit investments v master lp, biopharma credit plc",1,2,1
28,What companies are the lender but not the collateral agent in the agreement?,"akin gump strauss hauer and feld llp, biopharma credit investments v master lp, pharmakon advisors lp",1,2,1
28,What companies are the agent but not the investment manager in the agreement?,akin gump strauss hauer and feld llp,1,2,0
101,What companies are the lender but not the sole book runner in the agreement?,legacytexas bank,1,2,0
101,What companies are the lender but not the administrative agent in the agreement?,legacytexas bank,1,2,0
101,What companies are the lender but not the l c issuer in the agreement?,legacytexas bank,1,2,0
101,What companies are the lender but not the arranger in the agreement?,legacytexas bank,1,2,0
100,What companies are the agent but not the lender in the agreement?,"bank of the west fifth third bank, jpmorgan chase bank na, mufg union bank na",1,2,1
100,What companies are the lender but not the agent in the agreement?,"bank of the west, bbva compass, citizens bank national association, comerica bank, east west bank, fifth third bank, hsbc bank usa, jpmorgan chase bank, mufg union bank",1,2,1
128,What companies are the arranger but not the joint bookrunners in the agreement?,jpmorgan chase bank na,1,2,0
128,What companies are the arranger but not the bookrunners in the agreement?,bofa securities inc,1,2,0
128,What companies are the arranger but not the administrative agent in the agreement?,bofa securities inc,1,2,0
39,What companies are the co collateral agent but not the administrative agent in the agreement?,bank of america na,1,2,0
39,What companies are the lender but not the administrative agent in the agreement?,bank of america na,1,2,0
11,What companies are the initial lender but not the administrative agent in the agreement?,"bank of america na, barclays bank plc, citibank na, deutsche bank ag new york branch, goldman sachs bank usa",1,2,1
110,What companies are the arrangers but not the joint bookrunners in the agreement?,"barclays bank plc, jpmorgan chase bank na, mizuho bank ltd, the bank of tokyo mitsubishi ufj ltd, wells fargo securities llc",1,2,1
110,What companies are the arrangers but not the bookrunners in the agreement?,"barclays bank plc, merrill lynch pierce fenner and smith incorporated",1,2,1
110,What companies are the arrangers but not the agent in the agreement?,"barclays bank plc, jpmorgan chase bank na, merrill lynch pierce fenner and smith incorporated, the bank of tokyo mitsubishi ufj ltd, wells fargo securities llc",1,2,1
110,What companies are the bookrunners but not the agent in the agreement?,"jpmorgan chase bank na, the bank of tokyo mitsubishi ufj ltd, wells fargo securities llc",1,2,1
104,What companies are the arrangers but not the bookrunners in the agreement?,merrill lynch pierce fenner and smith incorporated,1,2,0
104,What companies are the arrangers but not the joint bookrunners in the agreement?,citigroup global markets inc,1,2,0
138,What companies are the lender but not the agent in the agreement?,"capital one national association, pnc bank national association",1,2,1
138,What companies are the lender but not the joint bookrunners in the agreement?,"capital one national association, pnc bank national association",1,2,1
138,What companies are the lender but not the administrative agent in the agreement?,"capital one national association, us bank national association",1,2,1
139,What companies are the syndication agent but not the administrative agent in the agreement?,bank of america,1,2,0
139,What companies are the administrative agent but not the syndication agent in the agreement?,jpmorgan chase bank,1,2,0
139,What companies are the syndication agent but not the lender in the agreement?,bank of america,1,2,0
139,What companies are the lender but not the syndication agent in the agreement?,"barclays bank plc, citibank na, citizens bank na, cobank acb, crédit agricole corporate and investment bank, fifth third bank, jpmorgan chase bank na, land bank of taiwan new york branch, mizuho bank ltd, morgan stanley bank na, morgan stanley senior funding inc, pnc bank national association, royal bank of canada, societe generale, sumitomo mitsui banking corporation, suntrust bank, td bank na, the bank of tokyo mitsubishi ufj ltd, toronto dominion new york llc, wells fargo bank na",1,2,1
139,What companies are the documentation agents but not the joint bookrunners in the agreement?,citibank na crédit agricole corporate and investment bank mizuho bank ltd royal bank of canada,1,2,0
139,What companies are the joint bookrunners but not the documentation agents in the agreement?,"fenner and smith incorporated, jp morgan securities llc, jp morgan securities llc merrill lynch pierce fenner and smith incorporated citigroup global markets inc crédit agricole corporate and investment bank mizuho bank ltd rbc capital markets, merrill lynch, rbc capital markets",1,2,1
139,What companies are the joint lead arrangers but not the joint bookrunners in the agreement?,"citigroup global markets inc, pierce",1,2,1
139,What companies are the joint bookrunners but not the joint lead arrangers in the agreement?,"jp morgan securities llc, merrill lynch, td securities usa llc",1,2,1
139,What companies are the administrative agent but not the lender in the agreement?,jpmorgan chase bank,1,2,0
139,What companies are the lender but not the administrative agent in the agreement?,"barclays bank plc, citibank na, citizens bank na, cobank acb, crédit agricole corporate and investment bank, fifth third bank, jpmorgan chase bank na, land bank of taiwan new york branch, mizuho bank ltd, morgan stanley bank na, morgan stanley senior funding inc, pnc bank national association, royal bank of canada, societe generale, sumitomo mitsui banking corporation, suntrust bank, td bank na, the bank of tokyo mitsubishi ufj ltd, toronto dominion new york llc, wells fargo bank na",1,2,1
139,What companies are the lender but not the agent in the agreement?,"bank of america na, barclays bank plc, citibank na, citizens bank na, cobank acb, crédit agricole corporate and investment bank, fifth third bank, land bank of taiwan new york branch, mizuho bank ltd, morgan stanley bank na, morgan stanley senior funding inc, pnc bank national association, royal bank of canada, societe generale, sumitomo mitsui banking corporation, suntrust bank, td bank na, the bank of tokyo mitsubishi ufj ltd, toronto dominion new york llc, wells fargo bank na",1,2,1
111,What companies are the arrangers but not the joint bookrunners in the agreement?,"national australia bank limited, wells fargo securities llc",1,2,1
111,What companies are the arrangers but not the bookrunners in the agreement?,suntrust robinson humphrey inc,1,2,0
111,What companies are the arrangers but not the lender in the agreement?,"suntrust robinson humphrey inc, wells fargo securities llc",1,2,1
111,What companies are the lender but not the arrangers in the agreement?,"barclays bank plc, hsbc bank bermuda limited, jpmorgan chase bank na, suntrust bank, the bank of nova scotia, wells fargo bank national association",1,2,1
111,What companies are the bookrunners but not the lender in the agreement?,wells fargo securities llc,1,2,0
111,What companies are the lender but not the bookrunners in the agreement?,"barclays bank plc, hsbc bank bermuda limited, jpmorgan chase bank na, suntrust bank, the bank of nova scotia, wells fargo bank national association",1,2,1
111,What companies are the lender but not the co syndication agent in the agreement?,"barclays bank plc, hsbc bank bermuda limited, jpmorgan chase bank na, national australia bank limited, the bank of nova scotia, wells fargo bank national association",1,2,1
111,What companies are the lender but not the administrative agent in the agreement?,"barclays bank plc, hsbc bank bermuda limited, jpmorgan chase bank na, national australia bank limited, the bank of nova scotia",1,2,1
111,What companies are the lender but not the agent in the agreement?,"barclays bank plc, hsbc bank bermuda limited, jpmorgan chase bank na, national australia bank limited, suntrust bank, the bank of nova scotia",1,2,1
111,What companies are the administrative agent but not the co syndication agent in the agreement?,wells fargo bank national association,1,2,0
111,What companies are the administrative agent but not the agent in the agreement?,suntrust bank,1,2,0
38,What companies are the bookrunners but not the lender in the agreement?,"citigroup global markets inc, jp morgan securities llc, merrill lynch pierce fenner and smith incorporated, wells fargo securities llc",1,2,1
38,What companies are the lender but not the bookrunners in the agreement?,"bank of america na, barclays bank plc, bnp paribas, citibank na, credit agricole corporate and investment, credit suisse ag, deutsche bank ag, dnb capital llc, goldman sachs bank usa, jpmorgan chase bank na, morgan stanley bank na, societe generale, standard chartered bank, sumitomo mitsui banking corporation, the bank of new york mellon, the bank of nova scotia, the standard bank of south africa limited, ubs ag, wells fargo bank national association",1,2,1
38,What companies are the bookrunners but not the co documentation agents in the agreement?,"citigroup global markets inc, jp morgan securities llc, merrill lynch pierce fenner and smith incorporated, wells fargo securities llc",1,2,1
38,What companies are the co documentation agents but not the bookrunners in the agreement?,"bank of america na, citibank na",1,2,1
38,What companies are the arranger but not the lender in the agreement?,"citigroup global markets inc, jp morgan securities llc, merrill lynch pierce fenner and smith incorporated, wells fargo securities llc",1,2,1
38,What companies are the lender but not the arranger in the agreement?,"bank of america na, barclays bank plc, bnp paribas, citibank na, credit agricole corporate and investment, credit suisse ag, deutsche bank ag, dnb capital llc, goldman sachs bank usa, jpmorgan chase bank na, morgan stanley bank na, societe generale, standard chartered bank, sumitomo mitsui banking corporation, the bank of new york mellon, the bank of nova scotia, the standard bank of south africa limited, ubs ag, wells fargo bank national association",1,2,1
38,What companies are the arranger but not the co documentation agents in the agreement?,"citigroup global markets inc, jp morgan securities llc, merrill lynch pierce fenner and smith incorporated, wells fargo securities llc",1,2,1
38,What companies are the co documentation agents but not the arranger in the agreement?,"bank of america na, citibank na",1,2,1
38,What companies are the lender but not the co documentation agents in the agreement?,"barclays bank plc, bnp paribas, credit agricole corporate and investment, credit suisse ag, deutsche bank ag, dnb capital llc, goldman sachs bank usa, jpmorgan chase bank na, morgan stanley bank na, societe generale, standard chartered bank, sumitomo mitsui banking corporation, the bank of new york mellon, the bank of nova scotia, the standard bank of south africa limited, ubs ag, wells fargo bank national association",1,2,1
38,What companies are the lender but not the syndication agent in the agreement?,"bank of america na, barclays bank plc, bnp paribas, citibank na, credit agricole corporate and investment, credit suisse ag, deutsche bank ag, dnb capital llc, goldman sachs bank usa, jpmorgan chase bank na, mizuho bank ltd, morgan stanley bank na, societe generale, standard chartered bank, sumitomo mitsui banking corporation, the bank of new york mellon, the bank of nova scotia, the bank of tokyo mitsubishi ufj ltd, the standard bank of south africa limited, ubs ag",1,2,1
38,What companies are the lender but not the administrative agent in the agreement?,"bank of america na, barclays bank plc, bnp paribas, citibank na, credit agricole corporate and investment, credit suisse ag, deutsche bank ag, dnb capital llc, goldman sachs bank usa, mizuho bank ltd, morgan stanley bank na, societe generale, standard chartered bank, sumitomo mitsui banking corporation, the bank of new york mellon, the bank of nova scotia, the bank of tokyo mitsubishi ufj ltd, the standard bank of south africa limited, ubs ag, wells fargo bank national association",1,2,1
12,What companies are the lender but not the administrative agent in the agreement?,"bank of america na, hsbc bank usa na, intesa sanpaolo spa new york branch, jpmorgan chase bank na, mufg bank ltd, national westminster bank plc, unicredit bank ag new york branch, us bank national association",1,2,1
107,What companies are the arrangers but not the bookrunners in the agreement?,rbc capital markets,1,2,0
107,What companies are the bookrunners but not the barclays capital agents in the agreement?,"barclays capital, citigroup global markets inc, wells fargo foothill inc",1,2,1
107,What companies are the bookrunners but not the administrative agent in the agreement?,"barclays capital, citigroup global markets inc, jp morgan securities inc",1,2,1
107,What companies are the administrative agent but not the bookrunners in the agreement?,barclays bank plc,1,2,0
107,What companies are the arrangers but not the barclays capital agents in the agreement?,"barclays capital, citigroup global markets inc, rbc capital markets, wells fargo foothill inc",1,2,1
107,What companies are the arrangers but not the joint bookrunner in the agreement?,"barclays capital, citigroup global markets inc, jp morgan securities inc, wells fargo foothill inc",1,2,1
107,What companies are the arrangers but not the administrative agent in the agreement?,"barclays capital, citigroup global markets inc, jp morgan securities inc, rbc capital markets",1,2,1
107,What companies are the administrative agent but not the arrangers in the agreement?,barclays bank plc,1,2,0
107,What companies are the guarantor but not the guarantors in the agreement?,"gxs holdings inc, gxs investments inc, open text coöperatief ua, open text finance sarl, open text sarl, open text software gmbh, open text uk limited, sysgenics limited",1,2,1
107,What companies are the administrative agent but not the collateral agent in the agreement?,wells fargo foothill inc,1,2,0
107,What companies are the administrative agent but not the arranger in the agreement?,wells fargo foothill inc,1,2,0
107,What companies are the administrative agent but not the lead arrangers in the agreement?,wells fargo foothill inc,1,2,0
107,What companies are the administrative agent but not the intercreditor agent in the agreement?,wells fargo foothill inc,1,2,0
107,What companies are the administrative agent but not the lender in the agreement?,wells fargo foothill inc,1,2,0
107,What companies are the grantor but not the domestic guarantor in the agreement?,ocelot merger sub inc,1,2,0
107,What companies are the domestic guarantor but not the grantor in the agreement?,"gxs inc, gxs international inc, vignette partnership lp",1,2,1
107,What companies are the grantor but not the borrower in the agreement?,"easylink services international corporation, easylink services usa inc, open text canada ltd, open text corporation, open text holdings inc, open text inc, open text ulc, open text usa inc, xpedite systems llc",1,2,1
107,What companies are the borrower but not the grantor in the agreement?,gxs group inc,1,2,0
112,What companies are the arrangers but not the joint bookrunners in the agreement?,jpmorgan chase bank na,1,2,0
112,What companies are the arrangers but not the lender in the agreement?,merrill lynch pierce fennerand smith incorporated,1,2,0
112,What companies are the lender but not the arrangers in the agreement?,"bank of america na, citizens bank na",1,2,1
112,What companies are the arrangers but not the bookrunners in the agreement?,merrill lynch pierce fennerand smith incorporated,1,2,0
112,What companies are the arrangers but not the administrative agent in the agreement?,merrill lynch pierce fennerand smith incorporated,1,2,0
112,What companies are the lender but not the syndication agent in the agreement?,"citizens bank na, jpmorgan chase bank na",1,2,1
112,What companies are the lender but not the bookrunners in the agreement?,"bank of america na, citizens bank na",1,2,1
112,What companies are the lender but not the administrative agent in the agreement?,"bank of america na, citizens bank na",1,2,1
106,What companies are the lenders but not the borrowers in the agreement?,dynegy power llc,1,2,0
106,What companies are the lenders but not the subordinated borrowers in the agreement?,"black mountain cogeninc, blue ridge generation llc, casco bay energy company llc, dynegy equipment llc, dynegy kendall energy llc, dynegy marketing and trade llc, dynegy morro bay llc, dynegy moss landing llc, dynegy oakland llc, dynegy power generation inc, dynegy south bay llc, ontelaunee power operating company llc, sithe energiesinc, sithe independence llc, sithe independence power partners lp",1,2,1
106,What companies are the lenders but not the borrower in the agreement?,"black mountain cogeninc, blue ridge generation llc, casco bay energy company llc, dynegy equipment llc, dynegy kendall energy llc, dynegy marketing and trade llc, dynegy morro bay llc, dynegy moss landing llc, dynegy oakland llc, dynegy power generation inc, dynegy south bay llc, ontelaunee power operating company llc, sithe energiesinc, sithe independence llc, sithe independence power partners lp",1,2,1
106,What companies are the bookrunners but not the arranger in the agreement?,ubs securities llc,1,2,0
106,What companies are the bookrunners but not the arrangers in the agreement?,"citigroup global marketsinc, ubs securities llc",1,2,1
106,What companies are the bookrunners but not the lender in the agreement?,"citigroup global marketsinc, deutsche bank securities inc, rbc capital markets, ubs securities llc",1,2,1
106,What companies are the lender but not the bookrunners in the agreement?,"citibank na, deutsche bank trust company americas, royal bank of canada, ubs ag stamford branch",1,2,1
106,What companies are the bookrunners but not the joint lead arranger in the agreement?,"barclays bank plc, citigroup global marketsinc, deutsche bank securities inc, goldman sachs bank usa, rbc capital markets",1,2,1
106,What companies are the bookrunners but not the joint lead arrangers in the agreement?,"barclays bank plc, citigroup global marketsinc, deutsche bank securities inc, goldman sachs bank usa, rbc capital markets",1,2,1
106,What companies are the bookrunner but not the arranger in the agreement?,ubs securities llc,1,2,0
106,What companies are the arranger but not the arrangers in the agreement?,citigroup global marketsinc,1,2,0
106,What companies are the arranger but not the lender in the agreement?,"citigroup global marketsinc, deutsche bank securities inc, rbc capital markets",1,2,1
106,What companies are the lender but not the arranger in the agreement?,"citibank na, deutsche bank trust company americas, royal bank of canada, ubs ag stamford branch",1,2,1
106,What companies are the bookrunner but not the arrangers in the agreement?,"citigroup global marketsinc, ubs securities llc",1,2,1
106,What companies are the bookrunner but not the lender in the agreement?,"citigroup global marketsinc, deutsche bank securities inc, rbc capital markets, ubs securities llc",1,2,1
106,What companies are the lender but not the bookrunner in the agreement?,"citibank na, deutsche bank trust company americas, royal bank of canada, ubs ag stamford branch",1,2,1
106,What companies are the bookrunner but not the joint lead arranger in the agreement?,"barclays bank plc, citigroup global marketsinc, deutsche bank securities inc, goldman sachs bank usa, rbc capital markets",1,2,1
106,What companies are the bookrunner but not the joint lead arrangers in the agreement?,"barclays bank plc, citigroup global marketsinc, deutsche bank securities inc, goldman sachs bank usa, rbc capital markets",1,2,1
106,What companies are the arrangers but not the lender in the agreement?,"deutsche bank securities inc, rbc capital markets",1,2,1
106,What companies are the lender but not the arrangers in the agreement?,"citibank na, deutsche bank trust company americas, royal bank of canada, ubs ag stamford branch",1,2,1
106,What companies are the lender but not the collateral trustee in the agreement?,"barclays bank plc, citibank na, deutsche bank trust company americas, goldman sachs bank usa, ubs ag stamford branch",1,2,1
106,What companies are the lender but not the administrative agent in the agreement?,"barclays bank plc, citibank na, deutsche bank trust company americas, goldman sachs bank usa, ubs ag stamford branch",1,2,1
60,What companies are the bookrunners but not the arrangers in the agreement?,pnc capital markets llc,1,2,0
60,What companies are the arrangers but not the bookrunners in the agreement?,mizuho bank ltd,1,2,0
60,What companies are the bookrunners but not the agents in the agreement?,"bofa securities inc, citibank na, mufg bank ltd, pnc capital markets llc, wells fargo securities llc",1,2,1
60,What companies are the agents but not the bookrunners in the agreement?,"fifth third bank national association, goldman sachs bank usa, mizuho bank ltd, pnc bank national association, regions bank, td bank na, wells fargo bank national association",1,2,1
60,What companies are the bookrunners but not the administrative agent in the agreement?,"bank of montreal, bofa securities inc, capital one national association, jpmorgan chase bank na, mufg bank ltd, pnc capital markets llc, the bank of nova scotia, us bank national association, wells fargo securities llc",1,2,1
60,What companies are the arrangers but not the agents in the agreement?,"bofa securities inc, citibank na, mufg bank ltd, wells fargo securities llc",1,2,1
60,What companies are the agents but not the arrangers in the agreement?,"fifth third bank national association, goldman sachs bank usa, pnc bank national association, regions bank, td bank na, wells fargo bank national association",1,2,1
60,What companies are the arrangers but not the administrative agent in the agreement?,"bank of montreal, bofa securities inc, capital one national association, jpmorgan chase bank na, mizuho bank ltd, mufg bank ltd, the bank of nova scotia, us bank national association, wells fargo securities llc",1,2,1
161,What companies are the co syndication agents but not the joint lead arrangers in the agreement?,truist bank,1,2,0
161,What companies are the joint lead arrangers but not the co syndication agents in the agreement?,"keybanc capital markets inc, truist securities inc",1,2,1
161,What companies are the co syndication agents but not the lender in the agreement?,bmo capital markets,1,2,0
161,What companies are the lender but not the co syndication agents in the agreement?,"bmo harris bank na, first financial bank, sandt bank, synovus bank",1,2,1
161,What companies are the joint lead arrangers but not the lender in the agreement?,"bmo capital markets, keybanc capital markets inc, truist securities inc",1,2,1
161,What companies are the lender but not the joint lead arrangers in the agreement?,"bmo harris bank na, first financial bank, sandt bank, synovus bank, truist bank",1,2,1
160,What companies are the joint lead arrangers but not the issuing bank in the agreement?,"bofa securities inc, morgan stanley senior funding inc",1,2,1
160,What companies are the issuing bank but not the joint lead arrangers in the agreement?,"bank of america na, citibank na, morgan stanley bank na, mufg bank ltd, truist bank",1,2,1
160,What companies are the joint lead arrangers but not the administrative agent in the agreement?,"bofa securities inc, jpmorgan chase bank na, morgan stanley senior funding inc",1,2,1
160,What companies are the joint bookrunners but not the issuing bank in the agreement?,"bofa securities inc, morgan stanley senior funding inc",1,2,1
160,What companies are the issuing bank but not the joint bookrunners in the agreement?,"bank of america na, citibank na, morgan stanley bank na, mufg bank ltd, truist bank",1,2,1
160,What companies are the joint bookrunners but not the administrative agent in the agreement?,"bofa securities inc, jpmorgan chase bank na, morgan stanley senior funding inc",1,2,1
160,What companies are the issuing bank but not the administrative agent in the agreement?,"bank of america na, citibank na, jpmorgan chase bank na, morgan stanley bank na, mufg bank ltd, truist bank",1,2,1
148,What companies are the administrative agent but not the lender in the agreement?,bank of america na,1,2,0
148,What companies are the lender but not the administrative agent in the agreement?,"barclays bank plc, bnp paribas, hsbc bank usa, jpmorgan chase bank, morgan stanley bank, mufg union bank, national westminster bank plc, pnc bank, td bank, the bank of nova scotia, the northern trust company, truist bank, us bank national association, wells fargo bank",1,2,1
148,What companies are the joint lead arrangers but not the joint bookrunners in the agreement?,bnp paribas securities corp,1,2,0
148,What companies are the joint bookrunners but not the joint lead arrangers in the agreement?,td securities usa llc,1,2,0
148,What companies are the co syndication agents but not the lender in the agreement?,wells fargo bank national association,1,2,0
148,What companies are the lender but not the co syndication agents in the agreement?,"bank of america, barclays bank plc, hsbc bank usa, jpmorgan chase bank, morgan stanley bank, mufg union bank, national westminster bank plc, pnc bank, the bank of nova scotia, the northern trust company, truist bank, us bank national association, wells fargo bank",1,2,1
148,What companies are the lender but not the documentation agents in the agreement?,"bank of america, barclays bank plc, bnp paribas, hsbc bank usa, jpmorgan chase bank, morgan stanley bank, mufg union bank, pnc bank, td bank, the northern trust company, truist bank, wells fargo bank",1,2,1
61,What companies are the agent but not the lender in the agreement?,deutsche bank securities inc,1,2,0
61,What companies are the lender but not the agent in the agreement?,"bank of america na, bnp paribas, deutsche bank ag new york branch",1,2,1
61,What companies are the lender but not the administrative agent in the agreement?,"bnp paribas, citibank na, deutsche bank ag new york branch, jpmorgan chase bank na, wells fargo bank national association",1,2,1
61,What companies are the lender but not the syndication agent in the agreement?,"bank of america na, citibank na, deutsche bank ag new york branch, jpmorgan chase bank na, wells fargo bank national association",1,2,1
77,What companies are the oint bookrunners but not the co syndication agent in the agreement?,"fenner and smith incorporated, jp morgan securities llc, suntrust robinson humphrey, wells fargo securities llc",1,2,1
77,What companies are the co syndication agent but not the oint bookrunners in the agreement?,"bank of america, suntrust bank, wells fargo bank national association",1,2,1
77,What companies are the oint bookrunners but not the lender in the agreement?,"fenner and smith incorporated, jp morgan securities llc, suntrust robinson humphrey, wells fargo securities llc",1,2,1
77,What companies are the lender but not the oint bookrunners in the agreement?,"bank of america, cadence bank, goldman sachs bank usa, hancock bank, jpmorgan chase bank, suntrust bank, us bank national association, wells fargo bank national association",1,2,1
77,What companies are the joint lead arrangers but not the co syndication agent in the agreement?,"fenner and smith incorporated, jp morgan securities llc, suntrust robinson humphrey, wells fargo securities llc",1,2,1
77,What companies are the co syndication agent but not the joint lead arrangers in the agreement?,"bank of america, suntrust bank, wells fargo bank national association",1,2,1
77,What companies are the joint lead arrangers but not the lender in the agreement?,"fenner and smith incorporated, jp morgan securities llc, suntrust robinson humphrey, wells fargo securities llc",1,2,1
77,What companies are the lender but not the joint lead arrangers in the agreement?,"bank of america, cadence bank, goldman sachs bank usa, hancock bank, jpmorgan chase bank, suntrust bank, us bank national association, wells fargo bank national association",1,2,1
77,What companies are the lender but not the co syndication agent in the agreement?,"cadence bank, goldman sachs bank usa, hancock bank, jpmorgan chase bank, us bank national association",1,2,1
77,What companies are the lender but not the co documentation agent in the agreement?,"bank of america, cadence bank, hancock bank, jpmorgan chase bank, mufg union bank, suntrust bank, wells fargo bank national association",1,2,1
77,What companies are the lender but not the administrative agent in the agreement?,"bank of america, cadence bank, goldman sachs bank usa, hancock bank, mufg union bank, suntrust bank, us bank national association, wells fargo bank national association",1,2,1
77,What companies are the lender but not the issuing bank in the agreement?,"bank of america, cadence bank, goldman sachs bank usa, hancock bank, mufg union bank, suntrust bank, us bank national association, wells fargo bank national association",1,2,1
63,What companies are the lender but not the lc issuer in the agreement?,farm credit mid america pca,1,2,0
63,What companies are the lender but not the administrative agent in the agreement?,farm credit mid america pca,1,2,0
162,What companies are the joint lead arrangers but not the lender in the agreement?,wells fargo securities llc,1,2,0
162,What companies are the lender but not the joint lead arrangers in the agreement?,"goldman sachs bank usa, hsbc bank usa na, morgan stanley senior funding inc, wells fargo bank na",1,2,1
162,What companies are the joint lead arrangers but not the administrative agent in the agreement?,wells fargo securities llc,1,2,0
162,What companies are the joint bookrunners but not the lender in the agreement?,wells fargo securities llc,1,2,0
162,What companies are the lender but not the joint bookrunners in the agreement?,"goldman sachs bank usa, hsbc bank usa na, morgan stanley senior funding inc, wells fargo bank na",1,2,1
162,What companies are the joint bookrunners but not the administrative agent in the agreement?,wells fargo securities llc,1,2,0
162,What companies are the guarantor but not the holdings in the agreement?,"canrig drilling technology canada ltd, nabors alaska drilling inc, nabors drilling holdings inc, nabors drilling technologies usa, nabors global holdings limited, nabors holdings ltd, nabors international management limited, nabors lux 2, nabors lux finance 1",1,2,1
162,What companies are the lender but not the administrative agent in the agreement?,"goldman sachs bank usa, hsbc bank usa na, morgan stanley senior funding inc, wells fargo bank na",1,2,1
89,What companies are the arrangers but not the bookrunners in the agreement?,golub capital llc,1,2,0
89,What companies are the bookrunners but not the administrative agent in the agreement?,"barclays bank plc, citigroup global markets inc, deutsche bank securities inc, keybanc capital markets inc, macquarie capital usa inc",1,2,1
89,What companies are the arrangers but not the joint bookrunners in the agreement?,"barclays bank plc, citigroup global markets inc, deutsche bank securities inc, jpmorgan chase bank, keybanc capital markets inc, macquarie capital usa inc",1,2,1
89,What companies are the arrangers but not the administrative agent in the agreement?,"barclays bank plc, citigroup global markets inc, deutsche bank securities inc, golub capital llc, keybanc capital markets inc, macquarie capital usa inc",1,2,1
76,What companies are the bookrunners but not the collateral agent in the agreement?,"deutsche bank securities inc, rbc capital markets, suntrust robinson humphrey inc, the bank of montreal, the bank of tokyo mitsubishi ufj ltd",1,2,1
76,What companies are the bookrunners but not the administrative agent in the agreement?,"deutsche bank securities inc, rbc capital markets, suntrust robinson humphrey inc, the bank of montreal, the bank of tokyo mitsubishi ufj ltd",1,2,1
76,What companies are the arrangers but not the collateral agent in the agreement?,"deutsche bank securities inc, rbc capital markets, suntrust robinson humphrey inc, the bank of montreal, the bank of tokyo mitsubishi ufj ltd",1,2,1
76,What companies are the arrangers but not the administrative agent in the agreement?,"deutsche bank securities inc, rbc capital markets, suntrust robinson humphrey inc, the bank of montreal, the bank of tokyo mitsubishi ufj ltd",1,2,1
8,What companies are the arrangers but not the bookrunners in the agreement?,wells fargo securities llc,1,2,0
8,What companies are the arrangers but not the arranger in the agreement?,"fennerand smith incorporated, merrill lynch, pierce",1,2,1
8,What companies are the arranger but not the arrangers in the agreement?,merrill lynch pierce fennerand smith incorporated,1,2,0
8,What companies are the arrangers but not the joint bookrunner in the agreement?,"fennerand smith incorporated, merrill lynch, pierce",1,2,1
8,What companies are the arrangers but not the joint bookrunners in the agreement?,"fennerand smith incorporated, merrill lynch, pierce",1,2,1
8,What companies are the arranger but not the joint bookrunner in the agreement?,merrill lynch pierce fennerand smith incorporated,1,2,0
8,What companies are the arranger but not the joint bookrunners in the agreement?,merrill lynch pierce fennerand smith incorporated,1,2,0
72,What companies are the syndication agents but not the arrangers in the agreement?,wells fargo bank national association,1,2,0
72,What companies are the arrangers but not the syndication agents in the agreement?,citigroup global markets inc,1,2,0
72,What companies are the syndication agents but not the book runners in the agreement?,wells fargo bank national association,1,2,0
72,What companies are the book runners but not the syndication agents in the agreement?,"citigroup global markets inc, wells fargo securities llc",1,2,1
72,What companies are the book runners but not the arrangers in the agreement?,wells fargo securities llc,1,2,0
72,What companies are the book runners but not the lead arrangers in the agreement?,"citigroup global markets inc, goldman sachs bank usa",1,2,1
66,What companies are the bookrunners but not the agents in the agreement?,"keybanc capital markets inc, wells fargo securities llc",1,2,1
66,What companies are the agents but not the bookrunners in the agreement?,keybanc capital markets,1,2,0
66,What companies are the bookrunners but not the lender in the agreement?,"bank of the west, barclays bank plc, bnp paribas securities corp, bofa securities inc, citigroup global markets inc, keybanc capital markets inc, wells fargo securities llc",1,2,1
66,What companies are the lender but not the bookrunners in the agreement?,"bank of america na, bank of thewest, capital one national association, dnb capital llc, hsbc bank usa national association, jpmorgan chase bank na, keybank national association, pnc bank national association, silicon valley bank, the huntington national bank, wells fargo bank national association",1,2,1
66,What companies are the bookrunners but not the issuing lender in the agreement?,"bank of the west, bnp paribas securities corp, bofa securities inc, citigroup global markets inc, keybanc capital markets inc, mufg bank ltd, us bank national association, wells fargo securities llc",1,2,1
66,What companies are the agents but not the arrangers in the agreement?,keybanc capital markets,1,2,0
66,What companies are the arrangers but not the agents in the agreement?,"keybanc capital markets inc, wells fargo securities llc",1,2,1
66,What companies are the agents but not the lender in the agreement?,"bank of the west, barclays bank plc, bnp paribas securities corp, bofa securities inc, citigroup global markets inc, keybanc capital markets",1,2,1
66,What companies are the lender but not the agents in the agreement?,"bank of america na, bank of thewest, capital one national association, dnb capital llc, hsbc bank usa national association, jpmorgan chase bank na, keybank national association, pnc bank national association, silicon valley bank, the huntington national bank, wells fargo bank national association",1,2,1
66,What companies are the agents but not the issuing lender in the agreement?,"bank of the west, bnp paribas securities corp, bofa securities inc, citigroup global markets inc, keybanc capital markets, mufg bank ltd, us bank national association",1,2,1
66,What companies are the arrangers but not the lender in the agreement?,"bank of the west, barclays bank plc, bnp paribas securities corp, bofa securities inc, citigroup global markets inc, keybanc capital markets inc, wells fargo securities llc",1,2,1
66,What companies are the lender but not the arrangers in the agreement?,"bank of america na, bank of thewest, capital one national association, dnb capital llc, hsbc bank usa national association, jpmorgan chase bank na, keybank national association, pnc bank national association, silicon valley bank, the huntington national bank, wells fargo bank national association",1,2,1
66,What companies are the arrangers but not the issuing lender in the agreement?,"bank of the west, bnp paribas securities corp, bofa securities inc, citigroup global markets inc, keybanc capital markets inc, mufg bank ltd, us bank national association, wells fargo securities llc",1,2,1
66,What companies are the lender but not the agent in the agreement?,"bank of america na, bank of thewest, capital one national association, dnb capital llc, hsbc bank usa national association, jpmorgan chase bank na, keybank national association, mufg bank ltd, pnc bank national association, silicon valley bank, the huntington national bank, us bank national association",1,2,1
99,What companies are the agent but not the bookrunners in the agreement?,"bank of america na, rabobank nederland, regions bank, suntrust bank, the bank of tokyo mitsubishi ufj ltd, us bank national association, wells fargo bank national association",1,2,1
99,What companies are the bookrunners but not the agent in the agreement?,"merrill lynch pierce fennerand smith incorporated, wells fargo securities llc",1,2,1
99,What companies are the agent but not the arrangers in the agreement?,"bank of america na, regions bank, suntrust bank, the bank of tokyo mitsubishi ufj ltd, us bank national association, wells fargo bank national association",1,2,1
99,What companies are the arrangers but not the agent in the agreement?,"merrill lynch pierce fennerand smith incorporated, wells fargo securities llc",1,2,1
99,What companies are the agent but not the joint bookrunners in the agreement?,"bank of america na, coöperatieve centrale raiffeisen boerenleenbank ba, regions bank, suntrust bank, the bank of tokyo mitsubishi ufj ltd, us bank national association, wells fargo bank national association",1,2,1
99,What companies are the agent but not the lender in the agreement?,"bank of america na, coöperatieve centrale raiffeisen boerenleenbank ba, rabobank nederland, wells fargo bank national association",1,2,1
99,What companies are the lender but not the agent in the agreement?,"avenue bank, bank of america, branch banking and trust company, coöperatieve centrale raiffeisen boerenleenbank ba rabobank, fifth third bank, first tennessee bank national association, greenstone farm credit services, pinnacle bank, pnc bank national association, synovus bank, wellsfargobanknationalassociation",1,2,1
99,What companies are the agent but not the administrative agent in the agreement?,"bank of america na, coöperatieve centrale raiffeisen boerenleenbank ba, rabobank nederland, regions bank, suntrust bank, the bank of tokyo mitsubishi ufj ltd, us bank national association",1,2,1
99,What companies are the administrative agent but not the agent in the agreement?,wellsfargobanknationalassociation,1,2,0
99,What companies are the arrangers but not the bookrunners in the agreement?,rabobank nederland,1,2,0
99,What companies are the arrangers but not the joint bookrunners in the agreement?,"coöperatieve centrale raiffeisen boerenleenbank ba, merrill lynch pierce fennerand smith incorporated, wells fargo securities llc",1,2,1
99,What companies are the lender but not the administrative agent in the agreement?,"avenue bank, bank of america, branch banking and trust company, coöperatieve centrale raiffeisen boerenleenbank ba rabobank, fifth third bank, first tennessee bank national association, greenstone farm credit services, pinnacle bank, pnc bank national association, regions bank, suntrust bank, synovus bank, the bank of tokyo mitsubishi ufj ltd, us bank national association",1,2,1
99,What companies are the administrative agent but not the lender in the agreement?,wells fargo bank national association,1,2,0
99,What companies are the lender but not the bank in the agreement?,"avenue bank, bank of america, branch banking and trust company, coöperatieve centrale raiffeisen boerenleenbank ba rabobank, fifth third bank, first tennessee bank national association, greenstone farm credit services, pinnacle bank, pnc bank national association, regions bank, suntrust bank, synovus bank, the bank of tokyo mitsubishi ufj ltd, us bank national association",1,2,1
99,What companies are the lender but not the collateral agent in the agreement?,"avenue bank, bank of america, branch banking and trust company, coöperatieve centrale raiffeisen boerenleenbank ba rabobank, fifth third bank, first tennessee bank national association, greenstone farm credit services, pinnacle bank, pnc bank national association, regions bank, suntrust bank, synovus bank, the bank of tokyo mitsubishi ufj ltd, us bank national association",1,2,1
99,What companies are the administrative agent but not the bank in the agreement?,wells fargo bank national association,1,2,0
99,What companies are the administrative agent but not the collateral agent in the agreement?,wells fargo bank national association,1,2,0
98,What companies are the swing line lender but not the administrative agent and lender in the agreement?,bank of america na,1,2,0
98,What companies are the administrative agent but not the administrative agent and lender in the agreement?,bank of america na,1,2,0
98,What companies are the l c issuer but not the administrative agent and lender in the agreement?,bank of america na,1,2,0
98,What companies are the book managers but not the arrangers in the agreement?,merrill lynch pierce fennerand smith incorporated,1,2,0
98,What companies are the book managers but not the joint lead arrangers in the agreement?,jp morgan securities llc,1,2,0
166,What companies are the bookrunners but not the lead arrangers in the agreement?,"barclays bank plc, citigroup global markets asia limited, ing bank nv singapore branch, kotak mahindra bank limited, standard chartered bank, state bank of india, the bank of tokyo mitsubishi ufj ltd",1,2,1
166,What companies are the bookrunners but not the lender in the agreement?,"citigroup global markets asia limited, ing bank nv singapore branch",1,2,1
166,What companies are the lender but not the bookrunners in the agreement?,"citibank na, icici bank uk plc, ing bank nv",1,2,1
166,What companies are the bookrunners but not the collateral agent in the agreement?,"australia and new zealand banking group limited, axis bank limited, bank of baroda, barclays bank plc, citigroup global markets asia limited, icici bank limited, ing bank nv singapore branch, kotak mahindra bank limited, state bank of india, the bank of tokyo mitsubishi ufj ltd",1,2,1
166,What companies are the bookrunners but not the administrative agent in the agreement?,"australia and new zealand banking group limited, axis bank limited, bank of baroda, barclays bank plc, citigroup global markets asia limited, icici bank limited, ing bank nv singapore branch, kotak mahindra bank limited, state bank of india, the bank of tokyo mitsubishi ufj ltd",1,2,1
166,What companies are the guarantor but not the mortgagor in the agreement?,"4260848 canada inc, 4260856 canada inc, 8018227 canada inc, novelis acquisitions llc, novelis ag, novelis aluminium holding unlimited company, novelis deutschland gmbh, novelis do brasil ltda, novelis europe holdings limited, novelis global employment organization inc, novelis holdings inc, novelis mea ltd, novelis pae sas, novelis services limited, novelis sheet ingot gmbh, novelis south america holdings llc, novelis switzerland sa, novelis uk ltd",1,2,1
166,What companies are the lender but not the lead arrangers in the agreement?,"barclays bank plc, citibank na, icici bank uk plc, ing bank nv, kotak mahindra bank limited, standard chartered bank, state bank of india, the bank of tokyo mitsubishi ufj ltd",1,2,1
166,What companies are the lender but not the collateral agent in the agreement?,"australia and new zealand banking group limited, axis bank limited, bank of baroda, barclays bank plc, citibank na, icici bank limited, icici bank uk plc, ing bank nv, kotak mahindra bank limited, state bank of india, the bank of tokyo mitsubishi ufj ltd",1,2,1
166,What companies are the lender but not the administrative agent in the agreement?,"australia and new zealand banking group limited, axis bank limited, bank of baroda, barclays bank plc, citibank na, icici bank limited, icici bank uk plc, ing bank nv, kotak mahindra bank limited, state bank of india, the bank of tokyo mitsubishi ufj ltd",1,2,1
73,What companies are the joint lead arrangers but not the collateral agent in the agreement?,"barclays bank plc, credit suisse securities usa llc, deutsche bank securities inc, suntrust robinson humphrey inc, wells fargo securities llc",1,2,1
73,What companies are the joint lead arrangers but not the swing line lender in the agreement?,"barclays bank plc, credit suisse securities usa llc, deutsche bank securities inc, suntrust robinson humphrey inc, wells fargo securities llc",1,2,1
73,What companies are the joint lead arrangers but not the administrative agent in the agreement?,"barclays bank plc, credit suisse securities usa llc, deutsche bank securities inc, suntrust robinson humphrey inc, wells fargo securities llc",1,2,1
73,What companies are the joint lead arrangers but not the l c issuer in the agreement?,"barclays bank plc, credit suisse securities usa llc, deutsche bank securities inc, suntrust robinson humphrey inc, wells fargo securities llc",1,2,1
73,What companies are the joint bookrunners but not the collateral agent in the agreement?,"barclays bank plc, credit suisse securities usa llc, deutsche bank securities inc, suntrust robinson humphrey inc, wells fargo securities llc",1,2,1
73,What companies are the joint bookrunners but not the swing line lender in the agreement?,"barclays bank plc, credit suisse securities usa llc, deutsche bank securities inc, suntrust robinson humphrey inc, wells fargo securities llc",1,2,1
73,What companies are the joint bookrunners but not the administrative agent in the agreement?,"barclays bank plc, credit suisse securities usa llc, deutsche bank securities inc, suntrust robinson humphrey inc, wells fargo securities llc",1,2,1
73,What companies are the joint bookrunners but not the l c issuer in the agreement?,"barclays bank plc, credit suisse securities usa llc, deutsche bank securities inc, suntrust robinson humphrey inc, wells fargo securities llc",1,2,1
9,What companies are the arranger but not the bookrunner in the agreement?,barclays bank plc,1,2,0
9,What companies are the arranger but not the lender in the agreement?,"jp morgan securities llc, rbs securities inc",1,2,1
9,What companies are the lender but not the arranger in the agreement?,"bank of america na, branch banking and trust company, citibank na, credit suisse ag cayman islands branch, goldman sachs bank usa, royal bank of canada, the royal bank of scotland plc",1,2,1
9,What companies are the arranger but not the syndication agent in the agreement?,"jp morgan securities llc, rbs securities inc",1,2,1
9,What companies are the arranger but not the joint bookrunner in the agreement?,"jp morgan securities llc, rbs securities inc",1,2,1
9,What companies are the arrangers but not the bookrunner in the agreement?,barclays bank plc,1,2,0
9,What companies are the arrangers but not the lender in the agreement?,"jp morgan securities llc, rbs securities inc",1,2,1
9,What companies are the lender but not the arrangers in the agreement?,"bank of america na, branch banking and trust company, citibank na, credit suisse ag cayman islands branch, goldman sachs bank usa, royal bank of canada, the royal bank of scotland plc",1,2,1
9,What companies are the arrangers but not the syndication agent in the agreement?,"jp morgan securities llc, rbs securities inc",1,2,1
9,What companies are the arrangers but not the joint bookrunner in the agreement?,"jp morgan securities llc, rbs securities inc",1,2,1
9,What companies are the agent but not the lender in the agreement?,"jpmorgan chase bank, the royal bank of scotland",1,2,1
9,What companies are the lender but not the agent in the agreement?,"barclays bank plc, branch banking and trust company, credit suisse ag cayman islands branch, goldman sachs bank usa, royal bank of canada, the royal bank of scotland plc",1,2,1
9,What companies are the agent but not the agents in the agreement?,"jpmorgan chase bank, the royal bank of scotland",1,2,1
9,What companies are the lender but not the agents in the agreement?,"barclays bank plc, branch banking and trust company, credit suisse ag cayman islands branch, goldman sachs bank usa, royal bank of canada, the royal bank of scotland plc",1,2,1
9,What companies are the lender but not the syndication agent in the agreement?,"bank of america na, branch banking and trust company, citibank na, credit suisse ag cayman islands branch, goldman sachs bank usa, royal bank of canada, the royal bank of scotland plc",1,2,1
9,What companies are the lender but not the joint bookrunner in the agreement?,"bank of america na, branch banking and trust company, citibank na, credit suisse ag cayman islands branch, goldman sachs bank usa, royal bank of canada, the royal bank of scotland plc",1,2,1
9,What companies are the lender but not the co documentation agents in the agreement?,"bank of america na, barclays bank plc, branch banking and trust company, citibank na, credit suisse ag cayman islands branch, goldman sachs bank usa, royal bank of canada",1,2,1
59,What companies are the agents but not the lender in the agreement?,abn amro capital llc,1,2,0
59,What companies are the lender but not the agents in the agreement?,"abn amro capital usa llc, arvest bank, farm credit mid america pca, first national bank of omaha, générale, jpmorgan chase bank na, pnc bank national association, the bank of nova scotia, us bank",1,2,1
59,What companies are the agents but not the arrangers in the agreement?,"abn amro capital llc, bank of america na, branch banking and trust company, citibank na",1,2,1
59,What companies are the arrangers but not the agents in the agreement?,"abn amro capital usa llc, farm credit mid america pca, merrill lynch pierce fenner and smith incorporated, us bank",1,2,1
59,What companies are the lender but not the arrangers in the agreement?,"arvest bank, bank of america na, branch banking and trust company, citibank na, first national bank of omaha, générale, jpmorgan chase bank na, pnc bank national association, the bank of nova scotia",1,2,1
59,What companies are the arrangers but not the lender in the agreement?,merrill lynch pierce fenner and smith incorporated,1,2,0
59,What companies are the swing line lender but not the lc issuer in the agreement?,bokf na,1,2,0
59,What companies are the swing line lender but not the agent in the agreement?,bokf na,1,2,0
65,What companies are the revolving lender but not the swingline lender in the agreement?,"citizens bank na, credit suisse ag cayman islands branch, deutsche bank ag new york branch, fifth third bank, goldman sachs bank usa, keybank national association, truist bank",1,2,1
65,What companies are the revolving lender but not the administrative agent in the agreement?,"bank of america na, credit suisse ag cayman islands branch, deutsche bank ag new york branch, fifth third bank, goldman sachs bank usa, keybank national association, truist bank",1,2,1
65,What companies are the revolving lender but not the issuer in the agreement?,"bank of america na, credit suisse ag cayman islands branch, deutsche bank ag new york branch, fifth third bank, goldman sachs bank usa, keybank national association, truist bank",1,2,1
164,What companies are the joint book runners but not the lead arrangers in the agreement?,"regions capital markets, us bank national association",1,2,1
164,What companies are the joint book runners but not the lender in the agreement?,"regions capital markets, suntrust robinson humphrey inc",1,2,1
164,What companies are the lender but not the joint book runners in the agreement?,"arvest bank, comerica bank, commerce bank, fifth third bank, regions bank, truist bank",1,2,1
164,What companies are the joint book runners but not the lc issuer in the agreement?,"regions capital markets, suntrust robinson humphrey inc",1,2,1
164,What companies are the joint book runners but not the administrative agent in the agreement?,"regions capital markets, suntrust robinson humphrey inc",1,2,1
164,What companies are the lender but not the syndication agents in the agreement?,"arvest bank, comerica bank, commerce bank, fifth third bank, us bank national association",1,2,1
164,What companies are the lender but not the lc issuer in the agreement?,"arvest bank, comerica bank, commerce bank, fifth third bank, regions bank, truist bank",1,2,1
164,What companies are the lender but not the administrative agent in the agreement?,"arvest bank, comerica bank, commerce bank, fifth third bank, regions bank, truist bank",1,2,1
170,What companies are the swing line lender but not the administrative agent in the agreement?,bank of america na,1,2,0
170,What companies are the swing line lender but not the agent in the agreement?,bank of america,1,2,0
170,What companies are the agent but not the swing line lender in the agreement?,"citibank, citibank na, goldman sachs bank usa, goldman sachs bank usa jpmorgan chase bank na the bank of nova scotia us bank national association, jpmorgan chase bank na, morgan stanley bank na, the bank of nova scotia, us bank national association, wells fargo bank, wells fargo bank na",1,2,1
170,What companies are the swing line lender but not the l c issuer in the agreement?,bank of america,1,2,0
170,What companies are the agent but not the lender in the agreement?,"bank of america na, citibank, goldman sachs bank usa jpmorgan chase bank na the bank of nova scotia us bank national association, wells fargo bank",1,2,1
170,What companies are the lender but not the agent in the agreement?,"cooperatieve centrale raiffeisen boerenleenbank ba rabobank nederland new york branch, hsbc bank usa national association, the bank of tokyo mitsubishi ufj ltd",1,2,1
170,What companies are the agent but not the l c issuer in the agreement?,"citibank, citibank na, goldman sachs bank usa, goldman sachs bank usa jpmorgan chase bank na the bank of nova scotia us bank national association, jpmorgan chase bank na, morgan stanley bank na, the bank of nova scotia, us bank national association, wells fargo bank, wells fargo bank na",1,2,1
165,What companies are the lender but not the documentation agents in the agreement?,"bank of america na, bank of the west, barclays bank plc, cooperatieve rabobank ua new york branch, hsbc bank usa na, jpmorgan chase bank na, royal bank of canada, suntrust bank, the bank of nova scotia, us bank national association",1,2,1
165,What companies are the lender but not the syndication agent in the agreement?,"bank of america na, bank of the west, barclays bank plc, cooperatieve rabobank ua new york branch, goldman sachs bank usa, hsbc bank usa na, mizuho bank ltd, royal bank of canada, suntrust bank, the bank of nova scotia, the bank of tokyo mitsubishi ufj ltd, us bank national association, wells fargo bank national association",1,2,1
165,What companies are the lender but not the joint bookrunners in the agreement?,"bank of america na, bank of the west, barclays bank plc, cooperatieve rabobank ua new york branch, goldman sachs bank usa, hsbc bank usa na, jpmorgan chase bank na, royal bank of canada, suntrust bank, the bank of nova scotia, the bank of tokyo mitsubishi ufj ltd, us bank national association, wells fargo bank national association",1,2,1
165,What companies are the lender but not the administrative agent in the agreement?,"bank of the west, barclays bank plc, cooperatieve rabobank ua new york branch, goldman sachs bank usa, hsbc bank usa na, jpmorgan chase bank na, mizuho bank ltd, royal bank of canada, suntrust bank, the bank of nova scotia, the bank of tokyo mitsubishi ufj ltd, us bank national association, wells fargo bank national association",1,2,1
165,What companies are the documentation agents but not the joint bookrunners in the agreement?,"goldman sachs bank usa, the bank of tokyo mitsubishi ufj ltd, wells fargo bank national association",1,2,1
64,What companies are the bookrunners but not the arrangers in the agreement?,goldman sachs lending partners llc,1,2,0
64,What companies are the bookrunners but not the lender in the agreement?,morgan stanley senior funding inc,1,2,0
64,What companies are the lender but not the bookrunners in the agreement?,"barclays bank plc, credit suisse ag cayman islands branch, truist bank",1,2,1
64,What companies are the bookrunners but not the lead arrangers in the agreement?,morgan stanley senior funding inc,1,2,0
64,What companies are the bookrunners but not the syndication agent in the agreement?,morgan stanley senior funding inc,1,2,0
64,What companies are the lender but not the lead arrangers in the agreement?,"barclays bank plc, credit suisse ag cayman islands branch, truist bank",1,2,1
64,What companies are the lender but not the syndication agent in the agreement?,"barclays bank plc, credit suisse ag cayman islands branch, truist bank",1,2,1
58,What companies are the investor but not the lenders in the agreement?,"kmg capital partners, llc and kkr biosimilar lp, mx ii associates llc",1,2,1
58,What companies are the lenders but not the investor in the agreement?,"hcr molag fund lp, hcrp overflow fund lp",1,2,1
41,What companies are the lc issuer but not the lender in the agreement?,bmo harris bank,1,2,0
41,What companies are the lender but not the lc issuer in the agreement?,"citibank na, eastern bank, keybank national association, middlesex savings bank, santander bank na, webster bank na",1,2,1
41,What companies are the syndication agent but not the lender in the agreement?,bmo harris bank,1,2,0
41,What companies are the lender but not the syndication agent in the agreement?,"citibank na, eastern bank, keybank national association, middlesex savings bank, santander bank na, webster bank na",1,2,1
41,What companies are the lender but not the documentation agent in the agreement?,"bmo harris bank na, citibank na, eastern bank, middlesex savings bank, santander bank na, webster bank na",1,2,1
69,What companies are the subsidiary but not the subsidiary guarantors in the agreement?,"chapman properties llc, cleveland lincoln garage llc, cleveland lincoln garage owner llc, mabley place garage ii llc, mabley place garage llc, mci 1372 street llc, minneapolis city parking llc, minneapolis venture llc, mvp bridgeport fairfield garage llc, mvp cincinnati race street garage llc, mvp clarksburg lot llc, mvp denver 1935 sherman llc, mvp denver sherman llc, mvp detroit center garage llc, mvp fort worth taylor llc, mvp houston jefferson lot llc, mvp houston preston lot llc, mvp houston saks garage llc, mvp houston san jacinto lot llc, mvp indianapolis city park garage llc, mvp indianapolis meridian lot llc, mvp indianapolis washington street lot llc, mvp kc cherry lot llc, mvp louisville station broadway llc, mvp milwaukee arena lot llc, mvp milwaukee clybourn llc, mvp milwaukee old world llc, mvp pf fort lauderdale 2013 llc, mvp pf kansas city 2013 llc, mvp pf memphis court 2013 llc, mvp pf memphis poplar 2013 llc, mvp pf st louis 2013 llc, mvp preferred parking llc, mvp reit ii operating partnership lp, mvp san jose 88 garage llc, mvp st louis broadway llc, mvp st louis cerre llc, mvp st louis convention plaza llc, mvp st louis lucas llc, mvp st louis washington llc, mvp st paul holiday garage llc, mvp wildwood nj lot llc, st louis broadway group llc, st louis seventh and cerre llc, west 9th street properties ii llc, white front garage partners llc",1,2,1
69,What companies are the subsidiary but not the guarantors in the agreement?,"chapman properties llc, cleveland lincoln garage llc, cleveland lincoln garage owner llc, mabley place garage ii llc, mabley place garage llc, mci 1372 street llc, minneapolis city parking llc, minneapolis venture llc, mvp acquisitions llc, mvp bridgeport fairfield garage llc, mvp cincinnati race street garage llc, mvp clarksburg lot llc, mvp denver 1935 sherman llc, mvp denver sherman llc, mvp detroit center garage llc, mvp fort worth taylor llc, mvp houston jefferson lot llc, mvp houston preston lot llc, mvp houston saks garage llc, mvp houston san jacinto lot llc, mvp indianapolis city park garage llc, mvp indianapolis meridian lot llc, mvp indianapolis washington street lot llc, mvp kc cherry lot llc, mvp louisville station broadway llc, mvp merger sub llc, mvp milwaukee arena lot llc, mvp milwaukee clybourn llc, mvp milwaukee old world llc, mvp milwaukee wells llc, mvp pf fort lauderdale 2013 llc, mvp pf kansas city 2013 llc, mvp pf memphis court 2013 llc, mvp pf memphis poplar 2013 llc, mvp pf st louis 2013 llc, mvp preferred parking llc, mvp raider park garage llc, mvp reit ii operating partnership lp, mvp san jose 88 garage llc, mvp st louis broadway llc, mvp st louis cerre llc, mvp st louis convention plaza llc, mvp st louis lucas llc, mvp st louis washington llc, mvp st paul holiday garage llc, mvp wildwood nj lot llc, st louis broadway group llc, st louis seventh and cerre llc, west 9th street properties ii llc, white front garage partners llc",1,2,1
69,What companies are the subsidiary but not the borrower in the agreement?,"chapman properties llc, cleveland lincoln garage llc, cleveland lincoln garage owner llc, mabley place garage ii llc, mabley place garage llc, mci 1372 street llc, minneapolis city parking llc, minneapolis venture llc, mvp acquisitions llc, mvp bridgeport fairfield garage llc, mvp cincinnati race street garage llc, mvp clarksburg lot llc, mvp denver 1935 sherman llc, mvp denver sherman llc, mvp detroit center garage llc, mvp fort worth taylor llc, mvp houston jefferson lot llc, mvp houston preston lot llc, mvp houston saks garage llc, mvp houston san jacinto lot llc, mvp indianapolis city park garage llc, mvp indianapolis meridian lot llc, mvp indianapolis washington street lot llc, mvp kc cherry lot llc, mvp louisville station broadway llc, mvp merger sub llc, mvp milwaukee arena lot llc, mvp milwaukee clybourn llc, mvp milwaukee old world llc, mvp milwaukee wells llc, mvp pf fort lauderdale 2013 llc, mvp pf kansas city 2013 llc, mvp pf memphis court 2013 llc, mvp pf memphis poplar 2013 llc, mvp pf st louis 2013 llc, mvp preferred parking llc, mvp raider park garage llc, mvp real estate holdings llc, mvp san jose 88 garage llc, mvp st louis broadway llc, mvp st louis cerre llc, mvp st louis convention plaza llc, mvp st louis lucas llc, mvp st louis washington llc, mvp st paul holiday garage llc, mvp wildwood nj lot llc, st louis broadway group llc, st louis seventh and cerre llc, west 9th street properties ii llc, white front garage partners llc",1,2,1
69,What companies are the subsidiary guarantors but not the guarantors in the agreement?,"mvp acquisitions llc, mvp merger sub llc, mvp milwaukee wells llc, mvp raider park garage llc",1,2,1
82,What companies are the lender but not the co syndication agent in the agreement?,"citibank, hsbc bank usa national association, jpmorgan chase bank, pnc bank national association, td bank, the bank of tokyo mitsubishi ufj ltd, the northern trust company, the royal bank of scotland plc, us bank national association, wells fargo bank national association",1,2,1
82,What companies are the lender but not the co documentation agent in the agreement?,"bank of america, barclays bank plc, jpmorgan chase bank, pnc bank national association, td bank, the bank of tokyo mitsubishi ufj ltd, the northern trust company, us bank national association, wells fargo bank national association",1,2,1
82,What companies are the lender but not the swingline lender in the agreement?,"bank of america, barclays bank plc, citibank, hsbc bank usa national association, pnc bank national association, td bank, the bank of tokyo mitsubishi ufj ltd, the northern trust company, the royal bank of scotland plc, us bank national association, wells fargo bank national association",1,2,1
82,What companies are the lender but not the administrative agent in the agreement?,"bank of america, barclays bank plc, citibank, hsbc bank usa national association, pnc bank national association, td bank, the bank of tokyo mitsubishi ufj ltd, the northern trust company, the royal bank of scotland plc, us bank national association, wells fargo bank national association",1,2,1
168,What companies are the syndication agent but not the lender in the agreement?,bank of america,1,2,0
168,What companies are the lender but not the syndication agent in the agreement?,citibank na,1,2,0
168,What companies are the syndication agent but not the lenders in the agreement?,bank of america,1,2,0
168,What companies are the lenders but not the syndication agent in the agreement?,citibank na,1,2,0
168,What companies are the lead arrangers but not the administrative agent in the agreement?,bofa securities inc,1,2,0
168,What companies are the book runners but not the administrative agent in the agreement?,bofa securities inc,1,2,0
168,What companies are the lender but not the agent in the agreement?,bank of america na,1,2,0
168,What companies are the lenders but not the agent in the agreement?,bank of america na,1,2,0
96,What companies are the lenders but not the co book managers in the agreement?,"bank of the west, community bank of santa fe, first national bank of santa fe, four corners community bank, southwest capital bank, us bank national association, washington federal bank, western commerce bank",1,2,1
96,What companies are the lenders but not the arrangers in the agreement?,"bank of the west, community bank of santa fe, first national bank of santa fe, four corners community bank, southwest capital bank, washington federal bank, western commerce bank",1,2,1
96,What companies are the lenders but not the syndication agent in the agreement?,"bank of the west, community bank of santa fe, first national bank of santa fe, four corners community bank, southwest capital bank, washington federal bank, western commerce bank",1,2,1
96,What companies are the lenders but not the book managers in the agreement?,"bank of the west, bokf na dba bank of albuquerque, community bank of santa fe, first national bank of santa fe, four corners community bank, southwest capital bank, washington federal bank, western commerce bank",1,2,1
96,What companies are the lenders but not the administrative agent in the agreement?,"bank of the west, bokf na dba bank of albuquerque, community bank of santa fe, first national bank of santa fe, four corners community bank, southwest capital bank, washington federal bank, western commerce bank",1,2,1
96,What companies are the arrangers but not the co book managers in the agreement?,us bank national association,1,2,0
96,What companies are the syndication agent but not the co book managers in the agreement?,us bank national association,1,2,0
96,What companies are the arrangers but not the book managers in the agreement?,bokf na dba bank of albuquerque,1,2,0
96,What companies are the arrangers but not the administrative agent in the agreement?,bokf na dba bank of albuquerque,1,2,0
96,What companies are the syndication agent but not the book managers in the agreement?,bokf na dba bank of albuquerque,1,2,0
96,What companies are the syndication agent but not the administrative agent in the agreement?,bokf na dba bank of albuquerque,1,2,0
140,What companies are the borrower but not the holdings in the agreement?,"airopco 1asl bermuda ltd, airopco 1et bermuda ltd, airopco 1jt bermuda ltd, airopco i sd ireland dac, airopco ii ko ireland dac, airopco ii me ireland dac, wwtai airopco 1 bermuda ltd, wwtai airopco bpa ireland limited, wwtai airopco ii dac, wwtai finance ltd",1,2,1
140,What companies are the holdings but not the borrower in the agreement?,"fortress transportation, infrastructure investors llc",1,2,1
140,What companies are the borrower but not the intermediateco in the agreement?,"airopco 1asl bermuda ltd, airopco 1et bermuda ltd, airopco 1jt bermuda ltd, airopco i sd ireland dac, airopco ii ko ireland dac, airopco ii me ireland dac, wwtai airopco 1 bermuda ltd, wwtai airopco bpa ireland limited, wwtai airopco ii dac, wwtai finance ltd",1,2,1
140,What companies are the intermediateco but not the borrower in the agreement?,"fortress worldwide transportation, fortress worldwide transportation and infrastructure general partnership, infrastructure general partnership",1,2,1
140,What companies are the holdings but not the intermediateco in the agreement?,"fortress transportation, infrastructure investors llc",1,2,1
140,What companies are the intermediateco but not the holdings in the agreement?,"fortress worldwide transportation, fortress worldwide transportation and infrastructure general partnership, infrastructure general partnership",1,2,1
141,What companies are the administrative agent but not the lender in the agreement?,"national association, pnc bank",1,2,1
141,What companies are the lender but not the administrative agent in the agreement?,"bank of america na, branch banking and trust company, citizens bank of pennsylvania, keybank national association, td bank na, the northern trust company",1,2,1
169,What companies are the lender but not the book runners in the agreement?,"bank of america na, barclays bank plc, coöperatieve centrale raiffeisen boerenleenbank barabobank nederland new york branch, goldman sachs bank usa",1,2,1
169,What companies are the lender but not the syndication agents in the agreement?,"barclays bank plc, coöperatieve centrale raiffeisen boerenleenbank barabobank nederland new york branch, goldman sachs bank usa, merrill lynch pierce fenner and smith incorporated, wells fargo bank national association",1,2,1
169,What companies are the lender but not the agent in the agreement?,"barclays bank plc, merrill lynch pierce fenner and smith incorporated",1,2,1
169,What companies are the lender but not the arranger in the agreement?,"bank of america na, barclays bank plc, merrill lynch pierce fenner and smith incorporated, wells fargo bank national association",1,2,1
169,What companies are the lender but not the documentation agent in the agreement?,"bank of america na, barclays bank plc, coöperatieve centrale raiffeisen boerenleenbank barabobank nederland new york branch, merrill lynch pierce fenner and smith incorporated, wells fargo bank national association",1,2,1
169,What companies are the lender but not the book runner in the agreement?,"bank of america na, barclays bank plc, coöperatieve centrale raiffeisen boerenleenbank barabobank nederland new york branch, goldman sachs bank usa, merrill lynch pierce fenner and smith incorporated",1,2,1
169,What companies are the lender but not the administrative agent in the agreement?,"bank of america na, barclays bank plc, coöperatieve centrale raiffeisen boerenleenbank barabobank nederland new york branch, goldman sachs bank usa, merrill lynch pierce fenner and smith incorporated",1,2,1
169,What companies are the lender but not the lead arranger in the agreement?,"bank of america na, barclays bank plc, coöperatieve centrale raiffeisen boerenleenbank barabobank nederland new york branch, goldman sachs bank usa, merrill lynch pierce fenner and smith incorporated",1,2,1
169,What companies are the book runners but not the agent in the agreement?,merrill lynch pierce fenner and smith incorporated,1,2,0
169,What companies are the agent but not the book runners in the agreement?,"bank of america na, coöperatieve centrale raiffeisen boerenleenbank barabobank nederland new york branch, goldman sachs bank usa",1,2,1
169,What companies are the book runners but not the book runner in the agreement?,merrill lynch pierce fenner and smith incorporated,1,2,0
169,What companies are the book runners but not the administrative agent in the agreement?,merrill lynch pierce fenner and smith incorporated,1,2,0
169,What companies are the book runners but not the lead arranger in the agreement?,merrill lynch pierce fenner and smith incorporated,1,2,0
169,What companies are the agent but not the syndication agents in the agreement?,"coöperatieve centrale raiffeisen boerenleenbank barabobank nederland new york branch, goldman sachs bank usa, wells fargo bank national association",1,2,1
169,What companies are the agent but not the arranger in the agreement?,"bank of america na, wells fargo bank national association",1,2,1
169,What companies are the agent but not the documentation agent in the agreement?,"bank of america na, coöperatieve centrale raiffeisen boerenleenbank barabobank nederland new york branch, wells fargo bank national association",1,2,1
169,What companies are the agent but not the book runner in the agreement?,"bank of america na, coöperatieve centrale raiffeisen boerenleenbank barabobank nederland new york branch, goldman sachs bank usa",1,2,1
169,What companies are the agent but not the administrative agent in the agreement?,"bank of america na, coöperatieve centrale raiffeisen boerenleenbank barabobank nederland new york branch, goldman sachs bank usa",1,2,1
169,What companies are the agent but not the lead arranger in the agreement?,"bank of america na, coöperatieve centrale raiffeisen boerenleenbank barabobank nederland new york branch, goldman sachs bank usa",1,2,1
169,What companies are the arranger but not the documentation agent in the agreement?,coöperatieve centrale raiffeisen boerenleenbank barabobank nederland new york branch,1,2,0
83,What companies are the administrative agent but not the swing line lender in the agreement?,jpmorgan chase bank,1,2,0
83,What companies are the administrative agent but not the l c issuer in the agreement?,jpmorgan chase bank,1,2,0
83,What companies are the cayman borrower but not the us borrower in the agreement?,western digital ireland ltd,1,2,0
68,What companies are the arranger but not the lender in the agreement?,"bmo capital markets corp, bofa securities",1,2,1
68,What companies are the lender but not the arranger in the agreement?,"bank of america na, bank of montreal, capital one national association, citizens bank na, first financial bank na, regions bank",1,2,1
68,What companies are the arranger but not the agent in the agreement?,"bmo capital markets corp, bofa securities",1,2,1
68,What companies are the agent but not the arranger in the agreement?,"bank of montreal, citizens bank na, regions bank",1,2,1
68,What companies are the arranger but not the l c issuer in the agreement?,"bmo capital markets corp, bofa securities",1,2,1
68,What companies are the lender but not the agent in the agreement?,"bank of america na, capital one national association, first financial bank na",1,2,1
68,What companies are the lender but not the l c issuer in the agreement?,"bank of america na, bank of montreal, capital one national association, citizens bank na, first financial bank na, regions bank",1,2,1
68,What companies are the lender but not the administrative agent in the agreement?,"bank of montreal, capital one national association, citizens bank na, first financial bank na, jpmorgan chase bank na, regions bank",1,2,1
68,What companies are the lender but not the issuer in the agreement?,"bank of montreal, capital one national association, citizens bank na, first financial bank na, jpmorgan chase bank na, regions bank",1,2,1
68,What companies are the agent but not the l c issuer in the agreement?,"bank of montreal, citizens bank na, regions bank",1,2,1
40,What companies are the arrangers but not the bookrunners in the agreement?,keybanc capital markets inc,1,2,0
40,What companies are the arrangers but not the joint bookrunners in the agreement?,jp morgan securities llc,1,2,0
40,What companies are the lender but not the co documentation agent in the agreement?,"jpmorgan chase bank na, keybank national association, morgan stanley bank na, the bank of novia scotia",1,2,1
40,What companies are the lender but not the syndication agent in the agreement?,"associated bank national association, first niagara bank na, jpmorgan chase bank na, morgan stanley bank na, the bank of novia scotia",1,2,1
40,What companies are the lender but not the administrative agent in the agreement?,"associated bank national association, first niagara bank na, keybank national association, morgan stanley bank na, the bank of novia scotia",1,2,1
40,What companies are the lender but not the issuing bank in the agreement?,"associated bank national association, first niagara bank na, keybank national association, morgan stanley bank na, the bank of novia scotia",1,2,1
56,What companies are the agents but not the lender in the agreement?,morgan stanley senior funding inc,1,2,0
56,What companies are the lender but not the agents in the agreement?,"credit suisse ag cayman islands branch, morgan stanley bank na, nomura corporate funding americas llc, ubs ag stamford branch",1,2,1
56,What companies are the administrative agent but not the collateral agent in the agreement?,credit suisse ag cayman islands branch,1,2,0
56,What companies are the administrative agent but not the lender in the agreement?,credit suisse ag,1,2,0
56,What companies are the lender but not the administrative agent in the agreement?,"barclays bank plc, goldman sachs bank usa, morgan stanley bank na, nomura corporate funding americas llc, ubs ag stamford branch",1,2,1
4,What companies are the lead arranger but not the syndication agent in the agreement?,goldman sachs bank usa,1,2,0
4,What companies are the lead arranger but not the swing line lender in the agreement?,p morgan securities llc,1,2,0
4,What companies are the lead arranger but not the administrative agent in the agreement?,p morgan securities llc,1,2,0
4,What companies are the lead arranger but not the l c issuer in the agreement?,p morgan securities llc,1,2,0
4,What companies are the bookrunner but not the syndication agent in the agreement?,goldman sachs bank usa,1,2,0
4,What companies are the bookrunner but not the swing line lender in the agreement?,p morgan securities llc,1,2,0
4,What companies are the bookrunner but not the administrative agent in the agreement?,p morgan securities llc,1,2,0
4,What companies are the bookrunner but not the l c issuer in the agreement?,p morgan securities llc,1,2,0
42,What companies are the lender but not the syndication agent in the agreement?,"bank of america na, pnc bank national association, regions bank, td bank na, wells fargo bank national association",1,2,1
42,What companies are the lender but not the administrative agent in the agreement?,"jpmorgan chase bank na, pnc bank national association, regions bank, td bank na, wells fargo bank national association",1,2,1
143,What companies are the arrangers but not the syndication agent in the agreement?,wells fargo securities llc,1,2,0
143,What companies are the book runners but not the arrangers in the agreement?,fifth third bank,1,2,0
143,What companies are the book runners but not the syndication agent in the agreement?,"fifth third bank, wells fargo securities llc",1,2,1
143,What companies are the book runners but not the lender in the agreement?,"citizens bank national association, wells fargo securities llc",1,2,1
143,What companies are the lender but not the book runners in the agreement?,"bank of america na, bmo harris bank na, cadence bank na, capital one na, citizens bank na, first tennessee bank national association, texas capital bank na, wells fargo bank national association",1,2,1
143,What companies are the book runners but not the documentation agent in the agreement?,"citizens bank national association, wells fargo securities llc",1,2,1
143,What companies are the book runners but not the joint book runners in the agreement?,"citizens bank national association, wells fargo securities llc",1,2,1
143,What companies are the book runners but not the joint lead arrangers in the agreement?,"citizens bank national association, wells fargo securities llc",1,2,1
143,What companies are the lender but not the documentation agent in the agreement?,"bank of america na, bmo harris bank na, cadence bank na, capital one na, citizens bank na, first tennessee bank national association, texas capital bank na, wells fargo bank national association",1,2,1
143,What companies are the lender but not the joint book runners in the agreement?,"bank of america na, bmo harris bank na, cadence bank na, capital one na, citizens bank na, first tennessee bank national association, texas capital bank na, wells fargo bank national association",1,2,1
143,What companies are the lender but not the joint lead arrangers in the agreement?,"bank of america na, bmo harris bank na, cadence bank na, capital one na, citizens bank na, first tennessee bank national association, texas capital bank na, wells fargo bank national association",1,2,1
143,What companies are the lender but not the administrative agent in the agreement?,"bank of america na, bmo harris bank na, cadence bank na, capital one na, citizens bank na, fifth third bank, first tennessee bank national association, texas capital bank na",1,2,1
143,What companies are the lender but not the agent in the agreement?,"bank of america na, bmo harris bank na, cadence bank na, capital one na, citizens bank na, fifth third bank, first tennessee bank national association, texas capital bank na",1,2,1
142,What companies are the documentation agents but not the lender in the agreement?,bank of america na citibank na deutsche bank securities inc export development canada the bank of tokyo mitsubishi ufj ltd,1,2,0
142,What companies are the lender but not the documentation agents in the agreement?,"bank of america na, bank of montreal chicago branch, barclays bank plc, canadian imperial bank of commerce new york branch, citibank na, credit agricole corporate and investment bank, credit suisse ag toronto branch, deutsche bank ag new york branch, export development canada, jpmorgan chase bank na, mizuho bank ltd, national bank of canada new york branch, royal bank of canada, the bank of nova scotia, the bank of tokyo mitsubishi ujf ltd, the toronto dominion bank new york branch, wells fargo bank national association",1,2,1
142,What companies are the lender but not the administrative agent in the agreement?,"bank of america na, bank of montreal chicago branch, barclays bank plc, canadian imperial bank of commerce new york branch, citibank na, credit agricole corporate and investment bank, credit suisse ag toronto branch, deutsche bank ag new york branch, export development canada, hsbc bank canada, mizuho bank ltd, national bank of canada new york branch, royal bank of canada, the bank of nova scotia, the bank of tokyo mitsubishi ujf ltd, the toronto dominion bank new york branch, wells fargo bank national association",1,2,1
156,What companies are the issuing bank but not the lende in the agreement?,"bnp paribas, wells fargo bank national association, wells fargo capital finance corporation canada",1,2,1
156,What companies are the issuing bank but not the lender in the agreement?,jpmorgan chase bank na,1,2,0
156,What companies are the lender but not the issuing bank in the agreement?,deutsche bank ag new york branch,1,2,0
156,What companies are the issuing bank but not the joint bookrunners in the agreement?,"jpmorgan chase bank na, wells fargo capital finance corporation canada",1,2,1
156,What companies are the issuing bank but not the bookrunners in the agreement?,"jpmorgan chase bank na, wells fargo bank national association, wells fargo capital finance corporation canada",1,2,1
156,What companies are the issuing bank but not the joint lead arrangers in the agreement?,"jpmorgan chase bank na, wells fargo capital finance corporation canada",1,2,1
156,What companies are the issuing bank but not the security agent in the agreement?,"bnp paribas, jpmorgan chase bank na, wells fargo capital finance corporation canada",1,2,1
156,What companies are the issuing bank but not the administrative agent in the agreement?,"bnp paribas, jpmorgan chase bank na, wells fargo capital finance corporation canada",1,2,1
156,What companies are the issuing bank but not the bookrunner in the agreement?,"bnp paribas, jpmorgan chase bank na, wells fargo capital finance corporation canada",1,2,1
156,What companies are the issuing bank but not the agent in the agreement?,"bnp paribas, jpmorgan chase bank na, wells fargo capital finance corporation canada",1,2,1
156,What companies are the issuing bank but not the lead arrangers in the agreement?,"bnp paribas, jpmorgan chase bank na, wells fargo capital finance corporation canada",1,2,1
156,What companies are the issuing bank but not the lead arranger in the agreement?,"bnp paribas, jpmorgan chase bank na, wells fargo capital finance corporation canada",1,2,1
156,What companies are the lender but not the joint bookrunners in the agreement?,"deutsche bank ag new york branch, wells fargo capital finance corporation canada",1,2,1
156,What companies are the lender but not the bookrunners in the agreement?,"deutsche bank ag new york branch, wells fargo bank national association, wells fargo capital finance corporation canada",1,2,1
156,What companies are the lender but not the joint lead arrangers in the agreement?,"deutsche bank ag new york branch, wells fargo capital finance corporation canada",1,2,1
156,What companies are the lender but not the security agent in the agreement?,"bnp paribas, deutsche bank ag new york branch, wells fargo capital finance corporation canada",1,2,1
156,What companies are the lender but not the administrative agent in the agreement?,"bnp paribas, deutsche bank ag new york branch, wells fargo capital finance corporation canada",1,2,1
156,What companies are the lender but not the bookrunner in the agreement?,"bnp paribas, deutsche bank ag new york branch, wells fargo capital finance corporation canada",1,2,1
156,What companies are the lender but not the agent in the agreement?,"bnp paribas, deutsche bank ag new york branch, wells fargo capital finance corporation canada",1,2,1
156,What companies are the lender but not the lead arrangers in the agreement?,"bnp paribas, deutsche bank ag new york branch, wells fargo capital finance corporation canada",1,2,1
156,What companies are the lender but not the lead arranger in the agreement?,"bnp paribas, deutsche bank ag new york branch, wells fargo capital finance corporation canada",1,2,1
156,What companies are the joint bookrunners but not the bookrunners in the agreement?,wells fargo bank national association,1,2,0
156,What companies are the joint bookrunners but not the security agent in the agreement?,bnp paribas,1,2,0
156,What companies are the joint bookrunners but not the administrative agent in the agreement?,bnp paribas,1,2,0
156,What companies are the joint bookrunners but not the bookrunner in the agreement?,bnp paribas,1,2,0
156,What companies are the joint bookrunners but not the agent in the agreement?,bnp paribas,1,2,0
156,What companies are the joint bookrunners but not the lead arrangers in the agreement?,bnp paribas,1,2,0
156,What companies are the joint bookrunners but not the lead arranger in the agreement?,bnp paribas,1,2,0
156,What companies are the joint lead arrangers but not the bookrunners in the agreement?,wells fargo bank national association,1,2,0
156,What companies are the joint lead arrangers but not the security agent in the agreement?,bnp paribas,1,2,0
156,What companies are the joint lead arrangers but not the administrative agent in the agreement?,bnp paribas,1,2,0
156,What companies are the joint lead arrangers but not the bookrunner in the agreement?,bnp paribas,1,2,0
156,What companies are the joint lead arrangers but not the agent in the agreement?,bnp paribas,1,2,0
156,What companies are the joint lead arrangers but not the lead arrangers in the agreement?,bnp paribas,1,2,0
156,What companies are the joint lead arrangers but not the lead arranger in the agreement?,bnp paribas,1,2,0
80,What companies are the arrangers but not the sole book manager in the agreement?,"hsbc securities usa inc, pnc capital markets llc, suntrust robinson humphrey inc, us bancorp investments inc",1,2,1
80,What companies are the lender but not the issuing lender in the agreement?,"bank of america, citibank, goldman sachs bank usa, hsbc bank usa national association, jp morgan chase bank, pnc bank national association, suntrust bank, us bank national association",1,2,1
80,What companies are the lender but not the administrative agent in the agreement?,"bank of america, citibank, goldman sachs bank usa, hsbc bank usa national association, jp morgan chase bank, pnc bank national association, suntrust bank, us bank national association",1,2,1
80,What companies are the lender but not the swingline lender in the agreement?,"bank of america, citibank, goldman sachs bank usa, hsbc bank usa national association, jp morgan chase bank, pnc bank national association, suntrust bank, us bank national association",1,2,1
94,What companies are the bookrunners but not the lender in the agreement?,pnc capital markets llc,1,2,0
94,What companies are the lender but not the bookrunners in the agreement?,"natixis new york branch, rbs citizens na, suntrust bank",1,2,1
94,What companies are the bookrunners but not the administrative agent in the agreement?,"fifth third bank, pnc capital markets llc, sumitomo mitsui banking corporation",1,2,1
94,What companies are the bookrunners but not the collatera agent in the agreement?,"fifth third bank, pnc capital markets llc, sumitomo mitsui banking corporation",1,2,1
94,What companies are the arrangers but not the lender in the agreement?,pnc capital markets llc,1,2,0
94,What companies are the lender but not the arrangers in the agreement?,"natixis new york branch, rbs citizens na, suntrust bank",1,2,1
94,What companies are the arrangers but not the administrative agent in the agreement?,"fifth third bank, pnc capital markets llc, sumitomo mitsui banking corporation",1,2,1
94,What companies are the arrangers but not the collatera agent in the agreement?,"fifth third bank, pnc capital markets llc, sumitomo mitsui banking corporation",1,2,1
94,What companies are the lender but not the administrative agent in the agreement?,"fifth third bank, natixis new york branch, rbs citizens na, sumitomo mitsui banking corporation, suntrust bank",1,2,1
94,What companies are the lender but not the collatera agent in the agreement?,"fifth third bank, natixis new york branch, rbs citizens na, sumitomo mitsui banking corporation, suntrust bank",1,2,1
94,What companies are the lender but not the senior managing agent in the agreement?,"fifth third bank, jefferies finance llc, natixis new york branch, sumitomo mitsui banking corporation, suntrust bank",1,2,1
94,What companies are the lender but not the agent in the agreement?,"fifth third bank, jefferies finance llc, rbs citizens na, sumitomo mitsui banking corporation, suntrust bank",1,2,1
57,What companies are the arranger but not the lender in the agreement?,"deutsche bank securities inc, merrill lynch pierce fenner and smith incorporated",1,2,1
57,What companies are the lender but not the arranger in the agreement?,"bank of america na, barclays bank plc, commerzbank ag new york branch, hsbc bank usa national association, morgan stanley bank na, morgan stanley senior funding inc, mufg bank ltd, pnc bank national association, swing line, unicredit bank ag new york branch, us bank national association",1,2,1
57,What companies are the arranger but not the l c issuer in the agreement?,"citibank na, deutsche bank securities inc, merrill lynch pierce fenner and smith incorporated",1,2,1
57,What companies are the bookrunner but not the lender in the agreement?,"deutsche bank securities inc, merrill lynch pierce fenner and smith incorporated",1,2,1
57,What companies are the lender but not the bookrunner in the agreement?,"bank of america na, barclays bank plc, commerzbank ag new york branch, hsbc bank usa national association, morgan stanley bank na, morgan stanley senior funding inc, mufg bank ltd, pnc bank national association, swing line, unicredit bank ag new york branch, us bank national association",1,2,1
57,What companies are the bookrunner but not the l c issuer in the agreement?,"citibank na, deutsche bank securities inc, merrill lynch pierce fenner and smith incorporated",1,2,1
57,What companies are the borrower but not the company in the agreement?,europe bv,1,2,0
57,What companies are the lender but not the administrative agent in the agreement?,"barclays bank plc, citibank na, commerzbank ag new york branch, hsbc bank usa national association, jpmorgan chase bank na, morgan stanley bank na, morgan stanley senior funding inc, mufg bank ltd, pnc bank national association, swing line, unicredit bank ag new york branch, us bank national association",1,2,1
57,What companies are the lender but not the l c issuer in the agreement?,"bank of america na, barclays bank plc, citibank na, commerzbank ag new york branch, hsbc bank usa national association, morgan stanley bank na, morgan stanley senior funding inc, mufg bank ltd, pnc bank national association, swing line, unicredit bank ag new york branch, us bank national association",1,2,1
57,What companies are the designated borrower but not the dutch borrower in the agreement?,celanese europe bv,1,2,0
5,What companies are the documentation agents but not the lead arrangers in the agreement?,wells fargo bank,1,2,0
47,What companies are the joint lead arrangers but not the joint bookrunners in the agreement?,deutsche bank ag new york branch,1,2,0
47,What companies are the joint bookrunners but not the joint lead arrangers in the agreement?,the bank of tokyo mitsubishi ufjltd,1,2,0
47,What companies are the joint lead arrangers but not the lender in the agreement?,"merrill lynch pierce fennerand smith incorporated, pnc capital markets llc, wells fargo securities llc",1,2,1
47,What companies are the lender but not the joint lead arrangers in the agreement?,"bank of america na, barclays bank plc, citibank na, dnb capital llc, hsbc bank usa na, jpmorgan chase bank na, pnc bank national association, the bank of tokyo mitsubishi ufjltd, wells fargo bank national association",1,2,1
47,What companies are the joint lead arrangers but not the co syndication agents in the agreement?,"merrill lynch pierce fennerand smith incorporated, pnc capital markets llc, wells fargo securities llc",1,2,1
47,What companies are the co syndication agents but not the joint lead arrangers in the agreement?,"bank of america na, pnc bank national association, the bank of tokyo mitsubishi ufjltd",1,2,1
47,What companies are the joint bookrunners but not the lender in the agreement?,"merrill lynch pierce fennerand smith incorporated, pnc capital markets llc, wells fargo securities llc",1,2,1
47,What companies are the lender but not the joint bookrunners in the agreement?,"bank of america na, barclays bank plc, citibank na, deutsche bank ag new york branch, dnb capital llc, hsbc bank usa na, jpmorgan chase bank na, pnc bank national association, wells fargo bank national association",1,2,1
47,What companies are the joint bookrunners but not the co syndication agents in the agreement?,"merrill lynch pierce fennerand smith incorporated, pnc capital markets llc, wells fargo securities llc",1,2,1
47,What companies are the co syndication agents but not the joint bookrunners in the agreement?,"bank of america na, deutsche bank ag new york branch, pnc bank national association",1,2,1
47,What companies are the lender but not the co syndication agents in the agreement?,"barclays bank plc, citibank na, dnb capital llc, hsbc bank usa na, jpmorgan chase bank na, wells fargo bank national association",1,2,1
47,What companies are the lender but not the administrative agent in the agreement?,"bank of america na, barclays bank plc, citibank na, deutsche bank ag new york branch, dnb capital llc, hsbc bank usa na, jpmorgan chase bank na, pnc bank national association, the bank of tokyo mitsubishi ufjltd",1,2,1
90,What companies are the lender but not the swing line lender in the agreement?,"bank of america, bnp paribas, citibank, credit agricole corporate and investment bank, deutsche bank ag new york branch, fifth third bank, goldman sachs bank usa, hsbc bank usa, ing bank nv, jpmorgan chase bank, mizuho bank ltd, pnc bank, santander bank, sumitomo mitsui banking corporation, td bank, truist bank, us bank national association",1,2,1
90,What companies are the lender but not the administrative agent in the agreement?,"bank of america, bnp paribas, citibank, credit agricole corporate and investment bank, deutsche bank ag new york branch, fifth third bank, goldman sachs bank usa, hsbc bank usa, ing bank nv, jpmorgan chase bank, mizuho bank ltd, pnc bank, santander bank, sumitomo mitsui banking corporation, td bank, truist bank, us bank national association",1,2,1
90,What companies are the lender but not the l c issuer in the agreement?,"bank of america, bnp paribas, citibank, credit agricole corporate and investment bank, deutsche bank ag new york branch, fifth third bank, goldman sachs bank usa, hsbc bank usa, ing bank nv, jpmorgan chase bank, mizuho bank ltd, pnc bank, santander bank, sumitomo mitsui banking corporation, td bank, truist bank, us bank national association",1,2,1
84,What companies are the arrangers but not the documentation agent in the agreement?,"jp morgan securities llc, keybanc capital markets inc",1,2,1
84,What companies are the arrangers but not the managers in the agreement?,"deutsche bank securities inc, keybanc capital markets inc",1,2,1
84,What companies are the lender but not the lc issuer in the agreement?,taiwan cooperative bank,1,2,0
84,What companies are the lender but not the swingline lender in the agreement?,taiwan cooperative bank,1,2,0
84,What companies are the lender but not the administrative agent in the agreement?,taiwan cooperative bank,1,2,0
84,What companies are the lender but not the l c issuer in the agreement?,taiwan cooperative bank,1,2,0
147,What companies are the collateral agent but not the a l c issuer in the agreement?,jpmorgan chase bank,1,2,0
147,What companies are the collateral agent but not the administrative agent in the agreement?,jpmorgan chase bank,1,2,0
147,What companies are the collateral agent but not the lender in the agreement?,jpmorgan chase bank na,1,2,0
147,What companies are the lender but not the collateral agent in the agreement?,"bank of america, barclays bank plc, citibank, credit suisse ag, deutsche bank, goldman sachs bank usa, mizuho bank ltd, morgan stanley senior funding inc",1,2,1
147,What companies are the collateral agent but not the l c issuer in the agreement?,jpmorgan chase bank na,1,2,0
147,What companies are the l c issuer but not the collateral agent in the agreement?,"bank of america, barclays bank plc, citibank, credit suisse ag, deutsche bank, goldman sachs bank usa, hsbc bank usa, mizuho bank ltd, morgan stanley senior funding inc",1,2,1
147,What companies are the l c issuer but not the lender in the agreement?,hsbc bank usa,1,2,0
147,What companies are the borrower but not the co borrower in the agreement?,ppd inc,1,2,0
153,What companies are the joint lead arrangers but not the issuing bank in the agreement?,"pnc capital markets llc, truist securities inc",1,2,1
153,What companies are the issuing bank but not the joint lead arrangers in the agreement?,"pnc bank national association, truist bank",1,2,1
153,What companies are the joint lead arrangers but not the lender in the agreement?,"pnc capital markets llc, truist securities inc",1,2,1
153,What companies are the lender but not the joint lead arrangers in the agreement?,"hsbc bank usa national association, keybank national association, pnc bank national association, td bank na, truist bank",1,2,1
153,What companies are the joint lead arrangers but not the co syndication agents in the agreement?,"jpmorgan chase bank na, pnc capital markets llc, truist securities inc",1,2,1
153,What companies are the co syndication agents but not the joint lead arrangers in the agreement?,"pnc bank national association, truist bank",1,2,1
153,What companies are the joint lead arrangers but not the administrative agent in the agreement?,"citizens bank na, pnc capital markets llc, silicon valley bank, truist securities inc",1,2,1
153,What companies are the administrative agent but not the joint lead arrangers in the agreement?,avid technology inc,1,2,0
153,What companies are the joint bookrunners but not the issuing bank in the agreement?,"pnc capital markets llc, truist securities inc",1,2,1
153,What companies are the issuing bank but not the joint bookrunners in the agreement?,"pnc bank national association, truist bank",1,2,1
153,What companies are the joint bookrunners but not the lender in the agreement?,"pnc capital markets llc, truist securities inc",1,2,1
153,What companies are the lender but not the joint bookrunners in the agreement?,"hsbc bank usa national association, keybank national association, pnc bank national association, td bank na, truist bank",1,2,1
153,What companies are the joint bookrunners but not the co syndication agents in the agreement?,"jpmorgan chase bank na, pnc capital markets llc, truist securities inc",1,2,1
153,What companies are the co syndication agents but not the joint bookrunners in the agreement?,"pnc bank national association, truist bank",1,2,1
153,What companies are the joint bookrunners but not the administrative agent in the agreement?,"citizens bank na, pnc capital markets llc, silicon valley bank, truist securities inc",1,2,1
153,What companies are the administrative agent but not the joint bookrunners in the agreement?,avid technology inc,1,2,0
153,What companies are the lender but not the issuing bank in the agreement?,"hsbc bank usa national association, keybank national association, td bank na",1,2,1
153,What companies are the issuing bank but not the co syndication agents in the agreement?,jpmorgan chase bank na,1,2,0
153,What companies are the issuing bank but not the administrative agent in the agreement?,"citizens bank na, pnc bank national association, silicon valley bank, truist bank",1,2,1
153,What companies are the administrative agent but not the issuing bank in the agreement?,avid technology inc,1,2,0
153,What companies are the lender but not the co syndication agents in the agreement?,"hsbc bank usa national association, jpmorgan chase bank na, keybank national association, td bank na",1,2,1
153,What companies are the lender but not the administrative agent in the agreement?,"citizens bank na, hsbc bank usa national association, keybank national association, pnc bank national association, silicon valley bank, td bank na, truist bank",1,2,1
153,What companies are the administrative agent but not the lender in the agreement?,avid technology inc,1,2,0
153,What companies are the administrative agent but not the borrower in the agreement?,jpmorgan chase bank na,1,2,0
52,What companies are the bookrunners but not the bank in the agreement?,citigroup global markets inc,1,2,0
52,What companies are the bank but not the bookrunners in the agreement?,"bank of the west, citibank na, goldman sachs bank usa, morgan stanley bank na, royal bank of canada, the bank of nova scotia, the bank of tokyo mitsubishi ufj ltd, the northern trust company, us bank national association, wells fargo bank",1,2,1
52,What companies are the bookrunners but not the agents in the agreement?,citigroup global markets inc,1,2,0
52,What companies are the agents but not the bookrunners in the agreement?,citibank na,1,2,0
52,What companies are the arrangers but not the bank in the agreement?,citigroup global markets inc,1,2,0
52,What companies are the bank but not the arrangers in the agreement?,"bank of the west, citibank na, goldman sachs bank usa, morgan stanley bank na, royal bank of canada, the bank of nova scotia, the bank of tokyo mitsubishi ufj ltd, the northern trust company, us bank national association, wells fargo bank",1,2,1
52,What companies are the arrangers but not the agents in the agreement?,citigroup global markets inc,1,2,0
52,What companies are the agents but not the arrangers in the agreement?,citibank na,1,2,0
52,What companies are the bank but not the documentation agent in the agreement?,"bank of the west, citibank na, goldman sachs bank usa, jpmorgan chase bank na, morgan stanley bank na, royal bank of canada, the bank of nova scotia, the northern trust company, us bank national association, wells fargo bank",1,2,1
52,What companies are the bank but not the agents in the agreement?,"bank of the west, goldman sachs bank usa, morgan stanley bank na, royal bank of canada, the bank of nova scotia, the bank of tokyo mitsubishi ufj ltd, the northern trust company, us bank national association, wells fargo bank",1,2,1
52,What companies are the bank but not the servicing agent in the agreement?,"bank of the west, goldman sachs bank usa, jpmorgan chase bank na, morgan stanley bank na, royal bank of canada, the bank of nova scotia, the bank of tokyo mitsubishi ufj ltd, the northern trust company, us bank national association, wells fargo bank",1,2,1
52,What companies are the bank but not the administrative agents in the agreement?,"bank of the west, citibank na, goldman sachs bank usa, jpmorgan chase bank na, morgan stanley bank na, royal bank of canada, the bank of nova scotia, the bank of tokyo mitsubishi ufj ltd, the northern trust company, us bank national association",1,2,1
52,What companies are the agents but not the servicing agent in the agreement?,jpmorgan chase bank na,1,2,0
50,What companies are the lender but not the agents in the agreement?,"bank of america na, fifth thrid bank, wellsfargobank",1,2,1
50,What companies are the agents but not the lender in the agreement?,fifth third bank,1,2,0
50,What companies are the arrangers but not the swingline lender in the agreement?,wells fargo securities llc,1,2,0
50,What companies are the arrangers but not the administrative agent in the agreement?,wells fargo securities llc,1,2,0
50,What companies are the joint bookrunners but not the swingline lender in the agreement?,wells fargo securities llc,1,2,0
50,What companies are the joint bookrunners but not the administrative agent in the agreement?,wells fargo securities llc,1,2,0
2,What companies are the bookrunners but not the lead arrangers in the agreement?,wells fargo securities llc,1,2,0
2,What companies are the arranger but not the lead arrangers in the agreement?,wells fargo securities llc,1,2,0
2,What companies are the bookrunners but not the syndication agent in the agreement?,wells fargo securities llc,1,2,0
2,What companies are the bookrunners but not the arrangers in the agreement?,bofa securities inc,1,2,0
2,What companies are the arranger but not the syndication agent in the agreement?,wells fargo securities llc,1,2,0
2,What companies are the arranger but not the arrangers in the agreement?,bofa securities inc,1,2,0
2,What companies are the lender but not the administrative agent in the agreement?,"capital one na, citizens bank na, fifth third bank national association, hsbc bank usa na, pnc bank national association, the huntington national bank, the toronto dominion bank, truist bank, u s bank national association",1,2,1
151,What companies are the lender but not the syndication agent in the agreement?,"bank of china, bnp paribas, citibank, credit suisse ag, deutsche bank ag new york branch, goldman sachs bank usa, hsbc bank usa, ing bank nv, keybank, mizuho bankltd, morgan stanley bank, mufg bankltd, nordea bank abp, royal bank of canada, sumitomo mitsui bankning corporation, the bank of new york mellon, the bank of nova scotia, us bank national association, wells fargo bank",1,2,1
151,What companies are the lender but not the l c issuer in the agreement?,"bank of china, bnp paribas, credit suisse ag, deutsche bank ag new york branch, goldman sachs bank usa, hsbc bank usa, ing bank nv, keybank, morgan stanley bank, mufg bankltd, nordea bank abp, royal bank of canada, sumitomo mitsui bankning corporation, the bank of new york mellon, the bank of nova scotia, us bank national association, wells fargo bank",1,2,1
151,What companies are the l c issuer but not the lender in the agreement?,"bank of america, jpmorgan chase bank",1,2,1
151,What companies are the lender but not the joint bookrunners in the agreement?,"bank of china, bnp paribas, credit suisse ag, deutsche bank ag new york branch, goldman sachs bank usa, hsbc bank usa, ing bank nv, keybank, morgan stanley bank, mufg bankltd, nordea bank abp, royal bank of canada, sumitomo mitsui bankning corporation, the bank of new york mellon, the bank of nova scotia, us bank national association, wells fargo bank",1,2,1
151,What companies are the joint bookrunners but not the lender in the agreement?,"bank of america, jpmorgan chase bank",1,2,1
151,What companies are the lender but not the agent in the agreement?,"bank of china, barclays bank plc, bnp paribas, credit suisse ag, deutsche bank ag new york branch, goldman sachs bank usa, hsbc bank usa, ing bank nv, keybank, morgan stanley bank, mufg bankltd, nordea bank abp, royal bank of canada, sumitomo mitsui bankning corporation, the bank of new york mellon, the bank of nova scotia, us bank national association, wells fargo bank",1,2,1
151,What companies are the agent but not the lender in the agreement?,"bank of america, jpmorgan chase bank",1,2,1
151,What companies are the lender but not the joint lead arrangers in the agreement?,"bank of china, barclays bank plc, bnp paribas, credit suisse ag, deutsche bank ag new york branch, goldman sachs bank usa, hsbc bank usa, ing bank nv, keybank, morgan stanley bank, mufg bankltd, nordea bank abp, royal bank of canada, sumitomo mitsui bankning corporation, the bank of new york mellon, the bank of nova scotia, us bank national association, wells fargo bank",1,2,1
151,What companies are the joint lead arrangers but not the lender in the agreement?,"bank of america, jpmorgan chase bank",1,2,1
151,What companies are the l c issuer but not the syndication agent in the agreement?,"bank of america, citibank, jpmorgan chase bank, mizuho bankltd",1,2,1
151,What companies are the joint bookrunners but not the syndication agent in the agreement?,"bank of america, citibank, jpmorgan chase bank, mizuho bankltd",1,2,1
151,What companies are the l c issuer but not the agent in the agreement?,barclays bank plc,1,2,0
151,What companies are the l c issuer but not the joint lead arrangers in the agreement?,barclays bank plc,1,2,0
151,What companies are the l c issuer but not the swing line lender in the agreement?,"barclays bank plc, citibank, mizuho bankltd",1,2,1
151,What companies are the joint bookrunners but not the agent in the agreement?,barclays bank plc,1,2,0
151,What companies are the joint bookrunners but not the joint lead arrangers in the agreement?,barclays bank plc,1,2,0
151,What companies are the joint bookrunners but not the swing line lender in the agreement?,"barclays bank plc, citibank, mizuho bankltd",1,2,1
151,What companies are the agent but not the swing line lender in the agreement?,"citibank, mizuho bankltd",1,2,1
151,What companies are the joint lead arrangers but not the swing line lender in the agreement?,"citibank, mizuho bankltd",1,2,1
92,What companies are the lender but not the sole lead arranger in the agreement?,"midcap funding vi llc, pernix therapeutics holdings inc",1,2,1
92,What companies are the lender but not the bookrunner in the agreement?,midcap funding vi llc,1,2,0
92,What companies are the lender but not the administrative agent in the agreement?,midcap funding vi llc,1,2,0
92,What companies are the lender but not the arranger in the agreement?,"midcap funding v llc, midcap funding vi llc",1,2,1
92,What companies are the lender but not the borrower in the agreement?,"midcap funding v llc, midcap funding vi llc",1,2,1
92,What companies are the bookrunner but not the sole lead arranger in the agreement?,pernix therapeutics holdings inc,1,2,0
92,What companies are the administrative agent but not the sole lead arranger in the agreement?,pernix therapeutics holdings inc,1,2,0
92,What companies are the bookrunner but not the arranger in the agreement?,midcap funding v llc,1,2,0
92,What companies are the bookrunner but not the borrower in the agreement?,midcap funding v llc,1,2,0
92,What companies are the administrative agent but not the arranger in the agreement?,midcap funding v llc,1,2,0
92,What companies are the administrative agent but not the borrower in the agreement?,midcap funding v llc,1,2,0
86,What companies are the lender but not the l cissuer in the agreement?,"comerica bank, royal bank of canada, silicon valley bank",1,2,1
86,What companies are the lender but not the administrative agent in the agreement?,"comerica bank, royal bank of canada, silicon valley bank",1,2,1
86,What companies are the lender but not the swinglinelender in the agreement?,"comerica bank, royal bank of canada, silicon valley bank",1,2,1
144,What companies are the lender but not the agent in the agreement?,apollo investment corporation,1,2,0
51,What companies are the joint bookrunners but not the arrangers in the agreement?,morgan stanley senior funding inc,1,2,0
51,What companies are the joint bookrunners but not the administrative agent in the agreement?,"citigroup global markets inc, natixis securities americas llc, rbc capital markets1, the bank of tokyo mitsubishi ufj ltd, ubs securities llc",1,2,1
51,What companies are the administrative agent but not the joint bookrunners in the agreement?,cahill gordon and reindel llp,1,2,0
51,What companies are the joint bookrunners but not the lender in the agreement?,"citigroup global markets inc, natixis securities americas llc, rbc capital markets1, the bank of tokyo mitsubishi ufj ltd, ubs securities llc",1,2,1
51,What companies are the joint bookrunners but not the joint lead arrangers in the agreement?,"citigroup global markets inc, natixis securities americas llc, rbc capital markets1, the bank of tokyo mitsubishi ufj ltd, ubs securities llc",1,2,1
51,What companies are the administrative agent but not the lender in the agreement?,cahill gordon and reindel llp,1,2,0
51,What companies are the administrative agent but not the joint lead arrangers in the agreement?,cahill gordon and reindel llp,1,2,0
3,What companies are the bookrunner but not the joint lead arranger in the agreement?,wells fargo securities llc,1,2,0
3,What companies are the bookrunner but not the arranger in the agreement?,bofa securities inc,1,2,0
3,What companies are the guarantor but not the issuer in the agreement?,"summit hospitality subjv llc, summit nci jv br 156 159 llc, summit nci jv br 160 llc, summit nci jv br 161 llc",1,2,1
3,What companies are the lender but not the syndication agent in the agreement?,bank of america na,1,2,0
3,What companies are the lender but not the administrative agent in the agreement?,wells fargo bank national association,1,2,0
79,What companies are the arrangers but not the bookrunners in the agreement?,rbc capital markets llc,1,2,0
79,What companies are the bookrunners but not the syndication agents in the agreement?,"merrill lynch pierce fennerand smith incorporated, wells fargo securities llc",1,2,1
79,What companies are the syndication agents but not the bookrunners in the agreement?,"bank of america, royal bank of canada",1,2,1
79,What companies are the arrangers but not the joint bookrunners in the agreement?,"citigroup global markets inc, merrill lynch pierce fennerand smith incorporated, wells fargo securities llc",1,2,1
79,What companies are the arrangers but not the syndication agents in the agreement?,"merrill lynch pierce fennerand smith incorporated, rbc capital markets llc, wells fargo securities llc",1,2,1
79,What companies are the syndication agents but not the arrangers in the agreement?,"bank of america, royal bank of canada",1,2,1
22,What companies are the joint book runner but not the joint lead arranger in the agreement?,"bank of america na, jpmorgan chase bank na",1,2,1
22,What companies are the joint book runner but not the agent in the agreement?,"bank of america na, jpmorgan chase bank na",1,2,1
22,What companies are the joint book runner but not the lender in the agreement?,wells fargo bank national association,1,2,0
22,What companies are the lender but not the joint book runner in the agreement?,royal bank of canada,1,2,0
22,What companies are the joint book runner but not the arranger in the agreement?,wells fargo bank national association,1,2,0
22,What companies are the lender but not the arranger in the agreement?,royal bank of canada,1,2,0
36,What companies are the grantors but not the borrower in the agreement?,silicon graphics federal llc,1,2,0
123,What companies are the bookrunners but not the arranger in the agreement?,citigroup global markets inc,1,2,0
123,What companies are the arranger but not the bookrunners in the agreement?,rbc capital markets,1,2,0
123,What companies are the bookrunners but not the lender in the agreement?,"citigroup global markets inc, jp morgan securities llc",1,2,1
123,What companies are the lender but not the bookrunners in the agreement?,"bank of america na, citibank na, credit suisse ag, jpmorgan chase bank na, pnc bank, royal bank of canada, the bank of tokyo mitsubishi ufj ltd, the northern trust company, us bank national association, wells fargo bank",1,2,1
123,What companies are the bookrunners but not the agent in the agreement?,"citigroup global markets inc, jp morgan securities llc",1,2,1
123,What companies are the agent but not the bookrunners in the agreement?,"bank of america na, citibank na, credit suisse ag, the bank of tokyo mitsubishi ufj ltd, wells fargo bank",1,2,1
123,What companies are the arranger but not the syndication agent in the agreement?,"goldman sachs bank usa, jp morgan securities llc",1,2,1
123,What companies are the arranger but not the joint bookrunners in the agreement?,"goldman sachs bank usa, jp morgan securities llc",1,2,1
123,What companies are the arranger but not the lender in the agreement?,"jp morgan securities llc, rbc capital markets",1,2,1
123,What companies are the lender but not the arranger in the agreement?,"bank of america na, citibank na, credit suisse ag, jpmorgan chase bank na, pnc bank, royal bank of canada, the bank of tokyo mitsubishi ufj ltd, the northern trust company, us bank national association, wells fargo bank",1,2,1
123,What companies are the arranger but not the agent in the agreement?,"jp morgan securities llc, rbc capital markets",1,2,1
123,What companies are the agent but not the arranger in the agreement?,"bank of america na, citibank na, credit suisse ag, the bank of tokyo mitsubishi ufj ltd, wells fargo bank",1,2,1
123,What companies are the lender but not the agent in the agreement?,"jpmorgan chase bank na, pnc bank, royal bank of canada, the northern trust company, us bank national association",1,2,1
123,What companies are the lender but not the administrative agent in the agreement?,"bank of america na, citibank na, credit suisse ag, goldman sachs bank usa, pnc bank, royal bank of canada, the bank of tokyo mitsubishi ufj ltd, the northern trust company, us bank national association, wells fargo bank",1,2,1
123,What companies are the lender but not the documentation agent in the agreement?,"bank of america na, citibank na, credit suisse ag, goldman sachs bank usa, jpmorgan chase bank na, royal bank of canada, the bank of tokyo mitsubishi ufj ltd, the northern trust company, us bank national association, wells fargo bank",1,2,1
137,What companies are the lenders but not the swing line banks in the agreement?,initial lenders,1,2,0
137,What companies are the swing line banks but not the lenders in the agreement?,swing line banks,1,2,0
137,What companies are the lenders but not the issuing banks in the agreement?,initial lenders,1,2,0
137,What companies are the issuing banks but not the lenders in the agreement?,swing line banks,1,2,0
137,What companies are the lender but not the bank in the agreement?,"branch banking and trust company, deutsche bank ag new york branch, keybank national association, pnc bank national association, raymond james bank na, royal bank of canada, us bank national association",1,2,1
137,What companies are the bank but not the co syndication agents in the agreement?,regions bank,1,2,0
137,What companies are the bank but not the agents in the agreement?,bank of america na,1,2,0
137,What companies are the lender but not the co syndication agents in the agreement?,"branch banking and trust company, deutsche bank ag new york branch, keybank national association, pnc bank national association, raymond james bank na, regions bank, royal bank of canada, us bank national association",1,2,1
137,What companies are the lender but not the agents in the agreement?,"bank of america na, branch banking and trust company, deutsche bank ag new york branch, keybank national association, pnc bank national association, raymond james bank na, royal bank of canada, us bank national association",1,2,1
137,What companies are the lender but not the administrative agent in the agreement?,"bank of america na, branch banking and trust company, keybank national association, pnc bank national association, raymond james bank na, regions bank, royal bank of canada, us bank national association",1,2,1
122,What companies are the bookrunners but not the joint lead arranger in the agreement?,merrill lynch pierce fennerand smith incorporated,1,2,0
122,What companies are the bookrunners but not the arranger in the agreement?,citigroup global markets inc,1,2,0
122,What companies are the arranger but not the bookrunners in the agreement?,morgan stanley senior fundinginc,1,2,0
122,What companies are the arranger but not the agent in the agreement?,merrill lynch pierce fennerand smith incorporated,1,2,0
122,What companies are the arranger but not the joint bookrunners in the agreement?,merrill lynch pierce fennerand smith incorporated,1,2,0
122,What companies are the lender but not the syndication agent in the agreement?,"australia and new zealand bank group limited, bank of china luxembourg, bank of montreal, barclays bank plc, credit suisse ag, deutsche bank ag, hsbc bank usa na, ing bank nv, jpmorgan chase bank na, morgan stanley bank na, national australia bank limited, the bank of new york mellon, the bank of nova scotia, unicredit bank ag, wells fargo bank national association",1,2,1
37,What companies are the lender but not the administrative agent in the agreement?,"amegy bank national association, branch banking and trust company, citizens bank na, cobank acb, compass bank, jpmorgan chase bank na, keybank national association, mufg union bank na, pnc bank national association, us bank national association, wells fargo bank national association",1,2,1
37,What companies are the lender but not the l c issuer in the agreement?,"amegy bank national association, branch banking and trust company, citizens bank na, cobank acb, compass bank, jpmorgan chase bank na, keybank national association, mufg union bank na, pnc bank national association, us bank national association, wells fargo bank national association",1,2,1
23,What companies are the lender but not the administrative agent in the agreement?,"bank of america na, credit agricole corporate and investment bank, credit suisse ag cayman islands branch, deutsche bank ag new york branch, morgan stanley senior funding inc, mufg bank ltd, royal bank of canada, silicon valley bank",1,2,1
23,What companies are the lender but not the l c issuer in the agreement?,"bank of america na, credit agricole corporate and investment bank, credit suisse ag cayman islands branch, deutsche bank ag new york branch, morgan stanley senior funding inc, mufg bank ltd, royal bank of canada",1,2,1
23,What companies are the lender but not the collateral agent in the agreement?,"bank of america na, credit agricole corporate and investment bank, credit suisse ag cayman islands branch, deutsche bank ag new york branch, keybank national association, morgan stanley senior funding inc, mufg bank ltd, royal bank of canada",1,2,1
23,What companies are the l c issuer but not the administrative agent in the agreement?,silicon valley bank,1,2,0
23,What companies are the l c issuer but not the collateral agent in the agreement?,keybank national association,1,2,0
35,What companies are the agents but not the arrangers in the agreement?,"bank of america na, bnp paribas, citibank na, dnb bank asa new york branch, hsbc bank usa na, sumitomo mitsui banking corporation, the bank of nova scotia, the royal bank of scotland plc, wells fargo bank national association",1,2,1
35,What companies are the arrangers but not the agents in the agreement?,"jp morgan securities llc, morgan stanley senior funding inc, rbs securities inc",1,2,1
35,What companies are the agents but not the bookrunners in the agreement?,"bank of america na, bnp paribas, citibank na, dnb bank asa new york branch, hsbc bank usa na, sumitomo mitsui banking corporation, the bank of nova scotia, the royal bank of scotland plc, wells fargo bank national association",1,2,1
35,What companies are the bookrunners but not the agents in the agreement?,"morgan stanley senior funding inc, rbs securities inc",1,2,1
35,What companies are the agents but not the lender in the agreement?,dnb bank asa new york branch,1,2,0
35,What companies are the lender but not the agents in the agreement?,"banco bilbao vizcaya argentaria, bank of china, branch banking and trust company, commerzbank ag, credit agricole corporate and investment bank, dnb capital llc, ing capital llc, intesa sanpaolo spa, jpmorgan chase bank na, mizuho bank ltd, morgan stanley bank na, standard chartered bank, the northern trust company, us bank national association",1,2,1
35,What companies are the agents but not the issuing bank in the agreement?,"bnp paribas, dnb bank asa new york branch, hsbc bank usa na, sumitomo mitsui banking corporation, the bank of nova scotia, the royal bank of scotland plc",1,2,1
35,What companies are the issuing bank but not the agents in the agreement?,"jpmorgan chase bank na, morgan stanley bank na",1,2,1
35,What companies are the agents but not the bank in the agreement?,"bank of america na, bnp paribas, citibank na, dnb bank asa new york branch, goldman sachs bank usa, hsbc bank usa na, sumitomo mitsui banking corporation, the bank of nova scotia, the bank of tokyo mitsubishi ufj ltd, wells fargo bank national association",1,2,1
35,What companies are the arrangers but not the joint bookrunners in the agreement?,"goldman sachs bank usa, morgan stanley senior funding inc, rbs securities inc, the bank of tokyo mitsubishi ufj ltd",1,2,1
35,What companies are the arrangers but not the documentation agents in the agreement?,"goldman sachs bank usa, jp morgan securities llc, rbs securities inc, the bank of tokyo mitsubishi ufj ltd",1,2,1
35,What companies are the arrangers but not the bookrunners in the agreement?,jp morgan securities llc,1,2,0
35,What companies are the arrangers but not the syndication agents in the agreement?,"goldman sachs bank usa, jp morgan securities llc, rbs securities inc, the bank of tokyo mitsubishi ufj ltd",1,2,1
35,What companies are the arrangers but not the lender in the agreement?,"jp morgan securities llc, morgan stanley senior funding inc, rbs securities inc",1,2,1
35,What companies are the lender but not the arrangers in the agreement?,"banco bilbao vizcaya argentaria, bank of america na, bank of china, bnp paribas, branch banking and trust company, citibank na, commerzbank ag, credit agricole corporate and investment bank, dnb capital llc, hsbc bank usa na, ing capital llc, intesa sanpaolo spa, jpmorgan chase bank na, mizuho bank ltd, morgan stanley bank na, standard chartered bank, sumitomo mitsui banking corporation, the bank of nova scotia, the northern trust company, the royal bank of scotland plc, us bank national association, wells fargo bank national association",1,2,1
35,What companies are the arrangers but not the issuing bank in the agreement?,"jp morgan securities llc, morgan stanley senior funding inc, rbs securities inc",1,2,1
35,What companies are the issuing bank but not the arrangers in the agreement?,"bank of america na, citibank na, jpmorgan chase bank na, morgan stanley bank na, wells fargo bank national association",1,2,1
35,What companies are the bookrunners but not the documentation agents in the agreement?,"goldman sachs bank usa, rbs securities inc, the bank of tokyo mitsubishi ufj ltd",1,2,1
35,What companies are the bookrunners but not the syndication agents in the agreement?,"goldman sachs bank usa, rbs securities inc, the bank of tokyo mitsubishi ufj ltd",1,2,1
35,What companies are the bookrunners but not the lender in the agreement?,"morgan stanley senior funding inc, rbs securities inc",1,2,1
35,What companies are the lender but not the bookrunners in the agreement?,"banco bilbao vizcaya argentaria, bank of america na, bank of china, bnp paribas, branch banking and trust company, citibank na, commerzbank ag, credit agricole corporate and investment bank, dnb capital llc, hsbc bank usa na, ing capital llc, intesa sanpaolo spa, jpmorgan chase bank na, mizuho bank ltd, morgan stanley bank na, standard chartered bank, sumitomo mitsui banking corporation, the bank of nova scotia, the northern trust company, the royal bank of scotland plc, us bank national association, wells fargo bank national association",1,2,1
35,What companies are the bookrunners but not the issuing bank in the agreement?,"morgan stanley senior funding inc, rbs securities inc",1,2,1
35,What companies are the issuing bank but not the bookrunners in the agreement?,"bank of america na, citibank na, jpmorgan chase bank na, morgan stanley bank na, wells fargo bank national association",1,2,1
35,What companies are the lender but not the issuing bank in the agreement?,"banco bilbao vizcaya argentaria, bank of china, bnp paribas, branch banking and trust company, commerzbank ag, credit agricole corporate and investment bank, dnb capital llc, hsbc bank usa na, ing capital llc, intesa sanpaolo spa, mizuho bank ltd, standard chartered bank, sumitomo mitsui banking corporation, the bank of nova scotia, the northern trust company, the royal bank of scotland plc, us bank national association",1,2,1
35,What companies are the lender but not the bank in the agreement?,"banco bilbao vizcaya argentaria, bank of america na, bank of china, bnp paribas, branch banking and trust company, citibank na, commerzbank ag, credit agricole corporate and investment bank, dnb capital llc, goldman sachs bank usa, hsbc bank usa na, ing capital llc, intesa sanpaolo spa, jpmorgan chase bank na, mizuho bank ltd, morgan stanley bank na, standard chartered bank, sumitomo mitsui banking corporation, the bank of nova scotia, the bank of tokyo mitsubishi ufj ltd, the northern trust company, us bank national association, wells fargo bank national association",1,2,1
35,What companies are the lender but not the administrative agent in the agreement?,"banco bilbao vizcaya argentaria, bank of america na, bank of china, bnp paribas, branch banking and trust company, citibank na, commerzbank ag, credit agricole corporate and investment bank, dnb capital llc, goldman sachs bank usa, hsbc bank usa na, ing capital llc, intesa sanpaolo spa, mizuho bank ltd, morgan stanley bank na, standard chartered bank, sumitomo mitsui banking corporation, the bank of nova scotia, the bank of tokyo mitsubishi ufj ltd, the northern trust company, the royal bank of scotland plc, us bank national association, wells fargo bank national association",1,2,1
35,What companies are the issuing bank but not the administrative agent in the agreement?,"bank of america na, citibank na, goldman sachs bank usa, morgan stanley bank na, the bank of tokyo mitsubishi ufj ltd, wells fargo bank national association",1,2,1
21,What companies are the lender but not the l c issuer in the agreement?,"bgsl big sky funding llc, bgsl breckenridge funding llc, bgsl jackson hole funding llc, blackstone holdings finance co llc, blackstone private credit fund, blackstone secured lending fund, emerald direct lending 1 limited partnership, emerald murray street lp, emerald spring street lp, gn loan fund lp, goldman sachs bank usa",1,2,1
21,What companies are the lender but not the ally representative in the agreement?,"bgsl big sky funding llc, bgsl breckenridge funding llc, bgsl jackson hole funding llc, blackstone holdings finance co llc, blackstone private credit fund, blackstone secured lending fund, emerald direct lending 1 limited partnership, emerald murray street lp, emerald spring street lp, gn loan fund lp, goldman sachs bank usa",1,2,1
134,What companies are the lender but not the collateral agent in the agreement?,"banc of california national association, east west bank",1,2,1
134,What companies are the lender but not the issuing bank in the agreement?,"banc of california national association, east west bank",1,2,1
134,What companies are the lender but not the administrative agent in the agreement?,"banc of california national association, east west bank",1,2,1
134,What companies are the lender but not the agent in the agreement?,"banc of california national association, east west bank",1,2,1
134,What companies are the guarantor but not the holdings in the agreement?,sb gaming llc,1,2,0
121,What companies are the arranger but not the bookrunners in the agreement?,merrill lynch pierce fenner and smith incorporated,1,2,0
121,What companies are the bookrunners but not the senior managing agent in the agreement?,"jp morgan securities llc, wells fargo securities llc",1,2,1
121,What companies are the arranger but not the joint bookrunners in the agreement?,"jp morgan securities llc, us bank national association, wells fargo securities llc",1,2,1
121,What companies are the arranger but not the senior managing agent in the agreement?,"jp morgan securities llc, merrill lynch pierce fenner and smith incorporated, wells fargo securities llc",1,2,1
135,What companies are the bookrunners but not the arranger in the agreement?,"fenner, merrill lynch, pierce, smith incorporated",1,2,1
135,What companies are the bookrunners but not the arrangers in the agreement?,wells fargo securities llc,1,2,0
135,What companies are the bookrunners but not the bookrunner in the agreement?,"fenner, merrill lynch, pierce, smith incorporated",1,2,1
135,What companies are the bookrunners but not the lender in the agreement?,"citigroup global markets inc, dnb marketsinc, fenner, jp morgan securities llc, merrill lynch, pierce, smith incorporated, wells fargo securities llc",1,2,1
135,What companies are the lender but not the bookrunners in the agreement?,"bank of america na, barclays bank plc, bmo harris bank na, bnp paribas, branch banking and trust company, canadian imperial bank of commerce new york branch, citibank na, compass bank, deutsche bank ag new york branch, dnb capital llc, ing capital llc, jpmorgan chase bank na, morgan stanley bank na, pnc bank national association, regions bank, royal bank of canada, société générale, sumitomo mitsui banking corporation, suntrust bank, the bank of nova scotia, the bank of tokyo mitsubishi ufjltd, ubs ag stamford branch, us bank national association, wells fargo bank national association",1,2,1
135,What companies are the bookrunners but not the agents in the agreement?,"citigroup global markets inc, dnb marketsinc, fenner, jp morgan securities llc, merrill lynch, pierce, smith incorporated, wells fargo securities llc",1,2,1
135,What companies are the agents but not the bookrunners in the agreement?,"new york branch, wells fargo bank national association",1,2,1
135,What companies are the bookrunners but not the joint lead arrangers in the agreement?,"citigroup global markets inc, dnb marketsinc, fenner, jp morgan securities llc, merrill lynch, mizuho bankltd, pierce, smith incorporated",1,2,1
135,What companies are the bookrunners but not the co documentation agent in the agreement?,"citigroup global markets inc, dnb marketsinc, fenner, jp morgan securities llc, merrill lynch, pierce, smith incorporated, wells fargo securities llc",1,2,1
135,What companies are the co documentation agent but not the bookrunners in the agreement?,dnb bank asa new york branch,1,2,0
135,What companies are the arranger but not the arrangers in the agreement?,wells fargo securities llc,1,2,0
135,What companies are the arrangers but not the arranger in the agreement?,"fenner, merrill lynch, pierce, smith incorporated",1,2,1
135,What companies are the arranger but not the lender in the agreement?,"citigroup global markets inc, dnb marketsinc, jp morgan securities llc, wells fargo securities llc",1,2,1
135,What companies are the lender but not the arranger in the agreement?,"bank of america na, barclays bank plc, bmo harris bank na, bnp paribas, branch banking and trust company, canadian imperial bank of commerce new york branch, citibank na, compass bank, deutsche bank ag new york branch, dnb capital llc, ing capital llc, jpmorgan chase bank na, morgan stanley bank na, pnc bank national association, regions bank, royal bank of canada, société générale, sumitomo mitsui banking corporation, suntrust bank, the bank of nova scotia, the bank of tokyo mitsubishi ufjltd, ubs ag stamford branch, us bank national association, wells fargo bank national association",1,2,1
135,What companies are the arranger but not the agents in the agreement?,"citigroup global markets inc, dnb marketsinc, jp morgan securities llc, wells fargo securities llc",1,2,1
135,What companies are the agents but not the arranger in the agreement?,"new york branch, wells fargo bank national association",1,2,1
135,What companies are the arranger but not the joint lead arrangers in the agreement?,"citigroup global markets inc, dnb marketsinc, jp morgan securities llc, mizuho bankltd",1,2,1
135,What companies are the arranger but not the co documentation agent in the agreement?,"citigroup global markets inc, dnb marketsinc, jp morgan securities llc, wells fargo securities llc",1,2,1
135,What companies are the co documentation agent but not the arranger in the agreement?,dnb bank asa new york branch,1,2,0
135,What companies are the arrangers but not the bookrunner in the agreement?,"fenner, merrill lynch, pierce, smith incorporated",1,2,1
135,What companies are the bookrunner but not the arrangers in the agreement?,wells fargo securities llc,1,2,0
135,What companies are the arrangers but not the lender in the agreement?,"citigroup global markets inc, dnb marketsinc, fenner, jp morgan securities llc, merrill lynch, pierce, smith incorporated",1,2,1
135,What companies are the lender but not the arrangers in the agreement?,"bank of america na, barclays bank plc, bmo harris bank na, bnp paribas, branch banking and trust company, canadian imperial bank of commerce new york branch, citibank na, compass bank, deutsche bank ag new york branch, dnb capital llc, ing capital llc, jpmorgan chase bank na, morgan stanley bank na, pnc bank national association, regions bank, royal bank of canada, société générale, sumitomo mitsui banking corporation, suntrust bank, the bank of nova scotia, the bank of tokyo mitsubishi ufjltd, ubs ag stamford branch, us bank national association, wells fargo bank national association",1,2,1
135,What companies are the arrangers but not the agents in the agreement?,"citigroup global markets inc, dnb marketsinc, fenner, jp morgan securities llc, merrill lynch, pierce, smith incorporated",1,2,1
135,What companies are the agents but not the arrangers in the agreement?,"new york branch, wells fargo bank national association",1,2,1
135,What companies are the arrangers but not the co documentation agent in the agreement?,"citigroup global markets inc, dnb marketsinc, fenner, jp morgan securities llc, merrill lynch, pierce, smith incorporated",1,2,1
135,What companies are the co documentation agent but not the arrangers in the agreement?,dnb bank asa new york branch,1,2,0
135,What companies are the bookrunner but not the lender in the agreement?,"citigroup global markets inc, dnb marketsinc, jp morgan securities llc, wells fargo securities llc",1,2,1
135,What companies are the lender but not the bookrunner in the agreement?,"bank of america na, barclays bank plc, bmo harris bank na, bnp paribas, branch banking and trust company, canadian imperial bank of commerce new york branch, citibank na, compass bank, deutsche bank ag new york branch, dnb capital llc, ing capital llc, jpmorgan chase bank na, morgan stanley bank na, pnc bank national association, regions bank, royal bank of canada, société générale, sumitomo mitsui banking corporation, suntrust bank, the bank of nova scotia, the bank of tokyo mitsubishi ufjltd, ubs ag stamford branch, us bank national association, wells fargo bank national association",1,2,1
135,What companies are the bookrunner but not the agents in the agreement?,"citigroup global markets inc, dnb marketsinc, jp morgan securities llc, wells fargo securities llc",1,2,1
135,What companies are the agents but not the bookrunner in the agreement?,"new york branch, wells fargo bank national association",1,2,1
135,What companies are the bookrunner but not the joint lead arrangers in the agreement?,"citigroup global markets inc, dnb marketsinc, jp morgan securities llc, mizuho bankltd",1,2,1
135,What companies are the bookrunner but not the co documentation agent in the agreement?,"citigroup global markets inc, dnb marketsinc, jp morgan securities llc, wells fargo securities llc",1,2,1
135,What companies are the co documentation agent but not the bookrunner in the agreement?,dnb bank asa new york branch,1,2,0
135,What companies are the lender but not the agents in the agreement?,"bank of america na, barclays bank plc, bmo harris bank na, bnp paribas, branch banking and trust company, canadian imperial bank of commerce new york branch, citibank na, compass bank, deutsche bank ag new york branch, dnb capital llc, ing capital llc, jpmorgan chase bank na, morgan stanley bank na, pnc bank national association, regions bank, royal bank of canada, société générale, sumitomo mitsui banking corporation, suntrust bank, the bank of nova scotia, the bank of tokyo mitsubishi ufjltd, ubs ag stamford branch, us bank national association",1,2,1
135,What companies are the agents but not the lender in the agreement?,new york branch,1,2,0
135,What companies are the lender but not the co syndication agent in the agreement?,"bank of america na, barclays bank plc, bmo harris bank na, bnp paribas, branch banking and trust company, canadian imperial bank of commerce new york branch, compass bank, deutsche bank ag new york branch, dnb capital llc, ing capital llc, mizuho bankltd, morgan stanley bank na, pnc bank national association, regions bank, royal bank of canada, société générale, sumitomo mitsui banking corporation, suntrust bank, the bank of nova scotia, the bank of tokyo mitsubishi ufjltd, ubs ag stamford branch, us bank national association",1,2,1
135,What companies are the lender but not the co documentation agent in the agreement?,"bank of america na, barclays bank plc, bmo harris bank na, bnp paribas, branch banking and trust company, canadian imperial bank of commerce new york branch, citibank na, compass bank, deutsche bank ag new york branch, dnb capital llc, ing capital llc, jpmorgan chase bank na, morgan stanley bank na, pnc bank national association, regions bank, royal bank of canada, société générale, sumitomo mitsui banking corporation, suntrust bank, the bank of nova scotia, the bank of tokyo mitsubishi ufjltd, ubs ag stamford branch, us bank national association, wells fargo bank national association",1,2,1
135,What companies are the co documentation agent but not the lender in the agreement?,dnb bank asa new york branch,1,2,0
135,What companies are the lender but not the administrative agent in the agreement?,"barclays bank plc, bmo harris bank na, bnp paribas, branch banking and trust company, canadian imperial bank of commerce new york branch, citibank na, compass bank, deutsche bank ag new york branch, dnb capital llc, ing capital llc, jpmorgan chase bank na, mizuho bankltd, morgan stanley bank na, pnc bank national association, regions bank, royal bank of canada, société générale, sumitomo mitsui banking corporation, suntrust bank, the bank of nova scotia, the bank of tokyo mitsubishi ufjltd, ubs ag stamford branch, us bank national association, wells fargo bank national association",1,2,1
135,What companies are the agents but not the co syndication agent in the agreement?,"mizuho bankltd, new york branch",1,2,1
135,What companies are the co syndication agent but not the agents in the agreement?,"citibank na, jpmorgan chase bank na",1,2,1
135,What companies are the agents but not the co documentation agent in the agreement?,"new york branch, wells fargo bank national association",1,2,1
135,What companies are the co documentation agent but not the agents in the agreement?,dnb bank asa new york branch,1,2,0
18,What companies are the lender but not the documentation agent in the agreement?,"mufg union bank na, raymond james bank na, regions bank, wells fargo bank national association",1,2,1
18,What companies are the lender but not the syndication agent in the agreement?,"capital one national association, mufg union bank na, raymond james bank na, wells fargo bank national association",1,2,1
18,What companies are the lender but not the administrative agent in the agreement?,"capital one national association, mufg union bank na, raymond james bank na, regions bank",1,2,1
30,What companies are the lenders but not the lender in the agreement?,bank of america na,1,2,0
30,What companies are the lenders but not the administrative agent in the agreement?,bank of america na,1,2,0
24,What companies are the agents but not the lead arrangers in the agreement?,"pnc bank, regions bank, suntrust bank, wells fargo bank",1,2,1
24,What companies are the lead arrangers but not the agents in the agreement?,"pnc capital markets llc, regions capital markets, suntrust robinson humphrey inc, wells fargo securities llc",1,2,1
24,What companies are the agents but not the lender in the agreement?,"pnc bank, wells fargo bank",1,2,1
24,What companies are the lender but not the agents in the agreement?,"jpmorgan chase bank na, pnc bank national association, sumitomo mitsui banking corporation, td bank n a, wells fargo bank national association",1,2,1
24,What companies are the lead arrangers but not the lender in the agreement?,"pnc capital markets llc, regions capital markets, suntrust robinson humphrey inc, wells fargo securities llc",1,2,1
24,What companies are the lender but not the lead arrangers in the agreement?,"jpmorgan chase bank na, pnc bank national association, regions bank, sumitomo mitsui banking corporation, suntrust bank, td bank n a, wells fargo bank national association",1,2,1
24,What companies are the lender but not the loan and agency services group agent in the agreement?,"pnc bank national association, regions bank, sumitomo mitsui banking corporation, suntrust bank, td bank n a, us bank national association, wells fargo bank national association",1,2,1
24,What companies are the lender but not the administrative agent in the agreement?,"pnc bank national association, regions bank, sumitomo mitsui banking corporation, suntrust bank, td bank n a, us bank national association, wells fargo bank national association",1,2,1
24,What companies are the lender but not the bookrunner in the agreement?,"pnc bank national association, regions bank, sumitomo mitsui banking corporation, suntrust bank, td bank n a, us bank national association, wells fargo bank national association",1,2,1
24,What companies are the lender but not the lead arranger in the agreement?,"pnc bank national association, regions bank, sumitomo mitsui banking corporation, suntrust bank, td bank n a, us bank national association, wells fargo bank national association",1,2,1
24,What companies are the borrower but not the sole general partner in the agreement?,king and spalding llp,1,2,0
125,What companies are the lender but not the arranger in the agreement?,bank of america na,1,2,0
125,What companies are the lender but not the book manager in the agreement?,bank of america na,1,2,0
125,What companies are the lender but not the administrative agent in the agreement?,bank of america na,1,2,0
118,What companies are the bookrunners but not the arrangers in the agreement?,wells fargo securities llc,1,2,0
118,What companies are the bookrunners but not the syndication agent in the agreement?,"credit suisse securities usa llc, wells fargo securities llc",1,2,1
118,What companies are the arrangers but not the syndication agent in the agreement?,credit suisse securities usa llc,1,2,0
124,What companies are the documentation agents but not the lender in the agreement?,"branch banking, trust company, wells fargo bank",1,2,1
124,What companies are the lender but not the documentation agents in the agreement?,"bank of america na, branch banking and trust company, citibank na, citizens bank na, first niagara bank na, jpmorgan chase bank na, keybank national association, wells fargo bank na",1,2,1
124,What companies are the lead arrangers but not the lender in the agreement?,keybanc capital markets inc,1,2,0
124,What companies are the lender but not the lead arrangers in the agreement?,"bank of america na, branch banking and trust company, citibank na, first niagara bank na, jpmorgan chase bank na, keybank national association, td bank na, wells fargo bank na",1,2,1
124,What companies are the lead arrangers but not the administrative agent in the agreement?,keybanc capital markets inc,1,2,0
124,What companies are the bookrunners but not the lender in the agreement?,merrill lynch pierce fennerand smith inc,1,2,0
124,What companies are the lender but not the bookrunners in the agreement?,"bank of america na, branch banking and trust company, citibank na, citizens bank na, first niagara bank na, keybank national association, td bank na, wells fargo bank na",1,2,1
124,What companies are the bookrunners but not the syndication agents in the agreement?,merrill lynch pierce fennerand smith inc,1,2,0
124,What companies are the syndication agents but not the bookrunners in the agreement?,"bank of america na, keybank national association",1,2,1
124,What companies are the lender but not the syndication agents in the agreement?,"branch banking and trust company, citibank na, citizens bank na, first niagara bank na, td bank na, wells fargo bank na",1,2,1
124,What companies are the lender but not the administrative agent in the agreement?,"bank of america na, branch banking and trust company, citibank na, first niagara bank na, jpmorgan chase bank na, keybank national association, td bank na, wells fargo bank na",1,2,1
130,What companies are the arranger but not the documentation agents in the agreement?,"bofa securities inc, fifth third bank national association, hancock whitney investment services inc, pnc capital markets llc, regions capital markets, truist securities inc, umb bankna, wells fargo securities llc",1,2,1
130,What companies are the arranger but not the syndication agents in the agreement?,"bofa securities inc, fifth third bank national association, hancock whitney investment services inc, pnc capital markets llc, regions capital markets, truist securities inc, umb bankna, wells fargo securities llc",1,2,1
130,What companies are the arranger but not the lender in the agreement?,"bofa securities inc, hancock whitney investment services inc, jpmorgan chase bank na, pnc capital markets llc, rbc capital markets, regions capital markets, truist securities inc, umb bankna, wells fargo securities llc",1,2,1
130,What companies are the lender but not the arranger in the agreement?,"bancorpsouth bank, bank of america na, hancock whitney bank, pnc bank national association, regions bank, truist bank, umb bank na, wells fargo bank national association",1,2,1
130,What companies are the arranger but not the issuing bank in the agreement?,"bofa securities inc, fifth third bank national association, hancock whitney investment services inc, pnc capital markets llc, rbc capital markets, regions capital markets, truist securities inc, umb bankna, wells fargo securities llc",1,2,1
130,What companies are the issuing bank but not the arranger in the agreement?,"bank of america na, pnc bank national association, royal bank of canada",1,2,1
130,What companies are the arranger but not the collateral agent in the agreement?,"bofa securities inc, fifth third bank national association, hancock whitney investment services inc, pnc capital markets llc, rbc capital markets, regions capital markets, truist securities inc, umb bankna, wells fargo securities llc",1,2,1
130,What companies are the arranger but not the revolving administrative agent in the agreement?,"bofa securities inc, fifth third bank national association, hancock whitney investment services inc, pnc capital markets llc, rbc capital markets, regions capital markets, truist securities inc, umb bankna, wells fargo securities llc",1,2,1
130,What companies are the bookrunner but not the documentation agents in the agreement?,"bofa securities inc, fifth third bank national association, hancock whitney investment services inc, pnc capital markets llc, regions capital markets, truist securities inc, umb bankna, wells fargo securities llc",1,2,1
130,What companies are the bookrunner but not the syndication agents in the agreement?,"bofa securities inc, fifth third bank national association, hancock whitney investment services inc, pnc capital markets llc, regions capital markets, truist securities inc, umb bankna, wells fargo securities llc",1,2,1
130,What companies are the bookrunner but not the lender in the agreement?,"bofa securities inc, hancock whitney investment services inc, jpmorgan chase bank na, pnc capital markets llc, rbc capital markets, regions capital markets, truist securities inc, umb bankna, wells fargo securities llc",1,2,1
130,What companies are the lender but not the bookrunner in the agreement?,"bancorpsouth bank, bank of america na, hancock whitney bank, pnc bank national association, regions bank, truist bank, umb bank na, wells fargo bank national association",1,2,1
130,What companies are the bookrunner but not the issuing bank in the agreement?,"bofa securities inc, fifth third bank national association, hancock whitney investment services inc, pnc capital markets llc, rbc capital markets, regions capital markets, truist securities inc, umb bankna, wells fargo securities llc",1,2,1
130,What companies are the issuing bank but not the bookrunner in the agreement?,"bank of america na, pnc bank national association, royal bank of canada",1,2,1
130,What companies are the bookrunner but not the collateral agent in the agreement?,"bofa securities inc, fifth third bank national association, hancock whitney investment services inc, pnc capital markets llc, rbc capital markets, regions capital markets, truist securities inc, umb bankna, wells fargo securities llc",1,2,1
130,What companies are the bookrunner but not the revolving administrative agent in the agreement?,"bofa securities inc, fifth third bank national association, hancock whitney investment services inc, pnc capital markets llc, rbc capital markets, regions capital markets, truist securities inc, umb bankna, wells fargo securities llc",1,2,1
130,What companies are the documentation agents but not the issuing bank in the agreement?,rbc capital markets,1,2,0
130,What companies are the issuing bank but not the documentation agents in the agreement?,"bank of america na, pnc bank national association, royal bank of canada",1,2,1
130,What companies are the documentation agents but not the collateral agent in the agreement?,rbc capital markets,1,2,0
130,What companies are the documentation agents but not the revolving administrative agent in the agreement?,rbc capital markets,1,2,0
130,What companies are the syndication agents but not the issuing bank in the agreement?,rbc capital markets,1,2,0
130,What companies are the issuing bank but not the syndication agents in the agreement?,"bank of america na, pnc bank national association, royal bank of canada",1,2,1
130,What companies are the syndication agents but not the collateral agent in the agreement?,rbc capital markets,1,2,0
130,What companies are the syndication agents but not the revolving administrative agent in the agreement?,rbc capital markets,1,2,0
130,What companies are the subsidiary but not the borrower in the agreement?,"591 beverage inc, 864 beverage inc, 864 holdings inc, el dorado properties llc, hankinson holding llc, murphy oil trading company eastern, murphy usa nj inc, quick chek corporation, quickchek realty llc, quickchek realty urban renewal llc, spur oil corporation, superior crude trading company, the griffin llc arkansas",1,2,1
130,What companies are the borrower but not the subsidiary in the agreement?,murphy usa inc,1,2,0
130,What companies are the lender but not the issuing bank in the agreement?,"bancorpsouth bank, fifth third bank national association, hancock whitney bank, regions bank, truist bank, umb bank na, wells fargo bank national association",1,2,1
130,What companies are the issuing bank but not the lender in the agreement?,"jpmorgan chase bank na, royal bank of canada",1,2,1
130,What companies are the issuing bank but not the collateral agent in the agreement?,"bank of america na, pnc bank national association, royal bank of canada",1,2,1
130,What companies are the issuing bank but not the revolving administrative agent in the agreement?,"bank of america na, pnc bank national association, royal bank of canada",1,2,1
130,What companies are the issuing bank but not the term administrative agent in the agreement?,"bank of america na, jpmorgan chase bank na, pnc bank national association",1,2,1
25,What companies are the guarantors but not the guarantor in the agreement?,five oaks acquisition corp and hunt cmt equity llc,1,2,0
31,What companies are the agents but not the book runners in the agreement?,"citibank na, wells fargo bank national association",1,2,1
31,What companies are the book runners but not the agents in the agreement?,"citigroup global markets inc, jp morgan securities llc, merrill lynch pierce fennerand smith incorporated, wells fargo securities llc",1,2,1
31,What companies are the agents but not the us swing lender in the agreement?,bank of china los angeles branch,1,2,0
31,What companies are the us swing lender but not the agents in the agreement?,"bank of america na, barclays bank plc, canadian imperial bank of commerce new york agency, goldman sachs bank usa, jpmorgan chase bank na, the bank of china",1,2,1
31,What companies are the book runners but not the us swing lender in the agreement?,"bank of china los angeles branch, citigroup global markets inc, jp morgan securities llc, merrill lynch pierce fennerand smith incorporated, wells fargo securities llc",1,2,1
31,What companies are the us swing lender but not the book runners in the agreement?,"bank of america na, barclays bank plc, canadian imperial bank of commerce new york agency, citibank na, goldman sachs bank usa, jpmorgan chase bank na, the bank of china, wells fargo bank national association",1,2,1
31,What companies are the us swing lender but not the documentation agents in the agreement?,"bank of america na, barclays bank plc, citibank na, goldman sachs bank usa, jpmorgan chase bank na, standard chartered bank, the bank of china, the bank of tokyo mitsubishi ufj ltd, us bank national association, wells fargo bank national association",1,2,1
31,What companies are the us swing lender but not the joint book runners in the agreement?,"bank of america na, barclays bank plc, citibank na, goldman sachs bank usa, jpmorgan chase bank na, standard chartered bank, the bank of china, the bank of tokyo mitsubishi ufj ltd, us bank national association, wells fargo bank national association",1,2,1
31,What companies are the us swing lender but not the sterling swing lender in the agreement?,"bank of america na, barclays bank plc, canadian imperial bank of commerce new york agency, citibank na, goldman sachs bank usa, standard chartered bank, the bank of china, the bank of tokyo mitsubishi ufj ltd, us bank national association, wells fargo bank national association",1,2,1
31,What companies are the us swing lender but not the yen swing lender in the agreement?,"bank of america na, barclays bank plc, canadian imperial bank of commerce new york agency, citibank na, goldman sachs bank usa, standard chartered bank, the bank of china, the bank of tokyo mitsubishi ufj ltd, us bank national association, wells fargo bank national association",1,2,1
31,What companies are the us swing lender but not the syndication agent in the agreement?,"bank of america na, barclays bank plc, canadian imperial bank of commerce new york agency, citibank na, goldman sachs bank usa, standard chartered bank, the bank of china, the bank of tokyo mitsubishi ufj ltd, us bank national association, wells fargo bank national association",1,2,1
31,What companies are the us swing lender but not the administrative agent in the agreement?,"barclays bank plc, canadian imperial bank of commerce new york agency, citibank na, goldman sachs bank usa, jpmorgan chase bank na, standard chartered bank, the bank of china, the bank of tokyo mitsubishi ufj ltd, us bank national association, wells fargo bank national association",1,2,1
31,What companies are the us swing lender but not the euro swing lender in the agreement?,"barclays bank plc, canadian imperial bank of commerce new york agency, citibank na, goldman sachs bank usa, jpmorgan chase bank na, standard chartered bank, the bank of china, the bank of tokyo mitsubishi ufj ltd, us bank national association, wells fargo bank national association",1,2,1
19,What companies are the lender but not the administrative agent in the agreement?,"bmo harris bank na, coöperatieve rabobank ua new york, goldman sachs bank, mufg bank ltd, umb bank na, wells fargo bank national association",1,2,1
19,What companies are the lender but not the issuing bank in the agreement?,"bmo harris bank na, coöperatieve rabobank ua new york, goldman sachs bank, mufg bank ltd, umb bank na, wells fargo bank national association",1,2,1
27,What companies are the lender but not the borrower in the agreement?,af v energy i holdings lp,1,2,0
27,What companies are the borrower but not the lender in the agreement?,gastar midco holdings llc,1,2,0
33,What companies are the arrangers but not the bookrunners in the agreement?,goldman sachs bank usa,1,2,0
33,What companies are the bookrunners but not the syndication agent in the agreement?,"credit suisse securities usa llc, ubs securities llc",1,2,1
33,What companies are the bookrunners but not the documentation agent in the agreement?,"credit suisse securities usa llc, jp morgan securities llc",1,2,1
33,What companies are the arrangers but not the joint bookrunners in the agreement?,"credit suisse securities usa llc, jp morgan securities llc, ubs securities llc",1,2,1
33,What companies are the arrangers but not the syndication agent in the agreement?,"credit suisse securities usa llc, goldman sachs bank usa, ubs securities llc",1,2,1
33,What companies are the arrangers but not the documentation agent in the agreement?,"credit suisse securities usa llc, goldman sachs bank usa, jp morgan securities llc",1,2,1
126,What companies are the bookrunners but not the lenders in the agreement?,"bnp paribas securities corp, bofa securities inc",1,2,1
126,What companies are the lenders but not the bookrunners in the agreement?,"banco santander sa new york branch, bank of america na, bank of china new york branch, bnp paribas, credit agricole corporate and investment bank, dbs bank ltd, hsbc bank usa national association, industrial and commercial bank of china limited new york branch, pnc bank national association, standard chartered bank, the bank of nova scotia, us bank national association, wells fargo bank national association",1,2,1
126,What companies are the bookrunners but not the agents in the agreement?,"bnp paribas securities corp, bofa securities inc, citibank na, mufg bank ltd, sumitomo mitsui banking corporation",1,2,1
126,What companies are the agents but not the bookrunners in the agreement?,"bank of america na, bnp paribas",1,2,1
126,What companies are the bookrunners but not the co syndication agents in the agreement?,"bnp paribas securities corp, bofa securities inc, citibank na, jpmorgan chase bank na, mizuho bank ltd, sumitomo mitsui banking corporation",1,2,1
126,What companies are the bookrunners but not the documentation agents in the agreement?,"bnp paribas securities corp, bofa securities inc, citibank na, jpmorgan chase bank na, mizuho bank ltd, mufg bank ltd",1,2,1
126,What companies are the bookrunners but not the agent in the agreement?,"bnp paribas securities corp, bofa securities inc, jpmorgan chase bank na, mizuho bank ltd, mufg bank ltd, sumitomo mitsui banking corporation",1,2,1
126,What companies are the arrangers but not the lenders in the agreement?,"bnp paribas securities corp, bofa securities inc",1,2,1
126,What companies are the lenders but not the arrangers in the agreement?,"banco santander sa new york branch, bank of america na, bank of china new york branch, bnp paribas, credit agricole corporate and investment bank, dbs bank ltd, hsbc bank usa national association, industrial and commercial bank of china limited new york branch, pnc bank national association, standard chartered bank, the bank of nova scotia, us bank national association, wells fargo bank national association",1,2,1
126,What companies are the arrangers but not the agents in the agreement?,"bnp paribas securities corp, bofa securities inc, citibank na, mufg bank ltd, sumitomo mitsui banking corporation",1,2,1
126,What companies are the agents but not the arrangers in the agreement?,"bank of america na, bnp paribas",1,2,1
126,What companies are the arrangers but not the co syndication agents in the agreement?,"bnp paribas securities corp, bofa securities inc, citibank na, jpmorgan chase bank na, mizuho bank ltd, sumitomo mitsui banking corporation",1,2,1
126,What companies are the arrangers but not the documentation agents in the agreement?,"bnp paribas securities corp, bofa securities inc, citibank na, jpmorgan chase bank na, mizuho bank ltd, mufg bank ltd",1,2,1
126,What companies are the arrangers but not the agent in the agreement?,"bnp paribas securities corp, bofa securities inc, jpmorgan chase bank na, mizuho bank ltd, mufg bank ltd, sumitomo mitsui banking corporation",1,2,1
126,What companies are the lenders but not the agents in the agreement?,"banco santander sa new york branch, bank of china new york branch, citibank na, credit agricole corporate and investment bank, dbs bank ltd, hsbc bank usa national association, industrial and commercial bank of china limited new york branch, mufg bank ltd, pnc bank national association, standard chartered bank, sumitomo mitsui banking corporation, the bank of nova scotia, us bank national association, wells fargo bank national association",1,2,1
126,What companies are the lenders but not the co syndication agents in the agreement?,"banco santander sa new york branch, bank of america na, bank of china new york branch, bnp paribas, citibank na, credit agricole corporate and investment bank, dbs bank ltd, hsbc bank usa national association, industrial and commercial bank of china limited new york branch, jpmorgan chase bank na, mizuho bank ltd, pnc bank national association, standard chartered bank, sumitomo mitsui banking corporation, the bank of nova scotia, us bank national association, wells fargo bank national association",1,2,1
126,What companies are the lenders but not the documentation agents in the agreement?,"banco santander sa new york branch, bank of america na, bank of china new york branch, bnp paribas, citibank na, credit agricole corporate and investment bank, dbs bank ltd, hsbc bank usa national association, industrial and commercial bank of china limited new york branch, jpmorgan chase bank na, mizuho bank ltd, mufg bank ltd, pnc bank national association, standard chartered bank, the bank of nova scotia, us bank national association, wells fargo bank national association",1,2,1
126,What companies are the lenders but not the agent in the agreement?,"banco santander sa new york branch, bank of america na, bank of china new york branch, bnp paribas, credit agricole corporate and investment bank, dbs bank ltd, hsbc bank usa national association, industrial and commercial bank of china limited new york branch, jpmorgan chase bank na, mizuho bank ltd, mufg bank ltd, pnc bank national association, standard chartered bank, sumitomo mitsui banking corporation, the bank of nova scotia, us bank national association, wells fargo bank national association",1,2,1
132,What companies are the arrangers but not the book runners in the agreement?,wells fargo securities llc,1,2,0
132,What companies are the arrangers but not the joint book runners in the agreement?,"bmo capital markets corp, jpmorgan chase bank na, us bank national association",1,2,1
132,What companies are the arrangers but not the lender in the agreement?,"bmo capital markets corp, wells fargo securities llc",1,2,1
132,What companies are the lender but not the arrangers in the agreement?,"bank of montreal, credit suisse ag new york branch, goldman sachs bank usa, wells fargo bank na",1,2,1
132,What companies are the book runners but not the lender in the agreement?,bmo capital markets corp,1,2,0
132,What companies are the lender but not the book runners in the agreement?,"bank of montreal, credit suisse ag new york branch, goldman sachs bank usa, wells fargo bank na",1,2,1
132,What companies are the lender but not the l c issuer in the agreement?,"credit suisse ag new york branch, goldman sachs bank usa, jpmorgan chase bank na, us bank national association, wells fargo bank na",1,2,1
132,What companies are the lender but not the agent in the agreement?,"credit suisse ag new york branch, goldman sachs bank usa, jpmorgan chase bank na, us bank national association, wells fargo bank na",1,2,1
133,What companies are the arranger but not the lender in the agreement?,citibank,1,2,0
133,What companies are the lender but not the arranger in the agreement?,bank of america na,1,2,0
133,What companies are the arranger but not the collateral agent in the agreement?,citibank,1,2,0
133,What companies are the arranger but not the administrative agent in the agreement?,citibank,1,2,0
133,What companies are the arranger but not the l c issuer in the agreement?,citibank,1,2,0
133,What companies are the book runner but not the lender in the agreement?,citibank,1,2,0
133,What companies are the lender but not the book runner in the agreement?,bank of america na,1,2,0
133,What companies are the book runner but not the collateral agent in the agreement?,citibank,1,2,0
133,What companies are the book runner but not the administrative agent in the agreement?,citibank,1,2,0
133,What companies are the book runner but not the l c issuer in the agreement?,citibank,1,2,0
133,What companies are the lender but not the collateral agent in the agreement?,bank of america na,1,2,0
133,What companies are the lender but not the administrative agent in the agreement?,bank of america na,1,2,0
133,What companies are the lender but not the l c issuer in the agreement?,bank of america na,1,2,0
127,What companies are the bookrunner but not the arranger in the agreement?,bofa securities inc,1,2,0
127,What companies are the bookrunner but not the sole lead arranger in the agreement?,bofa securities,1,2,0
127,What companies are the lender but not the agents in the agreement?,"bank of america na, bank of china new york branch, wellsfargobanknationalassociation",1,2,1
127,What companies are the lender but not the lenders in the agreement?,"bank of china new york branch, citibank na, deutsche bank ag, goldman sachs bank, jpmorgan chase bank na, mizuho bank, morgan stanley bank na, us bank national association, wellsfargobanknationalassociation",1,2,1
127,What companies are the lender but not the administrative agent in the agreement?,"bank of china new york branch, citibank na, deutsche bank ag, goldman sachs bank, jpmorgan chase bank na, mizuho bank, morgan stanley bank na, us bank national association, wellsfargobanknationalassociation",1,2,1
127,What companies are the lender but not the l c issuer in the agreement?,"bank of china new york branch, citibank na, deutsche bank ag, goldman sachs bank, jpmorgan chase bank na, mizuho bank, morgan stanley bank na, us bank national association, wellsfargobanknationalassociation",1,2,1
32,What companies are the lenders but not the bookrunners in the agreement?,"bnp paribas canada, jpmorgan chase bank na, royal bank of canada, the standard bank of south africa limited, ubs limited, wells fargo bank na",1,2,1
32,What companies are the bookrunners but not the lenders in the agreement?,"jp morgan securities llc, rbc capital markets, ubs securities llc",1,2,1
32,What companies are the lenders but not the arrangers in the agreement?,"bnp paribas canada, jpmorgan chase bank na, royal bank of canada, the standard bank of south africa limited, ubs limited, wells fargo bank na",1,2,1
32,What companies are the arrangers but not the lenders in the agreement?,"jp morgan securities llc, rbc capital markets",1,2,1
32,What companies are the lenders but not the co syndication agent in the agreement?,"bnp paribas canada, hsbc bank canada, jpmorgan chase bank na, royal bank of canada, the standard bank of south africa limited, ubs limited, wells fargo bank na",1,2,1
32,What companies are the co syndication agent but not the lenders in the agreement?,jp morgan securities llc,1,2,0
32,What companies are the lenders but not the arranger in the agreement?,"bnp paribas canada, hsbc bank canada, jpmorgan chase bank na, the standard bank of south africa limited, ubs limited, wells fargo bank na",1,2,1
32,What companies are the arranger but not the lenders in the agreement?,"jp morgan securities llc, ubs securities llc",1,2,1
32,What companies are the lenders but not the agents in the agreement?,"bnp paribas canada, hsbc bank canada, jpmorgan chase bank na, the standard bank of south africa limited, ubs limited, wells fargo bank na",1,2,1
32,What companies are the agents but not the lenders in the agreement?,jp morgan securities llc,1,2,0
32,What companies are the lenders but not the bookrunner in the agreement?,"bnp paribas canada, jpmorgan chase bank na, royal bank of canada, the standard bank of south africa limited, ubs limited, wells fargo bank na",1,2,1
32,What companies are the bookrunner but not the lenders in the agreement?,"jp morgan securities llc, ubs securities llc",1,2,1
32,What companies are the lenders but not the lender in the agreement?,bnp paribas canada,1,2,0
32,What companies are the lender but not the lenders in the agreement?,bnp paribas,1,2,0
32,What companies are the lenders but not the co documentation agent in the agreement?,"barclays bank plc, bnp paribas canada, hsbc bank canada, jpmorgan chase bank na, the standard bank of south africa limited, ubs limited, wells fargo bank na",1,2,1
32,What companies are the lenders but not the bank in the agreement?,"barclays bank plc, bnp paribas canada, jpmorgan chase bank na, royal bank of canada, the standard bank of south africa limited, ubs limited, wells fargo bank na",1,2,1
32,What companies are the lenders but not the joint lead arranger in the agreement?,"barclays bank plc, bnp paribas canada, jpmorgan chase bank na, royal bank of canada, the standard bank of south africa limited, ubs limited, wells fargo bank na",1,2,1
32,What companies are the bookrunners but not the arrangers in the agreement?,ubs securities llc,1,2,0
32,What companies are the bookrunners but not the co syndication agent in the agreement?,"hsbc bank canada, rbc capital markets, ubs securities llc",1,2,1
32,What companies are the bookrunners but not the arranger in the agreement?,"hsbc bank canada, rbc capital markets",1,2,1
32,What companies are the arranger but not the bookrunners in the agreement?,royal bank of canada,1,2,0
32,What companies are the bookrunners but not the agents in the agreement?,"hsbc bank canada, rbc capital markets, ubs securities llc",1,2,1
32,What companies are the agents but not the bookrunners in the agreement?,royal bank of canada,1,2,0
32,What companies are the bookrunners but not the bookrunner in the agreement?,rbc capital markets,1,2,0
32,What companies are the bookrunners but not the lender in the agreement?,"jp morgan securities llc, rbc capital markets, ubs securities llc",1,2,1
32,What companies are the lender but not the bookrunners in the agreement?,"bnp paribas, jpmorgan chase bank na, royal bank of canada, the standard bank of south africa limited, ubs limited, wells fargo bank na",1,2,1
32,What companies are the bookrunners but not the bank in the agreement?,"barclays bank plc, jp morgan securities llc, rbc capital markets, ubs securities llc",1,2,1
32,What companies are the bookrunners but not the joint lead arranger in the agreement?,"barclays bank plc, jp morgan securities llc, rbc capital markets, ubs securities llc",1,2,1
32,What companies are the bookrunners but not the agent in the agreement?,"barclays bank plc, hsbc bank canada, jp morgan securities llc, rbc capital markets",1,2,1
32,What companies are the bookrunners but not the co documentation agents in the agreement?,"barclays bank plc, hsbc bank canada, jp morgan securities llc, rbc capital markets",1,2,1
32,What companies are the bookrunners but not the joint lead arrangers in the agreement?,"barclays bank plc, hsbc bank canada, jp morgan securities llc, rbc capital markets",1,2,1
32,What companies are the arrangers but not the co syndication agent in the agreement?,"hsbc bank canada, rbc capital markets",1,2,1
32,What companies are the arrangers but not the arranger in the agreement?,"hsbc bank canada, rbc capital markets",1,2,1
32,What companies are the arranger but not the arrangers in the agreement?,"royal bank of canada, ubs securities llc",1,2,1
32,What companies are the arrangers but not the agents in the agreement?,"hsbc bank canada, rbc capital markets",1,2,1
32,What companies are the agents but not the arrangers in the agreement?,royal bank of canada,1,2,0
32,What companies are the arrangers but not the bookrunner in the agreement?,rbc capital markets,1,2,0
32,What companies are the bookrunner but not the arrangers in the agreement?,ubs securities llc,1,2,0
32,What companies are the arrangers but not the lender in the agreement?,"jp morgan securities llc, rbc capital markets",1,2,1
32,What companies are the lender but not the arrangers in the agreement?,"bnp paribas, jpmorgan chase bank na, royal bank of canada, the standard bank of south africa limited, ubs limited, wells fargo bank na",1,2,1
32,What companies are the arrangers but not the bank in the agreement?,"barclays bank plc, jp morgan securities llc, rbc capital markets",1,2,1
32,What companies are the arrangers but not the joint lead arranger in the agreement?,"barclays bank plc, jp morgan securities llc, rbc capital markets",1,2,1
32,What companies are the arranger but not the co syndication agent in the agreement?,"royal bank of canada, ubs securities llc",1,2,1
32,What companies are the agents but not the co syndication agent in the agreement?,royal bank of canada,1,2,0
32,What companies are the bookrunner but not the co syndication agent in the agreement?,"hsbc bank canada, ubs securities llc",1,2,1
32,What companies are the co syndication agent but not the lender in the agreement?,jp morgan securities llc,1,2,0
32,What companies are the lender but not the co syndication agent in the agreement?,"bnp paribas, hsbc bank canada, jpmorgan chase bank na, royal bank of canada, the standard bank of south africa limited, ubs limited, wells fargo bank na",1,2,1
32,What companies are the arranger but not the agents in the agreement?,ubs securities llc,1,2,0
32,What companies are the arranger but not the bookrunner in the agreement?,royal bank of canada,1,2,0
32,What companies are the bookrunner but not the arranger in the agreement?,hsbc bank canada,1,2,0
32,What companies are the arranger but not the lender in the agreement?,"jp morgan securities llc, ubs securities llc",1,2,1
32,What companies are the lender but not the arranger in the agreement?,"bnp paribas, hsbc bank canada, jpmorgan chase bank na, the standard bank of south africa limited, ubs limited, wells fargo bank na",1,2,1
32,What companies are the arranger but not the co documentation agent in the agreement?,"barclays bank plc, jp morgan securities llc, ubs securities llc",1,2,1
32,What companies are the arranger but not the agent in the agreement?,"barclays bank plc, jp morgan securities llc, royal bank of canada",1,2,1
32,What companies are the arranger but not the co documentation agents in the agreement?,"barclays bank plc, jp morgan securities llc, royal bank of canada",1,2,1
32,What companies are the arranger but not the joint lead arrangers in the agreement?,"barclays bank plc, jp morgan securities llc, royal bank of canada",1,2,1
32,What companies are the agents but not the bookrunner in the agreement?,royal bank of canada,1,2,0
32,What companies are the bookrunner but not the agents in the agreement?,"hsbc bank canada, ubs securities llc",1,2,1
32,What companies are the agents but not the lender in the agreement?,jp morgan securities llc,1,2,0
32,What companies are the lender but not the agents in the agreement?,"bnp paribas, hsbc bank canada, jpmorgan chase bank na, the standard bank of south africa limited, ubs limited, wells fargo bank na",1,2,1
32,What companies are the agents but not the co documentation agent in the agreement?,"barclays bank plc, jp morgan securities llc",1,2,1
32,What companies are the bookrunner but not the lender in the agreement?,"jp morgan securities llc, ubs securities llc",1,2,1
32,What companies are the lender but not the bookrunner in the agreement?,"bnp paribas, jpmorgan chase bank na, royal bank of canada, the standard bank of south africa limited, ubs limited, wells fargo bank na",1,2,1
32,What companies are the bookrunner but not the bank in the agreement?,"barclays bank plc, jp morgan securities llc, ubs securities llc",1,2,1
32,What companies are the bookrunner but not the joint lead arranger in the agreement?,"barclays bank plc, jp morgan securities llc, ubs securities llc",1,2,1
32,What companies are the bookrunner but not the agent in the agreement?,"barclays bank plc, hsbc bank canada, jp morgan securities llc",1,2,1
32,What companies are the bookrunner but not the co documentation agents in the agreement?,"barclays bank plc, hsbc bank canada, jp morgan securities llc",1,2,1
32,What companies are the bookrunner but not the joint lead arrangers in the agreement?,"barclays bank plc, hsbc bank canada, jp morgan securities llc",1,2,1
32,What companies are the lender but not the co documentation agent in the agreement?,"barclays bank plc, bnp paribas, hsbc bank canada, jpmorgan chase bank na, the standard bank of south africa limited, ubs limited, wells fargo bank na",1,2,1
32,What companies are the lender but not the bank in the agreement?,"barclays bank plc, bnp paribas, jpmorgan chase bank na, royal bank of canada, the standard bank of south africa limited, ubs limited, wells fargo bank na",1,2,1
32,What companies are the lender but not the joint lead arranger in the agreement?,"barclays bank plc, bnp paribas, jpmorgan chase bank na, royal bank of canada, the standard bank of south africa limited, ubs limited, wells fargo bank na",1,2,1
32,What companies are the borrowers but not the initial borrower in the agreement?,"chc den helder bv, chc global operations 2008inc, chc holding nl bv, chc netherlands bv, chc norway acquisition co as, heli one canada inc, heli one leasing inc, heli one norway as",1,2,1
32,What companies are the collateral agent but not the administrative agent in the agreement?,hsbc corporate trustee company uk limited,1,2,0
26,What companies are the lender but not the lead arrangers in the agreement?,"banco bilbao vizcaya argentaria, bmo harris bank na, bnp paribas, cayman islands brank, city national bank, commerzbank ag, credit agricole corporate and investment bank, credit suisse ag, deutsche bank, hsbc bank usa na, morgan stanley bank na, pnc bank national association, santander bank na, société générale, standard chartered bank, sumitomo mitsui banking corporation, suntrust bank, the bank of new york mellon, the bank of nova scotia, the northern trust company, unicredit bank ag, us bank national association, wells fargo bank national association",1,2,1
26,What companies are the lead arrangers but not the lender in the agreement?,"credit suisse loan funding llc, wells fargo securities llc",1,2,1
26,What companies are the lender but not the bookrunners in the agreement?,"banco bilbao vizcaya argentaria, bmo harris bank na, bnp paribas, cayman islands brank, city national bank, commerzbank ag, credit agricole corporate and investment bank, credit suisse ag, deutsche bank, hsbc bank usa na, morgan stanley bank na, pnc bank national association, santander bank na, société générale, standard chartered bank, sumitomo mitsui banking corporation, suntrust bank, the bank of new york mellon, the bank of nova scotia, the northern trust company, unicredit bank ag, us bank national association, wells fargo bank national association",1,2,1
26,What companies are the bookrunners but not the lender in the agreement?,"credit suisse loan funding llc, wells fargo securities llc",1,2,1
26,What companies are the lender but not the agents in the agreement?,"banco bilbao vizcaya argentaria, bmo harris bank na, bnp paribas, cayman islands brank, city national bank, commerzbank ag, credit agricole corporate and investment bank, credit suisse ag, deutsche bank, hsbc bank usa na, morgan stanley bank na, morgan stanley senior funding inc, mufg bank ltd, pnc bank national association, santander bank na, société générale, standard chartered bank, sumitomo mitsui banking corporation, suntrust bank, the bank of new york mellon, the bank of nova scotia, the northern trust company, unicredit bank ag, us bank national association, wells fargo bank national association",1,2,1
26,What companies are the agents but not the lender in the agreement?,credit suisse loan funding llc,1,2,0
26,What companies are the lender but not the syndication agent in the agreement?,"banco bilbao vizcaya argentaria, barclays bank plc, bmo harris bank na, bnp paribas, cayman islands brank, city national bank, commerzbank ag, credit agricole corporate and investment bank, credit suisse ag, deutsche bank, hsbc bank usa na, mizuho bank ltd, morgan stanley bank na, morgan stanley senior funding inc, pnc bank national association, santander bank na, société générale, standard chartered bank, sumitomo mitsui banking corporation, suntrust bank, the bank of new york mellon, the bank of nova scotia, the northern trust company, unicredit bank ag, us bank national association, wells fargo bank national association",1,2,1
26,What companies are the lender but not the documentation agents in the agreement?,"banco bilbao vizcaya argentaria, barclays bank plc, bmo harris bank na, bnp paribas, cayman islands brank, city national bank, commerzbank ag, credit agricole corporate and investment bank, credit suisse ag, deutsche bank, hsbc bank usa na, mizuho bank ltd, morgan stanley bank na, morgan stanley senior funding inc, mufg bank ltd, pnc bank national association, santander bank na, société générale, standard chartered bank, sumitomo mitsui banking corporation, suntrust bank, the bank of new york mellon, the bank of nova scotia, the northern trust company, unicredit bank ag, us bank national association",1,2,1
26,What companies are the lender but not the administrative agent in the agreement?,"banco bilbao vizcaya argentaria, barclays bank plc, bmo harris bank na, bnp paribas, cayman islands brank, city national bank, commerzbank ag, credit agricole corporate and investment bank, credit suisse ag, deutsche bank, hsbc bank usa na, mizuho bank ltd, morgan stanley bank na, mufg bank ltd, pnc bank national association, santander bank na, société générale, standard chartered bank, sumitomo mitsui banking corporation, suntrust bank, the bank of new york mellon, the bank of nova scotia, the northern trust company, unicredit bank ag, us bank national association, wells fargo bank national association",1,2,1
26,What companies are the lead arrangers but not the agents in the agreement?,"morgan stanley senior funding inc, mufg bank ltd, wells fargo securities llc",1,2,1
26,What companies are the lead arrangers but not the syndication agent in the agreement?,"barclays bank plc, credit suisse loan funding llc, mizuho bank ltd, morgan stanley senior funding inc, wells fargo securities llc",1,2,1
26,What companies are the lead arrangers but not the administrative agent in the agreement?,"barclays bank plc, credit suisse loan funding llc, mizuho bank ltd, mufg bank ltd, wells fargo securities llc",1,2,1
26,What companies are the bookrunners but not the agents in the agreement?,"morgan stanley senior funding inc, mufg bank ltd, wells fargo securities llc",1,2,1
26,What companies are the bookrunners but not the syndication agent in the agreement?,"barclays bank plc, credit suisse loan funding llc, mizuho bank ltd, morgan stanley senior funding inc, wells fargo securities llc",1,2,1
26,What companies are the bookrunners but not the administrative agent in the agreement?,"barclays bank plc, credit suisse loan funding llc, mizuho bank ltd, mufg bank ltd, wells fargo securities llc",1,2,1
