document_number,question,answer,num_hops,num_set_operations,multiple_answer_dimension
28,What role do akin gump strauss hauer and feld llp and pharmakon advisors lp share in the agreement that is not held by biopharma credit investments v master lp?,agent,1,3,0
28,What role do akin gump strauss hauer and feld llp and pharmakon advisors lp share in the agreement that is not held by biopharma credit plc?,agent,1,3,0
139,What role do fenner and smith incorporated and jp morgan securities llc merrill lynch pierce fenner and smith incorporated citigroup global markets inc crédit agricole corporate and investment bank mizuho bank ltd rbc capital markets share in the agreement that is not held by merrill lynch?,joint lead arrangers,1,3,0
139,What role do fenner and smith incorporated and jp morgan securities llc merrill lynch pierce fenner and smith incorporated citigroup global markets inc crédit agricole corporate and investment bank mizuho bank ltd rbc capital markets share in the agreement that is not held by pierce?,joint bookrunners,1,3,0
139,What role do fenner and smith incorporated and jp morgan securities llc merrill lynch pierce fenner and smith incorporated citigroup global markets inc crédit agricole corporate and investment bank mizuho bank ltd rbc capital markets share in the agreement that is not held by td securities usa llc?,joint lead arrangers,1,3,0
139,What role do fenner and smith incorporated and rbc capital markets share in the agreement that is not held by td securities usa llc?,joint lead arrangers,1,3,0
139,What role do jp morgan securities llc merrill lynch pierce fenner and smith incorporated citigroup global markets inc crédit agricole corporate and investment bank mizuho bank ltd rbc capital markets and rbc capital markets share in the agreement that is not held by td securities usa llc?,joint lead arrangers,1,3,0
38,What role do bank of america na and citibank na share in the agreement that is not held by goldman sachs bank usa?,co documentation agents,1,3,0
38,What role do bank of america na and citibank na share in the agreement that is not held by morgan stanley bank na?,co documentation agents,1,3,0
38,What role do bank of america na and citibank na share in the agreement that is not held by societe generale?,co documentation agents,1,3,0
38,What role do bank of america na and citibank na share in the agreement that is not held by standard chartered bank?,co documentation agents,1,3,0
38,What role do bank of america na and citibank na share in the agreement that is not held by sumitomo mitsui banking corporation?,co documentation agents,1,3,0
38,What role do bank of america na and citibank na share in the agreement that is not held by the bank of new york mellon?,co documentation agents,1,3,0
38,What role do bank of america na and citibank na share in the agreement that is not held by the bank of nova scotia?,co documentation agents,1,3,0
38,What role do bank of america na and citibank na share in the agreement that is not held by the standard bank of south africa limited?,co documentation agents,1,3,0
38,What role do bank of america na and citibank na share in the agreement that is not held by wells fargo bank national association?,co documentation agents,1,3,0
38,What role do bank of america na and citibank na share in the agreement that is not held by bnp paribas?,co documentation agents,1,3,0
38,What role do bank of america na and citibank na share in the agreement that is not held by credit agricole corporate and investment?,co documentation agents,1,3,0
38,What role do bank of america na and citibank na share in the agreement that is not held by credit suisse ag?,co documentation agents,1,3,0
38,What role do bank of america na and citibank na share in the agreement that is not held by deutsche bank ag?,co documentation agents,1,3,0
38,What role do bank of america na and citibank na share in the agreement that is not held by dnb capital llc?,co documentation agents,1,3,0
38,What role do bank of america na and citibank na share in the agreement that is not held by jpmorgan chase bank na?,co documentation agents,1,3,0
38,What role do bank of america na and citibank na share in the agreement that is not held by ubs ag?,co documentation agents,1,3,0
38,What role do bank of america na and mizuho bank ltd share in the agreement that is not held by morgan stanley bank na?,co documentation agents,1,3,0
38,What role do bank of america na and mizuho bank ltd share in the agreement that is not held by societe generale?,co documentation agents,1,3,0
38,What role do bank of america na and mizuho bank ltd share in the agreement that is not held by standard chartered bank?,co documentation agents,1,3,0
38,What role do bank of america na and mizuho bank ltd share in the agreement that is not held by sumitomo mitsui banking corporation?,co documentation agents,1,3,0
38,What role do bank of america na and mizuho bank ltd share in the agreement that is not held by the bank of new york mellon?,co documentation agents,1,3,0
38,What role do bank of america na and mizuho bank ltd share in the agreement that is not held by the bank of nova scotia?,co documentation agents,1,3,0
38,What role do bank of america na and mizuho bank ltd share in the agreement that is not held by the standard bank of south africa limited?,co documentation agents,1,3,0
38,What role do bank of america na and mizuho bank ltd share in the agreement that is not held by wells fargo bank national association?,co documentation agents,1,3,0
38,What role do bank of america na and mizuho bank ltd share in the agreement that is not held by bnp paribas?,co documentation agents,1,3,0
38,What role do bank of america na and mizuho bank ltd share in the agreement that is not held by credit agricole corporate and investment?,co documentation agents,1,3,0
38,What role do bank of america na and mizuho bank ltd share in the agreement that is not held by credit suisse ag?,co documentation agents,1,3,0
38,What role do bank of america na and mizuho bank ltd share in the agreement that is not held by deutsche bank ag?,co documentation agents,1,3,0
38,What role do bank of america na and mizuho bank ltd share in the agreement that is not held by dnb capital llc?,co documentation agents,1,3,0
38,What role do bank of america na and mizuho bank ltd share in the agreement that is not held by jpmorgan chase bank na?,co documentation agents,1,3,0
38,What role do bank of america na and mizuho bank ltd share in the agreement that is not held by ubs ag?,co documentation agents,1,3,0
38,What role do bank of america na and the bank of tokyo mitsubishi ufj ltd share in the agreement that is not held by the standard bank of south africa limited?,co documentation agents,1,3,0
38,What role do bank of america na and the bank of tokyo mitsubishi ufj ltd share in the agreement that is not held by wells fargo bank national association?,co documentation agents,1,3,0
38,What role do bank of america na and the bank of tokyo mitsubishi ufj ltd share in the agreement that is not held by bnp paribas?,co documentation agents,1,3,0
38,What role do bank of america na and the bank of tokyo mitsubishi ufj ltd share in the agreement that is not held by credit agricole corporate and investment?,co documentation agents,1,3,0
38,What role do bank of america na and the bank of tokyo mitsubishi ufj ltd share in the agreement that is not held by credit suisse ag?,co documentation agents,1,3,0
38,What role do bank of america na and the bank of tokyo mitsubishi ufj ltd share in the agreement that is not held by deutsche bank ag?,co documentation agents,1,3,0
38,What role do bank of america na and the bank of tokyo mitsubishi ufj ltd share in the agreement that is not held by dnb capital llc?,co documentation agents,1,3,0
38,What role do bank of america na and the bank of tokyo mitsubishi ufj ltd share in the agreement that is not held by jpmorgan chase bank na?,co documentation agents,1,3,0
38,What role do bank of america na and the bank of tokyo mitsubishi ufj ltd share in the agreement that is not held by ubs ag?,co documentation agents,1,3,0
38,What role do citibank na and mizuho bank ltd share in the agreement that is not held by morgan stanley bank na?,co documentation agents,1,3,0
38,What role do citibank na and mizuho bank ltd share in the agreement that is not held by societe generale?,co documentation agents,1,3,0
38,What role do citibank na and mizuho bank ltd share in the agreement that is not held by standard chartered bank?,co documentation agents,1,3,0
38,What role do citibank na and mizuho bank ltd share in the agreement that is not held by sumitomo mitsui banking corporation?,co documentation agents,1,3,0
38,What role do citibank na and mizuho bank ltd share in the agreement that is not held by the bank of new york mellon?,co documentation agents,1,3,0
38,What role do citibank na and mizuho bank ltd share in the agreement that is not held by the bank of nova scotia?,co documentation agents,1,3,0
38,What role do citibank na and mizuho bank ltd share in the agreement that is not held by the standard bank of south africa limited?,co documentation agents,1,3,0
38,What role do citibank na and mizuho bank ltd share in the agreement that is not held by wells fargo bank national association?,co documentation agents,1,3,0
38,What role do citibank na and mizuho bank ltd share in the agreement that is not held by bnp paribas?,co documentation agents,1,3,0
38,What role do citibank na and mizuho bank ltd share in the agreement that is not held by credit agricole corporate and investment?,co documentation agents,1,3,0
38,What role do citibank na and mizuho bank ltd share in the agreement that is not held by credit suisse ag?,co documentation agents,1,3,0
38,What role do citibank na and mizuho bank ltd share in the agreement that is not held by deutsche bank ag?,co documentation agents,1,3,0
38,What role do citibank na and mizuho bank ltd share in the agreement that is not held by dnb capital llc?,co documentation agents,1,3,0
38,What role do citibank na and mizuho bank ltd share in the agreement that is not held by jpmorgan chase bank na?,co documentation agents,1,3,0
38,What role do citibank na and mizuho bank ltd share in the agreement that is not held by ubs ag?,co documentation agents,1,3,0
38,What role do citibank na and the bank of tokyo mitsubishi ufj ltd share in the agreement that is not held by the standard bank of south africa limited?,co documentation agents,1,3,0
38,What role do citibank na and the bank of tokyo mitsubishi ufj ltd share in the agreement that is not held by wells fargo bank national association?,co documentation agents,1,3,0
38,What role do citibank na and the bank of tokyo mitsubishi ufj ltd share in the agreement that is not held by bnp paribas?,co documentation agents,1,3,0
38,What role do citibank na and the bank of tokyo mitsubishi ufj ltd share in the agreement that is not held by credit agricole corporate and investment?,co documentation agents,1,3,0
38,What role do citibank na and the bank of tokyo mitsubishi ufj ltd share in the agreement that is not held by credit suisse ag?,co documentation agents,1,3,0
38,What role do citibank na and the bank of tokyo mitsubishi ufj ltd share in the agreement that is not held by deutsche bank ag?,co documentation agents,1,3,0
38,What role do citibank na and the bank of tokyo mitsubishi ufj ltd share in the agreement that is not held by dnb capital llc?,co documentation agents,1,3,0
38,What role do citibank na and the bank of tokyo mitsubishi ufj ltd share in the agreement that is not held by jpmorgan chase bank na?,co documentation agents,1,3,0
38,What role do citibank na and the bank of tokyo mitsubishi ufj ltd share in the agreement that is not held by ubs ag?,co documentation agents,1,3,0
38,What role do mizuho bank ltd and the bank of tokyo mitsubishi ufj ltd share in the agreement that is not held by the standard bank of south africa limited?,"arranger, bookrunners, co documentation agents",1,3,1
38,What role do mizuho bank ltd and the bank of tokyo mitsubishi ufj ltd share in the agreement that is not held by wells fargo bank national association?,"arranger, bookrunners, co documentation agents",1,3,1
38,What role do mizuho bank ltd and the bank of tokyo mitsubishi ufj ltd share in the agreement that is not held by bnp paribas?,"arranger, bookrunners, co documentation agents",1,3,1
38,What role do mizuho bank ltd and the bank of tokyo mitsubishi ufj ltd share in the agreement that is not held by credit agricole corporate and investment?,"arranger, bookrunners, co documentation agents",1,3,1
38,What role do mizuho bank ltd and the bank of tokyo mitsubishi ufj ltd share in the agreement that is not held by credit suisse ag?,"arranger, bookrunners, co documentation agents",1,3,1
38,What role do mizuho bank ltd and the bank of tokyo mitsubishi ufj ltd share in the agreement that is not held by deutsche bank ag?,"arranger, bookrunners, co documentation agents",1,3,1
38,What role do mizuho bank ltd and the bank of tokyo mitsubishi ufj ltd share in the agreement that is not held by dnb capital llc?,"arranger, bookrunners, co documentation agents",1,3,1
38,What role do mizuho bank ltd and the bank of tokyo mitsubishi ufj ltd share in the agreement that is not held by jpmorgan chase bank na?,"arranger, bookrunners, co documentation agents",1,3,1
38,What role do mizuho bank ltd and the bank of tokyo mitsubishi ufj ltd share in the agreement that is not held by ubs ag?,"arranger, bookrunners, co documentation agents",1,3,1
107,What role do barclays capital and citigroup global markets inc share in the agreement that is not held by rbc capital markets?,bookrunners,1,3,0
107,What role do barclays capital and jp morgan securities inc share in the agreement that is not held by rbc capital markets?,bookrunners,1,3,0
107,What role do citigroup global markets inc and jp morgan securities inc share in the agreement that is not held by rbc capital markets?,bookrunners,1,3,0
107,What role do easylink services international corporation and easylink services usa inc share in the agreement that is not held by ocelot merger sub inc?,domestic guarantor,1,3,0
107,What role do easylink services international corporation and easylink services usa inc share in the agreement that is not held by gxs international inc?,grantor,1,3,0
107,What role do easylink services international corporation and easylink services usa inc share in the agreement that is not held by gxs inc?,grantor,1,3,0
107,What role do easylink services international corporation and easylink services usa inc share in the agreement that is not held by vignette partnership lp?,grantor,1,3,0
107,What role do easylink services international corporation and open text usa inc share in the agreement that is not held by gxs international inc?,grantor,1,3,0
107,What role do easylink services international corporation and open text usa inc share in the agreement that is not held by gxs inc?,grantor,1,3,0
107,What role do easylink services international corporation and open text usa inc share in the agreement that is not held by vignette partnership lp?,grantor,1,3,0
107,What role do easylink services international corporation and xpedite systems llc share in the agreement that is not held by gxs international inc?,grantor,1,3,0
107,What role do easylink services international corporation and xpedite systems llc share in the agreement that is not held by gxs inc?,grantor,1,3,0
107,What role do easylink services international corporation and xpedite systems llc share in the agreement that is not held by vignette partnership lp?,grantor,1,3,0
107,What role do easylink services international corporation and open text holdings inc share in the agreement that is not held by gxs inc?,grantor,1,3,0
107,What role do easylink services international corporation and open text holdings inc share in the agreement that is not held by vignette partnership lp?,grantor,1,3,0
107,What role do easylink services international corporation and open text canada ltd share in the agreement that is not held by vignette partnership lp?,grantor,1,3,0
107,What role do easylink services international corporation and open text corporation share in the agreement that is not held by vignette partnership lp?,grantor,1,3,0
107,What role do easylink services international corporation and open text inc share in the agreement that is not held by vignette partnership lp?,grantor,1,3,0
107,What role do easylink services international corporation and open text ulc share in the agreement that is not held by vignette partnership lp?,grantor,1,3,0
107,What role do easylink services usa inc and open text usa inc share in the agreement that is not held by gxs international inc?,grantor,1,3,0
107,What role do easylink services usa inc and open text usa inc share in the agreement that is not held by gxs inc?,grantor,1,3,0
107,What role do easylink services usa inc and open text usa inc share in the agreement that is not held by vignette partnership lp?,grantor,1,3,0
107,What role do easylink services usa inc and xpedite systems llc share in the agreement that is not held by gxs international inc?,grantor,1,3,0
107,What role do easylink services usa inc and xpedite systems llc share in the agreement that is not held by gxs inc?,grantor,1,3,0
107,What role do easylink services usa inc and xpedite systems llc share in the agreement that is not held by vignette partnership lp?,grantor,1,3,0
107,What role do easylink services usa inc and open text holdings inc share in the agreement that is not held by gxs inc?,grantor,1,3,0
107,What role do easylink services usa inc and open text holdings inc share in the agreement that is not held by vignette partnership lp?,grantor,1,3,0
107,What role do easylink services usa inc and open text canada ltd share in the agreement that is not held by vignette partnership lp?,grantor,1,3,0
107,What role do easylink services usa inc and open text corporation share in the agreement that is not held by vignette partnership lp?,grantor,1,3,0
107,What role do easylink services usa inc and open text inc share in the agreement that is not held by vignette partnership lp?,grantor,1,3,0
107,What role do easylink services usa inc and open text ulc share in the agreement that is not held by vignette partnership lp?,grantor,1,3,0
107,What role do open text usa inc and xpedite systems llc share in the agreement that is not held by gxs international inc?,grantor,1,3,0
107,What role do open text usa inc and xpedite systems llc share in the agreement that is not held by gxs inc?,grantor,1,3,0
107,What role do open text usa inc and xpedite systems llc share in the agreement that is not held by vignette partnership lp?,grantor,1,3,0
107,What role do open text usa inc and open text holdings inc share in the agreement that is not held by gxs inc?,grantor,1,3,0
107,What role do open text usa inc and open text holdings inc share in the agreement that is not held by vignette partnership lp?,grantor,1,3,0
107,What role do open text usa inc and open text canada ltd share in the agreement that is not held by vignette partnership lp?,grantor,1,3,0
107,What role do open text usa inc and open text corporation share in the agreement that is not held by vignette partnership lp?,grantor,1,3,0
107,What role do open text usa inc and open text inc share in the agreement that is not held by vignette partnership lp?,grantor,1,3,0
107,What role do open text usa inc and open text ulc share in the agreement that is not held by vignette partnership lp?,grantor,1,3,0
107,What role do xpedite systems llc and open text holdings inc share in the agreement that is not held by gxs inc?,grantor,1,3,0
107,What role do xpedite systems llc and open text holdings inc share in the agreement that is not held by vignette partnership lp?,grantor,1,3,0
107,What role do xpedite systems llc and open text canada ltd share in the agreement that is not held by vignette partnership lp?,grantor,1,3,0
107,What role do xpedite systems llc and open text corporation share in the agreement that is not held by vignette partnership lp?,grantor,1,3,0
107,What role do xpedite systems llc and open text inc share in the agreement that is not held by vignette partnership lp?,grantor,1,3,0
107,What role do xpedite systems llc and open text ulc share in the agreement that is not held by vignette partnership lp?,grantor,1,3,0
107,What role do open text holdings inc and open text canada ltd share in the agreement that is not held by vignette partnership lp?,grantor,1,3,0
107,What role do open text holdings inc and open text corporation share in the agreement that is not held by vignette partnership lp?,grantor,1,3,0
107,What role do open text holdings inc and open text inc share in the agreement that is not held by vignette partnership lp?,grantor,1,3,0
107,What role do open text holdings inc and open text ulc share in the agreement that is not held by vignette partnership lp?,grantor,1,3,0
107,What role do open text canada ltd and open text corporation share in the agreement that is not held by vignette partnership lp?,grantor,1,3,0
107,What role do open text canada ltd and open text inc share in the agreement that is not held by vignette partnership lp?,grantor,1,3,0
107,What role do open text canada ltd and open text ulc share in the agreement that is not held by vignette partnership lp?,grantor,1,3,0
107,What role do open text corporation and open text inc share in the agreement that is not held by vignette partnership lp?,grantor,1,3,0
107,What role do open text corporation and open text ulc share in the agreement that is not held by vignette partnership lp?,grantor,1,3,0
107,What role do open text inc and open text ulc share in the agreement that is not held by vignette partnership lp?,grantor,1,3,0
106,What role do black mountain cogeninc and blue ridge generation llc share in the agreement that is not held by dynegy power llc?,borrowers,1,3,0
106,What role do black mountain cogeninc and dynegy equipment llc share in the agreement that is not held by dynegy power llc?,borrowers,1,3,0
106,What role do black mountain cogeninc and dynegy marketing and trade llc share in the agreement that is not held by dynegy power llc?,borrowers,1,3,0
106,What role do black mountain cogeninc and dynegy power generation inc share in the agreement that is not held by dynegy power llc?,borrowers,1,3,0
106,What role do black mountain cogeninc and dynegy south bay llc share in the agreement that is not held by dynegy power llc?,borrowers,1,3,0
106,What role do black mountain cogeninc and sithe energiesinc share in the agreement that is not held by dynegy power llc?,borrowers,1,3,0
106,What role do black mountain cogeninc and sithe independence llc share in the agreement that is not held by dynegy power llc?,borrowers,1,3,0
106,What role do black mountain cogeninc and sithe independence power partners lp share in the agreement that is not held by dynegy power llc?,borrowers,1,3,0
106,What role do black mountain cogeninc and casco bay energy company llc share in the agreement that is not held by dynegy power llc?,borrowers,1,3,0
106,What role do black mountain cogeninc and dynegy kendall energy llc share in the agreement that is not held by dynegy power llc?,borrowers,1,3,0
106,What role do black mountain cogeninc and dynegy morro bay llc share in the agreement that is not held by dynegy power llc?,borrowers,1,3,0
106,What role do black mountain cogeninc and dynegy moss landing llc share in the agreement that is not held by dynegy power llc?,borrowers,1,3,0
106,What role do black mountain cogeninc and dynegy oakland llc share in the agreement that is not held by dynegy power llc?,borrowers,1,3,0
106,What role do black mountain cogeninc and ontelaunee power operating company llc share in the agreement that is not held by dynegy power llc?,borrowers,1,3,0
106,What role do blue ridge generation llc and dynegy equipment llc share in the agreement that is not held by dynegy power llc?,borrowers,1,3,0
106,What role do blue ridge generation llc and dynegy marketing and trade llc share in the agreement that is not held by dynegy power llc?,borrowers,1,3,0
106,What role do blue ridge generation llc and dynegy power generation inc share in the agreement that is not held by dynegy power llc?,borrowers,1,3,0
106,What role do blue ridge generation llc and dynegy south bay llc share in the agreement that is not held by dynegy power llc?,borrowers,1,3,0
106,What role do blue ridge generation llc and sithe energiesinc share in the agreement that is not held by dynegy power llc?,borrowers,1,3,0
106,What role do blue ridge generation llc and sithe independence llc share in the agreement that is not held by dynegy power llc?,borrowers,1,3,0
106,What role do blue ridge generation llc and sithe independence power partners lp share in the agreement that is not held by dynegy power llc?,borrowers,1,3,0
106,What role do blue ridge generation llc and casco bay energy company llc share in the agreement that is not held by dynegy power llc?,borrowers,1,3,0
106,What role do blue ridge generation llc and dynegy kendall energy llc share in the agreement that is not held by dynegy power llc?,borrowers,1,3,0
106,What role do blue ridge generation llc and dynegy morro bay llc share in the agreement that is not held by dynegy power llc?,borrowers,1,3,0
106,What role do blue ridge generation llc and dynegy moss landing llc share in the agreement that is not held by dynegy power llc?,borrowers,1,3,0
106,What role do blue ridge generation llc and dynegy oakland llc share in the agreement that is not held by dynegy power llc?,borrowers,1,3,0
106,What role do blue ridge generation llc and ontelaunee power operating company llc share in the agreement that is not held by dynegy power llc?,borrowers,1,3,0
106,What role do citigroup global marketsinc and deutsche bank securities inc share in the agreement that is not held by ubs securities llc?,arranger,1,3,0
106,What role do citigroup global marketsinc and rbc capital markets share in the agreement that is not held by ubs securities llc?,arranger,1,3,0
106,What role do deutsche bank securities inc and rbc capital markets share in the agreement that is not held by ubs securities llc?,"arranger, arrangers",1,3,1
106,What role do dynegy equipment llc and dynegy marketing and trade llc share in the agreement that is not held by dynegy power llc?,borrowers,1,3,0
106,What role do dynegy equipment llc and dynegy power generation inc share in the agreement that is not held by dynegy power llc?,borrowers,1,3,0
106,What role do dynegy equipment llc and dynegy south bay llc share in the agreement that is not held by dynegy power llc?,borrowers,1,3,0
106,What role do dynegy equipment llc and sithe energiesinc share in the agreement that is not held by dynegy power llc?,borrowers,1,3,0
106,What role do dynegy equipment llc and sithe independence llc share in the agreement that is not held by dynegy power llc?,borrowers,1,3,0
106,What role do dynegy equipment llc and sithe independence power partners lp share in the agreement that is not held by dynegy power llc?,borrowers,1,3,0
106,What role do dynegy equipment llc and casco bay energy company llc share in the agreement that is not held by dynegy power llc?,borrowers,1,3,0
106,What role do dynegy equipment llc and dynegy kendall energy llc share in the agreement that is not held by dynegy power llc?,borrowers,1,3,0
106,What role do dynegy equipment llc and dynegy morro bay llc share in the agreement that is not held by dynegy power llc?,borrowers,1,3,0
106,What role do dynegy equipment llc and dynegy moss landing llc share in the agreement that is not held by dynegy power llc?,borrowers,1,3,0
106,What role do dynegy equipment llc and dynegy oakland llc share in the agreement that is not held by dynegy power llc?,borrowers,1,3,0
106,What role do dynegy equipment llc and ontelaunee power operating company llc share in the agreement that is not held by dynegy power llc?,borrowers,1,3,0
106,What role do dynegy marketing and trade llc and dynegy power generation inc share in the agreement that is not held by dynegy power llc?,borrowers,1,3,0
106,What role do dynegy marketing and trade llc and dynegy south bay llc share in the agreement that is not held by dynegy power llc?,borrowers,1,3,0
106,What role do dynegy marketing and trade llc and sithe energiesinc share in the agreement that is not held by dynegy power llc?,borrowers,1,3,0
106,What role do dynegy marketing and trade llc and sithe independence llc share in the agreement that is not held by dynegy power llc?,borrowers,1,3,0
106,What role do dynegy marketing and trade llc and sithe independence power partners lp share in the agreement that is not held by dynegy power llc?,borrowers,1,3,0
106,What role do dynegy marketing and trade llc and casco bay energy company llc share in the agreement that is not held by dynegy power llc?,borrowers,1,3,0
106,What role do dynegy marketing and trade llc and dynegy kendall energy llc share in the agreement that is not held by dynegy power llc?,borrowers,1,3,0
106,What role do dynegy marketing and trade llc and dynegy morro bay llc share in the agreement that is not held by dynegy power llc?,borrowers,1,3,0
106,What role do dynegy marketing and trade llc and dynegy moss landing llc share in the agreement that is not held by dynegy power llc?,borrowers,1,3,0
106,What role do dynegy marketing and trade llc and dynegy oakland llc share in the agreement that is not held by dynegy power llc?,borrowers,1,3,0
106,What role do dynegy marketing and trade llc and ontelaunee power operating company llc share in the agreement that is not held by dynegy power llc?,borrowers,1,3,0
106,What role do dynegy power generation inc and dynegy south bay llc share in the agreement that is not held by dynegy power llc?,borrowers,1,3,0
106,What role do dynegy power generation inc and sithe energiesinc share in the agreement that is not held by dynegy power llc?,borrowers,1,3,0
106,What role do dynegy power generation inc and sithe independence llc share in the agreement that is not held by dynegy power llc?,borrowers,1,3,0
106,What role do dynegy power generation inc and sithe independence power partners lp share in the agreement that is not held by dynegy power llc?,borrowers,1,3,0
106,What role do dynegy power generation inc and casco bay energy company llc share in the agreement that is not held by dynegy power llc?,borrowers,1,3,0
106,What role do dynegy power generation inc and dynegy kendall energy llc share in the agreement that is not held by dynegy power llc?,borrowers,1,3,0
106,What role do dynegy power generation inc and dynegy morro bay llc share in the agreement that is not held by dynegy power llc?,borrowers,1,3,0
106,What role do dynegy power generation inc and dynegy moss landing llc share in the agreement that is not held by dynegy power llc?,borrowers,1,3,0
106,What role do dynegy power generation inc and dynegy oakland llc share in the agreement that is not held by dynegy power llc?,borrowers,1,3,0
106,What role do dynegy power generation inc and ontelaunee power operating company llc share in the agreement that is not held by dynegy power llc?,borrowers,1,3,0
106,What role do dynegy south bay llc and sithe energiesinc share in the agreement that is not held by dynegy power llc?,borrowers,1,3,0
106,What role do dynegy south bay llc and sithe independence llc share in the agreement that is not held by dynegy power llc?,borrowers,1,3,0
106,What role do dynegy south bay llc and sithe independence power partners lp share in the agreement that is not held by dynegy power llc?,borrowers,1,3,0
106,What role do dynegy south bay llc and casco bay energy company llc share in the agreement that is not held by dynegy power llc?,borrowers,1,3,0
106,What role do dynegy south bay llc and dynegy kendall energy llc share in the agreement that is not held by dynegy power llc?,borrowers,1,3,0
106,What role do dynegy south bay llc and dynegy morro bay llc share in the agreement that is not held by dynegy power llc?,borrowers,1,3,0
106,What role do dynegy south bay llc and dynegy moss landing llc share in the agreement that is not held by dynegy power llc?,borrowers,1,3,0
106,What role do dynegy south bay llc and dynegy oakland llc share in the agreement that is not held by dynegy power llc?,borrowers,1,3,0
106,What role do dynegy south bay llc and ontelaunee power operating company llc share in the agreement that is not held by dynegy power llc?,borrowers,1,3,0
106,What role do sithe energiesinc and sithe independence llc share in the agreement that is not held by dynegy power llc?,borrowers,1,3,0
106,What role do sithe energiesinc and sithe independence power partners lp share in the agreement that is not held by dynegy power llc?,borrowers,1,3,0
106,What role do sithe energiesinc and casco bay energy company llc share in the agreement that is not held by dynegy power llc?,borrowers,1,3,0
106,What role do sithe energiesinc and dynegy kendall energy llc share in the agreement that is not held by dynegy power llc?,borrowers,1,3,0
106,What role do sithe energiesinc and dynegy morro bay llc share in the agreement that is not held by dynegy power llc?,borrowers,1,3,0
106,What role do sithe energiesinc and dynegy moss landing llc share in the agreement that is not held by dynegy power llc?,borrowers,1,3,0
106,What role do sithe energiesinc and dynegy oakland llc share in the agreement that is not held by dynegy power llc?,borrowers,1,3,0
106,What role do sithe energiesinc and ontelaunee power operating company llc share in the agreement that is not held by dynegy power llc?,borrowers,1,3,0
106,What role do sithe independence llc and sithe independence power partners lp share in the agreement that is not held by dynegy power llc?,borrowers,1,3,0
106,What role do sithe independence llc and casco bay energy company llc share in the agreement that is not held by dynegy power llc?,borrowers,1,3,0
106,What role do sithe independence llc and dynegy kendall energy llc share in the agreement that is not held by dynegy power llc?,borrowers,1,3,0
106,What role do sithe independence llc and dynegy morro bay llc share in the agreement that is not held by dynegy power llc?,borrowers,1,3,0
106,What role do sithe independence llc and dynegy moss landing llc share in the agreement that is not held by dynegy power llc?,borrowers,1,3,0
106,What role do sithe independence llc and dynegy oakland llc share in the agreement that is not held by dynegy power llc?,borrowers,1,3,0
106,What role do sithe independence llc and ontelaunee power operating company llc share in the agreement that is not held by dynegy power llc?,borrowers,1,3,0
106,What role do sithe independence power partners lp and casco bay energy company llc share in the agreement that is not held by dynegy power llc?,borrowers,1,3,0
106,What role do sithe independence power partners lp and dynegy kendall energy llc share in the agreement that is not held by dynegy power llc?,borrowers,1,3,0
106,What role do sithe independence power partners lp and dynegy morro bay llc share in the agreement that is not held by dynegy power llc?,borrowers,1,3,0
106,What role do sithe independence power partners lp and dynegy moss landing llc share in the agreement that is not held by dynegy power llc?,borrowers,1,3,0
106,What role do sithe independence power partners lp and dynegy oakland llc share in the agreement that is not held by dynegy power llc?,borrowers,1,3,0
106,What role do sithe independence power partners lp and ontelaunee power operating company llc share in the agreement that is not held by dynegy power llc?,borrowers,1,3,0
106,What role do casco bay energy company llc and dynegy kendall energy llc share in the agreement that is not held by dynegy power llc?,borrowers,1,3,0
106,What role do casco bay energy company llc and dynegy morro bay llc share in the agreement that is not held by dynegy power llc?,borrowers,1,3,0
106,What role do casco bay energy company llc and dynegy moss landing llc share in the agreement that is not held by dynegy power llc?,borrowers,1,3,0
106,What role do casco bay energy company llc and dynegy oakland llc share in the agreement that is not held by dynegy power llc?,borrowers,1,3,0
106,What role do casco bay energy company llc and ontelaunee power operating company llc share in the agreement that is not held by dynegy power llc?,borrowers,1,3,0
106,What role do dynegy kendall energy llc and dynegy morro bay llc share in the agreement that is not held by dynegy power llc?,borrowers,1,3,0
106,What role do dynegy kendall energy llc and dynegy moss landing llc share in the agreement that is not held by dynegy power llc?,borrowers,1,3,0
106,What role do dynegy kendall energy llc and dynegy oakland llc share in the agreement that is not held by dynegy power llc?,borrowers,1,3,0
106,What role do dynegy kendall energy llc and ontelaunee power operating company llc share in the agreement that is not held by dynegy power llc?,borrowers,1,3,0
106,What role do dynegy morro bay llc and dynegy moss landing llc share in the agreement that is not held by dynegy power llc?,borrowers,1,3,0
106,What role do dynegy morro bay llc and dynegy oakland llc share in the agreement that is not held by dynegy power llc?,borrowers,1,3,0
106,What role do dynegy morro bay llc and ontelaunee power operating company llc share in the agreement that is not held by dynegy power llc?,borrowers,1,3,0
106,What role do dynegy moss landing llc and dynegy oakland llc share in the agreement that is not held by dynegy power llc?,borrowers,1,3,0
106,What role do dynegy moss landing llc and ontelaunee power operating company llc share in the agreement that is not held by dynegy power llc?,borrowers,1,3,0
106,What role do dynegy oakland llc and ontelaunee power operating company llc share in the agreement that is not held by dynegy power llc?,borrowers,1,3,0
106,What role do barclays bank plc and goldman sachs bank usa share in the agreement that is not held by citibank na?,"arranger, arrangers, bookrunner, bookrunners",1,3,1
106,What role do barclays bank plc and goldman sachs bank usa share in the agreement that is not held by ubs ag stamford branch?,"arranger, arrangers, bookrunner, bookrunners",1,3,1
106,What role do barclays bank plc and goldman sachs bank usa share in the agreement that is not held by royal bank of canada?,"arranger, arrangers, bookrunner, bookrunners",1,3,1
60,What role do bofa securities inc and wells fargo securities llc share in the agreement that is not held by mizuho bank ltd?,bookrunners,1,3,0
60,What role do bofa securities inc and bank of montreal share in the agreement that is not held by mizuho bank ltd?,bookrunners,1,3,0
60,What role do bofa securities inc and capital one national association share in the agreement that is not held by mizuho bank ltd?,bookrunners,1,3,0
60,What role do bofa securities inc and jpmorgan chase bank na share in the agreement that is not held by mizuho bank ltd?,bookrunners,1,3,0
60,What role do wells fargo securities llc and bank of montreal share in the agreement that is not held by mizuho bank ltd?,bookrunners,1,3,0
60,What role do wells fargo securities llc and capital one national association share in the agreement that is not held by mizuho bank ltd?,bookrunners,1,3,0
60,What role do wells fargo securities llc and jpmorgan chase bank na share in the agreement that is not held by mizuho bank ltd?,bookrunners,1,3,0
60,What role do bank of montreal and capital one national association share in the agreement that is not held by fifth third bank national association?,"arrangers, bookrunners",1,3,1
60,What role do bank of montreal and capital one national association share in the agreement that is not held by goldman sachs bank usa?,"arrangers, bookrunners",1,3,1
60,What role do bank of montreal and capital one national association share in the agreement that is not held by mizuho bank ltd?,bookrunners,1,3,0
60,What role do bank of montreal and capital one national association share in the agreement that is not held by mufg bank ltd?,agents,1,3,0
60,What role do bank of montreal and capital one national association share in the agreement that is not held by pnc bank national association?,"arrangers, bookrunners",1,3,1
60,What role do bank of montreal and capital one national association share in the agreement that is not held by regions bank?,"arrangers, bookrunners",1,3,1
60,What role do bank of montreal and capital one national association share in the agreement that is not held by td bank na?,"arrangers, bookrunners",1,3,1
60,What role do bank of montreal and capital one national association share in the agreement that is not held by wells fargo bank national association?,"arrangers, bookrunners",1,3,1
60,What role do bank of montreal and capital one national association share in the agreement that is not held by citibank na?,agents,1,3,0
60,What role do bank of montreal and jpmorgan chase bank na share in the agreement that is not held by mizuho bank ltd?,bookrunners,1,3,0
60,What role do bank of montreal and jpmorgan chase bank na share in the agreement that is not held by mufg bank ltd?,agents,1,3,0
60,What role do bank of montreal and jpmorgan chase bank na share in the agreement that is not held by pnc bank national association?,"arrangers, bookrunners",1,3,1
60,What role do bank of montreal and jpmorgan chase bank na share in the agreement that is not held by regions bank?,"arrangers, bookrunners",1,3,1
60,What role do bank of montreal and jpmorgan chase bank na share in the agreement that is not held by td bank na?,"arrangers, bookrunners",1,3,1
60,What role do bank of montreal and jpmorgan chase bank na share in the agreement that is not held by wells fargo bank national association?,"arrangers, bookrunners",1,3,1
60,What role do bank of montreal and jpmorgan chase bank na share in the agreement that is not held by citibank na?,agents,1,3,0
60,What role do bank of montreal and mizuho bank ltd share in the agreement that is not held by mufg bank ltd?,agents,1,3,0
60,What role do bank of montreal and mizuho bank ltd share in the agreement that is not held by pnc bank national association?,arrangers,1,3,0
60,What role do bank of montreal and mizuho bank ltd share in the agreement that is not held by regions bank?,arrangers,1,3,0
60,What role do bank of montreal and mizuho bank ltd share in the agreement that is not held by td bank na?,arrangers,1,3,0
60,What role do bank of montreal and mizuho bank ltd share in the agreement that is not held by wells fargo bank national association?,arrangers,1,3,0
60,What role do bank of montreal and mizuho bank ltd share in the agreement that is not held by citibank na?,agents,1,3,0
60,What role do bank of montreal and the bank of nova scotia share in the agreement that is not held by wells fargo bank national association?,"arrangers, bookrunners",1,3,1
60,What role do bank of montreal and the bank of nova scotia share in the agreement that is not held by citibank na?,agents,1,3,0
60,What role do bank of montreal and us bank national association share in the agreement that is not held by wells fargo bank national association?,"arrangers, bookrunners",1,3,1
60,What role do bank of montreal and us bank national association share in the agreement that is not held by citibank na?,agents,1,3,0
60,What role do capital one national association and jpmorgan chase bank na share in the agreement that is not held by mizuho bank ltd?,bookrunners,1,3,0
60,What role do capital one national association and jpmorgan chase bank na share in the agreement that is not held by mufg bank ltd?,agents,1,3,0
60,What role do capital one national association and jpmorgan chase bank na share in the agreement that is not held by pnc bank national association?,"arrangers, bookrunners",1,3,1
60,What role do capital one national association and jpmorgan chase bank na share in the agreement that is not held by regions bank?,"arrangers, bookrunners",1,3,1
60,What role do capital one national association and jpmorgan chase bank na share in the agreement that is not held by td bank na?,"arrangers, bookrunners",1,3,1
60,What role do capital one national association and jpmorgan chase bank na share in the agreement that is not held by wells fargo bank national association?,"arrangers, bookrunners",1,3,1
60,What role do capital one national association and jpmorgan chase bank na share in the agreement that is not held by citibank na?,agents,1,3,0
60,What role do capital one national association and mizuho bank ltd share in the agreement that is not held by mufg bank ltd?,agents,1,3,0
60,What role do capital one national association and mizuho bank ltd share in the agreement that is not held by pnc bank national association?,arrangers,1,3,0
60,What role do capital one national association and mizuho bank ltd share in the agreement that is not held by regions bank?,arrangers,1,3,0
60,What role do capital one national association and mizuho bank ltd share in the agreement that is not held by td bank na?,arrangers,1,3,0
60,What role do capital one national association and mizuho bank ltd share in the agreement that is not held by wells fargo bank national association?,arrangers,1,3,0
60,What role do capital one national association and mizuho bank ltd share in the agreement that is not held by citibank na?,agents,1,3,0
60,What role do capital one national association and the bank of nova scotia share in the agreement that is not held by wells fargo bank national association?,"arrangers, bookrunners",1,3,1
60,What role do capital one national association and the bank of nova scotia share in the agreement that is not held by citibank na?,agents,1,3,0
60,What role do capital one national association and us bank national association share in the agreement that is not held by wells fargo bank national association?,"arrangers, bookrunners",1,3,1
60,What role do capital one national association and us bank national association share in the agreement that is not held by citibank na?,agents,1,3,0
60,What role do jpmorgan chase bank na and mizuho bank ltd share in the agreement that is not held by mufg bank ltd?,agents,1,3,0
60,What role do jpmorgan chase bank na and mizuho bank ltd share in the agreement that is not held by pnc bank national association?,arrangers,1,3,0
60,What role do jpmorgan chase bank na and mizuho bank ltd share in the agreement that is not held by regions bank?,arrangers,1,3,0
60,What role do jpmorgan chase bank na and mizuho bank ltd share in the agreement that is not held by td bank na?,arrangers,1,3,0
60,What role do jpmorgan chase bank na and mizuho bank ltd share in the agreement that is not held by wells fargo bank national association?,arrangers,1,3,0
60,What role do jpmorgan chase bank na and mizuho bank ltd share in the agreement that is not held by citibank na?,agents,1,3,0
60,What role do jpmorgan chase bank na and the bank of nova scotia share in the agreement that is not held by wells fargo bank national association?,"arrangers, bookrunners",1,3,1
60,What role do jpmorgan chase bank na and the bank of nova scotia share in the agreement that is not held by citibank na?,agents,1,3,0
60,What role do jpmorgan chase bank na and us bank national association share in the agreement that is not held by wells fargo bank national association?,"arrangers, bookrunners",1,3,1
60,What role do jpmorgan chase bank na and us bank national association share in the agreement that is not held by citibank na?,agents,1,3,0
60,What role do mizuho bank ltd and the bank of nova scotia share in the agreement that is not held by wells fargo bank national association?,arrangers,1,3,0
60,What role do mizuho bank ltd and the bank of nova scotia share in the agreement that is not held by citibank na?,agents,1,3,0
60,What role do mizuho bank ltd and us bank national association share in the agreement that is not held by wells fargo bank national association?,arrangers,1,3,0
60,What role do mizuho bank ltd and us bank national association share in the agreement that is not held by citibank na?,agents,1,3,0
60,What role do the bank of nova scotia and us bank national association share in the agreement that is not held by wells fargo bank national association?,"arrangers, bookrunners",1,3,1
60,What role do the bank of nova scotia and us bank national association share in the agreement that is not held by citibank na?,agents,1,3,0
161,What role do bmo capital markets and the huntington national bank share in the agreement that is not held by truist bank?,joint lead arrangers,1,3,0
160,What role do barclays bank plc and jpmorgan chase bank na share in the agreement that is not held by morgan stanley bank na?,"joint bookrunners, joint lead arrangers",1,3,1
160,What role do barclays bank plc and jpmorgan chase bank na share in the agreement that is not held by mufg bank ltd?,"joint bookrunners, joint lead arrangers",1,3,1
160,What role do barclays bank plc and jpmorgan chase bank na share in the agreement that is not held by truist bank?,"joint bookrunners, joint lead arrangers",1,3,1
148,What role do national westminster bank plc and the bank of nova scotia share in the agreement that is not held by the northern trust company?,documentation agents,1,3,0
148,What role do national westminster bank plc and the bank of nova scotia share in the agreement that is not held by truist bank?,documentation agents,1,3,0
148,What role do national westminster bank plc and the bank of nova scotia share in the agreement that is not held by wells fargo bank?,documentation agents,1,3,0
148,What role do national westminster bank plc and the bank of nova scotia share in the agreement that is not held by bank of america?,documentation agents,1,3,0
148,What role do national westminster bank plc and the bank of nova scotia share in the agreement that is not held by bnp paribas?,documentation agents,1,3,0
148,What role do national westminster bank plc and us bank national association share in the agreement that is not held by wells fargo bank?,documentation agents,1,3,0
148,What role do national westminster bank plc and us bank national association share in the agreement that is not held by bank of america?,documentation agents,1,3,0
148,What role do national westminster bank plc and us bank national association share in the agreement that is not held by bnp paribas?,documentation agents,1,3,0
148,What role do the bank of nova scotia and us bank national association share in the agreement that is not held by wells fargo bank?,documentation agents,1,3,0
148,What role do the bank of nova scotia and us bank national association share in the agreement that is not held by bank of america?,documentation agents,1,3,0
148,What role do the bank of nova scotia and us bank national association share in the agreement that is not held by bnp paribas?,documentation agents,1,3,0
61,What role do jpmorgan chase bank na and wells fargo bank national association share in the agreement that is not held by bank of america na?,agent,1,3,0
61,What role do jpmorgan chase bank na and wells fargo bank national association share in the agreement that is not held by bnp paribas?,agent,1,3,0
61,What role do jpmorgan chase bank na and wells fargo bank national association share in the agreement that is not held by deutsche bank ag new york branch?,agent,1,3,0
61,What role do jpmorgan chase bank na and citibank na share in the agreement that is not held by bank of america na?,agent,1,3,0
61,What role do jpmorgan chase bank na and citibank na share in the agreement that is not held by bnp paribas?,agent,1,3,0
61,What role do jpmorgan chase bank na and citibank na share in the agreement that is not held by deutsche bank ag new york branch?,agent,1,3,0
61,What role do wells fargo bank national association and citibank na share in the agreement that is not held by bank of america na?,agent,1,3,0
61,What role do wells fargo bank national association and citibank na share in the agreement that is not held by bnp paribas?,agent,1,3,0
61,What role do wells fargo bank national association and citibank na share in the agreement that is not held by deutsche bank ag new york branch?,agent,1,3,0
77,What role do bank of america and mufg union bank share in the agreement that is not held by us bank national association?,co syndication agent,1,3,0
77,What role do bank of america and mufg union bank share in the agreement that is not held by jpmorgan chase bank?,co syndication agent,1,3,0
77,What role do bank of america and suntrust bank share in the agreement that is not held by us bank national association?,co syndication agent,1,3,0
77,What role do bank of america and suntrust bank share in the agreement that is not held by jpmorgan chase bank?,co syndication agent,1,3,0
77,What role do bank of america and wells fargo bank national association share in the agreement that is not held by jpmorgan chase bank?,co syndication agent,1,3,0
77,What role do goldman sachs bank usa and us bank national association share in the agreement that is not held by wells fargo bank national association?,co documentation agent,1,3,0
77,What role do goldman sachs bank usa and us bank national association share in the agreement that is not held by jpmorgan chase bank?,co documentation agent,1,3,0
77,What role do mufg union bank and suntrust bank share in the agreement that is not held by us bank national association?,co syndication agent,1,3,0
77,What role do mufg union bank and suntrust bank share in the agreement that is not held by jpmorgan chase bank?,co syndication agent,1,3,0
77,What role do mufg union bank and wells fargo bank national association share in the agreement that is not held by jpmorgan chase bank?,co syndication agent,1,3,0
77,What role do suntrust bank and wells fargo bank national association share in the agreement that is not held by jpmorgan chase bank?,co syndication agent,1,3,0
89,What role do barclays bank plc and citigroup global markets inc share in the agreement that is not held by golub capital llc?,bookrunners,1,3,0
89,What role do barclays bank plc and deutsche bank securities inc share in the agreement that is not held by golub capital llc?,bookrunners,1,3,0
89,What role do citigroup global markets inc and deutsche bank securities inc share in the agreement that is not held by golub capital llc?,bookrunners,1,3,0
8,What role do fennerand smith incorporated and merrill lynch share in the agreement that is not held by wells fargo securities llc?,bookrunners,1,3,0
8,What role do fennerand smith incorporated and pierce share in the agreement that is not held by wells fargo securities llc?,bookrunners,1,3,0
8,What role do merrill lynch and pierce share in the agreement that is not held by wells fargo securities llc?,bookrunners,1,3,0
66,What role do bank of the west and bnp paribas securities corp share in the agreement that is not held by keybanc capital markets?,"arrangers, bookrunners",1,3,1
66,What role do bank of the west and bnp paribas securities corp share in the agreement that is not held by keybanc capital markets inc?,agents,1,3,0
66,What role do bank of the west and bnp paribas securities corp share in the agreement that is not held by wells fargo securities llc?,agents,1,3,0
66,What role do bank of the west and bofa securities inc share in the agreement that is not held by keybanc capital markets?,"arrangers, bookrunners",1,3,1
66,What role do bank of the west and bofa securities inc share in the agreement that is not held by keybanc capital markets inc?,agents,1,3,0
66,What role do bank of the west and bofa securities inc share in the agreement that is not held by wells fargo securities llc?,agents,1,3,0
66,What role do bank of the west and citigroup global markets inc share in the agreement that is not held by keybanc capital markets?,"arrangers, bookrunners",1,3,1
66,What role do bank of the west and citigroup global markets inc share in the agreement that is not held by keybanc capital markets inc?,agents,1,3,0
66,What role do bank of the west and citigroup global markets inc share in the agreement that is not held by wells fargo securities llc?,agents,1,3,0
66,What role do bnp paribas securities corp and bofa securities inc share in the agreement that is not held by keybanc capital markets?,"arrangers, bookrunners",1,3,1
66,What role do bnp paribas securities corp and bofa securities inc share in the agreement that is not held by keybanc capital markets inc?,agents,1,3,0
66,What role do bnp paribas securities corp and bofa securities inc share in the agreement that is not held by wells fargo securities llc?,agents,1,3,0
66,What role do bnp paribas securities corp and citigroup global markets inc share in the agreement that is not held by keybanc capital markets?,"arrangers, bookrunners",1,3,1
66,What role do bnp paribas securities corp and citigroup global markets inc share in the agreement that is not held by keybanc capital markets inc?,agents,1,3,0
66,What role do bnp paribas securities corp and citigroup global markets inc share in the agreement that is not held by wells fargo securities llc?,agents,1,3,0
66,What role do bofa securities inc and citigroup global markets inc share in the agreement that is not held by keybanc capital markets?,"arrangers, bookrunners",1,3,1
66,What role do bofa securities inc and citigroup global markets inc share in the agreement that is not held by keybanc capital markets inc?,agents,1,3,0
66,What role do bofa securities inc and citigroup global markets inc share in the agreement that is not held by wells fargo securities llc?,agents,1,3,0
66,What role do mufg bank ltd and us bank national association share in the agreement that is not held by wells fargo bank national association?,"agents, arrangers, bookrunners",1,3,1
66,What role do mufg bank ltd and us bank national association share in the agreement that is not held by dnb capital llc?,"agents, arrangers, bookrunners",1,3,1
99,What role do coöperatieve centrale raiffeisen boerenleenbank ba and merrill lynch pierce fennerand smith incorporated share in the agreement that is not held by rabobank nederland?,bookrunners,1,3,0
99,What role do coöperatieve centrale raiffeisen boerenleenbank ba and rabobank nederland share in the agreement that is not held by wells fargo securities llc?,agent,1,3,0
99,What role do coöperatieve centrale raiffeisen boerenleenbank ba and rabobank nederland share in the agreement that is not held by regions bank?,arrangers,1,3,0
99,What role do coöperatieve centrale raiffeisen boerenleenbank ba and rabobank nederland share in the agreement that is not held by suntrust bank?,arrangers,1,3,0
99,What role do coöperatieve centrale raiffeisen boerenleenbank ba and rabobank nederland share in the agreement that is not held by the bank of tokyo mitsubishi ufj ltd?,arrangers,1,3,0
99,What role do coöperatieve centrale raiffeisen boerenleenbank ba and rabobank nederland share in the agreement that is not held by us bank national association?,arrangers,1,3,0
99,What role do coöperatieve centrale raiffeisen boerenleenbank ba and rabobank nederland share in the agreement that is not held by wells fargo bank national association?,arrangers,1,3,0
99,What role do regions bank and suntrust bank share in the agreement that is not held by synovus bank?,agent,1,3,0
99,What role do regions bank and suntrust bank share in the agreement that is not held by wells fargo bank national association?,lender,1,3,0
99,What role do regions bank and suntrust bank share in the agreement that is not held by wellsfargobanknationalassociation?,agent,1,3,0
99,What role do regions bank and suntrust bank share in the agreement that is not held by coöperatieve centrale raiffeisen boerenleenbank ba rabobank?,agent,1,3,0
99,What role do regions bank and the bank of tokyo mitsubishi ufj ltd share in the agreement that is not held by wells fargo bank national association?,lender,1,3,0
99,What role do regions bank and the bank of tokyo mitsubishi ufj ltd share in the agreement that is not held by wellsfargobanknationalassociation?,agent,1,3,0
99,What role do regions bank and the bank of tokyo mitsubishi ufj ltd share in the agreement that is not held by coöperatieve centrale raiffeisen boerenleenbank ba rabobank?,agent,1,3,0
99,What role do regions bank and us bank national association share in the agreement that is not held by wells fargo bank national association?,lender,1,3,0
99,What role do regions bank and us bank national association share in the agreement that is not held by wellsfargobanknationalassociation?,agent,1,3,0
99,What role do regions bank and us bank national association share in the agreement that is not held by coöperatieve centrale raiffeisen boerenleenbank ba rabobank?,agent,1,3,0
99,What role do suntrust bank and the bank of tokyo mitsubishi ufj ltd share in the agreement that is not held by wells fargo bank national association?,lender,1,3,0
99,What role do suntrust bank and the bank of tokyo mitsubishi ufj ltd share in the agreement that is not held by wellsfargobanknationalassociation?,agent,1,3,0
99,What role do suntrust bank and the bank of tokyo mitsubishi ufj ltd share in the agreement that is not held by coöperatieve centrale raiffeisen boerenleenbank ba rabobank?,agent,1,3,0
99,What role do suntrust bank and us bank national association share in the agreement that is not held by wells fargo bank national association?,lender,1,3,0
99,What role do suntrust bank and us bank national association share in the agreement that is not held by wellsfargobanknationalassociation?,agent,1,3,0
99,What role do suntrust bank and us bank national association share in the agreement that is not held by coöperatieve centrale raiffeisen boerenleenbank ba rabobank?,agent,1,3,0
99,What role do the bank of tokyo mitsubishi ufj ltd and us bank national association share in the agreement that is not held by wells fargo bank national association?,lender,1,3,0
99,What role do the bank of tokyo mitsubishi ufj ltd and us bank national association share in the agreement that is not held by wellsfargobanknationalassociation?,agent,1,3,0
99,What role do the bank of tokyo mitsubishi ufj ltd and us bank national association share in the agreement that is not held by coöperatieve centrale raiffeisen boerenleenbank ba rabobank?,agent,1,3,0
166,What role do australia and new zealand banking group limited and barclays bank plc share in the agreement that is not held by citibank na?,bookrunners,1,3,0
166,What role do australia and new zealand banking group limited and barclays bank plc share in the agreement that is not held by icici bank uk plc?,bookrunners,1,3,0
166,What role do australia and new zealand banking group limited and barclays bank plc share in the agreement that is not held by ing bank nv?,bookrunners,1,3,0
166,What role do australia and new zealand banking group limited and icici bank limited share in the agreement that is not held by state bank of india?,lead arrangers,1,3,0
166,What role do australia and new zealand banking group limited and icici bank limited share in the agreement that is not held by the bank of tokyo mitsubishi ufj ltd?,lead arrangers,1,3,0
166,What role do australia and new zealand banking group limited and icici bank limited share in the agreement that is not held by icici bank uk plc?,"bookrunners, lead arrangers",1,3,1
166,What role do australia and new zealand banking group limited and icici bank limited share in the agreement that is not held by ing bank nv?,"bookrunners, lead arrangers",1,3,1
166,What role do australia and new zealand banking group limited and icici bank limited share in the agreement that is not held by kotak mahindra bank limited?,lead arrangers,1,3,0
166,What role do australia and new zealand banking group limited and icici bank limited share in the agreement that is not held by standard chartered bank?,lead arrangers,1,3,0
166,What role do australia and new zealand banking group limited and state bank of india share in the agreement that is not held by icici bank uk plc?,bookrunners,1,3,0
166,What role do australia and new zealand banking group limited and state bank of india share in the agreement that is not held by ing bank nv?,bookrunners,1,3,0
166,What role do australia and new zealand banking group limited and the bank of tokyo mitsubishi ufj ltd share in the agreement that is not held by icici bank uk plc?,bookrunners,1,3,0
166,What role do australia and new zealand banking group limited and the bank of tokyo mitsubishi ufj ltd share in the agreement that is not held by ing bank nv?,bookrunners,1,3,0
166,What role do australia and new zealand banking group limited and bank of baroda share in the agreement that is not held by icici bank uk plc?,"bookrunners, lead arrangers",1,3,1
166,What role do australia and new zealand banking group limited and bank of baroda share in the agreement that is not held by ing bank nv?,"bookrunners, lead arrangers",1,3,1
166,What role do australia and new zealand banking group limited and bank of baroda share in the agreement that is not held by kotak mahindra bank limited?,lead arrangers,1,3,0
166,What role do australia and new zealand banking group limited and bank of baroda share in the agreement that is not held by standard chartered bank?,lead arrangers,1,3,0
166,What role do australia and new zealand banking group limited and axis bank limited share in the agreement that is not held by icici bank uk plc?,"bookrunners, lead arrangers",1,3,1
166,What role do australia and new zealand banking group limited and axis bank limited share in the agreement that is not held by ing bank nv?,"bookrunners, lead arrangers",1,3,1
166,What role do australia and new zealand banking group limited and axis bank limited share in the agreement that is not held by kotak mahindra bank limited?,lead arrangers,1,3,0
166,What role do australia and new zealand banking group limited and axis bank limited share in the agreement that is not held by standard chartered bank?,lead arrangers,1,3,0
166,What role do barclays bank plc and icici bank limited share in the agreement that is not held by icici bank uk plc?,bookrunners,1,3,0
166,What role do barclays bank plc and icici bank limited share in the agreement that is not held by ing bank nv?,bookrunners,1,3,0
166,What role do barclays bank plc and state bank of india share in the agreement that is not held by icici bank uk plc?,bookrunners,1,3,0
166,What role do barclays bank plc and state bank of india share in the agreement that is not held by ing bank nv?,bookrunners,1,3,0
166,What role do barclays bank plc and the bank of tokyo mitsubishi ufj ltd share in the agreement that is not held by icici bank uk plc?,bookrunners,1,3,0
166,What role do barclays bank plc and the bank of tokyo mitsubishi ufj ltd share in the agreement that is not held by ing bank nv?,bookrunners,1,3,0
166,What role do barclays bank plc and bank of baroda share in the agreement that is not held by icici bank uk plc?,bookrunners,1,3,0
166,What role do barclays bank plc and bank of baroda share in the agreement that is not held by ing bank nv?,bookrunners,1,3,0
166,What role do barclays bank plc and axis bank limited share in the agreement that is not held by icici bank uk plc?,bookrunners,1,3,0
166,What role do barclays bank plc and axis bank limited share in the agreement that is not held by ing bank nv?,bookrunners,1,3,0
166,What role do icici bank limited and state bank of india share in the agreement that is not held by icici bank uk plc?,bookrunners,1,3,0
166,What role do icici bank limited and state bank of india share in the agreement that is not held by ing bank nv?,bookrunners,1,3,0
166,What role do icici bank limited and the bank of tokyo mitsubishi ufj ltd share in the agreement that is not held by icici bank uk plc?,bookrunners,1,3,0
166,What role do icici bank limited and the bank of tokyo mitsubishi ufj ltd share in the agreement that is not held by ing bank nv?,bookrunners,1,3,0
166,What role do icici bank limited and bank of baroda share in the agreement that is not held by icici bank uk plc?,"bookrunners, lead arrangers",1,3,1
166,What role do icici bank limited and bank of baroda share in the agreement that is not held by ing bank nv?,"bookrunners, lead arrangers",1,3,1
166,What role do icici bank limited and bank of baroda share in the agreement that is not held by kotak mahindra bank limited?,lead arrangers,1,3,0
166,What role do icici bank limited and bank of baroda share in the agreement that is not held by standard chartered bank?,lead arrangers,1,3,0
166,What role do icici bank limited and axis bank limited share in the agreement that is not held by icici bank uk plc?,"bookrunners, lead arrangers",1,3,1
166,What role do icici bank limited and axis bank limited share in the agreement that is not held by ing bank nv?,"bookrunners, lead arrangers",1,3,1
166,What role do icici bank limited and axis bank limited share in the agreement that is not held by kotak mahindra bank limited?,lead arrangers,1,3,0
166,What role do icici bank limited and axis bank limited share in the agreement that is not held by standard chartered bank?,lead arrangers,1,3,0
166,What role do state bank of india and the bank of tokyo mitsubishi ufj ltd share in the agreement that is not held by icici bank uk plc?,bookrunners,1,3,0
166,What role do state bank of india and the bank of tokyo mitsubishi ufj ltd share in the agreement that is not held by ing bank nv?,bookrunners,1,3,0
166,What role do state bank of india and bank of baroda share in the agreement that is not held by icici bank uk plc?,bookrunners,1,3,0
166,What role do state bank of india and bank of baroda share in the agreement that is not held by ing bank nv?,bookrunners,1,3,0
166,What role do state bank of india and axis bank limited share in the agreement that is not held by icici bank uk plc?,bookrunners,1,3,0
166,What role do state bank of india and axis bank limited share in the agreement that is not held by ing bank nv?,bookrunners,1,3,0
166,What role do the bank of tokyo mitsubishi ufj ltd and bank of baroda share in the agreement that is not held by icici bank uk plc?,bookrunners,1,3,0
166,What role do the bank of tokyo mitsubishi ufj ltd and bank of baroda share in the agreement that is not held by ing bank nv?,bookrunners,1,3,0
166,What role do the bank of tokyo mitsubishi ufj ltd and axis bank limited share in the agreement that is not held by icici bank uk plc?,bookrunners,1,3,0
166,What role do the bank of tokyo mitsubishi ufj ltd and axis bank limited share in the agreement that is not held by ing bank nv?,bookrunners,1,3,0
166,What role do bank of baroda and axis bank limited share in the agreement that is not held by icici bank uk plc?,"bookrunners, lead arrangers",1,3,1
166,What role do bank of baroda and axis bank limited share in the agreement that is not held by ing bank nv?,"bookrunners, lead arrangers",1,3,1
166,What role do bank of baroda and axis bank limited share in the agreement that is not held by kotak mahindra bank limited?,lead arrangers,1,3,0
166,What role do bank of baroda and axis bank limited share in the agreement that is not held by standard chartered bank?,lead arrangers,1,3,0
9,What role do jp morgan securities llc and rbs securities inc share in the agreement that is not held by barclays bank plc?,bookrunner,1,3,0
9,What role do bank of america na and citibank na share in the agreement that is not held by goldman sachs bank usa?,"agent, agents",1,3,1
9,What role do bank of america na and citibank na share in the agreement that is not held by royal bank of canada?,"agent, agents",1,3,1
9,What role do bank of america na and citibank na share in the agreement that is not held by the royal bank of scotland plc?,"agent, agents",1,3,1
9,What role do bank of america na and citibank na share in the agreement that is not held by credit suisse ag cayman islands branch?,"agent, agents",1,3,1
59,What role do abn amro capital usa llc and bank of the west share in the agreement that is not held by branch banking and trust company?,arrangers,1,3,0
59,What role do abn amro capital usa llc and bank of the west share in the agreement that is not held by citibank na?,arrangers,1,3,0
59,What role do abn amro capital usa llc and bank of the west share in the agreement that is not held by first national bank of omaha?,arrangers,1,3,0
59,What role do abn amro capital usa llc and bank of the west share in the agreement that is not held by générale?,arrangers,1,3,0
59,What role do abn amro capital usa llc and bank of the west share in the agreement that is not held by jpmorgan chase bank na?,arrangers,1,3,0
59,What role do abn amro capital usa llc and bank of the west share in the agreement that is not held by merrill lynch pierce fenner and smith incorporated?,lender,1,3,0
59,What role do abn amro capital usa llc and bank of the west share in the agreement that is not held by pnc bank national association?,arrangers,1,3,0
59,What role do abn amro capital usa llc and bank of the west share in the agreement that is not held by the bank of nova scotia?,arrangers,1,3,0
59,What role do abn amro capital usa llc and bmo harris bank na share in the agreement that is not held by branch banking and trust company?,arrangers,1,3,0
59,What role do abn amro capital usa llc and bmo harris bank na share in the agreement that is not held by citibank na?,arrangers,1,3,0
59,What role do abn amro capital usa llc and bmo harris bank na share in the agreement that is not held by first national bank of omaha?,arrangers,1,3,0
59,What role do abn amro capital usa llc and bmo harris bank na share in the agreement that is not held by générale?,arrangers,1,3,0
59,What role do abn amro capital usa llc and bmo harris bank na share in the agreement that is not held by jpmorgan chase bank na?,arrangers,1,3,0
59,What role do abn amro capital usa llc and bmo harris bank na share in the agreement that is not held by merrill lynch pierce fenner and smith incorporated?,lender,1,3,0
59,What role do abn amro capital usa llc and bmo harris bank na share in the agreement that is not held by pnc bank national association?,arrangers,1,3,0
59,What role do abn amro capital usa llc and bmo harris bank na share in the agreement that is not held by the bank of nova scotia?,arrangers,1,3,0
59,What role do abn amro capital usa llc and farm credit mid america pca share in the agreement that is not held by first national bank of omaha?,arrangers,1,3,0
59,What role do abn amro capital usa llc and farm credit mid america pca share in the agreement that is not held by générale?,arrangers,1,3,0
59,What role do abn amro capital usa llc and farm credit mid america pca share in the agreement that is not held by jpmorgan chase bank na?,arrangers,1,3,0
59,What role do abn amro capital usa llc and farm credit mid america pca share in the agreement that is not held by merrill lynch pierce fenner and smith incorporated?,lender,1,3,0
59,What role do abn amro capital usa llc and farm credit mid america pca share in the agreement that is not held by pnc bank national association?,arrangers,1,3,0
59,What role do abn amro capital usa llc and farm credit mid america pca share in the agreement that is not held by the bank of nova scotia?,arrangers,1,3,0
59,What role do abn amro capital usa llc and fifth third bank share in the agreement that is not held by first national bank of omaha?,arrangers,1,3,0
59,What role do abn amro capital usa llc and fifth third bank share in the agreement that is not held by générale?,arrangers,1,3,0
59,What role do abn amro capital usa llc and fifth third bank share in the agreement that is not held by jpmorgan chase bank na?,arrangers,1,3,0
59,What role do abn amro capital usa llc and fifth third bank share in the agreement that is not held by merrill lynch pierce fenner and smith incorporated?,lender,1,3,0
59,What role do abn amro capital usa llc and fifth third bank share in the agreement that is not held by pnc bank national association?,arrangers,1,3,0
59,What role do abn amro capital usa llc and fifth third bank share in the agreement that is not held by the bank of nova scotia?,arrangers,1,3,0
59,What role do bank of america na and bank of the west share in the agreement that is not held by farm credit mid america pca?,agents,1,3,0
59,What role do bank of america na and bank of the west share in the agreement that is not held by first national bank of omaha?,agents,1,3,0
59,What role do bank of america na and bank of the west share in the agreement that is not held by générale?,agents,1,3,0
59,What role do bank of america na and bank of the west share in the agreement that is not held by jpmorgan chase bank na?,agents,1,3,0
59,What role do bank of america na and bank of the west share in the agreement that is not held by pnc bank national association?,agents,1,3,0
59,What role do bank of america na and bank of the west share in the agreement that is not held by the bank of nova scotia?,agents,1,3,0
59,What role do bank of america na and bank of the west share in the agreement that is not held by us bank?,agents,1,3,0
59,What role do bank of america na and bmo harris bank na share in the agreement that is not held by farm credit mid america pca?,agents,1,3,0
59,What role do bank of america na and bmo harris bank na share in the agreement that is not held by first national bank of omaha?,agents,1,3,0
59,What role do bank of america na and bmo harris bank na share in the agreement that is not held by générale?,agents,1,3,0
59,What role do bank of america na and bmo harris bank na share in the agreement that is not held by jpmorgan chase bank na?,agents,1,3,0
59,What role do bank of america na and bmo harris bank na share in the agreement that is not held by pnc bank national association?,agents,1,3,0
59,What role do bank of america na and bmo harris bank na share in the agreement that is not held by the bank of nova scotia?,agents,1,3,0
59,What role do bank of america na and bmo harris bank na share in the agreement that is not held by us bank?,agents,1,3,0
59,What role do bank of america na and branch banking and trust company share in the agreement that is not held by farm credit mid america pca?,agents,1,3,0
59,What role do bank of america na and branch banking and trust company share in the agreement that is not held by first national bank of omaha?,agents,1,3,0
59,What role do bank of america na and branch banking and trust company share in the agreement that is not held by générale?,agents,1,3,0
59,What role do bank of america na and branch banking and trust company share in the agreement that is not held by jpmorgan chase bank na?,agents,1,3,0
59,What role do bank of america na and branch banking and trust company share in the agreement that is not held by pnc bank national association?,agents,1,3,0
59,What role do bank of america na and branch banking and trust company share in the agreement that is not held by the bank of nova scotia?,agents,1,3,0
59,What role do bank of america na and branch banking and trust company share in the agreement that is not held by us bank?,agents,1,3,0
59,What role do bank of america na and citibank na share in the agreement that is not held by farm credit mid america pca?,agents,1,3,0
59,What role do bank of america na and citibank na share in the agreement that is not held by first national bank of omaha?,agents,1,3,0
59,What role do bank of america na and citibank na share in the agreement that is not held by générale?,agents,1,3,0
59,What role do bank of america na and citibank na share in the agreement that is not held by jpmorgan chase bank na?,agents,1,3,0
59,What role do bank of america na and citibank na share in the agreement that is not held by pnc bank national association?,agents,1,3,0
59,What role do bank of america na and citibank na share in the agreement that is not held by the bank of nova scotia?,agents,1,3,0
59,What role do bank of america na and citibank na share in the agreement that is not held by us bank?,agents,1,3,0
59,What role do bank of america na and fifth third bank share in the agreement that is not held by first national bank of omaha?,agents,1,3,0
59,What role do bank of america na and fifth third bank share in the agreement that is not held by générale?,agents,1,3,0
59,What role do bank of america na and fifth third bank share in the agreement that is not held by jpmorgan chase bank na?,agents,1,3,0
59,What role do bank of america na and fifth third bank share in the agreement that is not held by pnc bank national association?,agents,1,3,0
59,What role do bank of america na and fifth third bank share in the agreement that is not held by the bank of nova scotia?,agents,1,3,0
59,What role do bank of america na and fifth third bank share in the agreement that is not held by us bank?,agents,1,3,0
59,What role do bank of the west and bmo harris bank na share in the agreement that is not held by branch banking and trust company?,arrangers,1,3,0
59,What role do bank of the west and bmo harris bank na share in the agreement that is not held by citibank na?,arrangers,1,3,0
59,What role do bank of the west and bmo harris bank na share in the agreement that is not held by farm credit mid america pca?,agents,1,3,0
59,What role do bank of the west and bmo harris bank na share in the agreement that is not held by first national bank of omaha?,"agents, arrangers",1,3,1
59,What role do bank of the west and bmo harris bank na share in the agreement that is not held by générale?,"agents, arrangers",1,3,1
59,What role do bank of the west and bmo harris bank na share in the agreement that is not held by jpmorgan chase bank na?,"agents, arrangers",1,3,1
59,What role do bank of the west and bmo harris bank na share in the agreement that is not held by merrill lynch pierce fenner and smith incorporated?,"agents, lender",1,3,1
59,What role do bank of the west and bmo harris bank na share in the agreement that is not held by pnc bank national association?,"agents, arrangers",1,3,1
59,What role do bank of the west and bmo harris bank na share in the agreement that is not held by the bank of nova scotia?,"agents, arrangers",1,3,1
59,What role do bank of the west and bmo harris bank na share in the agreement that is not held by us bank?,agents,1,3,0
59,What role do bank of the west and branch banking and trust company share in the agreement that is not held by farm credit mid america pca?,agents,1,3,0
59,What role do bank of the west and branch banking and trust company share in the agreement that is not held by first national bank of omaha?,agents,1,3,0
59,What role do bank of the west and branch banking and trust company share in the agreement that is not held by générale?,agents,1,3,0
59,What role do bank of the west and branch banking and trust company share in the agreement that is not held by jpmorgan chase bank na?,agents,1,3,0
59,What role do bank of the west and branch banking and trust company share in the agreement that is not held by pnc bank national association?,agents,1,3,0
59,What role do bank of the west and branch banking and trust company share in the agreement that is not held by the bank of nova scotia?,agents,1,3,0
59,What role do bank of the west and branch banking and trust company share in the agreement that is not held by us bank?,agents,1,3,0
59,What role do bank of the west and citibank na share in the agreement that is not held by farm credit mid america pca?,agents,1,3,0
59,What role do bank of the west and citibank na share in the agreement that is not held by first national bank of omaha?,agents,1,3,0
59,What role do bank of the west and citibank na share in the agreement that is not held by générale?,agents,1,3,0
59,What role do bank of the west and citibank na share in the agreement that is not held by jpmorgan chase bank na?,agents,1,3,0
59,What role do bank of the west and citibank na share in the agreement that is not held by pnc bank national association?,agents,1,3,0
59,What role do bank of the west and citibank na share in the agreement that is not held by the bank of nova scotia?,agents,1,3,0
59,What role do bank of the west and citibank na share in the agreement that is not held by us bank?,agents,1,3,0
59,What role do bank of the west and farm credit mid america pca share in the agreement that is not held by first national bank of omaha?,arrangers,1,3,0
59,What role do bank of the west and farm credit mid america pca share in the agreement that is not held by générale?,arrangers,1,3,0
59,What role do bank of the west and farm credit mid america pca share in the agreement that is not held by jpmorgan chase bank na?,arrangers,1,3,0
59,What role do bank of the west and farm credit mid america pca share in the agreement that is not held by merrill lynch pierce fenner and smith incorporated?,lender,1,3,0
59,What role do bank of the west and farm credit mid america pca share in the agreement that is not held by pnc bank national association?,arrangers,1,3,0
59,What role do bank of the west and farm credit mid america pca share in the agreement that is not held by the bank of nova scotia?,arrangers,1,3,0
59,What role do bank of the west and fifth third bank share in the agreement that is not held by first national bank of omaha?,"agents, arrangers",1,3,1
59,What role do bank of the west and fifth third bank share in the agreement that is not held by générale?,"agents, arrangers",1,3,1
59,What role do bank of the west and fifth third bank share in the agreement that is not held by jpmorgan chase bank na?,"agents, arrangers",1,3,1
59,What role do bank of the west and fifth third bank share in the agreement that is not held by merrill lynch pierce fenner and smith incorporated?,"agents, lender",1,3,1
59,What role do bank of the west and fifth third bank share in the agreement that is not held by pnc bank national association?,"agents, arrangers",1,3,1
59,What role do bank of the west and fifth third bank share in the agreement that is not held by the bank of nova scotia?,"agents, arrangers",1,3,1
59,What role do bank of the west and fifth third bank share in the agreement that is not held by us bank?,agents,1,3,0
59,What role do bmo harris bank na and branch banking and trust company share in the agreement that is not held by farm credit mid america pca?,agents,1,3,0
59,What role do bmo harris bank na and branch banking and trust company share in the agreement that is not held by first national bank of omaha?,agents,1,3,0
59,What role do bmo harris bank na and branch banking and trust company share in the agreement that is not held by générale?,agents,1,3,0
59,What role do bmo harris bank na and branch banking and trust company share in the agreement that is not held by jpmorgan chase bank na?,agents,1,3,0
59,What role do bmo harris bank na and branch banking and trust company share in the agreement that is not held by pnc bank national association?,agents,1,3,0
59,What role do bmo harris bank na and branch banking and trust company share in the agreement that is not held by the bank of nova scotia?,agents,1,3,0
59,What role do bmo harris bank na and branch banking and trust company share in the agreement that is not held by us bank?,agents,1,3,0
59,What role do bmo harris bank na and citibank na share in the agreement that is not held by farm credit mid america pca?,agents,1,3,0
59,What role do bmo harris bank na and citibank na share in the agreement that is not held by first national bank of omaha?,agents,1,3,0
59,What role do bmo harris bank na and citibank na share in the agreement that is not held by générale?,agents,1,3,0
59,What role do bmo harris bank na and citibank na share in the agreement that is not held by jpmorgan chase bank na?,agents,1,3,0
59,What role do bmo harris bank na and citibank na share in the agreement that is not held by pnc bank national association?,agents,1,3,0
59,What role do bmo harris bank na and citibank na share in the agreement that is not held by the bank of nova scotia?,agents,1,3,0
59,What role do bmo harris bank na and citibank na share in the agreement that is not held by us bank?,agents,1,3,0
59,What role do bmo harris bank na and farm credit mid america pca share in the agreement that is not held by first national bank of omaha?,arrangers,1,3,0
59,What role do bmo harris bank na and farm credit mid america pca share in the agreement that is not held by générale?,arrangers,1,3,0
59,What role do bmo harris bank na and farm credit mid america pca share in the agreement that is not held by jpmorgan chase bank na?,arrangers,1,3,0
59,What role do bmo harris bank na and farm credit mid america pca share in the agreement that is not held by merrill lynch pierce fenner and smith incorporated?,lender,1,3,0
59,What role do bmo harris bank na and farm credit mid america pca share in the agreement that is not held by pnc bank national association?,arrangers,1,3,0
59,What role do bmo harris bank na and farm credit mid america pca share in the agreement that is not held by the bank of nova scotia?,arrangers,1,3,0
59,What role do bmo harris bank na and fifth third bank share in the agreement that is not held by first national bank of omaha?,"agents, arrangers",1,3,1
59,What role do bmo harris bank na and fifth third bank share in the agreement that is not held by générale?,"agents, arrangers",1,3,1
59,What role do bmo harris bank na and fifth third bank share in the agreement that is not held by jpmorgan chase bank na?,"agents, arrangers",1,3,1
59,What role do bmo harris bank na and fifth third bank share in the agreement that is not held by merrill lynch pierce fenner and smith incorporated?,"agents, lender",1,3,1
59,What role do bmo harris bank na and fifth third bank share in the agreement that is not held by pnc bank national association?,"agents, arrangers",1,3,1
59,What role do bmo harris bank na and fifth third bank share in the agreement that is not held by the bank of nova scotia?,"agents, arrangers",1,3,1
59,What role do bmo harris bank na and fifth third bank share in the agreement that is not held by us bank?,agents,1,3,0
59,What role do branch banking and trust company and citibank na share in the agreement that is not held by farm credit mid america pca?,agents,1,3,0
59,What role do branch banking and trust company and citibank na share in the agreement that is not held by first national bank of omaha?,agents,1,3,0
59,What role do branch banking and trust company and citibank na share in the agreement that is not held by générale?,agents,1,3,0
59,What role do branch banking and trust company and citibank na share in the agreement that is not held by jpmorgan chase bank na?,agents,1,3,0
59,What role do branch banking and trust company and citibank na share in the agreement that is not held by pnc bank national association?,agents,1,3,0
59,What role do branch banking and trust company and citibank na share in the agreement that is not held by the bank of nova scotia?,agents,1,3,0
59,What role do branch banking and trust company and citibank na share in the agreement that is not held by us bank?,agents,1,3,0
59,What role do branch banking and trust company and fifth third bank share in the agreement that is not held by first national bank of omaha?,agents,1,3,0
59,What role do branch banking and trust company and fifth third bank share in the agreement that is not held by générale?,agents,1,3,0
59,What role do branch banking and trust company and fifth third bank share in the agreement that is not held by jpmorgan chase bank na?,agents,1,3,0
59,What role do branch banking and trust company and fifth third bank share in the agreement that is not held by pnc bank national association?,agents,1,3,0
59,What role do branch banking and trust company and fifth third bank share in the agreement that is not held by the bank of nova scotia?,agents,1,3,0
59,What role do branch banking and trust company and fifth third bank share in the agreement that is not held by us bank?,agents,1,3,0
59,What role do citibank na and fifth third bank share in the agreement that is not held by first national bank of omaha?,agents,1,3,0
59,What role do citibank na and fifth third bank share in the agreement that is not held by générale?,agents,1,3,0
59,What role do citibank na and fifth third bank share in the agreement that is not held by jpmorgan chase bank na?,agents,1,3,0
59,What role do citibank na and fifth third bank share in the agreement that is not held by pnc bank national association?,agents,1,3,0
59,What role do citibank na and fifth third bank share in the agreement that is not held by the bank of nova scotia?,agents,1,3,0
59,What role do citibank na and fifth third bank share in the agreement that is not held by us bank?,agents,1,3,0
59,What role do farm credit mid america pca and fifth third bank share in the agreement that is not held by first national bank of omaha?,arrangers,1,3,0
59,What role do farm credit mid america pca and fifth third bank share in the agreement that is not held by générale?,arrangers,1,3,0
59,What role do farm credit mid america pca and fifth third bank share in the agreement that is not held by jpmorgan chase bank na?,arrangers,1,3,0
59,What role do farm credit mid america pca and fifth third bank share in the agreement that is not held by merrill lynch pierce fenner and smith incorporated?,lender,1,3,0
59,What role do farm credit mid america pca and fifth third bank share in the agreement that is not held by pnc bank national association?,arrangers,1,3,0
59,What role do farm credit mid america pca and fifth third bank share in the agreement that is not held by the bank of nova scotia?,arrangers,1,3,0
164,What role do regions bank and truist bank share in the agreement that is not held by us bank national association?,syndication agents,1,3,0
170,What role do goldman sachs bank usa and morgan stanley bank na share in the agreement that is not held by the bank of tokyo mitsubishi ufj ltd?,agent,1,3,0
170,What role do goldman sachs bank usa and morgan stanley bank na share in the agreement that is not held by wells fargo bank?,lender,1,3,0
170,What role do goldman sachs bank usa and morgan stanley bank na share in the agreement that is not held by bank of america na?,lender,1,3,0
170,What role do goldman sachs bank usa and morgan stanley bank na share in the agreement that is not held by hsbc bank usa national association?,agent,1,3,0
170,What role do goldman sachs bank usa and morgan stanley bank na share in the agreement that is not held by cooperatieve centrale raiffeisen boerenleenbank ba rabobank nederland new york branch?,agent,1,3,0
170,What role do goldman sachs bank usa and citibank na share in the agreement that is not held by hsbc bank usa national association?,agent,1,3,0
170,What role do goldman sachs bank usa and citibank na share in the agreement that is not held by cooperatieve centrale raiffeisen boerenleenbank ba rabobank nederland new york branch?,agent,1,3,0
170,What role do goldman sachs bank usa and jpmorgan chase bank na share in the agreement that is not held by cooperatieve centrale raiffeisen boerenleenbank ba rabobank nederland new york branch?,agent,1,3,0
170,What role do goldman sachs bank usa and the bank of nova scotia share in the agreement that is not held by cooperatieve centrale raiffeisen boerenleenbank ba rabobank nederland new york branch?,agent,1,3,0
170,What role do goldman sachs bank usa and us bank national association share in the agreement that is not held by cooperatieve centrale raiffeisen boerenleenbank ba rabobank nederland new york branch?,agent,1,3,0
170,What role do goldman sachs bank usa and wells fargo bank na share in the agreement that is not held by cooperatieve centrale raiffeisen boerenleenbank ba rabobank nederland new york branch?,agent,1,3,0
170,What role do morgan stanley bank na and citibank na share in the agreement that is not held by hsbc bank usa national association?,agent,1,3,0
170,What role do morgan stanley bank na and citibank na share in the agreement that is not held by cooperatieve centrale raiffeisen boerenleenbank ba rabobank nederland new york branch?,agent,1,3,0
170,What role do morgan stanley bank na and jpmorgan chase bank na share in the agreement that is not held by cooperatieve centrale raiffeisen boerenleenbank ba rabobank nederland new york branch?,agent,1,3,0
170,What role do morgan stanley bank na and the bank of nova scotia share in the agreement that is not held by cooperatieve centrale raiffeisen boerenleenbank ba rabobank nederland new york branch?,agent,1,3,0
170,What role do morgan stanley bank na and us bank national association share in the agreement that is not held by cooperatieve centrale raiffeisen boerenleenbank ba rabobank nederland new york branch?,agent,1,3,0
170,What role do morgan stanley bank na and wells fargo bank na share in the agreement that is not held by cooperatieve centrale raiffeisen boerenleenbank ba rabobank nederland new york branch?,agent,1,3,0
170,What role do citibank na and jpmorgan chase bank na share in the agreement that is not held by cooperatieve centrale raiffeisen boerenleenbank ba rabobank nederland new york branch?,agent,1,3,0
170,What role do citibank na and the bank of nova scotia share in the agreement that is not held by cooperatieve centrale raiffeisen boerenleenbank ba rabobank nederland new york branch?,agent,1,3,0
170,What role do citibank na and us bank national association share in the agreement that is not held by cooperatieve centrale raiffeisen boerenleenbank ba rabobank nederland new york branch?,agent,1,3,0
170,What role do citibank na and wells fargo bank na share in the agreement that is not held by cooperatieve centrale raiffeisen boerenleenbank ba rabobank nederland new york branch?,agent,1,3,0
170,What role do jpmorgan chase bank na and the bank of nova scotia share in the agreement that is not held by cooperatieve centrale raiffeisen boerenleenbank ba rabobank nederland new york branch?,agent,1,3,0
170,What role do jpmorgan chase bank na and us bank national association share in the agreement that is not held by cooperatieve centrale raiffeisen boerenleenbank ba rabobank nederland new york branch?,agent,1,3,0
170,What role do jpmorgan chase bank na and wells fargo bank na share in the agreement that is not held by cooperatieve centrale raiffeisen boerenleenbank ba rabobank nederland new york branch?,agent,1,3,0
170,What role do the bank of nova scotia and us bank national association share in the agreement that is not held by cooperatieve centrale raiffeisen boerenleenbank ba rabobank nederland new york branch?,agent,1,3,0
170,What role do the bank of nova scotia and wells fargo bank na share in the agreement that is not held by cooperatieve centrale raiffeisen boerenleenbank ba rabobank nederland new york branch?,agent,1,3,0
170,What role do us bank national association and wells fargo bank na share in the agreement that is not held by cooperatieve centrale raiffeisen boerenleenbank ba rabobank nederland new york branch?,agent,1,3,0
165,What role do goldman sachs bank usa and the bank of tokyo mitsubishi ufj ltd share in the agreement that is not held by us bank national association?,documentation agents,1,3,0
165,What role do goldman sachs bank usa and the bank of tokyo mitsubishi ufj ltd share in the agreement that is not held by cooperatieve rabobank ua new york branch?,documentation agents,1,3,0
165,What role do goldman sachs bank usa and the bank of tokyo mitsubishi ufj ltd share in the agreement that is not held by bank of america na?,documentation agents,1,3,0
165,What role do goldman sachs bank usa and wells fargo bank national association share in the agreement that is not held by cooperatieve rabobank ua new york branch?,documentation agents,1,3,0
165,What role do goldman sachs bank usa and wells fargo bank national association share in the agreement that is not held by bank of america na?,documentation agents,1,3,0
165,What role do goldman sachs bank usa and mizuho bank ltd share in the agreement that is not held by cooperatieve rabobank ua new york branch?,documentation agents,1,3,0
165,What role do goldman sachs bank usa and mizuho bank ltd share in the agreement that is not held by bank of america na?,documentation agents,1,3,0
165,What role do the bank of tokyo mitsubishi ufj ltd and wells fargo bank national association share in the agreement that is not held by cooperatieve rabobank ua new york branch?,documentation agents,1,3,0
165,What role do the bank of tokyo mitsubishi ufj ltd and wells fargo bank national association share in the agreement that is not held by bank of america na?,documentation agents,1,3,0
165,What role do the bank of tokyo mitsubishi ufj ltd and mizuho bank ltd share in the agreement that is not held by cooperatieve rabobank ua new york branch?,documentation agents,1,3,0
165,What role do the bank of tokyo mitsubishi ufj ltd and mizuho bank ltd share in the agreement that is not held by bank of america na?,documentation agents,1,3,0
165,What role do wells fargo bank national association and mizuho bank ltd share in the agreement that is not held by cooperatieve rabobank ua new york branch?,documentation agents,1,3,0
165,What role do wells fargo bank national association and mizuho bank ltd share in the agreement that is not held by bank of america na?,documentation agents,1,3,0
69,What role do mvp acquisitions llc and mvp milwaukee wells llc share in the agreement that is not held by mvp reit ii operating partnership lp?,subsidiary guarantors,1,3,0
69,What role do mvp acquisitions llc and mvp raider park garage llc share in the agreement that is not held by mvp reit ii operating partnership lp?,subsidiary guarantors,1,3,0
69,What role do mvp acquisitions llc and mvp real estate holdings llc share in the agreement that is not held by mvp reit ii operating partnership lp?,subsidiary guarantors,1,3,0
69,What role do mvp acquisitions llc and mvp merger sub llc share in the agreement that is not held by mvp reit ii operating partnership lp?,subsidiary guarantors,1,3,0
69,What role do mvp milwaukee wells llc and mvp raider park garage llc share in the agreement that is not held by mvp reit ii operating partnership lp?,subsidiary guarantors,1,3,0
69,What role do mvp milwaukee wells llc and mvp real estate holdings llc share in the agreement that is not held by mvp reit ii operating partnership lp?,subsidiary guarantors,1,3,0
69,What role do mvp milwaukee wells llc and mvp merger sub llc share in the agreement that is not held by mvp reit ii operating partnership lp?,subsidiary guarantors,1,3,0
69,What role do mvp raider park garage llc and mvp real estate holdings llc share in the agreement that is not held by mvp reit ii operating partnership lp?,subsidiary guarantors,1,3,0
69,What role do mvp raider park garage llc and mvp merger sub llc share in the agreement that is not held by mvp reit ii operating partnership lp?,subsidiary guarantors,1,3,0
69,What role do mvp real estate holdings llc and mvp merger sub llc share in the agreement that is not held by mvp reit ii operating partnership lp?,subsidiary guarantors,1,3,0
82,What role do bank of america and barclays bank plc share in the agreement that is not held by citibank?,co syndication agent,1,3,0
82,What role do bank of america and barclays bank plc share in the agreement that is not held by hsbc bank usa national association?,co syndication agent,1,3,0
82,What role do bank of america and barclays bank plc share in the agreement that is not held by pnc bank national association?,co syndication agent,1,3,0
82,What role do bank of america and barclays bank plc share in the agreement that is not held by td bank?,co syndication agent,1,3,0
82,What role do bank of america and barclays bank plc share in the agreement that is not held by the bank of tokyo mitsubishi ufj ltd?,co syndication agent,1,3,0
82,What role do bank of america and barclays bank plc share in the agreement that is not held by the northern trust company?,co syndication agent,1,3,0
82,What role do bank of america and barclays bank plc share in the agreement that is not held by the royal bank of scotland plc?,co syndication agent,1,3,0
82,What role do bank of america and barclays bank plc share in the agreement that is not held by us bank national association?,co syndication agent,1,3,0
82,What role do bank of america and barclays bank plc share in the agreement that is not held by wells fargo bank national association?,co syndication agent,1,3,0
82,What role do bank of america and barclays bank plc share in the agreement that is not held by jpmorgan chase bank?,co syndication agent,1,3,0
82,What role do citibank and hsbc bank usa national association share in the agreement that is not held by pnc bank national association?,co documentation agent,1,3,0
82,What role do citibank and hsbc bank usa national association share in the agreement that is not held by td bank?,co documentation agent,1,3,0
82,What role do citibank and hsbc bank usa national association share in the agreement that is not held by the bank of tokyo mitsubishi ufj ltd?,co documentation agent,1,3,0
82,What role do citibank and hsbc bank usa national association share in the agreement that is not held by the northern trust company?,co documentation agent,1,3,0
82,What role do citibank and hsbc bank usa national association share in the agreement that is not held by us bank national association?,co documentation agent,1,3,0
82,What role do citibank and hsbc bank usa national association share in the agreement that is not held by wells fargo bank national association?,co documentation agent,1,3,0
82,What role do citibank and hsbc bank usa national association share in the agreement that is not held by jpmorgan chase bank?,co documentation agent,1,3,0
82,What role do citibank and the royal bank of scotland plc share in the agreement that is not held by us bank national association?,co documentation agent,1,3,0
82,What role do citibank and the royal bank of scotland plc share in the agreement that is not held by wells fargo bank national association?,co documentation agent,1,3,0
82,What role do citibank and the royal bank of scotland plc share in the agreement that is not held by jpmorgan chase bank?,co documentation agent,1,3,0
82,What role do hsbc bank usa national association and the royal bank of scotland plc share in the agreement that is not held by us bank national association?,co documentation agent,1,3,0
82,What role do hsbc bank usa national association and the royal bank of scotland plc share in the agreement that is not held by wells fargo bank national association?,co documentation agent,1,3,0
82,What role do hsbc bank usa national association and the royal bank of scotland plc share in the agreement that is not held by jpmorgan chase bank?,co documentation agent,1,3,0
169,What role do goldman sachs bank usa and coöperatieve centrale raiffeisen boerenleenbank barabobank nederland new york branch share in the agreement that is not held by wells fargo bank national association?,arranger,1,3,0
68,What role do bank of montreal and citizens bank na share in the agreement that is not held by first financial bank na?,agent,1,3,0
68,What role do bank of montreal and citizens bank na share in the agreement that is not held by bank of america na?,agent,1,3,0
68,What role do bank of montreal and jpmorgan chase bank na share in the agreement that is not held by bank of america na?,agent,1,3,0
68,What role do bank of montreal and regions bank share in the agreement that is not held by bank of america na?,agent,1,3,0
68,What role do citizens bank na and jpmorgan chase bank na share in the agreement that is not held by bank of america na?,agent,1,3,0
68,What role do citizens bank na and regions bank share in the agreement that is not held by bank of america na?,agent,1,3,0
68,What role do jpmorgan chase bank na and regions bank share in the agreement that is not held by bank of america na?,agent,1,3,0
40,What role do associated bank national association and first niagara bank na share in the agreement that is not held by keybank national association?,co documentation agent,1,3,0
40,What role do associated bank national association and first niagara bank na share in the agreement that is not held by morgan stanley bank na?,co documentation agent,1,3,0
40,What role do associated bank national association and first niagara bank na share in the agreement that is not held by the bank of novia scotia?,co documentation agent,1,3,0
40,What role do associated bank national association and first niagara bank na share in the agreement that is not held by jpmorgan chase bank na?,co documentation agent,1,3,0
56,What role do barclays bank plc and goldman sachs bank usa share in the agreement that is not held by morgan stanley bank na?,agents,1,3,0
56,What role do barclays bank plc and goldman sachs bank usa share in the agreement that is not held by nomura corporate funding americas llc?,agents,1,3,0
56,What role do barclays bank plc and goldman sachs bank usa share in the agreement that is not held by credit suisse ag cayman islands branch?,agents,1,3,0
56,What role do barclays bank plc and goldman sachs bank usa share in the agreement that is not held by ubs ag stamford branch?,agents,1,3,0
143,What role do citizens bank national association and wells fargo securities llc share in the agreement that is not held by fifth third bank?,arrangers,1,3,0
156,What role do wells fargo capital finance corporation canada and bnp paribas share in the agreement that is not held by deutsche bank ag new york branch?,issuing bank,1,3,0
94,What role do fifth third bank and jefferies finance llc share in the agreement that is not held by rbs citizens na?,"arrangers, bookrunners",1,3,1
94,What role do fifth third bank and jefferies finance llc share in the agreement that is not held by suntrust bank?,"arrangers, bookrunners",1,3,1
94,What role do fifth third bank and jefferies finance llc share in the agreement that is not held by natixis new york branch?,"arrangers, bookrunners",1,3,1
94,What role do fifth third bank and sumitomo mitsui banking corporation share in the agreement that is not held by suntrust bank?,"arrangers, bookrunners",1,3,1
94,What role do fifth third bank and sumitomo mitsui banking corporation share in the agreement that is not held by natixis new york branch?,"arrangers, bookrunners",1,3,1
94,What role do jefferies finance llc and sumitomo mitsui banking corporation share in the agreement that is not held by suntrust bank?,"arrangers, bookrunners",1,3,1
94,What role do jefferies finance llc and sumitomo mitsui banking corporation share in the agreement that is not held by natixis new york branch?,"arrangers, bookrunners",1,3,1
57,What role do citibank na and jpmorgan chase bank na share in the agreement that is not held by unicredit bank ag new york branch?,"arranger, bookrunner",1,3,1
47,What role do merrill lynch pierce fennerand smith incorporated and pnc capital markets llc share in the agreement that is not held by the bank of tokyo mitsubishi ufjltd?,joint lead arrangers,1,3,0
47,What role do merrill lynch pierce fennerand smith incorporated and pnc capital markets llc share in the agreement that is not held by deutsche bank ag new york branch?,joint bookrunners,1,3,0
47,What role do merrill lynch pierce fennerand smith incorporated and wells fargo securities llc share in the agreement that is not held by the bank of tokyo mitsubishi ufjltd?,joint lead arrangers,1,3,0
47,What role do merrill lynch pierce fennerand smith incorporated and wells fargo securities llc share in the agreement that is not held by deutsche bank ag new york branch?,joint bookrunners,1,3,0
47,What role do pnc capital markets llc and wells fargo securities llc share in the agreement that is not held by the bank of tokyo mitsubishi ufjltd?,joint lead arrangers,1,3,0
47,What role do pnc capital markets llc and wells fargo securities llc share in the agreement that is not held by deutsche bank ag new york branch?,joint bookrunners,1,3,0
47,What role do bank of america na and pnc bank national association share in the agreement that is not held by dnb capital llc?,co syndication agents,1,3,0
47,What role do bank of america na and pnc bank national association share in the agreement that is not held by wells fargo bank national association?,co syndication agents,1,3,0
47,What role do bank of america na and the bank of tokyo mitsubishi ufjltd share in the agreement that is not held by dnb capital llc?,co syndication agents,1,3,0
47,What role do bank of america na and the bank of tokyo mitsubishi ufjltd share in the agreement that is not held by wells fargo bank national association?,co syndication agents,1,3,0
47,What role do bank of america na and deutsche bank ag new york branch share in the agreement that is not held by dnb capital llc?,co syndication agents,1,3,0
47,What role do bank of america na and deutsche bank ag new york branch share in the agreement that is not held by wells fargo bank national association?,co syndication agents,1,3,0
47,What role do pnc bank national association and the bank of tokyo mitsubishi ufjltd share in the agreement that is not held by dnb capital llc?,co syndication agents,1,3,0
47,What role do pnc bank national association and the bank of tokyo mitsubishi ufjltd share in the agreement that is not held by wells fargo bank national association?,co syndication agents,1,3,0
47,What role do pnc bank national association and deutsche bank ag new york branch share in the agreement that is not held by dnb capital llc?,co syndication agents,1,3,0
47,What role do pnc bank national association and deutsche bank ag new york branch share in the agreement that is not held by wells fargo bank national association?,co syndication agents,1,3,0
47,What role do the bank of tokyo mitsubishi ufjltd and deutsche bank ag new york branch share in the agreement that is not held by dnb capital llc?,co syndication agents,1,3,0
47,What role do the bank of tokyo mitsubishi ufjltd and deutsche bank ag new york branch share in the agreement that is not held by wells fargo bank national association?,co syndication agents,1,3,0
147,What role do bank of america and barclays bank plc share in the agreement that is not held by hsbc bank usa?,lender,1,3,0
147,What role do bank of america and citibank share in the agreement that is not held by hsbc bank usa?,lender,1,3,0
147,What role do bank of america and goldman sachs bank usa share in the agreement that is not held by hsbc bank usa?,lender,1,3,0
147,What role do barclays bank plc and citibank share in the agreement that is not held by hsbc bank usa?,lender,1,3,0
147,What role do barclays bank plc and goldman sachs bank usa share in the agreement that is not held by hsbc bank usa?,lender,1,3,0
147,What role do citibank and goldman sachs bank usa share in the agreement that is not held by hsbc bank usa?,lender,1,3,0
153,What role do citizens bank na and pnc bank national association share in the agreement that is not held by td bank na?,"co syndication agents, issuing bank",1,3,1
153,What role do citizens bank na and pnc bank national association share in the agreement that is not held by jpmorgan chase bank na?,co syndication agents,1,3,0
153,What role do citizens bank na and silicon valley bank share in the agreement that is not held by td bank na?,"co syndication agents, issuing bank, joint bookrunners, joint lead arrangers",1,3,1
153,What role do citizens bank na and silicon valley bank share in the agreement that is not held by truist bank?,"joint bookrunners, joint lead arrangers",1,3,1
153,What role do citizens bank na and silicon valley bank share in the agreement that is not held by jpmorgan chase bank na?,co syndication agents,1,3,0
153,What role do citizens bank na and truist bank share in the agreement that is not held by jpmorgan chase bank na?,co syndication agents,1,3,0
153,What role do pnc bank national association and silicon valley bank share in the agreement that is not held by td bank na?,"co syndication agents, issuing bank",1,3,1
153,What role do pnc bank national association and silicon valley bank share in the agreement that is not held by jpmorgan chase bank na?,co syndication agents,1,3,0
153,What role do pnc bank national association and truist bank share in the agreement that is not held by jpmorgan chase bank na?,co syndication agents,1,3,0
153,What role do silicon valley bank and truist bank share in the agreement that is not held by jpmorgan chase bank na?,co syndication agents,1,3,0
52,What role do citibank na and jpmorgan chase bank na share in the agreement that is not held by wells fargo bank?,agents,1,3,0
151,What role do barclays bank plc and citibank share in the agreement that is not held by goldman sachs bank usa?,"joint bookrunners, l c issuer",1,3,1
151,What role do barclays bank plc and citibank share in the agreement that is not held by hsbc bank usa?,"joint bookrunners, l c issuer",1,3,1
151,What role do barclays bank plc and citibank share in the agreement that is not held by keybank?,"joint bookrunners, l c issuer",1,3,1
151,What role do barclays bank plc and citibank share in the agreement that is not held by morgan stanley bank?,"joint bookrunners, l c issuer",1,3,1
151,What role do barclays bank plc and citibank share in the agreement that is not held by mufg bankltd?,"joint bookrunners, l c issuer",1,3,1
151,What role do barclays bank plc and citibank share in the agreement that is not held by royal bank of canada?,"joint bookrunners, l c issuer",1,3,1
151,What role do barclays bank plc and citibank share in the agreement that is not held by sumitomo mitsui bankning corporation?,"joint bookrunners, l c issuer",1,3,1
151,What role do barclays bank plc and citibank share in the agreement that is not held by the bank of new york mellon?,"joint bookrunners, l c issuer",1,3,1
151,What role do barclays bank plc and citibank share in the agreement that is not held by the bank of nova scotia?,"joint bookrunners, l c issuer",1,3,1
151,What role do barclays bank plc and citibank share in the agreement that is not held by us bank national association?,"joint bookrunners, l c issuer",1,3,1
151,What role do barclays bank plc and citibank share in the agreement that is not held by wells fargo bank?,"joint bookrunners, l c issuer",1,3,1
151,What role do barclays bank plc and citibank share in the agreement that is not held by bank of america?,lender,1,3,0
151,What role do barclays bank plc and citibank share in the agreement that is not held by bnp paribas?,"joint bookrunners, l c issuer",1,3,1
151,What role do barclays bank plc and citibank share in the agreement that is not held by credit suisse ag?,"joint bookrunners, l c issuer",1,3,1
151,What role do barclays bank plc and citibank share in the agreement that is not held by deutsche bank ag new york branch?,"joint bookrunners, l c issuer",1,3,1
151,What role do barclays bank plc and citibank share in the agreement that is not held by ing bank nv?,"joint bookrunners, l c issuer",1,3,1
151,What role do barclays bank plc and citibank share in the agreement that is not held by jpmorgan chase bank?,lender,1,3,0
151,What role do barclays bank plc and citibank share in the agreement that is not held by nordea bank abp?,"joint bookrunners, l c issuer",1,3,1
151,What role do barclays bank plc and mizuho bankltd share in the agreement that is not held by morgan stanley bank?,"joint bookrunners, l c issuer",1,3,1
151,What role do barclays bank plc and mizuho bankltd share in the agreement that is not held by mufg bankltd?,"joint bookrunners, l c issuer",1,3,1
151,What role do barclays bank plc and mizuho bankltd share in the agreement that is not held by royal bank of canada?,"joint bookrunners, l c issuer",1,3,1
151,What role do barclays bank plc and mizuho bankltd share in the agreement that is not held by sumitomo mitsui bankning corporation?,"joint bookrunners, l c issuer",1,3,1
151,What role do barclays bank plc and mizuho bankltd share in the agreement that is not held by the bank of new york mellon?,"joint bookrunners, l c issuer",1,3,1
151,What role do barclays bank plc and mizuho bankltd share in the agreement that is not held by the bank of nova scotia?,"joint bookrunners, l c issuer",1,3,1
151,What role do barclays bank plc and mizuho bankltd share in the agreement that is not held by us bank national association?,"joint bookrunners, l c issuer",1,3,1
151,What role do barclays bank plc and mizuho bankltd share in the agreement that is not held by wells fargo bank?,"joint bookrunners, l c issuer",1,3,1
151,What role do barclays bank plc and mizuho bankltd share in the agreement that is not held by bank of america?,lender,1,3,0
151,What role do barclays bank plc and mizuho bankltd share in the agreement that is not held by bnp paribas?,"joint bookrunners, l c issuer",1,3,1
151,What role do barclays bank plc and mizuho bankltd share in the agreement that is not held by credit suisse ag?,"joint bookrunners, l c issuer",1,3,1
151,What role do barclays bank plc and mizuho bankltd share in the agreement that is not held by deutsche bank ag new york branch?,"joint bookrunners, l c issuer",1,3,1
151,What role do barclays bank plc and mizuho bankltd share in the agreement that is not held by ing bank nv?,"joint bookrunners, l c issuer",1,3,1
151,What role do barclays bank plc and mizuho bankltd share in the agreement that is not held by jpmorgan chase bank?,lender,1,3,0
151,What role do barclays bank plc and mizuho bankltd share in the agreement that is not held by nordea bank abp?,"joint bookrunners, l c issuer",1,3,1
151,What role do citibank and mizuho bankltd share in the agreement that is not held by morgan stanley bank?,"agent, joint bookrunners, joint lead arrangers, l c issuer",1,3,1
151,What role do citibank and mizuho bankltd share in the agreement that is not held by mufg bankltd?,"agent, joint bookrunners, joint lead arrangers, l c issuer",1,3,1
151,What role do citibank and mizuho bankltd share in the agreement that is not held by royal bank of canada?,"agent, joint bookrunners, joint lead arrangers, l c issuer",1,3,1
151,What role do citibank and mizuho bankltd share in the agreement that is not held by sumitomo mitsui bankning corporation?,"agent, joint bookrunners, joint lead arrangers, l c issuer",1,3,1
151,What role do citibank and mizuho bankltd share in the agreement that is not held by the bank of new york mellon?,"agent, joint bookrunners, joint lead arrangers, l c issuer",1,3,1
151,What role do citibank and mizuho bankltd share in the agreement that is not held by the bank of nova scotia?,"agent, joint bookrunners, joint lead arrangers, l c issuer",1,3,1
151,What role do citibank and mizuho bankltd share in the agreement that is not held by us bank national association?,"agent, joint bookrunners, joint lead arrangers, l c issuer",1,3,1
151,What role do citibank and mizuho bankltd share in the agreement that is not held by wells fargo bank?,"agent, joint bookrunners, joint lead arrangers, l c issuer",1,3,1
151,What role do citibank and mizuho bankltd share in the agreement that is not held by bank of america?,lender,1,3,0
151,What role do citibank and mizuho bankltd share in the agreement that is not held by bnp paribas?,"agent, joint bookrunners, joint lead arrangers, l c issuer",1,3,1
151,What role do citibank and mizuho bankltd share in the agreement that is not held by credit suisse ag?,"agent, joint bookrunners, joint lead arrangers, l c issuer",1,3,1
151,What role do citibank and mizuho bankltd share in the agreement that is not held by deutsche bank ag new york branch?,"agent, joint bookrunners, joint lead arrangers, l c issuer",1,3,1
151,What role do citibank and mizuho bankltd share in the agreement that is not held by ing bank nv?,"agent, joint bookrunners, joint lead arrangers, l c issuer",1,3,1
151,What role do citibank and mizuho bankltd share in the agreement that is not held by jpmorgan chase bank?,lender,1,3,0
151,What role do citibank and mizuho bankltd share in the agreement that is not held by nordea bank abp?,"agent, joint bookrunners, joint lead arrangers, l c issuer",1,3,1
51,What role do citigroup global markets inc and natixis securities americas llc share in the agreement that is not held by morgan stanley senior funding inc?,arrangers,1,3,0
51,What role do citigroup global markets inc and rbc capital markets1 share in the agreement that is not held by morgan stanley senior funding inc?,arrangers,1,3,0
51,What role do citigroup global markets inc and the bank of tokyo mitsubishi ufj ltd share in the agreement that is not held by morgan stanley senior funding inc?,arrangers,1,3,0
51,What role do citigroup global markets inc and ubs securities llc share in the agreement that is not held by morgan stanley senior funding inc?,arrangers,1,3,0
51,What role do natixis securities americas llc and rbc capital markets1 share in the agreement that is not held by morgan stanley senior funding inc?,arrangers,1,3,0
51,What role do natixis securities americas llc and the bank of tokyo mitsubishi ufj ltd share in the agreement that is not held by morgan stanley senior funding inc?,arrangers,1,3,0
51,What role do natixis securities americas llc and ubs securities llc share in the agreement that is not held by morgan stanley senior funding inc?,arrangers,1,3,0
51,What role do rbc capital markets1 and the bank of tokyo mitsubishi ufj ltd share in the agreement that is not held by morgan stanley senior funding inc?,arrangers,1,3,0
51,What role do rbc capital markets1 and ubs securities llc share in the agreement that is not held by morgan stanley senior funding inc?,arrangers,1,3,0
51,What role do the bank of tokyo mitsubishi ufj ltd and ubs securities llc share in the agreement that is not held by morgan stanley senior funding inc?,arrangers,1,3,0
22,What role do bank of america na and jpmorgan chase bank na share in the agreement that is not held by royal bank of canada?,"arranger, joint book runner",1,3,1
123,What role do bank of america na and citibank na share in the agreement that is not held by jpmorgan chase bank na?,agent,1,3,0
123,What role do bank of america na and citibank na share in the agreement that is not held by pnc bank?,agent,1,3,0
123,What role do bank of america na and citibank na share in the agreement that is not held by royal bank of canada?,agent,1,3,0
123,What role do bank of america na and citibank na share in the agreement that is not held by the northern trust company?,agent,1,3,0
123,What role do bank of america na and citibank na share in the agreement that is not held by us bank national association?,agent,1,3,0
123,What role do bank of america na and goldman sachs bank usa share in the agreement that is not held by jpmorgan chase bank na?,agent,1,3,0
123,What role do bank of america na and goldman sachs bank usa share in the agreement that is not held by pnc bank?,agent,1,3,0
123,What role do bank of america na and goldman sachs bank usa share in the agreement that is not held by royal bank of canada?,agent,1,3,0
123,What role do bank of america na and goldman sachs bank usa share in the agreement that is not held by the northern trust company?,agent,1,3,0
123,What role do bank of america na and goldman sachs bank usa share in the agreement that is not held by us bank national association?,agent,1,3,0
123,What role do bank of america na and the bank of tokyo mitsubishi ufj ltd share in the agreement that is not held by the northern trust company?,agent,1,3,0
123,What role do bank of america na and the bank of tokyo mitsubishi ufj ltd share in the agreement that is not held by us bank national association?,agent,1,3,0
123,What role do citibank na and goldman sachs bank usa share in the agreement that is not held by jpmorgan chase bank na?,agent,1,3,0
123,What role do citibank na and goldman sachs bank usa share in the agreement that is not held by pnc bank?,agent,1,3,0
123,What role do citibank na and goldman sachs bank usa share in the agreement that is not held by royal bank of canada?,agent,1,3,0
123,What role do citibank na and goldman sachs bank usa share in the agreement that is not held by the northern trust company?,agent,1,3,0
123,What role do citibank na and goldman sachs bank usa share in the agreement that is not held by us bank national association?,agent,1,3,0
123,What role do citibank na and the bank of tokyo mitsubishi ufj ltd share in the agreement that is not held by the northern trust company?,agent,1,3,0
123,What role do citibank na and the bank of tokyo mitsubishi ufj ltd share in the agreement that is not held by us bank national association?,agent,1,3,0
123,What role do goldman sachs bank usa and the bank of tokyo mitsubishi ufj ltd share in the agreement that is not held by the northern trust company?,agent,1,3,0
123,What role do goldman sachs bank usa and the bank of tokyo mitsubishi ufj ltd share in the agreement that is not held by us bank national association?,agent,1,3,0
137,What role do bank of america na and regions bank share in the agreement that is not held by royal bank of canada?,bank,1,3,0
137,What role do bank of america na and regions bank share in the agreement that is not held by us bank national association?,bank,1,3,0
137,What role do bank of america na and regions bank share in the agreement that is not held by deutsche bank ag new york branch?,bank,1,3,0
23,What role do keybank national association and silicon valley bank share in the agreement that is not held by mufg bank ltd?,l c issuer,1,3,0
23,What role do keybank national association and silicon valley bank share in the agreement that is not held by credit suisse ag cayman islands branch?,l c issuer,1,3,0
23,What role do keybank national association and silicon valley bank share in the agreement that is not held by deutsche bank ag new york branch?,l c issuer,1,3,0
35,What role do bank of america na and citibank na share in the agreement that is not held by hsbc bank usa na?,issuing bank,1,3,0
35,What role do bank of america na and citibank na share in the agreement that is not held by ing capital llc?,"agents, issuing bank",1,3,1
35,What role do bank of america na and citibank na share in the agreement that is not held by mizuho bank ltd?,"agents, issuing bank",1,3,1
35,What role do bank of america na and citibank na share in the agreement that is not held by morgan stanley bank na?,agents,1,3,0
35,What role do bank of america na and citibank na share in the agreement that is not held by sumitomo mitsui banking corporation?,issuing bank,1,3,0
35,What role do bank of america na and citibank na share in the agreement that is not held by the bank of nova scotia?,issuing bank,1,3,0
35,What role do bank of america na and citibank na share in the agreement that is not held by the northern trust company?,"agents, issuing bank",1,3,1
35,What role do bank of america na and citibank na share in the agreement that is not held by the royal bank of scotland plc?,issuing bank,1,3,0
35,What role do bank of america na and citibank na share in the agreement that is not held by us bank national association?,"agents, issuing bank",1,3,1
35,What role do bank of america na and citibank na share in the agreement that is not held by bank of china?,"agents, issuing bank",1,3,1
35,What role do bank of america na and citibank na share in the agreement that is not held by bnp paribas?,issuing bank,1,3,0
35,What role do bank of america na and citibank na share in the agreement that is not held by commerzbank ag?,"agents, issuing bank",1,3,1
35,What role do bank of america na and citibank na share in the agreement that is not held by credit agricole corporate and investment bank?,"agents, issuing bank",1,3,1
35,What role do bank of america na and citibank na share in the agreement that is not held by dnb capital llc?,"agents, issuing bank",1,3,1
35,What role do bank of america na and citibank na share in the agreement that is not held by intesa sanpaolo spa?,"agents, issuing bank",1,3,1
35,What role do bank of america na and citibank na share in the agreement that is not held by jpmorgan chase bank na?,agents,1,3,0
35,What role do bank of america na and citibank na share in the agreement that is not held by standard chartered bank?,"agents, issuing bank",1,3,1
35,What role do bank of america na and goldman sachs bank usa share in the agreement that is not held by hsbc bank usa na?,issuing bank,1,3,0
35,What role do bank of america na and goldman sachs bank usa share in the agreement that is not held by ing capital llc?,"agents, issuing bank",1,3,1
35,What role do bank of america na and goldman sachs bank usa share in the agreement that is not held by mizuho bank ltd?,"agents, issuing bank",1,3,1
35,What role do bank of america na and goldman sachs bank usa share in the agreement that is not held by morgan stanley bank na?,agents,1,3,0
35,What role do bank of america na and goldman sachs bank usa share in the agreement that is not held by sumitomo mitsui banking corporation?,issuing bank,1,3,0
35,What role do bank of america na and goldman sachs bank usa share in the agreement that is not held by the bank of nova scotia?,issuing bank,1,3,0
35,What role do bank of america na and goldman sachs bank usa share in the agreement that is not held by the northern trust company?,"agents, issuing bank",1,3,1
35,What role do bank of america na and goldman sachs bank usa share in the agreement that is not held by the royal bank of scotland plc?,issuing bank,1,3,0
35,What role do bank of america na and goldman sachs bank usa share in the agreement that is not held by us bank national association?,"agents, issuing bank",1,3,1
35,What role do bank of america na and goldman sachs bank usa share in the agreement that is not held by bank of china?,"agents, issuing bank",1,3,1
35,What role do bank of america na and goldman sachs bank usa share in the agreement that is not held by bnp paribas?,issuing bank,1,3,0
35,What role do bank of america na and goldman sachs bank usa share in the agreement that is not held by commerzbank ag?,"agents, issuing bank",1,3,1
35,What role do bank of america na and goldman sachs bank usa share in the agreement that is not held by credit agricole corporate and investment bank?,"agents, issuing bank",1,3,1
35,What role do bank of america na and goldman sachs bank usa share in the agreement that is not held by dnb capital llc?,"agents, issuing bank",1,3,1
35,What role do bank of america na and goldman sachs bank usa share in the agreement that is not held by intesa sanpaolo spa?,"agents, issuing bank",1,3,1
35,What role do bank of america na and goldman sachs bank usa share in the agreement that is not held by jpmorgan chase bank na?,agents,1,3,0
35,What role do bank of america na and goldman sachs bank usa share in the agreement that is not held by standard chartered bank?,"agents, issuing bank",1,3,1
35,What role do bank of america na and hsbc bank usa na share in the agreement that is not held by ing capital llc?,agents,1,3,0
35,What role do bank of america na and hsbc bank usa na share in the agreement that is not held by mizuho bank ltd?,agents,1,3,0
35,What role do bank of america na and hsbc bank usa na share in the agreement that is not held by morgan stanley bank na?,agents,1,3,0
35,What role do bank of america na and hsbc bank usa na share in the agreement that is not held by the northern trust company?,agents,1,3,0
35,What role do bank of america na and hsbc bank usa na share in the agreement that is not held by us bank national association?,agents,1,3,0
35,What role do bank of america na and hsbc bank usa na share in the agreement that is not held by bank of china?,agents,1,3,0
35,What role do bank of america na and hsbc bank usa na share in the agreement that is not held by commerzbank ag?,agents,1,3,0
35,What role do bank of america na and hsbc bank usa na share in the agreement that is not held by credit agricole corporate and investment bank?,agents,1,3,0
35,What role do bank of america na and hsbc bank usa na share in the agreement that is not held by dnb capital llc?,agents,1,3,0
35,What role do bank of america na and hsbc bank usa na share in the agreement that is not held by intesa sanpaolo spa?,agents,1,3,0
35,What role do bank of america na and hsbc bank usa na share in the agreement that is not held by jpmorgan chase bank na?,agents,1,3,0
35,What role do bank of america na and hsbc bank usa na share in the agreement that is not held by standard chartered bank?,agents,1,3,0
35,What role do bank of america na and morgan stanley bank na share in the agreement that is not held by sumitomo mitsui banking corporation?,issuing bank,1,3,0
35,What role do bank of america na and morgan stanley bank na share in the agreement that is not held by the bank of nova scotia?,issuing bank,1,3,0
35,What role do bank of america na and morgan stanley bank na share in the agreement that is not held by the northern trust company?,issuing bank,1,3,0
35,What role do bank of america na and morgan stanley bank na share in the agreement that is not held by the royal bank of scotland plc?,issuing bank,1,3,0
35,What role do bank of america na and morgan stanley bank na share in the agreement that is not held by us bank national association?,issuing bank,1,3,0
35,What role do bank of america na and morgan stanley bank na share in the agreement that is not held by bank of china?,issuing bank,1,3,0
35,What role do bank of america na and morgan stanley bank na share in the agreement that is not held by bnp paribas?,issuing bank,1,3,0
35,What role do bank of america na and morgan stanley bank na share in the agreement that is not held by commerzbank ag?,issuing bank,1,3,0
35,What role do bank of america na and morgan stanley bank na share in the agreement that is not held by credit agricole corporate and investment bank?,issuing bank,1,3,0
35,What role do bank of america na and morgan stanley bank na share in the agreement that is not held by dnb capital llc?,issuing bank,1,3,0
35,What role do bank of america na and morgan stanley bank na share in the agreement that is not held by intesa sanpaolo spa?,issuing bank,1,3,0
35,What role do bank of america na and morgan stanley bank na share in the agreement that is not held by standard chartered bank?,issuing bank,1,3,0
35,What role do bank of america na and sumitomo mitsui banking corporation share in the agreement that is not held by the northern trust company?,agents,1,3,0
35,What role do bank of america na and sumitomo mitsui banking corporation share in the agreement that is not held by us bank national association?,agents,1,3,0
35,What role do bank of america na and sumitomo mitsui banking corporation share in the agreement that is not held by bank of china?,agents,1,3,0
35,What role do bank of america na and sumitomo mitsui banking corporation share in the agreement that is not held by commerzbank ag?,agents,1,3,0
35,What role do bank of america na and sumitomo mitsui banking corporation share in the agreement that is not held by credit agricole corporate and investment bank?,agents,1,3,0
35,What role do bank of america na and sumitomo mitsui banking corporation share in the agreement that is not held by dnb capital llc?,agents,1,3,0
35,What role do bank of america na and sumitomo mitsui banking corporation share in the agreement that is not held by intesa sanpaolo spa?,agents,1,3,0
35,What role do bank of america na and sumitomo mitsui banking corporation share in the agreement that is not held by jpmorgan chase bank na?,agents,1,3,0
35,What role do bank of america na and sumitomo mitsui banking corporation share in the agreement that is not held by standard chartered bank?,agents,1,3,0
35,What role do bank of america na and the bank of nova scotia share in the agreement that is not held by the northern trust company?,agents,1,3,0
35,What role do bank of america na and the bank of nova scotia share in the agreement that is not held by us bank national association?,agents,1,3,0
35,What role do bank of america na and the bank of nova scotia share in the agreement that is not held by bank of china?,agents,1,3,0
35,What role do bank of america na and the bank of nova scotia share in the agreement that is not held by commerzbank ag?,agents,1,3,0
35,What role do bank of america na and the bank of nova scotia share in the agreement that is not held by credit agricole corporate and investment bank?,agents,1,3,0
35,What role do bank of america na and the bank of nova scotia share in the agreement that is not held by dnb capital llc?,agents,1,3,0
35,What role do bank of america na and the bank of nova scotia share in the agreement that is not held by intesa sanpaolo spa?,agents,1,3,0
35,What role do bank of america na and the bank of nova scotia share in the agreement that is not held by jpmorgan chase bank na?,agents,1,3,0
35,What role do bank of america na and the bank of nova scotia share in the agreement that is not held by standard chartered bank?,agents,1,3,0
35,What role do bank of america na and the bank of tokyo mitsubishi ufj ltd share in the agreement that is not held by the northern trust company?,"agents, issuing bank",1,3,1
35,What role do bank of america na and the bank of tokyo mitsubishi ufj ltd share in the agreement that is not held by the royal bank of scotland plc?,issuing bank,1,3,0
35,What role do bank of america na and the bank of tokyo mitsubishi ufj ltd share in the agreement that is not held by us bank national association?,"agents, issuing bank",1,3,1
35,What role do bank of america na and the bank of tokyo mitsubishi ufj ltd share in the agreement that is not held by bank of china?,"agents, issuing bank",1,3,1
35,What role do bank of america na and the bank of tokyo mitsubishi ufj ltd share in the agreement that is not held by bnp paribas?,issuing bank,1,3,0
35,What role do bank of america na and the bank of tokyo mitsubishi ufj ltd share in the agreement that is not held by commerzbank ag?,"agents, issuing bank",1,3,1
35,What role do bank of america na and the bank of tokyo mitsubishi ufj ltd share in the agreement that is not held by credit agricole corporate and investment bank?,"agents, issuing bank",1,3,1
35,What role do bank of america na and the bank of tokyo mitsubishi ufj ltd share in the agreement that is not held by dnb capital llc?,"agents, issuing bank",1,3,1
35,What role do bank of america na and the bank of tokyo mitsubishi ufj ltd share in the agreement that is not held by intesa sanpaolo spa?,"agents, issuing bank",1,3,1
35,What role do bank of america na and the bank of tokyo mitsubishi ufj ltd share in the agreement that is not held by jpmorgan chase bank na?,agents,1,3,0
35,What role do bank of america na and the bank of tokyo mitsubishi ufj ltd share in the agreement that is not held by standard chartered bank?,"agents, issuing bank",1,3,1
35,What role do bank of america na and the royal bank of scotland plc share in the agreement that is not held by us bank national association?,agents,1,3,0
35,What role do bank of america na and the royal bank of scotland plc share in the agreement that is not held by bank of china?,agents,1,3,0
35,What role do bank of america na and the royal bank of scotland plc share in the agreement that is not held by commerzbank ag?,agents,1,3,0
35,What role do bank of america na and the royal bank of scotland plc share in the agreement that is not held by credit agricole corporate and investment bank?,agents,1,3,0
35,What role do bank of america na and the royal bank of scotland plc share in the agreement that is not held by dnb capital llc?,agents,1,3,0
35,What role do bank of america na and the royal bank of scotland plc share in the agreement that is not held by intesa sanpaolo spa?,agents,1,3,0
35,What role do bank of america na and the royal bank of scotland plc share in the agreement that is not held by jpmorgan chase bank na?,agents,1,3,0
35,What role do bank of america na and the royal bank of scotland plc share in the agreement that is not held by standard chartered bank?,agents,1,3,0
35,What role do bank of america na and wells fargo bank national association share in the agreement that is not held by bank of china?,"agents, issuing bank",1,3,1
35,What role do bank of america na and wells fargo bank national association share in the agreement that is not held by bnp paribas?,issuing bank,1,3,0
35,What role do bank of america na and wells fargo bank national association share in the agreement that is not held by commerzbank ag?,"agents, issuing bank",1,3,1
35,What role do bank of america na and wells fargo bank national association share in the agreement that is not held by credit agricole corporate and investment bank?,"agents, issuing bank",1,3,1
35,What role do bank of america na and wells fargo bank national association share in the agreement that is not held by dnb capital llc?,"agents, issuing bank",1,3,1
35,What role do bank of america na and wells fargo bank national association share in the agreement that is not held by intesa sanpaolo spa?,"agents, issuing bank",1,3,1
35,What role do bank of america na and wells fargo bank national association share in the agreement that is not held by jpmorgan chase bank na?,agents,1,3,0
35,What role do bank of america na and wells fargo bank national association share in the agreement that is not held by standard chartered bank?,"agents, issuing bank",1,3,1
35,What role do bank of america na and bnp paribas share in the agreement that is not held by commerzbank ag?,agents,1,3,0
35,What role do bank of america na and bnp paribas share in the agreement that is not held by credit agricole corporate and investment bank?,agents,1,3,0
35,What role do bank of america na and bnp paribas share in the agreement that is not held by dnb capital llc?,agents,1,3,0
35,What role do bank of america na and bnp paribas share in the agreement that is not held by intesa sanpaolo spa?,agents,1,3,0
35,What role do bank of america na and bnp paribas share in the agreement that is not held by jpmorgan chase bank na?,agents,1,3,0
35,What role do bank of america na and bnp paribas share in the agreement that is not held by standard chartered bank?,agents,1,3,0
35,What role do bank of america na and jpmorgan chase bank na share in the agreement that is not held by standard chartered bank?,issuing bank,1,3,0
35,What role do citibank na and goldman sachs bank usa share in the agreement that is not held by hsbc bank usa na?,issuing bank,1,3,0
35,What role do citibank na and goldman sachs bank usa share in the agreement that is not held by ing capital llc?,"agents, issuing bank",1,3,1
35,What role do citibank na and goldman sachs bank usa share in the agreement that is not held by mizuho bank ltd?,"agents, issuing bank",1,3,1
35,What role do citibank na and goldman sachs bank usa share in the agreement that is not held by morgan stanley bank na?,agents,1,3,0
35,What role do citibank na and goldman sachs bank usa share in the agreement that is not held by sumitomo mitsui banking corporation?,issuing bank,1,3,0
35,What role do citibank na and goldman sachs bank usa share in the agreement that is not held by the bank of nova scotia?,issuing bank,1,3,0
35,What role do citibank na and goldman sachs bank usa share in the agreement that is not held by the northern trust company?,"agents, issuing bank",1,3,1
35,What role do citibank na and goldman sachs bank usa share in the agreement that is not held by the royal bank of scotland plc?,issuing bank,1,3,0
35,What role do citibank na and goldman sachs bank usa share in the agreement that is not held by us bank national association?,"agents, issuing bank",1,3,1
35,What role do citibank na and goldman sachs bank usa share in the agreement that is not held by bank of china?,"agents, issuing bank",1,3,1
35,What role do citibank na and goldman sachs bank usa share in the agreement that is not held by bnp paribas?,issuing bank,1,3,0
35,What role do citibank na and goldman sachs bank usa share in the agreement that is not held by commerzbank ag?,"agents, issuing bank",1,3,1
35,What role do citibank na and goldman sachs bank usa share in the agreement that is not held by credit agricole corporate and investment bank?,"agents, issuing bank",1,3,1
35,What role do citibank na and goldman sachs bank usa share in the agreement that is not held by dnb capital llc?,"agents, issuing bank",1,3,1
35,What role do citibank na and goldman sachs bank usa share in the agreement that is not held by intesa sanpaolo spa?,"agents, issuing bank",1,3,1
35,What role do citibank na and goldman sachs bank usa share in the agreement that is not held by jpmorgan chase bank na?,agents,1,3,0
35,What role do citibank na and goldman sachs bank usa share in the agreement that is not held by standard chartered bank?,"agents, issuing bank",1,3,1
35,What role do citibank na and hsbc bank usa na share in the agreement that is not held by ing capital llc?,agents,1,3,0
35,What role do citibank na and hsbc bank usa na share in the agreement that is not held by mizuho bank ltd?,agents,1,3,0
35,What role do citibank na and hsbc bank usa na share in the agreement that is not held by morgan stanley bank na?,agents,1,3,0
35,What role do citibank na and hsbc bank usa na share in the agreement that is not held by the northern trust company?,agents,1,3,0
35,What role do citibank na and hsbc bank usa na share in the agreement that is not held by us bank national association?,agents,1,3,0
35,What role do citibank na and hsbc bank usa na share in the agreement that is not held by bank of china?,agents,1,3,0
35,What role do citibank na and hsbc bank usa na share in the agreement that is not held by commerzbank ag?,agents,1,3,0
35,What role do citibank na and hsbc bank usa na share in the agreement that is not held by credit agricole corporate and investment bank?,agents,1,3,0
35,What role do citibank na and hsbc bank usa na share in the agreement that is not held by dnb capital llc?,agents,1,3,0
35,What role do citibank na and hsbc bank usa na share in the agreement that is not held by intesa sanpaolo spa?,agents,1,3,0
35,What role do citibank na and hsbc bank usa na share in the agreement that is not held by jpmorgan chase bank na?,agents,1,3,0
35,What role do citibank na and hsbc bank usa na share in the agreement that is not held by standard chartered bank?,agents,1,3,0
35,What role do citibank na and morgan stanley bank na share in the agreement that is not held by sumitomo mitsui banking corporation?,issuing bank,1,3,0
35,What role do citibank na and morgan stanley bank na share in the agreement that is not held by the bank of nova scotia?,issuing bank,1,3,0
35,What role do citibank na and morgan stanley bank na share in the agreement that is not held by the northern trust company?,issuing bank,1,3,0
35,What role do citibank na and morgan stanley bank na share in the agreement that is not held by the royal bank of scotland plc?,issuing bank,1,3,0
35,What role do citibank na and morgan stanley bank na share in the agreement that is not held by us bank national association?,issuing bank,1,3,0
35,What role do citibank na and morgan stanley bank na share in the agreement that is not held by bank of china?,issuing bank,1,3,0
35,What role do citibank na and morgan stanley bank na share in the agreement that is not held by bnp paribas?,issuing bank,1,3,0
35,What role do citibank na and morgan stanley bank na share in the agreement that is not held by commerzbank ag?,issuing bank,1,3,0
35,What role do citibank na and morgan stanley bank na share in the agreement that is not held by credit agricole corporate and investment bank?,issuing bank,1,3,0
35,What role do citibank na and morgan stanley bank na share in the agreement that is not held by dnb capital llc?,issuing bank,1,3,0
35,What role do citibank na and morgan stanley bank na share in the agreement that is not held by intesa sanpaolo spa?,issuing bank,1,3,0
35,What role do citibank na and morgan stanley bank na share in the agreement that is not held by standard chartered bank?,issuing bank,1,3,0
35,What role do citibank na and sumitomo mitsui banking corporation share in the agreement that is not held by the northern trust company?,agents,1,3,0
35,What role do citibank na and sumitomo mitsui banking corporation share in the agreement that is not held by us bank national association?,agents,1,3,0
35,What role do citibank na and sumitomo mitsui banking corporation share in the agreement that is not held by bank of china?,agents,1,3,0
35,What role do citibank na and sumitomo mitsui banking corporation share in the agreement that is not held by commerzbank ag?,agents,1,3,0
35,What role do citibank na and sumitomo mitsui banking corporation share in the agreement that is not held by credit agricole corporate and investment bank?,agents,1,3,0
35,What role do citibank na and sumitomo mitsui banking corporation share in the agreement that is not held by dnb capital llc?,agents,1,3,0
35,What role do citibank na and sumitomo mitsui banking corporation share in the agreement that is not held by intesa sanpaolo spa?,agents,1,3,0
35,What role do citibank na and sumitomo mitsui banking corporation share in the agreement that is not held by jpmorgan chase bank na?,agents,1,3,0
35,What role do citibank na and sumitomo mitsui banking corporation share in the agreement that is not held by standard chartered bank?,agents,1,3,0
35,What role do citibank na and the bank of nova scotia share in the agreement that is not held by the northern trust company?,agents,1,3,0
35,What role do citibank na and the bank of nova scotia share in the agreement that is not held by us bank national association?,agents,1,3,0
35,What role do citibank na and the bank of nova scotia share in the agreement that is not held by bank of china?,agents,1,3,0
35,What role do citibank na and the bank of nova scotia share in the agreement that is not held by commerzbank ag?,agents,1,3,0
35,What role do citibank na and the bank of nova scotia share in the agreement that is not held by credit agricole corporate and investment bank?,agents,1,3,0
35,What role do citibank na and the bank of nova scotia share in the agreement that is not held by dnb capital llc?,agents,1,3,0
35,What role do citibank na and the bank of nova scotia share in the agreement that is not held by intesa sanpaolo spa?,agents,1,3,0
35,What role do citibank na and the bank of nova scotia share in the agreement that is not held by jpmorgan chase bank na?,agents,1,3,0
35,What role do citibank na and the bank of nova scotia share in the agreement that is not held by standard chartered bank?,agents,1,3,0
35,What role do citibank na and the bank of tokyo mitsubishi ufj ltd share in the agreement that is not held by the northern trust company?,"agents, issuing bank",1,3,1
35,What role do citibank na and the bank of tokyo mitsubishi ufj ltd share in the agreement that is not held by the royal bank of scotland plc?,issuing bank,1,3,0
35,What role do citibank na and the bank of tokyo mitsubishi ufj ltd share in the agreement that is not held by us bank national association?,"agents, issuing bank",1,3,1
35,What role do citibank na and the bank of tokyo mitsubishi ufj ltd share in the agreement that is not held by bank of china?,"agents, issuing bank",1,3,1
35,What role do citibank na and the bank of tokyo mitsubishi ufj ltd share in the agreement that is not held by bnp paribas?,issuing bank,1,3,0
35,What role do citibank na and the bank of tokyo mitsubishi ufj ltd share in the agreement that is not held by commerzbank ag?,"agents, issuing bank",1,3,1
35,What role do citibank na and the bank of tokyo mitsubishi ufj ltd share in the agreement that is not held by credit agricole corporate and investment bank?,"agents, issuing bank",1,3,1
35,What role do citibank na and the bank of tokyo mitsubishi ufj ltd share in the agreement that is not held by dnb capital llc?,"agents, issuing bank",1,3,1
35,What role do citibank na and the bank of tokyo mitsubishi ufj ltd share in the agreement that is not held by intesa sanpaolo spa?,"agents, issuing bank",1,3,1
35,What role do citibank na and the bank of tokyo mitsubishi ufj ltd share in the agreement that is not held by jpmorgan chase bank na?,agents,1,3,0
35,What role do citibank na and the bank of tokyo mitsubishi ufj ltd share in the agreement that is not held by standard chartered bank?,"agents, issuing bank",1,3,1
35,What role do citibank na and the royal bank of scotland plc share in the agreement that is not held by us bank national association?,agents,1,3,0
35,What role do citibank na and the royal bank of scotland plc share in the agreement that is not held by bank of china?,agents,1,3,0
35,What role do citibank na and the royal bank of scotland plc share in the agreement that is not held by commerzbank ag?,agents,1,3,0
35,What role do citibank na and the royal bank of scotland plc share in the agreement that is not held by credit agricole corporate and investment bank?,agents,1,3,0
35,What role do citibank na and the royal bank of scotland plc share in the agreement that is not held by dnb capital llc?,agents,1,3,0
35,What role do citibank na and the royal bank of scotland plc share in the agreement that is not held by intesa sanpaolo spa?,agents,1,3,0
35,What role do citibank na and the royal bank of scotland plc share in the agreement that is not held by jpmorgan chase bank na?,agents,1,3,0
35,What role do citibank na and the royal bank of scotland plc share in the agreement that is not held by standard chartered bank?,agents,1,3,0
35,What role do citibank na and wells fargo bank national association share in the agreement that is not held by bank of china?,"agents, issuing bank",1,3,1
35,What role do citibank na and wells fargo bank national association share in the agreement that is not held by bnp paribas?,issuing bank,1,3,0
35,What role do citibank na and wells fargo bank national association share in the agreement that is not held by commerzbank ag?,"agents, issuing bank",1,3,1
35,What role do citibank na and wells fargo bank national association share in the agreement that is not held by credit agricole corporate and investment bank?,"agents, issuing bank",1,3,1
35,What role do citibank na and wells fargo bank national association share in the agreement that is not held by dnb capital llc?,"agents, issuing bank",1,3,1
35,What role do citibank na and wells fargo bank national association share in the agreement that is not held by intesa sanpaolo spa?,"agents, issuing bank",1,3,1
35,What role do citibank na and wells fargo bank national association share in the agreement that is not held by jpmorgan chase bank na?,agents,1,3,0
35,What role do citibank na and wells fargo bank national association share in the agreement that is not held by standard chartered bank?,"agents, issuing bank",1,3,1
35,What role do citibank na and bnp paribas share in the agreement that is not held by commerzbank ag?,agents,1,3,0
35,What role do citibank na and bnp paribas share in the agreement that is not held by credit agricole corporate and investment bank?,agents,1,3,0
35,What role do citibank na and bnp paribas share in the agreement that is not held by dnb capital llc?,agents,1,3,0
35,What role do citibank na and bnp paribas share in the agreement that is not held by intesa sanpaolo spa?,agents,1,3,0
35,What role do citibank na and bnp paribas share in the agreement that is not held by jpmorgan chase bank na?,agents,1,3,0
35,What role do citibank na and bnp paribas share in the agreement that is not held by standard chartered bank?,agents,1,3,0
35,What role do citibank na and jpmorgan chase bank na share in the agreement that is not held by standard chartered bank?,issuing bank,1,3,0
35,What role do goldman sachs bank usa and hsbc bank usa na share in the agreement that is not held by ing capital llc?,agents,1,3,0
35,What role do goldman sachs bank usa and hsbc bank usa na share in the agreement that is not held by mizuho bank ltd?,agents,1,3,0
35,What role do goldman sachs bank usa and hsbc bank usa na share in the agreement that is not held by morgan stanley bank na?,agents,1,3,0
35,What role do goldman sachs bank usa and hsbc bank usa na share in the agreement that is not held by the northern trust company?,agents,1,3,0
35,What role do goldman sachs bank usa and hsbc bank usa na share in the agreement that is not held by us bank national association?,agents,1,3,0
35,What role do goldman sachs bank usa and hsbc bank usa na share in the agreement that is not held by bank of china?,agents,1,3,0
35,What role do goldman sachs bank usa and hsbc bank usa na share in the agreement that is not held by commerzbank ag?,agents,1,3,0
35,What role do goldman sachs bank usa and hsbc bank usa na share in the agreement that is not held by credit agricole corporate and investment bank?,agents,1,3,0
35,What role do goldman sachs bank usa and hsbc bank usa na share in the agreement that is not held by dnb capital llc?,agents,1,3,0
35,What role do goldman sachs bank usa and hsbc bank usa na share in the agreement that is not held by intesa sanpaolo spa?,agents,1,3,0
35,What role do goldman sachs bank usa and hsbc bank usa na share in the agreement that is not held by jpmorgan chase bank na?,agents,1,3,0
35,What role do goldman sachs bank usa and hsbc bank usa na share in the agreement that is not held by standard chartered bank?,agents,1,3,0
35,What role do goldman sachs bank usa and morgan stanley bank na share in the agreement that is not held by sumitomo mitsui banking corporation?,issuing bank,1,3,0
35,What role do goldman sachs bank usa and morgan stanley bank na share in the agreement that is not held by the bank of nova scotia?,issuing bank,1,3,0
35,What role do goldman sachs bank usa and morgan stanley bank na share in the agreement that is not held by the northern trust company?,issuing bank,1,3,0
35,What role do goldman sachs bank usa and morgan stanley bank na share in the agreement that is not held by the royal bank of scotland plc?,issuing bank,1,3,0
35,What role do goldman sachs bank usa and morgan stanley bank na share in the agreement that is not held by us bank national association?,issuing bank,1,3,0
35,What role do goldman sachs bank usa and morgan stanley bank na share in the agreement that is not held by bank of china?,issuing bank,1,3,0
35,What role do goldman sachs bank usa and morgan stanley bank na share in the agreement that is not held by bnp paribas?,issuing bank,1,3,0
35,What role do goldman sachs bank usa and morgan stanley bank na share in the agreement that is not held by commerzbank ag?,issuing bank,1,3,0
35,What role do goldman sachs bank usa and morgan stanley bank na share in the agreement that is not held by credit agricole corporate and investment bank?,issuing bank,1,3,0
35,What role do goldman sachs bank usa and morgan stanley bank na share in the agreement that is not held by dnb capital llc?,issuing bank,1,3,0
35,What role do goldman sachs bank usa and morgan stanley bank na share in the agreement that is not held by intesa sanpaolo spa?,issuing bank,1,3,0
35,What role do goldman sachs bank usa and morgan stanley bank na share in the agreement that is not held by standard chartered bank?,issuing bank,1,3,0
35,What role do goldman sachs bank usa and sumitomo mitsui banking corporation share in the agreement that is not held by the northern trust company?,agents,1,3,0
35,What role do goldman sachs bank usa and sumitomo mitsui banking corporation share in the agreement that is not held by us bank national association?,agents,1,3,0
35,What role do goldman sachs bank usa and sumitomo mitsui banking corporation share in the agreement that is not held by bank of china?,agents,1,3,0
35,What role do goldman sachs bank usa and sumitomo mitsui banking corporation share in the agreement that is not held by commerzbank ag?,agents,1,3,0
35,What role do goldman sachs bank usa and sumitomo mitsui banking corporation share in the agreement that is not held by credit agricole corporate and investment bank?,agents,1,3,0
35,What role do goldman sachs bank usa and sumitomo mitsui banking corporation share in the agreement that is not held by dnb capital llc?,agents,1,3,0
35,What role do goldman sachs bank usa and sumitomo mitsui banking corporation share in the agreement that is not held by intesa sanpaolo spa?,agents,1,3,0
35,What role do goldman sachs bank usa and sumitomo mitsui banking corporation share in the agreement that is not held by jpmorgan chase bank na?,agents,1,3,0
35,What role do goldman sachs bank usa and sumitomo mitsui banking corporation share in the agreement that is not held by standard chartered bank?,agents,1,3,0
35,What role do goldman sachs bank usa and the bank of nova scotia share in the agreement that is not held by the northern trust company?,agents,1,3,0
35,What role do goldman sachs bank usa and the bank of nova scotia share in the agreement that is not held by us bank national association?,agents,1,3,0
35,What role do goldman sachs bank usa and the bank of nova scotia share in the agreement that is not held by bank of china?,agents,1,3,0
35,What role do goldman sachs bank usa and the bank of nova scotia share in the agreement that is not held by commerzbank ag?,agents,1,3,0
35,What role do goldman sachs bank usa and the bank of nova scotia share in the agreement that is not held by credit agricole corporate and investment bank?,agents,1,3,0
35,What role do goldman sachs bank usa and the bank of nova scotia share in the agreement that is not held by dnb capital llc?,agents,1,3,0
35,What role do goldman sachs bank usa and the bank of nova scotia share in the agreement that is not held by intesa sanpaolo spa?,agents,1,3,0
35,What role do goldman sachs bank usa and the bank of nova scotia share in the agreement that is not held by jpmorgan chase bank na?,agents,1,3,0
35,What role do goldman sachs bank usa and the bank of nova scotia share in the agreement that is not held by standard chartered bank?,agents,1,3,0
35,What role do goldman sachs bank usa and the bank of tokyo mitsubishi ufj ltd share in the agreement that is not held by the northern trust company?,"agents, arrangers, bookrunners, issuing bank",1,3,1
35,What role do goldman sachs bank usa and the bank of tokyo mitsubishi ufj ltd share in the agreement that is not held by the royal bank of scotland plc?,"arrangers, bookrunners, issuing bank",1,3,1
35,What role do goldman sachs bank usa and the bank of tokyo mitsubishi ufj ltd share in the agreement that is not held by us bank national association?,"agents, arrangers, bookrunners, issuing bank",1,3,1
35,What role do goldman sachs bank usa and the bank of tokyo mitsubishi ufj ltd share in the agreement that is not held by wells fargo bank national association?,"arrangers, bookrunners",1,3,1
35,What role do goldman sachs bank usa and the bank of tokyo mitsubishi ufj ltd share in the agreement that is not held by bank of china?,"agents, arrangers, bookrunners, issuing bank",1,3,1
35,What role do goldman sachs bank usa and the bank of tokyo mitsubishi ufj ltd share in the agreement that is not held by bnp paribas?,"arrangers, bookrunners, issuing bank",1,3,1
35,What role do goldman sachs bank usa and the bank of tokyo mitsubishi ufj ltd share in the agreement that is not held by commerzbank ag?,"agents, arrangers, bookrunners, issuing bank",1,3,1
35,What role do goldman sachs bank usa and the bank of tokyo mitsubishi ufj ltd share in the agreement that is not held by credit agricole corporate and investment bank?,"agents, arrangers, bookrunners, issuing bank",1,3,1
35,What role do goldman sachs bank usa and the bank of tokyo mitsubishi ufj ltd share in the agreement that is not held by dnb capital llc?,"agents, arrangers, bookrunners, issuing bank",1,3,1
35,What role do goldman sachs bank usa and the bank of tokyo mitsubishi ufj ltd share in the agreement that is not held by intesa sanpaolo spa?,"agents, arrangers, bookrunners, issuing bank",1,3,1
35,What role do goldman sachs bank usa and the bank of tokyo mitsubishi ufj ltd share in the agreement that is not held by jpmorgan chase bank na?,"agents, arrangers, bookrunners",1,3,1
35,What role do goldman sachs bank usa and the bank of tokyo mitsubishi ufj ltd share in the agreement that is not held by standard chartered bank?,"agents, arrangers, bookrunners, issuing bank",1,3,1
35,What role do goldman sachs bank usa and the royal bank of scotland plc share in the agreement that is not held by us bank national association?,agents,1,3,0
35,What role do goldman sachs bank usa and the royal bank of scotland plc share in the agreement that is not held by bank of china?,agents,1,3,0
35,What role do goldman sachs bank usa and the royal bank of scotland plc share in the agreement that is not held by commerzbank ag?,agents,1,3,0
35,What role do goldman sachs bank usa and the royal bank of scotland plc share in the agreement that is not held by credit agricole corporate and investment bank?,agents,1,3,0
35,What role do goldman sachs bank usa and the royal bank of scotland plc share in the agreement that is not held by dnb capital llc?,agents,1,3,0
35,What role do goldman sachs bank usa and the royal bank of scotland plc share in the agreement that is not held by intesa sanpaolo spa?,agents,1,3,0
35,What role do goldman sachs bank usa and the royal bank of scotland plc share in the agreement that is not held by jpmorgan chase bank na?,agents,1,3,0
35,What role do goldman sachs bank usa and the royal bank of scotland plc share in the agreement that is not held by standard chartered bank?,agents,1,3,0
35,What role do goldman sachs bank usa and wells fargo bank national association share in the agreement that is not held by bank of china?,"agents, issuing bank",1,3,1
35,What role do goldman sachs bank usa and wells fargo bank national association share in the agreement that is not held by bnp paribas?,issuing bank,1,3,0
35,What role do goldman sachs bank usa and wells fargo bank national association share in the agreement that is not held by commerzbank ag?,"agents, issuing bank",1,3,1
35,What role do goldman sachs bank usa and wells fargo bank national association share in the agreement that is not held by credit agricole corporate and investment bank?,"agents, issuing bank",1,3,1
35,What role do goldman sachs bank usa and wells fargo bank national association share in the agreement that is not held by dnb capital llc?,"agents, issuing bank",1,3,1
35,What role do goldman sachs bank usa and wells fargo bank national association share in the agreement that is not held by intesa sanpaolo spa?,"agents, issuing bank",1,3,1
35,What role do goldman sachs bank usa and wells fargo bank national association share in the agreement that is not held by jpmorgan chase bank na?,agents,1,3,0
35,What role do goldman sachs bank usa and wells fargo bank national association share in the agreement that is not held by standard chartered bank?,"agents, issuing bank",1,3,1
35,What role do goldman sachs bank usa and bnp paribas share in the agreement that is not held by commerzbank ag?,agents,1,3,0
35,What role do goldman sachs bank usa and bnp paribas share in the agreement that is not held by credit agricole corporate and investment bank?,agents,1,3,0
35,What role do goldman sachs bank usa and bnp paribas share in the agreement that is not held by dnb capital llc?,agents,1,3,0
35,What role do goldman sachs bank usa and bnp paribas share in the agreement that is not held by intesa sanpaolo spa?,agents,1,3,0
35,What role do goldman sachs bank usa and bnp paribas share in the agreement that is not held by jpmorgan chase bank na?,agents,1,3,0
35,What role do goldman sachs bank usa and bnp paribas share in the agreement that is not held by standard chartered bank?,agents,1,3,0
35,What role do goldman sachs bank usa and jpmorgan chase bank na share in the agreement that is not held by standard chartered bank?,issuing bank,1,3,0
35,What role do hsbc bank usa na and sumitomo mitsui banking corporation share in the agreement that is not held by the northern trust company?,agents,1,3,0
35,What role do hsbc bank usa na and sumitomo mitsui banking corporation share in the agreement that is not held by us bank national association?,agents,1,3,0
35,What role do hsbc bank usa na and sumitomo mitsui banking corporation share in the agreement that is not held by bank of china?,agents,1,3,0
35,What role do hsbc bank usa na and sumitomo mitsui banking corporation share in the agreement that is not held by commerzbank ag?,agents,1,3,0
35,What role do hsbc bank usa na and sumitomo mitsui banking corporation share in the agreement that is not held by credit agricole corporate and investment bank?,agents,1,3,0
35,What role do hsbc bank usa na and sumitomo mitsui banking corporation share in the agreement that is not held by dnb capital llc?,agents,1,3,0
35,What role do hsbc bank usa na and sumitomo mitsui banking corporation share in the agreement that is not held by intesa sanpaolo spa?,agents,1,3,0
35,What role do hsbc bank usa na and sumitomo mitsui banking corporation share in the agreement that is not held by jpmorgan chase bank na?,agents,1,3,0
35,What role do hsbc bank usa na and sumitomo mitsui banking corporation share in the agreement that is not held by standard chartered bank?,agents,1,3,0
35,What role do hsbc bank usa na and the bank of nova scotia share in the agreement that is not held by the northern trust company?,agents,1,3,0
35,What role do hsbc bank usa na and the bank of nova scotia share in the agreement that is not held by us bank national association?,agents,1,3,0
35,What role do hsbc bank usa na and the bank of nova scotia share in the agreement that is not held by bank of china?,agents,1,3,0
35,What role do hsbc bank usa na and the bank of nova scotia share in the agreement that is not held by commerzbank ag?,agents,1,3,0
35,What role do hsbc bank usa na and the bank of nova scotia share in the agreement that is not held by credit agricole corporate and investment bank?,agents,1,3,0
35,What role do hsbc bank usa na and the bank of nova scotia share in the agreement that is not held by dnb capital llc?,agents,1,3,0
35,What role do hsbc bank usa na and the bank of nova scotia share in the agreement that is not held by intesa sanpaolo spa?,agents,1,3,0
35,What role do hsbc bank usa na and the bank of nova scotia share in the agreement that is not held by jpmorgan chase bank na?,agents,1,3,0
35,What role do hsbc bank usa na and the bank of nova scotia share in the agreement that is not held by standard chartered bank?,agents,1,3,0
35,What role do hsbc bank usa na and the bank of tokyo mitsubishi ufj ltd share in the agreement that is not held by the northern trust company?,agents,1,3,0
35,What role do hsbc bank usa na and the bank of tokyo mitsubishi ufj ltd share in the agreement that is not held by us bank national association?,agents,1,3,0
35,What role do hsbc bank usa na and the bank of tokyo mitsubishi ufj ltd share in the agreement that is not held by bank of china?,agents,1,3,0
35,What role do hsbc bank usa na and the bank of tokyo mitsubishi ufj ltd share in the agreement that is not held by commerzbank ag?,agents,1,3,0
35,What role do hsbc bank usa na and the bank of tokyo mitsubishi ufj ltd share in the agreement that is not held by credit agricole corporate and investment bank?,agents,1,3,0
35,What role do hsbc bank usa na and the bank of tokyo mitsubishi ufj ltd share in the agreement that is not held by dnb capital llc?,agents,1,3,0
35,What role do hsbc bank usa na and the bank of tokyo mitsubishi ufj ltd share in the agreement that is not held by intesa sanpaolo spa?,agents,1,3,0
35,What role do hsbc bank usa na and the bank of tokyo mitsubishi ufj ltd share in the agreement that is not held by jpmorgan chase bank na?,agents,1,3,0
35,What role do hsbc bank usa na and the bank of tokyo mitsubishi ufj ltd share in the agreement that is not held by standard chartered bank?,agents,1,3,0
35,What role do hsbc bank usa na and the royal bank of scotland plc share in the agreement that is not held by us bank national association?,agents,1,3,0
35,What role do hsbc bank usa na and the royal bank of scotland plc share in the agreement that is not held by bank of china?,agents,1,3,0
35,What role do hsbc bank usa na and the royal bank of scotland plc share in the agreement that is not held by commerzbank ag?,agents,1,3,0
35,What role do hsbc bank usa na and the royal bank of scotland plc share in the agreement that is not held by credit agricole corporate and investment bank?,agents,1,3,0
35,What role do hsbc bank usa na and the royal bank of scotland plc share in the agreement that is not held by dnb capital llc?,agents,1,3,0
35,What role do hsbc bank usa na and the royal bank of scotland plc share in the agreement that is not held by intesa sanpaolo spa?,agents,1,3,0
35,What role do hsbc bank usa na and the royal bank of scotland plc share in the agreement that is not held by jpmorgan chase bank na?,agents,1,3,0
35,What role do hsbc bank usa na and the royal bank of scotland plc share in the agreement that is not held by standard chartered bank?,agents,1,3,0
35,What role do hsbc bank usa na and wells fargo bank national association share in the agreement that is not held by bank of china?,agents,1,3,0
35,What role do hsbc bank usa na and wells fargo bank national association share in the agreement that is not held by commerzbank ag?,agents,1,3,0
35,What role do hsbc bank usa na and wells fargo bank national association share in the agreement that is not held by credit agricole corporate and investment bank?,agents,1,3,0
35,What role do hsbc bank usa na and wells fargo bank national association share in the agreement that is not held by dnb capital llc?,agents,1,3,0
35,What role do hsbc bank usa na and wells fargo bank national association share in the agreement that is not held by intesa sanpaolo spa?,agents,1,3,0
35,What role do hsbc bank usa na and wells fargo bank national association share in the agreement that is not held by jpmorgan chase bank na?,agents,1,3,0
35,What role do hsbc bank usa na and wells fargo bank national association share in the agreement that is not held by standard chartered bank?,agents,1,3,0
35,What role do hsbc bank usa na and bnp paribas share in the agreement that is not held by commerzbank ag?,agents,1,3,0
35,What role do hsbc bank usa na and bnp paribas share in the agreement that is not held by credit agricole corporate and investment bank?,agents,1,3,0
35,What role do hsbc bank usa na and bnp paribas share in the agreement that is not held by dnb capital llc?,agents,1,3,0
35,What role do hsbc bank usa na and bnp paribas share in the agreement that is not held by intesa sanpaolo spa?,agents,1,3,0
35,What role do hsbc bank usa na and bnp paribas share in the agreement that is not held by jpmorgan chase bank na?,agents,1,3,0
35,What role do hsbc bank usa na and bnp paribas share in the agreement that is not held by standard chartered bank?,agents,1,3,0
35,What role do morgan stanley bank na and the bank of tokyo mitsubishi ufj ltd share in the agreement that is not held by the northern trust company?,issuing bank,1,3,0
35,What role do morgan stanley bank na and the bank of tokyo mitsubishi ufj ltd share in the agreement that is not held by the royal bank of scotland plc?,issuing bank,1,3,0
35,What role do morgan stanley bank na and the bank of tokyo mitsubishi ufj ltd share in the agreement that is not held by us bank national association?,issuing bank,1,3,0
35,What role do morgan stanley bank na and the bank of tokyo mitsubishi ufj ltd share in the agreement that is not held by bank of china?,issuing bank,1,3,0
35,What role do morgan stanley bank na and the bank of tokyo mitsubishi ufj ltd share in the agreement that is not held by bnp paribas?,issuing bank,1,3,0
35,What role do morgan stanley bank na and the bank of tokyo mitsubishi ufj ltd share in the agreement that is not held by commerzbank ag?,issuing bank,1,3,0
35,What role do morgan stanley bank na and the bank of tokyo mitsubishi ufj ltd share in the agreement that is not held by credit agricole corporate and investment bank?,issuing bank,1,3,0
35,What role do morgan stanley bank na and the bank of tokyo mitsubishi ufj ltd share in the agreement that is not held by dnb capital llc?,issuing bank,1,3,0
35,What role do morgan stanley bank na and the bank of tokyo mitsubishi ufj ltd share in the agreement that is not held by intesa sanpaolo spa?,issuing bank,1,3,0
35,What role do morgan stanley bank na and the bank of tokyo mitsubishi ufj ltd share in the agreement that is not held by standard chartered bank?,issuing bank,1,3,0
35,What role do morgan stanley bank na and wells fargo bank national association share in the agreement that is not held by bank of china?,issuing bank,1,3,0
35,What role do morgan stanley bank na and wells fargo bank national association share in the agreement that is not held by bnp paribas?,issuing bank,1,3,0
35,What role do morgan stanley bank na and wells fargo bank national association share in the agreement that is not held by commerzbank ag?,issuing bank,1,3,0
35,What role do morgan stanley bank na and wells fargo bank national association share in the agreement that is not held by credit agricole corporate and investment bank?,issuing bank,1,3,0
35,What role do morgan stanley bank na and wells fargo bank national association share in the agreement that is not held by dnb capital llc?,issuing bank,1,3,0
35,What role do morgan stanley bank na and wells fargo bank national association share in the agreement that is not held by intesa sanpaolo spa?,issuing bank,1,3,0
35,What role do morgan stanley bank na and wells fargo bank national association share in the agreement that is not held by standard chartered bank?,issuing bank,1,3,0
35,What role do morgan stanley bank na and jpmorgan chase bank na share in the agreement that is not held by standard chartered bank?,issuing bank,1,3,0
35,What role do sumitomo mitsui banking corporation and the bank of nova scotia share in the agreement that is not held by the northern trust company?,agents,1,3,0
35,What role do sumitomo mitsui banking corporation and the bank of nova scotia share in the agreement that is not held by us bank national association?,agents,1,3,0
35,What role do sumitomo mitsui banking corporation and the bank of nova scotia share in the agreement that is not held by bank of china?,agents,1,3,0
35,What role do sumitomo mitsui banking corporation and the bank of nova scotia share in the agreement that is not held by commerzbank ag?,agents,1,3,0
35,What role do sumitomo mitsui banking corporation and the bank of nova scotia share in the agreement that is not held by credit agricole corporate and investment bank?,agents,1,3,0
35,What role do sumitomo mitsui banking corporation and the bank of nova scotia share in the agreement that is not held by dnb capital llc?,agents,1,3,0
35,What role do sumitomo mitsui banking corporation and the bank of nova scotia share in the agreement that is not held by intesa sanpaolo spa?,agents,1,3,0
35,What role do sumitomo mitsui banking corporation and the bank of nova scotia share in the agreement that is not held by jpmorgan chase bank na?,agents,1,3,0
35,What role do sumitomo mitsui banking corporation and the bank of nova scotia share in the agreement that is not held by standard chartered bank?,agents,1,3,0
35,What role do sumitomo mitsui banking corporation and the bank of tokyo mitsubishi ufj ltd share in the agreement that is not held by the northern trust company?,agents,1,3,0
35,What role do sumitomo mitsui banking corporation and the bank of tokyo mitsubishi ufj ltd share in the agreement that is not held by us bank national association?,agents,1,3,0
35,What role do sumitomo mitsui banking corporation and the bank of tokyo mitsubishi ufj ltd share in the agreement that is not held by bank of china?,agents,1,3,0
35,What role do sumitomo mitsui banking corporation and the bank of tokyo mitsubishi ufj ltd share in the agreement that is not held by commerzbank ag?,agents,1,3,0
35,What role do sumitomo mitsui banking corporation and the bank of tokyo mitsubishi ufj ltd share in the agreement that is not held by credit agricole corporate and investment bank?,agents,1,3,0
35,What role do sumitomo mitsui banking corporation and the bank of tokyo mitsubishi ufj ltd share in the agreement that is not held by dnb capital llc?,agents,1,3,0
35,What role do sumitomo mitsui banking corporation and the bank of tokyo mitsubishi ufj ltd share in the agreement that is not held by intesa sanpaolo spa?,agents,1,3,0
35,What role do sumitomo mitsui banking corporation and the bank of tokyo mitsubishi ufj ltd share in the agreement that is not held by jpmorgan chase bank na?,agents,1,3,0
35,What role do sumitomo mitsui banking corporation and the bank of tokyo mitsubishi ufj ltd share in the agreement that is not held by standard chartered bank?,agents,1,3,0
35,What role do sumitomo mitsui banking corporation and the royal bank of scotland plc share in the agreement that is not held by us bank national association?,agents,1,3,0
35,What role do sumitomo mitsui banking corporation and the royal bank of scotland plc share in the agreement that is not held by bank of china?,agents,1,3,0
35,What role do sumitomo mitsui banking corporation and the royal bank of scotland plc share in the agreement that is not held by commerzbank ag?,agents,1,3,0
35,What role do sumitomo mitsui banking corporation and the royal bank of scotland plc share in the agreement that is not held by credit agricole corporate and investment bank?,agents,1,3,0
35,What role do sumitomo mitsui banking corporation and the royal bank of scotland plc share in the agreement that is not held by dnb capital llc?,agents,1,3,0
35,What role do sumitomo mitsui banking corporation and the royal bank of scotland plc share in the agreement that is not held by intesa sanpaolo spa?,agents,1,3,0
35,What role do sumitomo mitsui banking corporation and the royal bank of scotland plc share in the agreement that is not held by jpmorgan chase bank na?,agents,1,3,0
35,What role do sumitomo mitsui banking corporation and the royal bank of scotland plc share in the agreement that is not held by standard chartered bank?,agents,1,3,0
35,What role do sumitomo mitsui banking corporation and wells fargo bank national association share in the agreement that is not held by bank of china?,agents,1,3,0
35,What role do sumitomo mitsui banking corporation and wells fargo bank national association share in the agreement that is not held by commerzbank ag?,agents,1,3,0
35,What role do sumitomo mitsui banking corporation and wells fargo bank national association share in the agreement that is not held by credit agricole corporate and investment bank?,agents,1,3,0
35,What role do sumitomo mitsui banking corporation and wells fargo bank national association share in the agreement that is not held by dnb capital llc?,agents,1,3,0
35,What role do sumitomo mitsui banking corporation and wells fargo bank national association share in the agreement that is not held by intesa sanpaolo spa?,agents,1,3,0
35,What role do sumitomo mitsui banking corporation and wells fargo bank national association share in the agreement that is not held by jpmorgan chase bank na?,agents,1,3,0
35,What role do sumitomo mitsui banking corporation and wells fargo bank national association share in the agreement that is not held by standard chartered bank?,agents,1,3,0
35,What role do sumitomo mitsui banking corporation and bnp paribas share in the agreement that is not held by commerzbank ag?,agents,1,3,0
35,What role do sumitomo mitsui banking corporation and bnp paribas share in the agreement that is not held by credit agricole corporate and investment bank?,agents,1,3,0
35,What role do sumitomo mitsui banking corporation and bnp paribas share in the agreement that is not held by dnb capital llc?,agents,1,3,0
35,What role do sumitomo mitsui banking corporation and bnp paribas share in the agreement that is not held by intesa sanpaolo spa?,agents,1,3,0
35,What role do sumitomo mitsui banking corporation and bnp paribas share in the agreement that is not held by jpmorgan chase bank na?,agents,1,3,0
35,What role do sumitomo mitsui banking corporation and bnp paribas share in the agreement that is not held by standard chartered bank?,agents,1,3,0
35,What role do the bank of nova scotia and the bank of tokyo mitsubishi ufj ltd share in the agreement that is not held by the northern trust company?,agents,1,3,0
35,What role do the bank of nova scotia and the bank of tokyo mitsubishi ufj ltd share in the agreement that is not held by us bank national association?,agents,1,3,0
35,What role do the bank of nova scotia and the bank of tokyo mitsubishi ufj ltd share in the agreement that is not held by bank of china?,agents,1,3,0
35,What role do the bank of nova scotia and the bank of tokyo mitsubishi ufj ltd share in the agreement that is not held by commerzbank ag?,agents,1,3,0
35,What role do the bank of nova scotia and the bank of tokyo mitsubishi ufj ltd share in the agreement that is not held by credit agricole corporate and investment bank?,agents,1,3,0
35,What role do the bank of nova scotia and the bank of tokyo mitsubishi ufj ltd share in the agreement that is not held by dnb capital llc?,agents,1,3,0
35,What role do the bank of nova scotia and the bank of tokyo mitsubishi ufj ltd share in the agreement that is not held by intesa sanpaolo spa?,agents,1,3,0
35,What role do the bank of nova scotia and the bank of tokyo mitsubishi ufj ltd share in the agreement that is not held by jpmorgan chase bank na?,agents,1,3,0
35,What role do the bank of nova scotia and the bank of tokyo mitsubishi ufj ltd share in the agreement that is not held by standard chartered bank?,agents,1,3,0
35,What role do the bank of nova scotia and the royal bank of scotland plc share in the agreement that is not held by us bank national association?,agents,1,3,0
35,What role do the bank of nova scotia and the royal bank of scotland plc share in the agreement that is not held by bank of china?,agents,1,3,0
35,What role do the bank of nova scotia and the royal bank of scotland plc share in the agreement that is not held by commerzbank ag?,agents,1,3,0
35,What role do the bank of nova scotia and the royal bank of scotland plc share in the agreement that is not held by credit agricole corporate and investment bank?,agents,1,3,0
35,What role do the bank of nova scotia and the royal bank of scotland plc share in the agreement that is not held by dnb capital llc?,agents,1,3,0
35,What role do the bank of nova scotia and the royal bank of scotland plc share in the agreement that is not held by intesa sanpaolo spa?,agents,1,3,0
35,What role do the bank of nova scotia and the royal bank of scotland plc share in the agreement that is not held by jpmorgan chase bank na?,agents,1,3,0
35,What role do the bank of nova scotia and the royal bank of scotland plc share in the agreement that is not held by standard chartered bank?,agents,1,3,0
35,What role do the bank of nova scotia and wells fargo bank national association share in the agreement that is not held by bank of china?,agents,1,3,0
35,What role do the bank of nova scotia and wells fargo bank national association share in the agreement that is not held by commerzbank ag?,agents,1,3,0
35,What role do the bank of nova scotia and wells fargo bank national association share in the agreement that is not held by credit agricole corporate and investment bank?,agents,1,3,0
35,What role do the bank of nova scotia and wells fargo bank national association share in the agreement that is not held by dnb capital llc?,agents,1,3,0
35,What role do the bank of nova scotia and wells fargo bank national association share in the agreement that is not held by intesa sanpaolo spa?,agents,1,3,0
35,What role do the bank of nova scotia and wells fargo bank national association share in the agreement that is not held by jpmorgan chase bank na?,agents,1,3,0
35,What role do the bank of nova scotia and wells fargo bank national association share in the agreement that is not held by standard chartered bank?,agents,1,3,0
35,What role do the bank of nova scotia and bnp paribas share in the agreement that is not held by commerzbank ag?,agents,1,3,0
35,What role do the bank of nova scotia and bnp paribas share in the agreement that is not held by credit agricole corporate and investment bank?,agents,1,3,0
35,What role do the bank of nova scotia and bnp paribas share in the agreement that is not held by dnb capital llc?,agents,1,3,0
35,What role do the bank of nova scotia and bnp paribas share in the agreement that is not held by intesa sanpaolo spa?,agents,1,3,0
35,What role do the bank of nova scotia and bnp paribas share in the agreement that is not held by jpmorgan chase bank na?,agents,1,3,0
35,What role do the bank of nova scotia and bnp paribas share in the agreement that is not held by standard chartered bank?,agents,1,3,0
35,What role do the bank of tokyo mitsubishi ufj ltd and the royal bank of scotland plc share in the agreement that is not held by us bank national association?,agents,1,3,0
35,What role do the bank of tokyo mitsubishi ufj ltd and the royal bank of scotland plc share in the agreement that is not held by bank of china?,agents,1,3,0
35,What role do the bank of tokyo mitsubishi ufj ltd and the royal bank of scotland plc share in the agreement that is not held by commerzbank ag?,agents,1,3,0
35,What role do the bank of tokyo mitsubishi ufj ltd and the royal bank of scotland plc share in the agreement that is not held by credit agricole corporate and investment bank?,agents,1,3,0
35,What role do the bank of tokyo mitsubishi ufj ltd and the royal bank of scotland plc share in the agreement that is not held by dnb capital llc?,agents,1,3,0
35,What role do the bank of tokyo mitsubishi ufj ltd and the royal bank of scotland plc share in the agreement that is not held by intesa sanpaolo spa?,agents,1,3,0
35,What role do the bank of tokyo mitsubishi ufj ltd and the royal bank of scotland plc share in the agreement that is not held by jpmorgan chase bank na?,agents,1,3,0
35,What role do the bank of tokyo mitsubishi ufj ltd and the royal bank of scotland plc share in the agreement that is not held by standard chartered bank?,agents,1,3,0
35,What role do the bank of tokyo mitsubishi ufj ltd and wells fargo bank national association share in the agreement that is not held by bank of china?,"agents, issuing bank",1,3,1
35,What role do the bank of tokyo mitsubishi ufj ltd and wells fargo bank national association share in the agreement that is not held by bnp paribas?,issuing bank,1,3,0
35,What role do the bank of tokyo mitsubishi ufj ltd and wells fargo bank national association share in the agreement that is not held by commerzbank ag?,"agents, issuing bank",1,3,1
35,What role do the bank of tokyo mitsubishi ufj ltd and wells fargo bank national association share in the agreement that is not held by credit agricole corporate and investment bank?,"agents, issuing bank",1,3,1
35,What role do the bank of tokyo mitsubishi ufj ltd and wells fargo bank national association share in the agreement that is not held by dnb capital llc?,"agents, issuing bank",1,3,1
35,What role do the bank of tokyo mitsubishi ufj ltd and wells fargo bank national association share in the agreement that is not held by intesa sanpaolo spa?,"agents, issuing bank",1,3,1
35,What role do the bank of tokyo mitsubishi ufj ltd and wells fargo bank national association share in the agreement that is not held by jpmorgan chase bank na?,agents,1,3,0
35,What role do the bank of tokyo mitsubishi ufj ltd and wells fargo bank national association share in the agreement that is not held by standard chartered bank?,"agents, issuing bank",1,3,1
35,What role do the bank of tokyo mitsubishi ufj ltd and bnp paribas share in the agreement that is not held by commerzbank ag?,agents,1,3,0
35,What role do the bank of tokyo mitsubishi ufj ltd and bnp paribas share in the agreement that is not held by credit agricole corporate and investment bank?,agents,1,3,0
35,What role do the bank of tokyo mitsubishi ufj ltd and bnp paribas share in the agreement that is not held by dnb capital llc?,agents,1,3,0
35,What role do the bank of tokyo mitsubishi ufj ltd and bnp paribas share in the agreement that is not held by intesa sanpaolo spa?,agents,1,3,0
35,What role do the bank of tokyo mitsubishi ufj ltd and bnp paribas share in the agreement that is not held by jpmorgan chase bank na?,agents,1,3,0
35,What role do the bank of tokyo mitsubishi ufj ltd and bnp paribas share in the agreement that is not held by standard chartered bank?,agents,1,3,0
35,What role do the bank of tokyo mitsubishi ufj ltd and jpmorgan chase bank na share in the agreement that is not held by standard chartered bank?,issuing bank,1,3,0
35,What role do the royal bank of scotland plc and wells fargo bank national association share in the agreement that is not held by bank of china?,agents,1,3,0
35,What role do the royal bank of scotland plc and wells fargo bank national association share in the agreement that is not held by commerzbank ag?,agents,1,3,0
35,What role do the royal bank of scotland plc and wells fargo bank national association share in the agreement that is not held by credit agricole corporate and investment bank?,agents,1,3,0
35,What role do the royal bank of scotland plc and wells fargo bank national association share in the agreement that is not held by dnb capital llc?,agents,1,3,0
35,What role do the royal bank of scotland plc and wells fargo bank national association share in the agreement that is not held by intesa sanpaolo spa?,agents,1,3,0
35,What role do the royal bank of scotland plc and wells fargo bank national association share in the agreement that is not held by jpmorgan chase bank na?,agents,1,3,0
35,What role do the royal bank of scotland plc and wells fargo bank national association share in the agreement that is not held by standard chartered bank?,agents,1,3,0
35,What role do the royal bank of scotland plc and bnp paribas share in the agreement that is not held by commerzbank ag?,agents,1,3,0
35,What role do the royal bank of scotland plc and bnp paribas share in the agreement that is not held by credit agricole corporate and investment bank?,agents,1,3,0
35,What role do the royal bank of scotland plc and bnp paribas share in the agreement that is not held by dnb capital llc?,agents,1,3,0
35,What role do the royal bank of scotland plc and bnp paribas share in the agreement that is not held by intesa sanpaolo spa?,agents,1,3,0
35,What role do the royal bank of scotland plc and bnp paribas share in the agreement that is not held by jpmorgan chase bank na?,agents,1,3,0
35,What role do the royal bank of scotland plc and bnp paribas share in the agreement that is not held by standard chartered bank?,agents,1,3,0
35,What role do wells fargo bank national association and bnp paribas share in the agreement that is not held by commerzbank ag?,agents,1,3,0
35,What role do wells fargo bank national association and bnp paribas share in the agreement that is not held by credit agricole corporate and investment bank?,agents,1,3,0
35,What role do wells fargo bank national association and bnp paribas share in the agreement that is not held by dnb capital llc?,agents,1,3,0
35,What role do wells fargo bank national association and bnp paribas share in the agreement that is not held by intesa sanpaolo spa?,agents,1,3,0
35,What role do wells fargo bank national association and bnp paribas share in the agreement that is not held by jpmorgan chase bank na?,agents,1,3,0
35,What role do wells fargo bank national association and bnp paribas share in the agreement that is not held by standard chartered bank?,agents,1,3,0
35,What role do wells fargo bank national association and jpmorgan chase bank na share in the agreement that is not held by standard chartered bank?,issuing bank,1,3,0
135,What role do citigroup global markets inc and dnb marketsinc share in the agreement that is not held by fenner?,"arranger, bookrunner",1,3,1
135,What role do citigroup global markets inc and dnb marketsinc share in the agreement that is not held by merrill lynch?,"arranger, bookrunner",1,3,1
135,What role do citigroup global markets inc and dnb marketsinc share in the agreement that is not held by pierce?,"arranger, bookrunner",1,3,1
135,What role do citigroup global markets inc and dnb marketsinc share in the agreement that is not held by smith incorporated?,"arranger, bookrunner",1,3,1
135,What role do citigroup global markets inc and dnb marketsinc share in the agreement that is not held by wells fargo securities llc?,arrangers,1,3,0
135,What role do citigroup global markets inc and fenner share in the agreement that is not held by wells fargo securities llc?,arrangers,1,3,0
135,What role do citigroup global markets inc and jp morgan securities llc share in the agreement that is not held by merrill lynch?,"arranger, bookrunner",1,3,1
135,What role do citigroup global markets inc and jp morgan securities llc share in the agreement that is not held by pierce?,"arranger, bookrunner",1,3,1
135,What role do citigroup global markets inc and jp morgan securities llc share in the agreement that is not held by smith incorporated?,"arranger, bookrunner",1,3,1
135,What role do citigroup global markets inc and jp morgan securities llc share in the agreement that is not held by wells fargo securities llc?,arrangers,1,3,0
135,What role do citigroup global markets inc and merrill lynch share in the agreement that is not held by wells fargo securities llc?,arrangers,1,3,0
135,What role do citigroup global markets inc and pierce share in the agreement that is not held by wells fargo securities llc?,arrangers,1,3,0
135,What role do citigroup global markets inc and smith incorporated share in the agreement that is not held by wells fargo securities llc?,arrangers,1,3,0
135,What role do dnb marketsinc and fenner share in the agreement that is not held by wells fargo securities llc?,arrangers,1,3,0
135,What role do dnb marketsinc and jp morgan securities llc share in the agreement that is not held by merrill lynch?,"arranger, bookrunner",1,3,1
135,What role do dnb marketsinc and jp morgan securities llc share in the agreement that is not held by pierce?,"arranger, bookrunner",1,3,1
135,What role do dnb marketsinc and jp morgan securities llc share in the agreement that is not held by smith incorporated?,"arranger, bookrunner",1,3,1
135,What role do dnb marketsinc and jp morgan securities llc share in the agreement that is not held by wells fargo securities llc?,arrangers,1,3,0
135,What role do dnb marketsinc and merrill lynch share in the agreement that is not held by wells fargo securities llc?,arrangers,1,3,0
135,What role do dnb marketsinc and pierce share in the agreement that is not held by wells fargo securities llc?,arrangers,1,3,0
135,What role do dnb marketsinc and smith incorporated share in the agreement that is not held by wells fargo securities llc?,arrangers,1,3,0
135,What role do fenner and jp morgan securities llc share in the agreement that is not held by wells fargo securities llc?,arrangers,1,3,0
135,What role do fenner and merrill lynch share in the agreement that is not held by wells fargo securities llc?,arrangers,1,3,0
135,What role do fenner and pierce share in the agreement that is not held by wells fargo securities llc?,arrangers,1,3,0
135,What role do fenner and smith incorporated share in the agreement that is not held by wells fargo securities llc?,arrangers,1,3,0
135,What role do jp morgan securities llc and merrill lynch share in the agreement that is not held by wells fargo securities llc?,arrangers,1,3,0
135,What role do jp morgan securities llc and pierce share in the agreement that is not held by wells fargo securities llc?,arrangers,1,3,0
135,What role do jp morgan securities llc and smith incorporated share in the agreement that is not held by wells fargo securities llc?,arrangers,1,3,0
135,What role do merrill lynch and pierce share in the agreement that is not held by wells fargo securities llc?,arrangers,1,3,0
135,What role do merrill lynch and smith incorporated share in the agreement that is not held by wells fargo securities llc?,arrangers,1,3,0
135,What role do pierce and smith incorporated share in the agreement that is not held by wells fargo securities llc?,arrangers,1,3,0
135,What role do citibank na and jpmorgan chase bank na share in the agreement that is not held by mizuho bankltd?,co syndication agent,1,3,0
135,What role do citibank na and jpmorgan chase bank na share in the agreement that is not held by morgan stanley bank na?,co syndication agent,1,3,0
135,What role do citibank na and jpmorgan chase bank na share in the agreement that is not held by pnc bank national association?,co syndication agent,1,3,0
135,What role do citibank na and jpmorgan chase bank na share in the agreement that is not held by regions bank?,co syndication agent,1,3,0
135,What role do citibank na and jpmorgan chase bank na share in the agreement that is not held by royal bank of canada?,co syndication agent,1,3,0
135,What role do citibank na and jpmorgan chase bank na share in the agreement that is not held by société générale?,co syndication agent,1,3,0
135,What role do citibank na and jpmorgan chase bank na share in the agreement that is not held by sumitomo mitsui banking corporation?,co syndication agent,1,3,0
135,What role do citibank na and jpmorgan chase bank na share in the agreement that is not held by suntrust bank?,co syndication agent,1,3,0
135,What role do citibank na and jpmorgan chase bank na share in the agreement that is not held by the bank of nova scotia?,co syndication agent,1,3,0
135,What role do citibank na and jpmorgan chase bank na share in the agreement that is not held by the bank of tokyo mitsubishi ufjltd?,co syndication agent,1,3,0
135,What role do citibank na and jpmorgan chase bank na share in the agreement that is not held by us bank national association?,co syndication agent,1,3,0
135,What role do citibank na and jpmorgan chase bank na share in the agreement that is not held by bnp paribas?,co syndication agent,1,3,0
135,What role do citibank na and jpmorgan chase bank na share in the agreement that is not held by canadian imperial bank of commerce new york branch?,co syndication agent,1,3,0
135,What role do citibank na and jpmorgan chase bank na share in the agreement that is not held by deutsche bank ag new york branch?,co syndication agent,1,3,0
135,What role do citibank na and jpmorgan chase bank na share in the agreement that is not held by dnb capital llc?,co syndication agent,1,3,0
135,What role do citibank na and jpmorgan chase bank na share in the agreement that is not held by ubs ag stamford branch?,co syndication agent,1,3,0
135,What role do citibank na and jpmorgan chase bank na share in the agreement that is not held by bank of america na?,co syndication agent,1,3,0
135,What role do citibank na and wells fargo bank national association share in the agreement that is not held by bnp paribas?,co syndication agent,1,3,0
135,What role do citibank na and wells fargo bank national association share in the agreement that is not held by canadian imperial bank of commerce new york branch?,co syndication agent,1,3,0
135,What role do citibank na and wells fargo bank national association share in the agreement that is not held by deutsche bank ag new york branch?,co syndication agent,1,3,0
135,What role do citibank na and wells fargo bank national association share in the agreement that is not held by dnb capital llc?,co syndication agent,1,3,0
135,What role do citibank na and wells fargo bank national association share in the agreement that is not held by ubs ag stamford branch?,co syndication agent,1,3,0
135,What role do citibank na and wells fargo bank national association share in the agreement that is not held by bank of america na?,co syndication agent,1,3,0
135,What role do jpmorgan chase bank na and wells fargo bank national association share in the agreement that is not held by bnp paribas?,co syndication agent,1,3,0
135,What role do jpmorgan chase bank na and wells fargo bank national association share in the agreement that is not held by canadian imperial bank of commerce new york branch?,co syndication agent,1,3,0
135,What role do jpmorgan chase bank na and wells fargo bank national association share in the agreement that is not held by deutsche bank ag new york branch?,co syndication agent,1,3,0
135,What role do jpmorgan chase bank na and wells fargo bank national association share in the agreement that is not held by dnb capital llc?,co syndication agent,1,3,0
135,What role do jpmorgan chase bank na and wells fargo bank national association share in the agreement that is not held by ubs ag stamford branch?,co syndication agent,1,3,0
135,What role do jpmorgan chase bank na and wells fargo bank national association share in the agreement that is not held by bank of america na?,co syndication agent,1,3,0
135,What role do mizuho bankltd and wells fargo bank national association share in the agreement that is not held by bnp paribas?,agents,1,3,0
135,What role do mizuho bankltd and wells fargo bank national association share in the agreement that is not held by canadian imperial bank of commerce new york branch?,agents,1,3,0
135,What role do mizuho bankltd and wells fargo bank national association share in the agreement that is not held by deutsche bank ag new york branch?,agents,1,3,0
135,What role do mizuho bankltd and wells fargo bank national association share in the agreement that is not held by dnb capital llc?,agents,1,3,0
135,What role do mizuho bankltd and wells fargo bank national association share in the agreement that is not held by ubs ag stamford branch?,agents,1,3,0
135,What role do mizuho bankltd and wells fargo bank national association share in the agreement that is not held by bank of america na?,agents,1,3,0
24,What role do regions bank and suntrust bank share in the agreement that is not held by td bank n a?,agents,1,3,0
24,What role do regions bank and suntrust bank share in the agreement that is not held by wells fargo bank national association?,agents,1,3,0
24,What role do regions bank and suntrust bank share in the agreement that is not held by jpmorgan chase bank na?,agents,1,3,0
24,What role do regions bank and us bank national association share in the agreement that is not held by wells fargo bank national association?,agents,1,3,0
24,What role do regions bank and us bank national association share in the agreement that is not held by jpmorgan chase bank na?,agents,1,3,0
24,What role do suntrust bank and us bank national association share in the agreement that is not held by wells fargo bank national association?,agents,1,3,0
24,What role do suntrust bank and us bank national association share in the agreement that is not held by jpmorgan chase bank na?,agents,1,3,0
124,What role do bank of america na and jpmorgan chase bank na share in the agreement that is not held by td bank na?,syndication agents,1,3,0
124,What role do bank of america na and jpmorgan chase bank na share in the agreement that is not held by wells fargo bank na?,syndication agents,1,3,0
124,What role do bank of america na and keybank national association share in the agreement that is not held by td bank na?,syndication agents,1,3,0
124,What role do bank of america na and keybank national association share in the agreement that is not held by wells fargo bank na?,syndication agents,1,3,0
124,What role do jpmorgan chase bank na and keybank national association share in the agreement that is not held by td bank na?,syndication agents,1,3,0
124,What role do jpmorgan chase bank na and keybank national association share in the agreement that is not held by wells fargo bank na?,syndication agents,1,3,0
130,What role do bank of america na and pnc bank national association share in the agreement that is not held by regions bank?,issuing bank,1,3,0
130,What role do bank of america na and pnc bank national association share in the agreement that is not held by truist bank?,issuing bank,1,3,0
130,What role do bank of america na and pnc bank national association share in the agreement that is not held by umb bank na?,issuing bank,1,3,0
130,What role do bank of america na and pnc bank national association share in the agreement that is not held by wells fargo bank national association?,issuing bank,1,3,0
130,What role do bank of america na and pnc bank national association share in the agreement that is not held by jpmorgan chase bank na?,lender,1,3,0
130,What role do bank of america na and pnc bank national association share in the agreement that is not held by royal bank of canada?,lender,1,3,0
31,What role do bank of china los angeles branch and the bank of tokyo mitsubishi ufj ltd share in the agreement that is not held by wells fargo bank national association?,book runners,1,3,0
31,What role do bank of china los angeles branch and us bank national association share in the agreement that is not held by wells fargo bank national association?,book runners,1,3,0
31,What role do citibank na and the bank of tokyo mitsubishi ufj ltd share in the agreement that is not held by the bank of china?,agents,1,3,0
31,What role do citibank na and the bank of tokyo mitsubishi ufj ltd share in the agreement that is not held by canadian imperial bank of commerce new york agency?,agents,1,3,0
31,What role do citibank na and the bank of tokyo mitsubishi ufj ltd share in the agreement that is not held by jpmorgan chase bank na?,agents,1,3,0
31,What role do citibank na and the bank of tokyo mitsubishi ufj ltd share in the agreement that is not held by bank of america na?,agents,1,3,0
31,What role do citibank na and us bank national association share in the agreement that is not held by the bank of china?,agents,1,3,0
31,What role do citibank na and us bank national association share in the agreement that is not held by canadian imperial bank of commerce new york agency?,agents,1,3,0
31,What role do citibank na and us bank national association share in the agreement that is not held by jpmorgan chase bank na?,agents,1,3,0
31,What role do citibank na and us bank national association share in the agreement that is not held by bank of america na?,agents,1,3,0
31,What role do citibank na and wells fargo bank national association share in the agreement that is not held by the bank of china?,agents,1,3,0
31,What role do citibank na and wells fargo bank national association share in the agreement that is not held by canadian imperial bank of commerce new york agency?,agents,1,3,0
31,What role do citibank na and wells fargo bank national association share in the agreement that is not held by jpmorgan chase bank na?,agents,1,3,0
31,What role do citibank na and wells fargo bank national association share in the agreement that is not held by bank of america na?,agents,1,3,0
31,What role do citibank na and standard chartered bank share in the agreement that is not held by bank of america na?,agents,1,3,0
31,What role do the bank of tokyo mitsubishi ufj ltd and us bank national association share in the agreement that is not held by wells fargo bank national association?,book runners,1,3,0
31,What role do the bank of tokyo mitsubishi ufj ltd and us bank national association share in the agreement that is not held by the bank of china?,"agents, book runners",1,3,1
31,What role do the bank of tokyo mitsubishi ufj ltd and us bank national association share in the agreement that is not held by canadian imperial bank of commerce new york agency?,"agents, book runners",1,3,1
31,What role do the bank of tokyo mitsubishi ufj ltd and us bank national association share in the agreement that is not held by jpmorgan chase bank na?,"agents, book runners",1,3,1
31,What role do the bank of tokyo mitsubishi ufj ltd and us bank national association share in the agreement that is not held by bank of america na?,"agents, book runners",1,3,1
31,What role do the bank of tokyo mitsubishi ufj ltd and wells fargo bank national association share in the agreement that is not held by the bank of china?,agents,1,3,0
31,What role do the bank of tokyo mitsubishi ufj ltd and wells fargo bank national association share in the agreement that is not held by canadian imperial bank of commerce new york agency?,agents,1,3,0
31,What role do the bank of tokyo mitsubishi ufj ltd and wells fargo bank national association share in the agreement that is not held by jpmorgan chase bank na?,agents,1,3,0
31,What role do the bank of tokyo mitsubishi ufj ltd and wells fargo bank national association share in the agreement that is not held by bank of america na?,agents,1,3,0
31,What role do the bank of tokyo mitsubishi ufj ltd and standard chartered bank share in the agreement that is not held by bank of america na?,"agents, book runners",1,3,1
31,What role do us bank national association and wells fargo bank national association share in the agreement that is not held by the bank of china?,agents,1,3,0
31,What role do us bank national association and wells fargo bank national association share in the agreement that is not held by canadian imperial bank of commerce new york agency?,agents,1,3,0
31,What role do us bank national association and wells fargo bank national association share in the agreement that is not held by jpmorgan chase bank na?,agents,1,3,0
31,What role do us bank national association and wells fargo bank national association share in the agreement that is not held by bank of america na?,agents,1,3,0
31,What role do us bank national association and standard chartered bank share in the agreement that is not held by bank of america na?,"agents, book runners",1,3,1
31,What role do wells fargo bank national association and standard chartered bank share in the agreement that is not held by bank of america na?,agents,1,3,0
126,What role do bank of america na and mizuho bank ltd share in the agreement that is not held by mufg bank ltd?,agents,1,3,0
126,What role do bank of america na and mizuho bank ltd share in the agreement that is not held by pnc bank national association?,agents,1,3,0
126,What role do bank of america na and mizuho bank ltd share in the agreement that is not held by standard chartered bank?,agents,1,3,0
126,What role do bank of america na and mizuho bank ltd share in the agreement that is not held by sumitomo mitsui banking corporation?,agents,1,3,0
126,What role do bank of america na and mizuho bank ltd share in the agreement that is not held by the bank of nova scotia?,agents,1,3,0
126,What role do bank of america na and mizuho bank ltd share in the agreement that is not held by us bank national association?,agents,1,3,0
126,What role do bank of america na and mizuho bank ltd share in the agreement that is not held by wells fargo bank national association?,agents,1,3,0
126,What role do bank of america na and mizuho bank ltd share in the agreement that is not held by citibank na?,agents,1,3,0
126,What role do bank of america na and mizuho bank ltd share in the agreement that is not held by credit agricole corporate and investment bank?,agents,1,3,0
126,What role do bank of america na and mizuho bank ltd share in the agreement that is not held by industrial and commercial bank of china limited new york branch?,agents,1,3,0
126,What role do bank of america na and jpmorgan chase bank na share in the agreement that is not held by credit agricole corporate and investment bank?,agents,1,3,0
126,What role do bank of america na and jpmorgan chase bank na share in the agreement that is not held by industrial and commercial bank of china limited new york branch?,agents,1,3,0
126,What role do bank of america na and bnp paribas share in the agreement that is not held by credit agricole corporate and investment bank?,agents,1,3,0
126,What role do bank of america na and bnp paribas share in the agreement that is not held by industrial and commercial bank of china limited new york branch?,agents,1,3,0
126,What role do mizuho bank ltd and mufg bank ltd share in the agreement that is not held by pnc bank national association?,"arrangers, bookrunners",1,3,1
126,What role do mizuho bank ltd and mufg bank ltd share in the agreement that is not held by standard chartered bank?,"arrangers, bookrunners",1,3,1
126,What role do mizuho bank ltd and mufg bank ltd share in the agreement that is not held by the bank of nova scotia?,"arrangers, bookrunners",1,3,1
126,What role do mizuho bank ltd and mufg bank ltd share in the agreement that is not held by us bank national association?,"arrangers, bookrunners",1,3,1
126,What role do mizuho bank ltd and mufg bank ltd share in the agreement that is not held by wells fargo bank national association?,"arrangers, bookrunners",1,3,1
126,What role do mizuho bank ltd and mufg bank ltd share in the agreement that is not held by bnp paribas?,"arrangers, bookrunners",1,3,1
126,What role do mizuho bank ltd and mufg bank ltd share in the agreement that is not held by credit agricole corporate and investment bank?,"arrangers, bookrunners",1,3,1
126,What role do mizuho bank ltd and mufg bank ltd share in the agreement that is not held by industrial and commercial bank of china limited new york branch?,"arrangers, bookrunners",1,3,1
126,What role do mizuho bank ltd and sumitomo mitsui banking corporation share in the agreement that is not held by the bank of nova scotia?,"arrangers, bookrunners",1,3,1
126,What role do mizuho bank ltd and sumitomo mitsui banking corporation share in the agreement that is not held by us bank national association?,"arrangers, bookrunners",1,3,1
126,What role do mizuho bank ltd and sumitomo mitsui banking corporation share in the agreement that is not held by wells fargo bank national association?,"arrangers, bookrunners",1,3,1
126,What role do mizuho bank ltd and sumitomo mitsui banking corporation share in the agreement that is not held by bnp paribas?,"arrangers, bookrunners",1,3,1
126,What role do mizuho bank ltd and sumitomo mitsui banking corporation share in the agreement that is not held by credit agricole corporate and investment bank?,"arrangers, bookrunners",1,3,1
126,What role do mizuho bank ltd and sumitomo mitsui banking corporation share in the agreement that is not held by industrial and commercial bank of china limited new york branch?,"arrangers, bookrunners",1,3,1
126,What role do mizuho bank ltd and citibank na share in the agreement that is not held by bnp paribas?,"arrangers, bookrunners",1,3,1
126,What role do mizuho bank ltd and citibank na share in the agreement that is not held by credit agricole corporate and investment bank?,"arrangers, bookrunners",1,3,1
126,What role do mizuho bank ltd and citibank na share in the agreement that is not held by industrial and commercial bank of china limited new york branch?,"arrangers, bookrunners",1,3,1
126,What role do mizuho bank ltd and jpmorgan chase bank na share in the agreement that is not held by bnp paribas?,"arrangers, bookrunners",1,3,1
126,What role do mizuho bank ltd and jpmorgan chase bank na share in the agreement that is not held by credit agricole corporate and investment bank?,"agents, arrangers, bookrunners",1,3,1
126,What role do mizuho bank ltd and jpmorgan chase bank na share in the agreement that is not held by industrial and commercial bank of china limited new york branch?,"agents, arrangers, bookrunners",1,3,1
126,What role do mizuho bank ltd and bnp paribas share in the agreement that is not held by credit agricole corporate and investment bank?,agents,1,3,0
126,What role do mizuho bank ltd and bnp paribas share in the agreement that is not held by industrial and commercial bank of china limited new york branch?,agents,1,3,0
126,What role do mufg bank ltd and sumitomo mitsui banking corporation share in the agreement that is not held by the bank of nova scotia?,"arrangers, bookrunners",1,3,1
126,What role do mufg bank ltd and sumitomo mitsui banking corporation share in the agreement that is not held by us bank national association?,"arrangers, bookrunners",1,3,1
126,What role do mufg bank ltd and sumitomo mitsui banking corporation share in the agreement that is not held by wells fargo bank national association?,"arrangers, bookrunners",1,3,1
126,What role do mufg bank ltd and sumitomo mitsui banking corporation share in the agreement that is not held by bnp paribas?,"arrangers, bookrunners",1,3,1
126,What role do mufg bank ltd and sumitomo mitsui banking corporation share in the agreement that is not held by credit agricole corporate and investment bank?,"arrangers, bookrunners",1,3,1
126,What role do mufg bank ltd and sumitomo mitsui banking corporation share in the agreement that is not held by industrial and commercial bank of china limited new york branch?,"arrangers, bookrunners",1,3,1
126,What role do mufg bank ltd and citibank na share in the agreement that is not held by bnp paribas?,"arrangers, bookrunners",1,3,1
126,What role do mufg bank ltd and citibank na share in the agreement that is not held by credit agricole corporate and investment bank?,"arrangers, bookrunners",1,3,1
126,What role do mufg bank ltd and citibank na share in the agreement that is not held by industrial and commercial bank of china limited new york branch?,"arrangers, bookrunners",1,3,1
126,What role do mufg bank ltd and jpmorgan chase bank na share in the agreement that is not held by bnp paribas?,"arrangers, bookrunners",1,3,1
126,What role do mufg bank ltd and jpmorgan chase bank na share in the agreement that is not held by credit agricole corporate and investment bank?,"arrangers, bookrunners",1,3,1
126,What role do mufg bank ltd and jpmorgan chase bank na share in the agreement that is not held by industrial and commercial bank of china limited new york branch?,"arrangers, bookrunners",1,3,1
126,What role do sumitomo mitsui banking corporation and citibank na share in the agreement that is not held by bnp paribas?,"arrangers, bookrunners",1,3,1
126,What role do sumitomo mitsui banking corporation and citibank na share in the agreement that is not held by credit agricole corporate and investment bank?,"arrangers, bookrunners",1,3,1
126,What role do sumitomo mitsui banking corporation and citibank na share in the agreement that is not held by industrial and commercial bank of china limited new york branch?,"arrangers, bookrunners",1,3,1
126,What role do sumitomo mitsui banking corporation and jpmorgan chase bank na share in the agreement that is not held by bnp paribas?,"arrangers, bookrunners",1,3,1
126,What role do sumitomo mitsui banking corporation and jpmorgan chase bank na share in the agreement that is not held by credit agricole corporate and investment bank?,"arrangers, bookrunners",1,3,1
126,What role do sumitomo mitsui banking corporation and jpmorgan chase bank na share in the agreement that is not held by industrial and commercial bank of china limited new york branch?,"arrangers, bookrunners",1,3,1
126,What role do citibank na and jpmorgan chase bank na share in the agreement that is not held by bnp paribas?,"arrangers, bookrunners",1,3,1
126,What role do citibank na and jpmorgan chase bank na share in the agreement that is not held by credit agricole corporate and investment bank?,"arrangers, bookrunners",1,3,1
126,What role do citibank na and jpmorgan chase bank na share in the agreement that is not held by industrial and commercial bank of china limited new york branch?,"arrangers, bookrunners",1,3,1
126,What role do jpmorgan chase bank na and bnp paribas share in the agreement that is not held by credit agricole corporate and investment bank?,agents,1,3,0
126,What role do jpmorgan chase bank na and bnp paribas share in the agreement that is not held by industrial and commercial bank of china limited new york branch?,agents,1,3,0
132,What role do jpmorgan chase bank na and us bank national association share in the agreement that is not held by wells fargo bank na?,"arrangers, book runners",1,3,1
132,What role do jpmorgan chase bank na and us bank national association share in the agreement that is not held by bank of montreal?,"arrangers, book runners",1,3,1
132,What role do jpmorgan chase bank na and us bank national association share in the agreement that is not held by credit suisse ag new york branch?,"arrangers, book runners",1,3,1
127,What role do citibank na and jpmorgan chase bank na share in the agreement that is not held by wellsfargobanknationalassociation?,agents,1,3,0
127,What role do citibank na and jpmorgan chase bank na share in the agreement that is not held by bank of america na?,agents,1,3,0
127,What role do citibank na and morgan stanley bank na share in the agreement that is not held by wellsfargobanknationalassociation?,agents,1,3,0
127,What role do citibank na and morgan stanley bank na share in the agreement that is not held by bank of america na?,agents,1,3,0
127,What role do citibank na and us bank national association share in the agreement that is not held by wellsfargobanknationalassociation?,agents,1,3,0
127,What role do citibank na and us bank national association share in the agreement that is not held by bank of america na?,agents,1,3,0
127,What role do citibank na and goldman sachs bank share in the agreement that is not held by bank of america na?,agents,1,3,0
127,What role do citibank na and mizuho bank share in the agreement that is not held by bank of america na?,agents,1,3,0
127,What role do jpmorgan chase bank na and morgan stanley bank na share in the agreement that is not held by wellsfargobanknationalassociation?,agents,1,3,0
127,What role do jpmorgan chase bank na and morgan stanley bank na share in the agreement that is not held by bank of america na?,agents,1,3,0
127,What role do jpmorgan chase bank na and us bank national association share in the agreement that is not held by wellsfargobanknationalassociation?,agents,1,3,0
127,What role do jpmorgan chase bank na and us bank national association share in the agreement that is not held by bank of america na?,agents,1,3,0
127,What role do jpmorgan chase bank na and goldman sachs bank share in the agreement that is not held by bank of america na?,agents,1,3,0
127,What role do jpmorgan chase bank na and mizuho bank share in the agreement that is not held by bank of america na?,agents,1,3,0
127,What role do morgan stanley bank na and us bank national association share in the agreement that is not held by wellsfargobanknationalassociation?,agents,1,3,0
127,What role do morgan stanley bank na and us bank national association share in the agreement that is not held by bank of america na?,agents,1,3,0
127,What role do morgan stanley bank na and goldman sachs bank share in the agreement that is not held by bank of america na?,agents,1,3,0
127,What role do morgan stanley bank na and mizuho bank share in the agreement that is not held by bank of america na?,agents,1,3,0
127,What role do us bank national association and goldman sachs bank share in the agreement that is not held by bank of america na?,agents,1,3,0
127,What role do us bank national association and mizuho bank share in the agreement that is not held by bank of america na?,agents,1,3,0
127,What role do goldman sachs bank and mizuho bank share in the agreement that is not held by bank of america na?,agents,1,3,0
32,What role do rbc capital markets and barclays bank plc share in the agreement that is not held by ubs securities llc?,arrangers,1,3,0
32,What role do rbc capital markets and jp morgan securities llc share in the agreement that is not held by ubs securities llc?,arrangers,1,3,0
32,What role do rbc capital markets and hsbc bank canada share in the agreement that is not held by ubs securities llc?,arrangers,1,3,0
32,What role do barclays bank plc and jp morgan securities llc share in the agreement that is not held by royal bank of canada?,"arrangers, bookrunner, bookrunners, co syndication agent",1,3,1
32,What role do barclays bank plc and jp morgan securities llc share in the agreement that is not held by hsbc bank canada?,"agents, arranger, co syndication agent",1,3,1
32,What role do barclays bank plc and jp morgan securities llc share in the agreement that is not held by ubs securities llc?,"agents, arrangers, co syndication agent",1,3,1
32,What role do barclays bank plc and jpmorgan chase bank na share in the agreement that is not held by bnp paribas?,lenders,1,3,0
32,What role do barclays bank plc and royal bank of canada share in the agreement that is not held by the standard bank of south africa limited?,"agents, arranger",1,3,1
32,What role do barclays bank plc and royal bank of canada share in the agreement that is not held by wells fargo bank na?,"agents, arranger",1,3,1
32,What role do barclays bank plc and royal bank of canada share in the agreement that is not held by bnp paribas?,"agents, arranger, lenders",1,3,1
32,What role do barclays bank plc and royal bank of canada share in the agreement that is not held by hsbc bank canada?,"agents, arranger",1,3,1
32,What role do barclays bank plc and royal bank of canada share in the agreement that is not held by ubs limited?,"agents, arranger",1,3,1
32,What role do barclays bank plc and royal bank of canada share in the agreement that is not held by ubs securities llc?,"agents, lender, lenders",1,3,1
32,What role do barclays bank plc and the standard bank of south africa limited share in the agreement that is not held by bnp paribas?,lenders,1,3,0
32,What role do barclays bank plc and wells fargo bank na share in the agreement that is not held by bnp paribas?,lenders,1,3,0
32,What role do barclays bank plc and hsbc bank canada share in the agreement that is not held by ubs limited?,"arrangers, bookrunner, bookrunners",1,3,1
32,What role do barclays bank plc and hsbc bank canada share in the agreement that is not held by ubs securities llc?,"arrangers, lender, lenders",1,3,1
32,What role do jp morgan securities llc and royal bank of canada share in the agreement that is not held by ubs securities llc?,agents,1,3,0
32,What role do jp morgan securities llc and hsbc bank canada share in the agreement that is not held by ubs securities llc?,arrangers,1,3,0
32,What role do jpmorgan chase bank na and royal bank of canada share in the agreement that is not held by bnp paribas?,lenders,1,3,0
32,What role do jpmorgan chase bank na and the standard bank of south africa limited share in the agreement that is not held by bnp paribas?,lenders,1,3,0
32,What role do jpmorgan chase bank na and wells fargo bank na share in the agreement that is not held by bnp paribas?,lenders,1,3,0
32,What role do royal bank of canada and the standard bank of south africa limited share in the agreement that is not held by bnp paribas?,lenders,1,3,0
32,What role do royal bank of canada and wells fargo bank na share in the agreement that is not held by bnp paribas?,lenders,1,3,0
32,What role do the standard bank of south africa limited and wells fargo bank na share in the agreement that is not held by bnp paribas?,lenders,1,3,0
26,What role do credit suisse loan funding llc and barclays bank plc share in the agreement that is not held by mufg bank ltd?,agents,1,3,0
26,What role do credit suisse loan funding llc and barclays bank plc share in the agreement that is not held by morgan stanley senior funding inc?,agents,1,3,0
26,What role do credit suisse loan funding llc and mizuho bank ltd share in the agreement that is not held by mufg bank ltd?,agents,1,3,0
26,What role do credit suisse loan funding llc and mizuho bank ltd share in the agreement that is not held by morgan stanley senior funding inc?,agents,1,3,0
26,What role do barclays bank plc and mizuho bank ltd share in the agreement that is not held by morgan stanley bank na?,"agents, bookrunners, lead arrangers",1,3,1
26,What role do barclays bank plc and mizuho bank ltd share in the agreement that is not held by mufg bank ltd?,agents,1,3,0
26,What role do barclays bank plc and mizuho bank ltd share in the agreement that is not held by pnc bank national association?,"agents, bookrunners, lead arrangers",1,3,1
26,What role do barclays bank plc and mizuho bank ltd share in the agreement that is not held by santander bank na?,"agents, bookrunners, lead arrangers",1,3,1
26,What role do barclays bank plc and mizuho bank ltd share in the agreement that is not held by société générale?,"agents, bookrunners, lead arrangers",1,3,1
26,What role do barclays bank plc and mizuho bank ltd share in the agreement that is not held by standard chartered bank?,"agents, bookrunners, lead arrangers",1,3,1
26,What role do barclays bank plc and mizuho bank ltd share in the agreement that is not held by sumitomo mitsui banking corporation?,"agents, bookrunners, lead arrangers",1,3,1
26,What role do barclays bank plc and mizuho bank ltd share in the agreement that is not held by suntrust bank?,"agents, bookrunners, lead arrangers",1,3,1
26,What role do barclays bank plc and mizuho bank ltd share in the agreement that is not held by the bank of new york mellon?,"agents, bookrunners, lead arrangers",1,3,1
26,What role do barclays bank plc and mizuho bank ltd share in the agreement that is not held by the bank of nova scotia?,"agents, bookrunners, lead arrangers",1,3,1
26,What role do barclays bank plc and mizuho bank ltd share in the agreement that is not held by the northern trust company?,"agents, bookrunners, lead arrangers",1,3,1
26,What role do barclays bank plc and mizuho bank ltd share in the agreement that is not held by us bank national association?,"agents, bookrunners, lead arrangers",1,3,1
26,What role do barclays bank plc and mizuho bank ltd share in the agreement that is not held by wells fargo bank national association?,"agents, bookrunners, lead arrangers",1,3,1
26,What role do barclays bank plc and mizuho bank ltd share in the agreement that is not held by bnp paribas?,"agents, bookrunners, lead arrangers",1,3,1
26,What role do barclays bank plc and mizuho bank ltd share in the agreement that is not held by cayman islands brank?,"agents, bookrunners, lead arrangers",1,3,1
26,What role do barclays bank plc and mizuho bank ltd share in the agreement that is not held by credit agricole corporate and investment bank?,"agents, bookrunners, lead arrangers",1,3,1
26,What role do barclays bank plc and mizuho bank ltd share in the agreement that is not held by morgan stanley senior funding inc?,agents,1,3,0
26,What role do barclays bank plc and mizuho bank ltd share in the agreement that is not held by banco bilbao vizcaya argentaria?,"agents, bookrunners, lead arrangers",1,3,1
26,What role do barclays bank plc and mizuho bank ltd share in the agreement that is not held by commerzbank ag?,"agents, bookrunners, lead arrangers",1,3,1
26,What role do barclays bank plc and mizuho bank ltd share in the agreement that is not held by deutsche bank?,"agents, bookrunners, lead arrangers",1,3,1
26,What role do barclays bank plc and mizuho bank ltd share in the agreement that is not held by unicredit bank ag?,"agents, bookrunners, lead arrangers",1,3,1
26,What role do barclays bank plc and mufg bank ltd share in the agreement that is not held by pnc bank national association?,"bookrunners, lead arrangers",1,3,1
26,What role do barclays bank plc and mufg bank ltd share in the agreement that is not held by santander bank na?,"bookrunners, lead arrangers",1,3,1
26,What role do barclays bank plc and mufg bank ltd share in the agreement that is not held by société générale?,"bookrunners, lead arrangers",1,3,1
26,What role do barclays bank plc and mufg bank ltd share in the agreement that is not held by standard chartered bank?,"bookrunners, lead arrangers",1,3,1
26,What role do barclays bank plc and mufg bank ltd share in the agreement that is not held by sumitomo mitsui banking corporation?,"bookrunners, lead arrangers",1,3,1
26,What role do barclays bank plc and mufg bank ltd share in the agreement that is not held by suntrust bank?,"bookrunners, lead arrangers",1,3,1
26,What role do barclays bank plc and mufg bank ltd share in the agreement that is not held by the bank of new york mellon?,"bookrunners, lead arrangers",1,3,1
26,What role do barclays bank plc and mufg bank ltd share in the agreement that is not held by the bank of nova scotia?,"bookrunners, lead arrangers",1,3,1
26,What role do barclays bank plc and mufg bank ltd share in the agreement that is not held by the northern trust company?,"bookrunners, lead arrangers",1,3,1
26,What role do barclays bank plc and mufg bank ltd share in the agreement that is not held by us bank national association?,"bookrunners, lead arrangers",1,3,1
26,What role do barclays bank plc and mufg bank ltd share in the agreement that is not held by wells fargo bank national association?,"bookrunners, lead arrangers",1,3,1
26,What role do barclays bank plc and mufg bank ltd share in the agreement that is not held by bnp paribas?,"bookrunners, lead arrangers",1,3,1
26,What role do barclays bank plc and mufg bank ltd share in the agreement that is not held by cayman islands brank?,"bookrunners, lead arrangers",1,3,1
26,What role do barclays bank plc and mufg bank ltd share in the agreement that is not held by credit agricole corporate and investment bank?,"bookrunners, lead arrangers",1,3,1
26,What role do barclays bank plc and mufg bank ltd share in the agreement that is not held by banco bilbao vizcaya argentaria?,"bookrunners, lead arrangers",1,3,1
26,What role do barclays bank plc and mufg bank ltd share in the agreement that is not held by commerzbank ag?,"bookrunners, lead arrangers",1,3,1
26,What role do barclays bank plc and mufg bank ltd share in the agreement that is not held by deutsche bank?,"bookrunners, lead arrangers",1,3,1
26,What role do barclays bank plc and mufg bank ltd share in the agreement that is not held by unicredit bank ag?,"bookrunners, lead arrangers",1,3,1
26,What role do barclays bank plc and morgan stanley senior funding inc share in the agreement that is not held by banco bilbao vizcaya argentaria?,"bookrunners, lead arrangers",1,3,1
26,What role do barclays bank plc and morgan stanley senior funding inc share in the agreement that is not held by commerzbank ag?,"bookrunners, lead arrangers",1,3,1
26,What role do barclays bank plc and morgan stanley senior funding inc share in the agreement that is not held by deutsche bank?,"bookrunners, lead arrangers",1,3,1
26,What role do barclays bank plc and morgan stanley senior funding inc share in the agreement that is not held by unicredit bank ag?,"bookrunners, lead arrangers",1,3,1
26,What role do mizuho bank ltd and mufg bank ltd share in the agreement that is not held by pnc bank national association?,"bookrunners, lead arrangers",1,3,1
26,What role do mizuho bank ltd and mufg bank ltd share in the agreement that is not held by santander bank na?,"bookrunners, lead arrangers",1,3,1
26,What role do mizuho bank ltd and mufg bank ltd share in the agreement that is not held by société générale?,"bookrunners, lead arrangers",1,3,1
26,What role do mizuho bank ltd and mufg bank ltd share in the agreement that is not held by standard chartered bank?,"bookrunners, lead arrangers",1,3,1
26,What role do mizuho bank ltd and mufg bank ltd share in the agreement that is not held by sumitomo mitsui banking corporation?,"bookrunners, lead arrangers",1,3,1
26,What role do mizuho bank ltd and mufg bank ltd share in the agreement that is not held by suntrust bank?,"bookrunners, lead arrangers",1,3,1
26,What role do mizuho bank ltd and mufg bank ltd share in the agreement that is not held by the bank of new york mellon?,"bookrunners, lead arrangers",1,3,1
26,What role do mizuho bank ltd and mufg bank ltd share in the agreement that is not held by the bank of nova scotia?,"bookrunners, lead arrangers",1,3,1
26,What role do mizuho bank ltd and mufg bank ltd share in the agreement that is not held by the northern trust company?,"bookrunners, lead arrangers",1,3,1
26,What role do mizuho bank ltd and mufg bank ltd share in the agreement that is not held by us bank national association?,"bookrunners, lead arrangers",1,3,1
26,What role do mizuho bank ltd and mufg bank ltd share in the agreement that is not held by wells fargo bank national association?,"bookrunners, lead arrangers",1,3,1
26,What role do mizuho bank ltd and mufg bank ltd share in the agreement that is not held by bnp paribas?,"bookrunners, lead arrangers",1,3,1
26,What role do mizuho bank ltd and mufg bank ltd share in the agreement that is not held by cayman islands brank?,"bookrunners, lead arrangers",1,3,1
26,What role do mizuho bank ltd and mufg bank ltd share in the agreement that is not held by credit agricole corporate and investment bank?,"bookrunners, lead arrangers",1,3,1
26,What role do mizuho bank ltd and mufg bank ltd share in the agreement that is not held by banco bilbao vizcaya argentaria?,"bookrunners, lead arrangers",1,3,1
26,What role do mizuho bank ltd and mufg bank ltd share in the agreement that is not held by commerzbank ag?,"bookrunners, lead arrangers",1,3,1
26,What role do mizuho bank ltd and mufg bank ltd share in the agreement that is not held by deutsche bank?,"bookrunners, lead arrangers",1,3,1
26,What role do mizuho bank ltd and mufg bank ltd share in the agreement that is not held by unicredit bank ag?,"bookrunners, lead arrangers",1,3,1
26,What role do mizuho bank ltd and morgan stanley senior funding inc share in the agreement that is not held by banco bilbao vizcaya argentaria?,"bookrunners, lead arrangers",1,3,1
26,What role do mizuho bank ltd and morgan stanley senior funding inc share in the agreement that is not held by commerzbank ag?,"bookrunners, lead arrangers",1,3,1
26,What role do mizuho bank ltd and morgan stanley senior funding inc share in the agreement that is not held by deutsche bank?,"bookrunners, lead arrangers",1,3,1
26,What role do mizuho bank ltd and morgan stanley senior funding inc share in the agreement that is not held by unicredit bank ag?,"bookrunners, lead arrangers",1,3,1
26,What role do mufg bank ltd and morgan stanley senior funding inc share in the agreement that is not held by banco bilbao vizcaya argentaria?,"bookrunners, lead arrangers",1,3,1
26,What role do mufg bank ltd and morgan stanley senior funding inc share in the agreement that is not held by commerzbank ag?,"bookrunners, lead arrangers",1,3,1
26,What role do mufg bank ltd and morgan stanley senior funding inc share in the agreement that is not held by deutsche bank?,"bookrunners, lead arrangers",1,3,1
26,What role do mufg bank ltd and morgan stanley senior funding inc share in the agreement that is not held by unicredit bank ag?,"bookrunners, lead arrangers",1,3,1
