document_number,question,answer,num_hops,num_set_operations,multiple_answer_dimension
117,What companies are the Lender and the Agent but not the Bookrunner in the agreement?,"BANK OF AMERICA, N.A., WELLS FARGO BANK, NATIONAL ASSOCIATION",1,3,1
117,What companies are the Lender and the Agent but not the Arranger in the agreement?,"BANK OF AMERICA, N.A., WELLS FARGO BANK, NATIONAL ASSOCIATION",1,3,1
117,What companies are the Lender and the Agent but not the Administrative Agent in the agreement?,"BANK OF AMERICA, N.A., WELLS FARGO BANK, NATIONAL ASSOCIATION",1,3,1
117,Who is the Executive Director of the company which is the Lender but not the Arranger in the agreement?,Lynn Braun,3,2,0
117,Who is the Executive Director of the company which is the Lender but not the Agent in the agreement?,Lynn Braun,3,2,0
117,Who is the Executive Director of the company which is the Lender but not the Administrative Agent in the agreement?,Lynn Braun,3,2,0
117,Who is the Executive Director of the company which is the Lender but not the Bookrunner in the agreement?,Lynn Braun,3,2,0
115,"Who is the Secretary but not Assistant Secretary, Chief Accounting Officer, President, Treasurer of the company which is the Borrower in the agreement?",Melanie Housey Hart,3,2,0
115,"Who is the Secretary but not Chief Legal Officer, Vice President of the company which is the Borrower in the agreement?",Jennifer M. Neil,3,2,0
115,"Who is the Secretary but not Chief Legal Officer, Vice President of the company where Melanie Housey Hart is employed?",Jennifer M. Neil,3,2,0
115,"Who is the Secretary but not Assistant Secretary, Chief Accounting Officer, President, Treasurer of the company where Jennifer M. Neil is employed?",Melanie Housey Hart,3,2,0
128,Who is the Director but not Market Manager of the company where Gill Skala is employed?,Leni Preciado,3,2,0
128,Who is the Director but not Market Manager of the company where Mario De Luca is employed?,Leni Preciado,3,2,0
11,Who is the Vice President but not Treasurer of the company where Carolyn Kee is employed?,John J. Tus,3,2,0
11,Who is the Vice President but not Treasurer of the company where Virginia Cosenza is employed?,John J. Tus,3,2,0
110,What companies are the Arrangers and the Bookrunners but not the Agent in the agreement?,"JPMORGAN CHASE BANK, N.A., MERRILL LYNCH, PIERCE, FENNER %26 SMITH INCORPORATED, THE BANK OF TOKYO-MITSUBISHI UFJ, LTD., WELLS FARGO SECURITIES, LLC",1,3,1
139,"Who is the Senior Vice President but not Chief Financial Officer, Treasurer of the company where Shivani Agarwal is employed?",Jay A. Brown,3,2,0
139,Who is the Vice President but not Authorized Signatory of the company where Eric Ridgway is employed?,Michael King,3,2,0
139,Who is the Vice President but not Authorized Signatory of the company where Lennie Blakeslee is employed?,Michael King,3,2,0
139,Who is the Vice President but not Authorized Signatory of the company where Michael Vondriska is employed?,Michael King,3,2,0
139,Who is the Vice President but not Authorized Signatory of the company where Ronnie Glenn is employed?,Michael King,3,2,0
111,What companies are the Bookrunners and the Arrangers but not the Lender in the agreement?,"SUNTRUST ROBINSON HUMPHREY, INC., WELLS FARGO SECURITIES, LLC",1,3,1
111,Who is the Managing Director of the company which is the Lender but not the Agent in the agreement?,William R. Goley,3,2,0
111,Who is the Managing Director of the company which is the Lender but not the Administrative Agent in the agreement?,William R. Goley,3,2,0
38,Who is the Executive Director of the company which is the Lender but not the Agent in the agreement?,Dave Katz,3,2,0
107,What are the roles and subroles that Barclays Bank PLC and Global Markets Inc. share in the agreement that are not held by Wilmington Trust FSB?,"administrative agent, documentation agent, administrative agent,, administrative borrower",1,3,1
107,What are the roles and subroles that Barclays Bank PLC and Global Markets Inc. share in the agreement that are not held by BARCLAYS BANK PLC?,"collateral trustee, collateral agent, administrative agent, documentation agent, administrative agent,, administrative borrower",1,3,1
107,"What are the roles and subroles that Barclays Bank PLC and Wells Fargo Foothill, Inc share in the agreement that are not held by Wilmington Trust FSB?","administrative agent, documentation agent, administrative agent,, administrative borrower",1,3,1
107,"What are the roles and subroles that Barclays Bank PLC and Wells Fargo Foothill, Inc share in the agreement that are not held by BARCLAYS BANK PLC?","collateral trustee, collateral agent, administrative agent, documentation agent, administrative agent,, administrative borrower",1,3,1
107,What are the roles and subroles that Barclays Bank PLC and Wilmington Trust FSB share in the agreement that are not held by BARCLAYS BANK PLC?,"collateral trustee, collateral agent",1,3,1
107,"What are the roles and subroles that Global Markets Inc. and Wells Fargo Foothill, Inc share in the agreement that are not held by Wilmington Trust FSB?","administrative agent, documentation agent, administrative agent,, administrative borrower",1,3,1
107,What companies are the agent and the collateral trustee but not the Agent in the agreement?,"Global Markets Inc., Wells Fargo Foothill, Inc",1,3,1
107,What companies are the agent and the administrative borrower but not the Agent in the agreement?,"Global Markets Inc., Wells Fargo Foothill, Inc",1,3,1
107,What companies are the agent and the collateral agent but not the Agent in the agreement?,"Global Markets Inc., Wells Fargo Foothill, Inc",1,3,1
107,What companies are the collateral trustee and the administrative borrower but not the Agent in the agreement?,"Global Markets Inc., Wells Fargo Foothill, Inc",1,3,1
107,What companies are the collateral trustee and the collateral agent but not the Agent in the agreement?,"Global Markets Inc., Wells Fargo Foothill, Inc, Wilmington Trust FSB",1,3,1
107,What companies are the collateral trustee and the collateral agent but not the trustee in the agreement?,"Barclays Bank PLC, Global Markets Inc., Wells Fargo Foothill, Inc",1,3,1
107,What companies are the administrative borrower and the collateral agent but not the Agent in the agreement?,"Global Markets Inc., Wells Fargo Foothill, Inc",1,3,1
107,Who is the Assistant Treasurer of the company which is the Guarantor but not the Grantor in the agreement?,Paul McFeeters,3,2,0
107,Who is the Chief Administrative Officer of the company which is the Guarantor but not the Grantor in the agreement?,Paul McFeeters,3,2,0
107,Who is the Chief Executive Officer of the company which is the Guarantor but not the Grantor in the agreement?,Paul McFeeters,3,2,0
107,Who is the Chief Financial Officer of the company which is the Guarantor but not the Grantor in the agreement?,Paul McFeeters,3,2,0
107,Who is the President of the company which is the Guarantor but not the Grantor in the agreement?,Paul McFeeters,3,2,0
107,Who is the Treasurer of the company which is the Guarantor but not the Grantor in the agreement?,Paul McFeeters,3,2,0
107,Who is the Vice President of the company which is the Guarantor but not the Grantor in the agreement?,Paul McFeeters,3,2,0
112,Who is the Authorized Officer of the company which is the Lender but not the Administrative Agent in the agreement?,Amy U. Lessner,3,2,0
106,Who is the Vice President but not Director of the company where Michael Getz is employed?,Kirkwood Roland,3,2,0
106,Who is the Vice President but not Director of the company where Vanessa A. Kurbatskiy is employed?,Kirkwood Roland,3,2,0
60,"What are the roles and subroles that Bank of Montreal and BofA Securities, Inc. share in the agreement that are not held by Fifth Third Bank, National Association?","joint bookrunner, joint book manager, joint book runner, joint lead arranger, lead arranger, lead bookrunner, joint bookrunners",1,3,1
60,"What are the roles and subroles that Bank of Montreal and BofA Securities, Inc. share in the agreement that are not held by Goldman Sachs Bank USA?","joint bookrunner, joint book manager, joint book runner, joint lead arranger, lead arranger, lead bookrunner, joint bookrunners",1,3,1
60,"What are the roles and subroles that Bank of Montreal and BofA Securities, Inc. share in the agreement that are not held by PNC Bank, National Association?","joint bookrunner, joint book manager, joint book runner, joint lead arranger, lead arranger, lead bookrunner, joint bookrunners",1,3,1
60,"What are the roles and subroles that Bank of Montreal and BofA Securities, Inc. share in the agreement that are not held by PNC Capital Markets LLC?","lead arranger, lead bookrunner",1,3,1
60,"What are the roles and subroles that Bank of Montreal and BofA Securities, Inc. share in the agreement that are not held by TD Bank, N.A.?","joint bookrunner, joint book manager, joint book runner, joint lead arranger, lead arranger, lead bookrunner, joint bookrunners",1,3,1
60,"What are the roles and subroles that Bank of Montreal and BofA Securities, Inc. share in the agreement that are not held by Wells Fargo Bank, National Association?","joint bookrunner, joint book manager, joint book runner, joint lead arranger, lead arranger, lead bookrunner, joint bookrunners",1,3,1
60,"What are the roles and subroles that Bank of Montreal and BofA Securities, Inc. share in the agreement that are not held by JPMorgan Chase Bank, N.A?","joint bookrunner, joint book manager, joint book runner, joint lead arranger, lead arranger, lead bookrunner, joint bookrunners",1,3,1
60,"What are the roles and subroles that Bank of Montreal and BofA Securities, Inc. share in the agreement that are not held by Regions Bank?","joint bookrunner, joint book manager, joint book runner, joint lead arranger, lead arranger, lead bookrunner, joint bookrunners",1,3,1
60,"What are the roles and subroles that Bank of Montreal and BofA Securities, Inc. share in the agreement that are not held by Mizuho Bank, Ltd.?","joint bookrunner, joint book manager, joint book runner, joint lead arranger, joint bookrunners",1,3,1
60,"What are the roles and subroles that Bank of Montreal and Citibank, N.A. share in the agreement that are not held by Fifth Third Bank, National Association?","joint bookrunner, joint book manager, joint book runner, joint lead arranger, lead arranger, lead bookrunner, joint bookrunners",1,3,1
60,"What are the roles and subroles that Bank of Montreal and Citibank, N.A. share in the agreement that are not held by Goldman Sachs Bank USA?","joint bookrunner, joint book manager, joint book runner, joint lead arranger, lead arranger, lead bookrunner, joint bookrunners",1,3,1
60,"What are the roles and subroles that Bank of Montreal and Citibank, N.A. share in the agreement that are not held by PNC Bank, National Association?","joint bookrunner, joint book manager, joint book runner, joint lead arranger, lead arranger, lead bookrunner, joint bookrunners",1,3,1
60,"What are the roles and subroles that Bank of Montreal and Citibank, N.A. share in the agreement that are not held by PNC Capital Markets LLC?","lead arranger, lead bookrunner",1,3,1
60,"What are the roles and subroles that Bank of Montreal and Citibank, N.A. share in the agreement that are not held by TD Bank, N.A.?","joint bookrunner, joint book manager, joint book runner, joint lead arranger, lead arranger, lead bookrunner, joint bookrunners",1,3,1
60,"What are the roles and subroles that Bank of Montreal and Citibank, N.A. share in the agreement that are not held by Wells Fargo Bank, National Association?","joint bookrunner, joint book manager, joint book runner, joint lead arranger, lead arranger, lead bookrunner, joint bookrunners",1,3,1
60,"What are the roles and subroles that Bank of Montreal and Citibank, N.A. share in the agreement that are not held by JPMorgan Chase Bank, N.A?","joint bookrunner, joint book manager, joint book runner, joint lead arranger, lead arranger, lead bookrunner, joint bookrunners",1,3,1
60,"What are the roles and subroles that Bank of Montreal and Citibank, N.A. share in the agreement that are not held by Regions Bank?","joint bookrunner, joint book manager, joint book runner, joint lead arranger, lead arranger, lead bookrunner, joint bookrunners",1,3,1
60,"What are the roles and subroles that Bank of Montreal and Citibank, N.A. share in the agreement that are not held by Mizuho Bank, Ltd.?","joint bookrunner, joint book manager, joint book runner, joint lead arranger, joint bookrunners",1,3,1
60,"What are the roles and subroles that Bank of Montreal and Fifth Third Bank, National Association share in the agreement that are not held by JPMorgan Chase Bank, N.A.?","managing agent, documentation agent",1,3,1
60,"What are the roles and subroles that Bank of Montreal and Fifth Third Bank, National Association share in the agreement that are not held by MUFG Bank, Ltd.?","managing agent, documentation agent",1,3,1
60,"What are the roles and subroles that Bank of Montreal and Fifth Third Bank, National Association share in the agreement that are not held by PNC Capital Markets LLC?","managing agent, documentation agent",1,3,1
60,"What are the roles and subroles that Bank of Montreal and Fifth Third Bank, National Association share in the agreement that are not held by Wells Fargo Securities LLC?","managing agent, documentation agent",1,3,1
60,"What are the roles and subroles that Bank of Montreal and Goldman Sachs Bank USA share in the agreement that are not held by JPMorgan Chase Bank, N.A.?","managing agent, documentation agent",1,3,1
60,"What are the roles and subroles that Bank of Montreal and Goldman Sachs Bank USA share in the agreement that are not held by MUFG Bank, Ltd.?","managing agent, documentation agent",1,3,1
60,What are the roles and subroles that Bank of Montreal and Goldman Sachs Bank USA share in the agreement that are not held by PNC Capital Markets LLC?,"managing agent, documentation agent",1,3,1
60,What are the roles and subroles that Bank of Montreal and Goldman Sachs Bank USA share in the agreement that are not held by Wells Fargo Securities LLC?,"managing agent, documentation agent",1,3,1
60,"What are the roles and subroles that Bank of Montreal and JPMorgan Chase Bank, N.A. share in the agreement that are not held by PNC Bank, National Association?","joint bookrunner, joint book manager, joint book runner, joint lead arranger, lead arranger, lead bookrunner, joint bookrunners",1,3,1
60,"What are the roles and subroles that Bank of Montreal and JPMorgan Chase Bank, N.A. share in the agreement that are not held by PNC Capital Markets LLC?","lead arranger, lead bookrunner",1,3,1
60,"What are the roles and subroles that Bank of Montreal and JPMorgan Chase Bank, N.A. share in the agreement that are not held by TD Bank, N.A.?","joint bookrunner, joint book manager, joint book runner, joint lead arranger, lead arranger, lead bookrunner, joint bookrunners",1,3,1
60,"What are the roles and subroles that Bank of Montreal and JPMorgan Chase Bank, N.A. share in the agreement that are not held by Wells Fargo Bank, National Association?","joint bookrunner, joint book manager, joint book runner, joint lead arranger, lead arranger, lead bookrunner, joint bookrunners",1,3,1
60,"What are the roles and subroles that Bank of Montreal and JPMorgan Chase Bank, N.A. share in the agreement that are not held by JPMorgan Chase Bank, N.A?","joint bookrunner, joint book manager, joint book runner, joint lead arranger, lead arranger, lead bookrunner, joint bookrunners",1,3,1
60,"What are the roles and subroles that Bank of Montreal and JPMorgan Chase Bank, N.A. share in the agreement that are not held by Regions Bank?","joint bookrunner, joint book manager, joint book runner, joint lead arranger, lead arranger, lead bookrunner, joint bookrunners",1,3,1
60,"What are the roles and subroles that Bank of Montreal and JPMorgan Chase Bank, N.A. share in the agreement that are not held by Mizuho Bank, Ltd.?","joint bookrunner, joint book manager, joint book runner, joint lead arranger, joint bookrunners",1,3,1
60,"What are the roles and subroles that Bank of Montreal and MUFG Bank, Ltd. share in the agreement that are not held by PNC Bank, National Association?","joint bookrunner, joint book manager, joint book runner, joint lead arranger, lead arranger, lead bookrunner, joint bookrunners",1,3,1
60,"What are the roles and subroles that Bank of Montreal and MUFG Bank, Ltd. share in the agreement that are not held by PNC Capital Markets LLC?","lead arranger, lead bookrunner",1,3,1
60,"What are the roles and subroles that Bank of Montreal and MUFG Bank, Ltd. share in the agreement that are not held by TD Bank, N.A.?","joint bookrunner, joint book manager, joint book runner, joint lead arranger, lead arranger, lead bookrunner, joint bookrunners",1,3,1
60,"What are the roles and subroles that Bank of Montreal and MUFG Bank, Ltd. share in the agreement that are not held by Wells Fargo Bank, National Association?","joint bookrunner, joint book manager, joint book runner, joint lead arranger, lead arranger, lead bookrunner, joint bookrunners",1,3,1
60,"What are the roles and subroles that Bank of Montreal and MUFG Bank, Ltd. share in the agreement that are not held by JPMorgan Chase Bank, N.A?","joint bookrunner, joint book manager, joint book runner, joint lead arranger, lead arranger, lead bookrunner, joint bookrunners",1,3,1
60,"What are the roles and subroles that Bank of Montreal and MUFG Bank, Ltd. share in the agreement that are not held by Regions Bank?","joint bookrunner, joint book manager, joint book runner, joint lead arranger, lead arranger, lead bookrunner, joint bookrunners",1,3,1
60,"What are the roles and subroles that Bank of Montreal and MUFG Bank, Ltd. share in the agreement that are not held by Mizuho Bank, Ltd.?","joint bookrunner, joint book manager, joint book runner, joint lead arranger, joint bookrunners",1,3,1
60,"What are the roles and subroles that Bank of Montreal and PNC Bank, National Association share in the agreement that are not held by PNC Capital Markets LLC?","managing agent, documentation agent",1,3,1
60,"What are the roles and subroles that Bank of Montreal and PNC Bank, National Association share in the agreement that are not held by Wells Fargo Securities LLC?","managing agent, documentation agent",1,3,1
60,"What are the roles and subroles that Bank of Montreal and PNC Capital Markets LLC share in the agreement that are not held by TD Bank, N.A.?","joint bookrunner, joint book manager, joint book runner, joint lead arranger, joint bookrunners",1,3,1
60,"What are the roles and subroles that Bank of Montreal and PNC Capital Markets LLC share in the agreement that are not held by Wells Fargo Bank, National Association?","joint bookrunner, joint book manager, joint book runner, joint lead arranger, joint bookrunners",1,3,1
60,"What are the roles and subroles that Bank of Montreal and PNC Capital Markets LLC share in the agreement that are not held by JPMorgan Chase Bank, N.A?","joint bookrunner, joint book manager, joint book runner, joint lead arranger, joint bookrunners",1,3,1
60,What are the roles and subroles that Bank of Montreal and PNC Capital Markets LLC share in the agreement that are not held by Regions Bank?,"joint bookrunner, joint book manager, joint book runner, joint lead arranger, joint bookrunners",1,3,1
60,"What are the roles and subroles that Bank of Montreal and PNC Capital Markets LLC share in the agreement that are not held by Mizuho Bank, Ltd.?","joint bookrunner, joint book manager, joint book runner, joint lead arranger, joint bookrunners",1,3,1
60,"What are the roles and subroles that Bank of Montreal and TD Bank, N.A. share in the agreement that are not held by Wells Fargo Securities LLC?","managing agent, documentation agent",1,3,1
60,"What are the roles and subroles that Bank of Montreal and U.S. Bank National Association share in the agreement that are not held by Wells Fargo Bank, National Association?","joint bookrunner, joint book manager, joint book runner, joint lead arranger, lead arranger, lead bookrunner, joint bookrunners",1,3,1
60,What are the roles and subroles that Bank of Montreal and U.S. Bank National Association share in the agreement that are not held by Wells Fargo Securities LLC?,"managing agent, documentation agent",1,3,1
60,"What are the roles and subroles that Bank of Montreal and U.S. Bank National Association share in the agreement that are not held by JPMorgan Chase Bank, N.A?","joint bookrunner, joint book manager, joint book runner, joint lead arranger, lead arranger, lead bookrunner, joint bookrunners",1,3,1
60,What are the roles and subroles that Bank of Montreal and U.S. Bank National Association share in the agreement that are not held by Regions Bank?,"joint bookrunner, joint book manager, joint book runner, joint lead arranger, lead arranger, lead bookrunner, joint bookrunners",1,3,1
60,"What are the roles and subroles that Bank of Montreal and U.S. Bank National Association share in the agreement that are not held by Mizuho Bank, Ltd.?","joint bookrunner, joint book manager, joint book runner, joint lead arranger, joint bookrunners",1,3,1
60,"What are the roles and subroles that Bank of Montreal and Wells Fargo Bank, National Association share in the agreement that are not held by Wells Fargo Securities LLC?","managing agent, documentation agent",1,3,1
60,"What are the roles and subroles that Bank of Montreal and Wells Fargo Securities LLC share in the agreement that are not held by JPMorgan Chase Bank, N.A?","joint bookrunner, joint book manager, joint book runner, joint lead arranger, lead arranger, lead bookrunner, joint bookrunners",1,3,1
60,What are the roles and subroles that Bank of Montreal and Wells Fargo Securities LLC share in the agreement that are not held by Regions Bank?,"joint bookrunner, joint book manager, joint book runner, joint lead arranger, lead arranger, lead bookrunner, joint bookrunners",1,3,1
60,"What are the roles and subroles that Bank of Montreal and Wells Fargo Securities LLC share in the agreement that are not held by Mizuho Bank, Ltd.?","joint bookrunner, joint book manager, joint book runner, joint lead arranger, joint bookrunners",1,3,1
60,"What are the roles and subroles that BofA Securities, Inc. and Citibank, N.A. share in the agreement that are not held by PNC Capital Markets LLC?","lead arranger, lead bookrunner",1,3,1
60,"What are the roles and subroles that BofA Securities, Inc. and Citibank, N.A. share in the agreement that are not held by Mizuho Bank, Ltd.?","joint bookrunner, joint book manager, joint book runner, joint lead arranger, joint bookrunners",1,3,1
60,"What are the roles and subroles that BofA Securities, Inc. and JPMorgan Chase Bank, N.A. share in the agreement that are not held by PNC Capital Markets LLC?","lead arranger, lead bookrunner",1,3,1
60,"What are the roles and subroles that BofA Securities, Inc. and JPMorgan Chase Bank, N.A. share in the agreement that are not held by Mizuho Bank, Ltd.?","joint bookrunner, joint book manager, joint book runner, joint lead arranger, joint bookrunners",1,3,1
60,"What are the roles and subroles that BofA Securities, Inc. and MUFG Bank, Ltd. share in the agreement that are not held by PNC Capital Markets LLC?","lead arranger, lead bookrunner",1,3,1
60,"What are the roles and subroles that BofA Securities, Inc. and MUFG Bank, Ltd. share in the agreement that are not held by Mizuho Bank, Ltd.?","joint bookrunner, joint book manager, joint book runner, joint lead arranger, joint bookrunners",1,3,1
60,"What are the roles and subroles that BofA Securities, Inc. and PNC Capital Markets LLC share in the agreement that are not held by Mizuho Bank, Ltd.?","joint bookrunner, joint book manager, joint book runner, joint lead arranger, joint bookrunners",1,3,1
60,"What are the roles and subroles that BofA Securities, Inc. and U.S. Bank National Association share in the agreement that are not held by Mizuho Bank, Ltd.?","joint bookrunner, joint book manager, joint book runner, joint lead arranger, joint bookrunners",1,3,1
60,"What are the roles and subroles that BofA Securities, Inc. and Wells Fargo Securities LLC share in the agreement that are not held by Mizuho Bank, Ltd.?","joint bookrunner, joint book manager, joint book runner, joint lead arranger, joint bookrunners",1,3,1
60,"What are the roles and subroles that Citibank, N.A. and JPMorgan Chase Bank, N.A. share in the agreement that are not held by PNC Capital Markets LLC?","lead arranger, lead bookrunner",1,3,1
60,"What are the roles and subroles that Citibank, N.A. and JPMorgan Chase Bank, N.A. share in the agreement that are not held by Mizuho Bank, Ltd.?","joint bookrunner, joint book manager, joint book runner, joint lead arranger, joint bookrunners",1,3,1
60,"What are the roles and subroles that Citibank, N.A. and MUFG Bank, Ltd. share in the agreement that are not held by PNC Capital Markets LLC?","lead arranger, lead bookrunner",1,3,1
60,"What are the roles and subroles that Citibank, N.A. and MUFG Bank, Ltd. share in the agreement that are not held by Mizuho Bank, Ltd.?","joint bookrunner, joint book manager, joint book runner, joint lead arranger, joint bookrunners",1,3,1
60,"What are the roles and subroles that Citibank, N.A. and PNC Capital Markets LLC share in the agreement that are not held by Mizuho Bank, Ltd.?","joint bookrunner, joint book manager, joint book runner, joint lead arranger, joint bookrunners",1,3,1
60,"What are the roles and subroles that Citibank, N.A. and U.S. Bank National Association share in the agreement that are not held by Mizuho Bank, Ltd.?","joint bookrunner, joint book manager, joint book runner, joint lead arranger, joint bookrunners",1,3,1
60,"What are the roles and subroles that Citibank, N.A. and Wells Fargo Securities LLC share in the agreement that are not held by Mizuho Bank, Ltd.?","joint bookrunner, joint book manager, joint book runner, joint lead arranger, joint bookrunners",1,3,1
60,"What are the roles and subroles that JPMorgan Chase Bank, N.A. and MUFG Bank, Ltd. share in the agreement that are not held by PNC Capital Markets LLC?","lead arranger, lead bookrunner",1,3,1
60,"What are the roles and subroles that JPMorgan Chase Bank, N.A. and MUFG Bank, Ltd. share in the agreement that are not held by Mizuho Bank, Ltd.?","joint bookrunner, joint book manager, joint book runner, joint lead arranger, joint bookrunners",1,3,1
60,"What are the roles and subroles that JPMorgan Chase Bank, N.A. and PNC Capital Markets LLC share in the agreement that are not held by Mizuho Bank, Ltd.?","joint bookrunner, joint book manager, joint book runner, joint lead arranger, joint bookrunners",1,3,1
60,"What are the roles and subroles that JPMorgan Chase Bank, N.A. and U.S. Bank National Association share in the agreement that are not held by Mizuho Bank, Ltd.?","joint bookrunner, joint book manager, joint book runner, joint lead arranger, joint bookrunners",1,3,1
60,"What are the roles and subroles that JPMorgan Chase Bank, N.A. and Wells Fargo Securities LLC share in the agreement that are not held by Mizuho Bank, Ltd.?","joint bookrunner, joint book manager, joint book runner, joint lead arranger, joint bookrunners",1,3,1
60,"What are the roles and subroles that MUFG Bank, Ltd. and PNC Capital Markets LLC share in the agreement that are not held by Mizuho Bank, Ltd.?","joint bookrunner, joint book manager, joint book runner, joint lead arranger, joint bookrunners",1,3,1
60,"What are the roles and subroles that MUFG Bank, Ltd. and U.S. Bank National Association share in the agreement that are not held by Mizuho Bank, Ltd.?","joint bookrunner, joint book manager, joint book runner, joint lead arranger, joint bookrunners",1,3,1
60,"What are the roles and subroles that MUFG Bank, Ltd. and Wells Fargo Securities LLC share in the agreement that are not held by Mizuho Bank, Ltd.?","joint bookrunner, joint book manager, joint book runner, joint lead arranger, joint bookrunners",1,3,1
60,"What are the roles and subroles that U.S. Bank National Association and Wells Fargo Bank, National Association share in the agreement that are not held by Wells Fargo Securities LLC?","managing agent, documentation agent",1,3,1
60,"What are the roles and subroles that U.S. Bank National Association and Wells Fargo Securities LLC share in the agreement that are not held by JPMorgan Chase Bank, N.A?","joint bookrunner, joint book manager, joint book runner, joint lead arranger, lead arranger, lead bookrunner, joint bookrunners",1,3,1
60,What are the roles and subroles that U.S. Bank National Association and Wells Fargo Securities LLC share in the agreement that are not held by Regions Bank?,"joint bookrunner, joint book manager, joint book runner, joint lead arranger, lead arranger, lead bookrunner, joint bookrunners",1,3,1
60,"What are the roles and subroles that U.S. Bank National Association and Wells Fargo Securities LLC share in the agreement that are not held by Mizuho Bank, Ltd.?","joint bookrunner, joint book manager, joint book runner, joint lead arranger, joint bookrunners",1,3,1
60,"What are the roles and subroles that Bank of Montreal holds in the agreement that are not held by BofA Securities, Inc. or Citibank, N.A.?",documentation agent and managing agent,1,3,1
60,"What are the roles and subroles that Bank of Montreal holds in the agreement that are not held by BofA Securities, Inc. or JPMorgan Chase Bank, N.A.?",documentation agent and managing agent,1,3,1
60,"What are the roles and subroles that Bank of Montreal holds in the agreement that are not held by BofA Securities, Inc. or MUFG Bank, Ltd.?",documentation agent and managing agent,1,3,1
60,"What are the roles and subroles that Bank of Montreal holds in the agreement that are not held by BofA Securities, Inc. or PNC Capital Markets LLC?",documentation agent and managing agent,1,3,1
60,"What are the roles and subroles that Bank of Montreal holds in the agreement that are not held by BofA Securities, Inc. or Wells Fargo Securities LLC?",documentation agent and managing agent,1,3,1
60,"What are the roles and subroles that Bank of Montreal holds in the agreement that are not held by Citibank, N.A. or JPMorgan Chase Bank, N.A.?",documentation agent and managing agent,1,3,1
60,"What are the roles and subroles that Bank of Montreal holds in the agreement that are not held by Citibank, N.A. or MUFG Bank, Ltd.?",documentation agent and managing agent,1,3,1
60,"What are the roles and subroles that Bank of Montreal holds in the agreement that are not held by Citibank, N.A. or PNC Capital Markets LLC?",documentation agent and managing agent,1,3,1
60,"What are the roles and subroles that Bank of Montreal holds in the agreement that are not held by Citibank, N.A. or Wells Fargo Securities LLC?",documentation agent and managing agent,1,3,1
60,"What are the roles and subroles that Bank of Montreal holds in the agreement that are not held by Fifth Third Bank, National Association or Goldman Sachs Bank USA?","joint book manager, joint book runner, joint bookrunner, joint bookrunners, joint lead arranger, lead arranger, and lead bookrunner",1,3,1
60,"What are the roles and subroles that Bank of Montreal holds in the agreement that are not held by Fifth Third Bank, National Association or PNC Bank, National Association?","joint book manager, joint book runner, joint bookrunner, joint bookrunners, joint lead arranger, lead arranger, and lead bookrunner",1,3,1
60,"What are the roles and subroles that Bank of Montreal holds in the agreement that are not held by Fifth Third Bank, National Association or PNC Capital Markets LLC?",lead arranger and lead bookrunner,1,3,1
60,"What are the roles and subroles that Bank of Montreal holds in the agreement that are not held by Fifth Third Bank, National Association or TD Bank, N.A.?","joint book manager, joint book runner, joint bookrunner, joint bookrunners, joint lead arranger, lead arranger, and lead bookrunner",1,3,1
60,"What are the roles and subroles that Bank of Montreal holds in the agreement that are not held by Fifth Third Bank, National Association or Wells Fargo Bank, National Association?","joint book manager, joint book runner, joint bookrunner, joint bookrunners, joint lead arranger, lead arranger, and lead bookrunner",1,3,1
60,"What are the roles and subroles that Bank of Montreal holds in the agreement that are not held by Fifth Third Bank, National Association or JPMorgan Chase Bank, N.A?","joint book manager, joint book runner, joint bookrunner, joint bookrunners, joint lead arranger, lead arranger, and lead bookrunner",1,3,1
60,"What are the roles and subroles that Bank of Montreal holds in the agreement that are not held by Fifth Third Bank, National Association or Regions Bank?","joint book manager, joint book runner, joint bookrunner, joint bookrunners, joint lead arranger, lead arranger, and lead bookrunner",1,3,1
60,"What are the roles and subroles that Bank of Montreal holds in the agreement that are not held by Fifth Third Bank, National Association or Mizuho Bank, Ltd.?","joint book manager, joint book runner, joint bookrunner, joint bookrunners, and joint lead arranger",1,3,1
60,"What are the roles and subroles that Bank of Montreal holds in the agreement that are not held by Goldman Sachs Bank USA or PNC Bank, National Association?","joint book manager, joint book runner, joint bookrunner, joint bookrunners, joint lead arranger, lead arranger, and lead bookrunner",1,3,1
60,What are the roles and subroles that Bank of Montreal holds in the agreement that are not held by Goldman Sachs Bank USA or PNC Capital Markets LLC?,lead arranger and lead bookrunner,1,3,1
60,"What are the roles and subroles that Bank of Montreal holds in the agreement that are not held by Goldman Sachs Bank USA or TD Bank, N.A.?","joint book manager, joint book runner, joint bookrunner, joint bookrunners, joint lead arranger, lead arranger, and lead bookrunner",1,3,1
60,"What are the roles and subroles that Bank of Montreal holds in the agreement that are not held by Goldman Sachs Bank USA or Wells Fargo Bank, National Association?","joint book manager, joint book runner, joint bookrunner, joint bookrunners, joint lead arranger, lead arranger, and lead bookrunner",1,3,1
60,"What are the roles and subroles that Bank of Montreal holds in the agreement that are not held by Goldman Sachs Bank USA or JPMorgan Chase Bank, N.A?","joint book manager, joint book runner, joint bookrunner, joint bookrunners, joint lead arranger, lead arranger, and lead bookrunner",1,3,1
60,What are the roles and subroles that Bank of Montreal holds in the agreement that are not held by Goldman Sachs Bank USA or Regions Bank?,"joint book manager, joint book runner, joint bookrunner, joint bookrunners, joint lead arranger, lead arranger, and lead bookrunner",1,3,1
60,"What are the roles and subroles that Bank of Montreal holds in the agreement that are not held by Goldman Sachs Bank USA or Mizuho Bank, Ltd.?","joint book manager, joint book runner, joint bookrunner, joint bookrunners, and joint lead arranger",1,3,1
60,"What are the roles and subroles that Bank of Montreal holds in the agreement that are not held by JPMorgan Chase Bank, N.A. or MUFG Bank, Ltd.?",documentation agent and managing agent,1,3,1
60,"What are the roles and subroles that Bank of Montreal holds in the agreement that are not held by JPMorgan Chase Bank, N.A. or PNC Capital Markets LLC?",documentation agent and managing agent,1,3,1
60,"What are the roles and subroles that Bank of Montreal holds in the agreement that are not held by JPMorgan Chase Bank, N.A. or Wells Fargo Securities LLC?",documentation agent and managing agent,1,3,1
60,"What are the roles and subroles that Bank of Montreal holds in the agreement that are not held by MUFG Bank, Ltd. or PNC Capital Markets LLC?",documentation agent and managing agent,1,3,1
60,"What are the roles and subroles that Bank of Montreal holds in the agreement that are not held by MUFG Bank, Ltd. or Wells Fargo Securities LLC?",documentation agent and managing agent,1,3,1
60,"What are the roles and subroles that Bank of Montreal holds in the agreement that are not held by PNC Bank, National Association or PNC Capital Markets LLC?",lead arranger and lead bookrunner,1,3,1
60,"What are the roles and subroles that Bank of Montreal holds in the agreement that are not held by PNC Bank, National Association or TD Bank, N.A.?","joint book manager, joint book runner, joint bookrunner, joint bookrunners, joint lead arranger, lead arranger, and lead bookrunner",1,3,1
60,"What are the roles and subroles that Bank of Montreal holds in the agreement that are not held by PNC Bank, National Association or Wells Fargo Bank, National Association?","joint book manager, joint book runner, joint bookrunner, joint bookrunners, joint lead arranger, lead arranger, and lead bookrunner",1,3,1
60,"What are the roles and subroles that Bank of Montreal holds in the agreement that are not held by PNC Bank, National Association or JPMorgan Chase Bank, N.A?","joint book manager, joint book runner, joint bookrunner, joint bookrunners, joint lead arranger, lead arranger, and lead bookrunner",1,3,1
60,"What are the roles and subroles that Bank of Montreal holds in the agreement that are not held by PNC Bank, National Association or Regions Bank?","joint book manager, joint book runner, joint bookrunner, joint bookrunners, joint lead arranger, lead arranger, and lead bookrunner",1,3,1
60,"What are the roles and subroles that Bank of Montreal holds in the agreement that are not held by PNC Bank, National Association or Mizuho Bank, Ltd.?","joint book manager, joint book runner, joint bookrunner, joint bookrunners, and joint lead arranger",1,3,1
60,"What are the roles and subroles that Bank of Montreal holds in the agreement that are not held by PNC Capital Markets LLC or TD Bank, N.A.?",lead arranger and lead bookrunner,1,3,1
60,"What are the roles and subroles that Bank of Montreal holds in the agreement that are not held by PNC Capital Markets LLC or Wells Fargo Bank, National Association?",lead arranger and lead bookrunner,1,3,1
60,What are the roles and subroles that Bank of Montreal holds in the agreement that are not held by PNC Capital Markets LLC or Wells Fargo Securities LLC?,documentation agent and managing agent,1,3,1
60,"What are the roles and subroles that Bank of Montreal holds in the agreement that are not held by PNC Capital Markets LLC or JPMorgan Chase Bank, N.A?",lead arranger and lead bookrunner,1,3,1
60,What are the roles and subroles that Bank of Montreal holds in the agreement that are not held by PNC Capital Markets LLC or Regions Bank?,lead arranger and lead bookrunner,1,3,1
60,"What are the roles and subroles that Bank of Montreal holds in the agreement that are not held by TD Bank, N.A. or Wells Fargo Bank, National Association?","joint book manager, joint book runner, joint bookrunner, joint bookrunners, joint lead arranger, lead arranger, and lead bookrunner",1,3,1
60,"What are the roles and subroles that Bank of Montreal holds in the agreement that are not held by TD Bank, N.A. or JPMorgan Chase Bank, N.A?","joint book manager, joint book runner, joint bookrunner, joint bookrunners, joint lead arranger, lead arranger, and lead bookrunner",1,3,1
60,"What are the roles and subroles that Bank of Montreal holds in the agreement that are not held by TD Bank, N.A. or Regions Bank?","joint book manager, joint book runner, joint bookrunner, joint bookrunners, joint lead arranger, lead arranger, and lead bookrunner",1,3,1
60,"What are the roles and subroles that Bank of Montreal holds in the agreement that are not held by TD Bank, N.A. or Mizuho Bank, Ltd.?","joint book manager, joint book runner, joint bookrunner, joint bookrunners, and joint lead arranger",1,3,1
60,"What are the roles and subroles that Bank of Montreal holds in the agreement that are not held by Wells Fargo Bank, National Association or JPMorgan Chase Bank, N.A?","joint book manager, joint book runner, joint bookrunner, joint bookrunners, joint lead arranger, lead arranger, and lead bookrunner",1,3,1
60,"What are the roles and subroles that Bank of Montreal holds in the agreement that are not held by Wells Fargo Bank, National Association or Regions Bank?","joint book manager, joint book runner, joint bookrunner, joint bookrunners, joint lead arranger, lead arranger, and lead bookrunner",1,3,1
60,"What are the roles and subroles that Bank of Montreal holds in the agreement that are not held by Wells Fargo Bank, National Association or Mizuho Bank, Ltd.?","joint book manager, joint book runner, joint bookrunner, joint bookrunners, and joint lead arranger",1,3,1
60,"What are the roles and subroles that Bank of Montreal holds in the agreement that are not held by JPMorgan Chase Bank, N.A or Regions Bank?","joint book manager, joint book runner, joint bookrunner, joint bookrunners, joint lead arranger, lead arranger, and lead bookrunner",1,3,1
60,"What are the roles and subroles that Bank of Montreal holds in the agreement that are not held by JPMorgan Chase Bank, N.A or Mizuho Bank, Ltd.?","joint book manager, joint book runner, joint bookrunner, joint bookrunners, and joint lead arranger",1,3,1
60,"What are the roles and subroles that Bank of Montreal holds in the agreement that are not held by Regions Bank or Mizuho Bank, Ltd.?","joint book manager, joint book runner, joint bookrunner, joint bookrunners, and joint lead arranger",1,3,1
60,"What are the roles and subroles that U.S. Bank National Association holds in the agreement that are not held by Wells Fargo Bank, National Association or JPMorgan Chase Bank, N.A?","joint book manager, joint book runner, joint bookrunner, joint bookrunners, joint lead arranger, lead arranger, and lead bookrunner",1,3,1
60,"What are the roles and subroles that U.S. Bank National Association holds in the agreement that are not held by Wells Fargo Bank, National Association or Regions Bank?","joint book manager, joint book runner, joint bookrunner, joint bookrunners, joint lead arranger, lead arranger, and lead bookrunner",1,3,1
60,"What are the roles and subroles that U.S. Bank National Association holds in the agreement that are not held by Wells Fargo Bank, National Association or Mizuho Bank, Ltd.?","joint book manager, joint book runner, joint bookrunner, joint bookrunners, and joint lead arranger",1,3,1
60,"What are the roles and subroles that U.S. Bank National Association holds in the agreement that are not held by JPMorgan Chase Bank, N.A or Regions Bank?","joint book manager, joint book runner, joint bookrunner, joint bookrunners, joint lead arranger, lead arranger, and lead bookrunner",1,3,1
60,"What are the roles and subroles that U.S. Bank National Association holds in the agreement that are not held by JPMorgan Chase Bank, N.A or Mizuho Bank, Ltd.?","joint book manager, joint book runner, joint bookrunner, joint bookrunners, and joint lead arranger",1,3,1
60,"What are the roles and subroles that U.S. Bank National Association holds in the agreement that are not held by Regions Bank or Mizuho Bank, Ltd.?","joint book manager, joint book runner, joint bookrunner, joint bookrunners, and joint lead arranger",1,3,1
60,What companies are the managing agent and the documentation agent but not the bookrunners in the agreement?,"Bank of America, N.A., Fifth Third Bank, National Association, Goldman Sachs Bank USA, JPMorgan Chase Bank, N.A, Mizuho Bank, Ltd., PNC Bank, National Association, Regions Bank, TD Bank, N.A., Wells Fargo Bank, National Association",1,3,1
60,What companies are the managing agent and the documentation agent but not the joint bookrunner in the agreement?,"Bank of America, N.A., Fifth Third Bank, National Association, Goldman Sachs Bank USA, JPMorgan Chase Bank, N.A, Mizuho Bank, Ltd., PNC Bank, National Association, Regions Bank, TD Bank, N.A., Wells Fargo Bank, National Association",1,3,1
60,What companies are the managing agent and the documentation agent but not the arrangers in the agreement?,"Bank of America, N.A., Fifth Third Bank, National Association, Goldman Sachs Bank USA, JPMorgan Chase Bank, N.A, PNC Bank, National Association, Regions Bank, TD Bank, N.A., Wells Fargo Bank, National Association",1,3,1
60,What companies are the managing agent and the documentation agent but not the joint book manager in the agreement?,"Bank of America, N.A., Fifth Third Bank, National Association, Goldman Sachs Bank USA, JPMorgan Chase Bank, N.A, Mizuho Bank, Ltd., PNC Bank, National Association, Regions Bank, TD Bank, N.A., Wells Fargo Bank, National Association",1,3,1
60,What companies are the managing agent and the documentation agent but not the joint book runner in the agreement?,"Bank of America, N.A., Fifth Third Bank, National Association, Goldman Sachs Bank USA, JPMorgan Chase Bank, N.A, Mizuho Bank, Ltd., PNC Bank, National Association, Regions Bank, TD Bank, N.A., Wells Fargo Bank, National Association",1,3,1
60,What companies are the managing agent and the documentation agent but not the joint lead arranger in the agreement?,"Bank of America, N.A., Fifth Third Bank, National Association, Goldman Sachs Bank USA, JPMorgan Chase Bank, N.A, Mizuho Bank, Ltd., PNC Bank, National Association, Regions Bank, TD Bank, N.A., Wells Fargo Bank, National Association",1,3,1
60,What companies are the managing agent and the documentation agent but not the lead arranger in the agreement?,"Bank of America, N.A., Fifth Third Bank, National Association, Goldman Sachs Bank USA, JPMorgan Chase Bank, N.A, PNC Bank, National Association, Regions Bank, TD Bank, N.A., Wells Fargo Bank, National Association",1,3,1
60,What companies are the managing agent and the documentation agent but not the lead bookrunner in the agreement?,"Bank of America, N.A., Fifth Third Bank, National Association, Goldman Sachs Bank USA, JPMorgan Chase Bank, N.A, PNC Bank, National Association, Regions Bank, TD Bank, N.A., Wells Fargo Bank, National Association",1,3,1
60,What companies are the managing agent and the documentation agent but not the joint bookrunners in the agreement?,"Bank of America, N.A., Fifth Third Bank, National Association, Goldman Sachs Bank USA, JPMorgan Chase Bank, N.A, Mizuho Bank, Ltd., PNC Bank, National Association, Regions Bank, TD Bank, N.A., Wells Fargo Bank, National Association",1,3,1
60,What companies are the managing agent and the agents but not the bookrunners in the agreement?,"Bank of America, N.A., Fifth Third Bank, National Association, Goldman Sachs Bank USA, JPMorgan Chase Bank, N.A, Mizuho Bank, Ltd., PNC Bank, National Association, Regions Bank, TD Bank, N.A., Wells Fargo Bank, National Association",1,3,1
60,What companies are the managing agent and the agents but not the joint bookrunner in the agreement?,"Bank of America, N.A., Fifth Third Bank, National Association, Goldman Sachs Bank USA, JPMorgan Chase Bank, N.A, Mizuho Bank, Ltd., PNC Bank, National Association, Regions Bank, TD Bank, N.A., Wells Fargo Bank, National Association",1,3,1
60,What companies are the managing agent and the agents but not the arrangers in the agreement?,"Bank of America, N.A., Fifth Third Bank, National Association, Goldman Sachs Bank USA, JPMorgan Chase Bank, N.A, PNC Bank, National Association, Regions Bank, TD Bank, N.A., Wells Fargo Bank, National Association",1,3,1
60,What companies are the managing agent and the agents but not the joint book manager in the agreement?,"Bank of America, N.A., Fifth Third Bank, National Association, Goldman Sachs Bank USA, JPMorgan Chase Bank, N.A, Mizuho Bank, Ltd., PNC Bank, National Association, Regions Bank, TD Bank, N.A., Wells Fargo Bank, National Association",1,3,1
60,What companies are the managing agent and the agents but not the joint book runner in the agreement?,"Bank of America, N.A., Fifth Third Bank, National Association, Goldman Sachs Bank USA, JPMorgan Chase Bank, N.A, Mizuho Bank, Ltd., PNC Bank, National Association, Regions Bank, TD Bank, N.A., Wells Fargo Bank, National Association",1,3,1
60,What companies are the managing agent and the agents but not the joint lead arranger in the agreement?,"Bank of America, N.A., Fifth Third Bank, National Association, Goldman Sachs Bank USA, JPMorgan Chase Bank, N.A, Mizuho Bank, Ltd., PNC Bank, National Association, Regions Bank, TD Bank, N.A., Wells Fargo Bank, National Association",1,3,1
60,What companies are the managing agent and the agents but not the lead arranger in the agreement?,"Bank of America, N.A., Fifth Third Bank, National Association, Goldman Sachs Bank USA, JPMorgan Chase Bank, N.A, PNC Bank, National Association, Regions Bank, TD Bank, N.A., Wells Fargo Bank, National Association",1,3,1
60,What companies are the managing agent and the agents but not the lead bookrunner in the agreement?,"Bank of America, N.A., Fifth Third Bank, National Association, Goldman Sachs Bank USA, JPMorgan Chase Bank, N.A, PNC Bank, National Association, Regions Bank, TD Bank, N.A., Wells Fargo Bank, National Association",1,3,1
60,What companies are the managing agent and the agents but not the joint bookrunners in the agreement?,"Bank of America, N.A., Fifth Third Bank, National Association, Goldman Sachs Bank USA, JPMorgan Chase Bank, N.A, Mizuho Bank, Ltd., PNC Bank, National Association, Regions Bank, TD Bank, N.A., Wells Fargo Bank, National Association",1,3,1
60,What companies are the documentation agent and the agents but not the bookrunners in the agreement?,"Bank of America, N.A., Fifth Third Bank, National Association, Goldman Sachs Bank USA, JPMorgan Chase Bank, N.A, Mizuho Bank, Ltd., PNC Bank, National Association, Regions Bank, TD Bank, N.A., Wells Fargo Bank, National Association",1,3,1
60,What companies are the documentation agent and the agents but not the joint bookrunner in the agreement?,"Bank of America, N.A., Fifth Third Bank, National Association, Goldman Sachs Bank USA, JPMorgan Chase Bank, N.A, Mizuho Bank, Ltd., PNC Bank, National Association, Regions Bank, TD Bank, N.A., Wells Fargo Bank, National Association",1,3,1
60,What companies are the documentation agent and the agents but not the arrangers in the agreement?,"Bank of America, N.A., Fifth Third Bank, National Association, Goldman Sachs Bank USA, JPMorgan Chase Bank, N.A, PNC Bank, National Association, Regions Bank, TD Bank, N.A., Wells Fargo Bank, National Association",1,3,1
60,What companies are the documentation agent and the agents but not the joint book manager in the agreement?,"Bank of America, N.A., Fifth Third Bank, National Association, Goldman Sachs Bank USA, JPMorgan Chase Bank, N.A, Mizuho Bank, Ltd., PNC Bank, National Association, Regions Bank, TD Bank, N.A., Wells Fargo Bank, National Association",1,3,1
60,What companies are the documentation agent and the agents but not the joint book runner in the agreement?,"Bank of America, N.A., Fifth Third Bank, National Association, Goldman Sachs Bank USA, JPMorgan Chase Bank, N.A, Mizuho Bank, Ltd., PNC Bank, National Association, Regions Bank, TD Bank, N.A., Wells Fargo Bank, National Association",1,3,1
60,What companies are the documentation agent and the agents but not the joint lead arranger in the agreement?,"Bank of America, N.A., Fifth Third Bank, National Association, Goldman Sachs Bank USA, JPMorgan Chase Bank, N.A, Mizuho Bank, Ltd., PNC Bank, National Association, Regions Bank, TD Bank, N.A., Wells Fargo Bank, National Association",1,3,1
60,What companies are the documentation agent and the agents but not the lead arranger in the agreement?,"Bank of America, N.A., Fifth Third Bank, National Association, Goldman Sachs Bank USA, JPMorgan Chase Bank, N.A, PNC Bank, National Association, Regions Bank, TD Bank, N.A., Wells Fargo Bank, National Association",1,3,1
60,What companies are the documentation agent and the agents but not the lead bookrunner in the agreement?,"Bank of America, N.A., Fifth Third Bank, National Association, Goldman Sachs Bank USA, JPMorgan Chase Bank, N.A, PNC Bank, National Association, Regions Bank, TD Bank, N.A., Wells Fargo Bank, National Association",1,3,1
60,What companies are the documentation agent and the agents but not the joint bookrunners in the agreement?,"Bank of America, N.A., Fifth Third Bank, National Association, Goldman Sachs Bank USA, JPMorgan Chase Bank, N.A, Mizuho Bank, Ltd., PNC Bank, National Association, Regions Bank, TD Bank, N.A., Wells Fargo Bank, National Association",1,3,1
60,What companies are the managing agent but not the joint bookrunner or joint book manager in the agreement?,"Bank of America, N.A., Fifth Third Bank, National Association, Goldman Sachs Bank USA, JPMorgan Chase Bank, N.A, Mizuho Bank, Ltd., PNC Bank, National Association, Regions Bank, TD Bank, N.A., Wells Fargo Bank, National Association",1,3,1
60,What companies are the managing agent but not the joint bookrunner or joint book runner in the agreement?,"Bank of America, N.A., Fifth Third Bank, National Association, Goldman Sachs Bank USA, JPMorgan Chase Bank, N.A, Mizuho Bank, Ltd., PNC Bank, National Association, Regions Bank, TD Bank, N.A., Wells Fargo Bank, National Association",1,3,1
60,What companies are the managing agent but not the joint bookrunner or joint lead arranger in the agreement?,"Bank of America, N.A., Fifth Third Bank, National Association, Goldman Sachs Bank USA, JPMorgan Chase Bank, N.A, Mizuho Bank, Ltd., PNC Bank, National Association, Regions Bank, TD Bank, N.A., Wells Fargo Bank, National Association",1,3,1
60,What companies are the managing agent but not the joint bookrunner or lead arranger in the agreement?,"Bank of America, N.A., Fifth Third Bank, National Association, Goldman Sachs Bank USA, JPMorgan Chase Bank, N.A, PNC Bank, National Association, Regions Bank, TD Bank, N.A., Wells Fargo Bank, National Association",1,3,1
60,What companies are the managing agent but not the joint bookrunner or lead bookrunner in the agreement?,"Bank of America, N.A., Fifth Third Bank, National Association, Goldman Sachs Bank USA, JPMorgan Chase Bank, N.A, PNC Bank, National Association, Regions Bank, TD Bank, N.A., Wells Fargo Bank, National Association",1,3,1
60,What companies are the managing agent but not the joint bookrunner or joint bookrunners in the agreement?,"Bank of America, N.A., Fifth Third Bank, National Association, Goldman Sachs Bank USA, JPMorgan Chase Bank, N.A, Mizuho Bank, Ltd., PNC Bank, National Association, Regions Bank, TD Bank, N.A., Wells Fargo Bank, National Association",1,3,1
60,What companies are the managing agent but not the joint book manager or joint book runner in the agreement?,"Bank of America, N.A., Fifth Third Bank, National Association, Goldman Sachs Bank USA, JPMorgan Chase Bank, N.A, Mizuho Bank, Ltd., PNC Bank, National Association, Regions Bank, TD Bank, N.A., Wells Fargo Bank, National Association",1,3,1
60,What companies are the managing agent but not the joint book manager or joint lead arranger in the agreement?,"Bank of America, N.A., Fifth Third Bank, National Association, Goldman Sachs Bank USA, JPMorgan Chase Bank, N.A, Mizuho Bank, Ltd., PNC Bank, National Association, Regions Bank, TD Bank, N.A., Wells Fargo Bank, National Association",1,3,1
60,What companies are the managing agent but not the joint book manager or lead arranger in the agreement?,"Bank of America, N.A., Fifth Third Bank, National Association, Goldman Sachs Bank USA, JPMorgan Chase Bank, N.A, PNC Bank, National Association, Regions Bank, TD Bank, N.A., Wells Fargo Bank, National Association",1,3,1
60,What companies are the managing agent but not the joint book manager or lead bookrunner in the agreement?,"Bank of America, N.A., Fifth Third Bank, National Association, Goldman Sachs Bank USA, JPMorgan Chase Bank, N.A, PNC Bank, National Association, Regions Bank, TD Bank, N.A., Wells Fargo Bank, National Association",1,3,1
60,What companies are the managing agent but not the joint book manager or joint bookrunners in the agreement?,"Bank of America, N.A., Fifth Third Bank, National Association, Goldman Sachs Bank USA, JPMorgan Chase Bank, N.A, Mizuho Bank, Ltd., PNC Bank, National Association, Regions Bank, TD Bank, N.A., Wells Fargo Bank, National Association",1,3,1
60,What companies are the managing agent but not the joint book runner or joint lead arranger in the agreement?,"Bank of America, N.A., Fifth Third Bank, National Association, Goldman Sachs Bank USA, JPMorgan Chase Bank, N.A, Mizuho Bank, Ltd., PNC Bank, National Association, Regions Bank, TD Bank, N.A., Wells Fargo Bank, National Association",1,3,1
60,What companies are the managing agent but not the joint book runner or lead arranger in the agreement?,"Bank of America, N.A., Fifth Third Bank, National Association, Goldman Sachs Bank USA, JPMorgan Chase Bank, N.A, PNC Bank, National Association, Regions Bank, TD Bank, N.A., Wells Fargo Bank, National Association",1,3,1
60,What companies are the managing agent but not the joint book runner or lead bookrunner in the agreement?,"Bank of America, N.A., Fifth Third Bank, National Association, Goldman Sachs Bank USA, JPMorgan Chase Bank, N.A, PNC Bank, National Association, Regions Bank, TD Bank, N.A., Wells Fargo Bank, National Association",1,3,1
60,What companies are the managing agent but not the joint book runner or joint bookrunners in the agreement?,"Bank of America, N.A., Fifth Third Bank, National Association, Goldman Sachs Bank USA, JPMorgan Chase Bank, N.A, Mizuho Bank, Ltd., PNC Bank, National Association, Regions Bank, TD Bank, N.A., Wells Fargo Bank, National Association",1,3,1
60,What companies are the managing agent but not the joint lead arranger or lead arranger in the agreement?,"Bank of America, N.A., Fifth Third Bank, National Association, Goldman Sachs Bank USA, JPMorgan Chase Bank, N.A, PNC Bank, National Association, Regions Bank, TD Bank, N.A., Wells Fargo Bank, National Association",1,3,1
60,What companies are the managing agent but not the joint lead arranger or lead bookrunner in the agreement?,"Bank of America, N.A., Fifth Third Bank, National Association, Goldman Sachs Bank USA, JPMorgan Chase Bank, N.A, PNC Bank, National Association, Regions Bank, TD Bank, N.A., Wells Fargo Bank, National Association",1,3,1
60,What companies are the managing agent but not the joint lead arranger or joint bookrunners in the agreement?,"Bank of America, N.A., Fifth Third Bank, National Association, Goldman Sachs Bank USA, JPMorgan Chase Bank, N.A, Mizuho Bank, Ltd., PNC Bank, National Association, Regions Bank, TD Bank, N.A., Wells Fargo Bank, National Association",1,3,1
60,What companies are the managing agent but not the lead arranger or lead bookrunner in the agreement?,"Bank of America, N.A., Fifth Third Bank, National Association, Goldman Sachs Bank USA, JPMorgan Chase Bank, N.A, PNC Bank, National Association, Regions Bank, TD Bank, N.A., Wells Fargo Bank, National Association",1,3,1
60,What companies are the managing agent but not the lead arranger or joint bookrunners in the agreement?,"Bank of America, N.A., Fifth Third Bank, National Association, Goldman Sachs Bank USA, JPMorgan Chase Bank, N.A, PNC Bank, National Association, Regions Bank, TD Bank, N.A., Wells Fargo Bank, National Association",1,3,1
60,What companies are the managing agent but not the lead bookrunner or joint bookrunners in the agreement?,"Bank of America, N.A., Fifth Third Bank, National Association, Goldman Sachs Bank USA, JPMorgan Chase Bank, N.A, PNC Bank, National Association, Regions Bank, TD Bank, N.A., Wells Fargo Bank, National Association",1,3,1
60,What companies are the documentation agent but not the joint bookrunner or joint book manager in the agreement?,"Bank of America, N.A., Fifth Third Bank, National Association, Goldman Sachs Bank USA, JPMorgan Chase Bank, N.A, Mizuho Bank, Ltd., PNC Bank, National Association, Regions Bank, TD Bank, N.A., Wells Fargo Bank, National Association",1,3,1
60,What companies are the documentation agent but not the joint bookrunner or joint book runner in the agreement?,"Bank of America, N.A., Fifth Third Bank, National Association, Goldman Sachs Bank USA, JPMorgan Chase Bank, N.A, Mizuho Bank, Ltd., PNC Bank, National Association, Regions Bank, TD Bank, N.A., Wells Fargo Bank, National Association",1,3,1
60,What companies are the documentation agent but not the joint bookrunner or joint lead arranger in the agreement?,"Bank of America, N.A., Fifth Third Bank, National Association, Goldman Sachs Bank USA, JPMorgan Chase Bank, N.A, Mizuho Bank, Ltd., PNC Bank, National Association, Regions Bank, TD Bank, N.A., Wells Fargo Bank, National Association",1,3,1
60,What companies are the documentation agent but not the joint bookrunner or lead arranger in the agreement?,"Bank of America, N.A., Fifth Third Bank, National Association, Goldman Sachs Bank USA, JPMorgan Chase Bank, N.A, PNC Bank, National Association, Regions Bank, TD Bank, N.A., Wells Fargo Bank, National Association",1,3,1
60,What companies are the documentation agent but not the joint bookrunner or lead bookrunner in the agreement?,"Bank of America, N.A., Fifth Third Bank, National Association, Goldman Sachs Bank USA, JPMorgan Chase Bank, N.A, PNC Bank, National Association, Regions Bank, TD Bank, N.A., Wells Fargo Bank, National Association",1,3,1
60,What companies are the documentation agent but not the joint bookrunner or joint bookrunners in the agreement?,"Bank of America, N.A., Fifth Third Bank, National Association, Goldman Sachs Bank USA, JPMorgan Chase Bank, N.A, Mizuho Bank, Ltd., PNC Bank, National Association, Regions Bank, TD Bank, N.A., Wells Fargo Bank, National Association",1,3,1
60,What companies are the documentation agent but not the joint book manager or joint book runner in the agreement?,"Bank of America, N.A., Fifth Third Bank, National Association, Goldman Sachs Bank USA, JPMorgan Chase Bank, N.A, Mizuho Bank, Ltd., PNC Bank, National Association, Regions Bank, TD Bank, N.A., Wells Fargo Bank, National Association",1,3,1
60,What companies are the documentation agent but not the joint book manager or joint lead arranger in the agreement?,"Bank of America, N.A., Fifth Third Bank, National Association, Goldman Sachs Bank USA, JPMorgan Chase Bank, N.A, Mizuho Bank, Ltd., PNC Bank, National Association, Regions Bank, TD Bank, N.A., Wells Fargo Bank, National Association",1,3,1
60,What companies are the documentation agent but not the joint book manager or lead arranger in the agreement?,"Bank of America, N.A., Fifth Third Bank, National Association, Goldman Sachs Bank USA, JPMorgan Chase Bank, N.A, PNC Bank, National Association, Regions Bank, TD Bank, N.A., Wells Fargo Bank, National Association",1,3,1
60,What companies are the documentation agent but not the joint book manager or lead bookrunner in the agreement?,"Bank of America, N.A., Fifth Third Bank, National Association, Goldman Sachs Bank USA, JPMorgan Chase Bank, N.A, PNC Bank, National Association, Regions Bank, TD Bank, N.A., Wells Fargo Bank, National Association",1,3,1
60,What companies are the documentation agent but not the joint book manager or joint bookrunners in the agreement?,"Bank of America, N.A., Fifth Third Bank, National Association, Goldman Sachs Bank USA, JPMorgan Chase Bank, N.A, Mizuho Bank, Ltd., PNC Bank, National Association, Regions Bank, TD Bank, N.A., Wells Fargo Bank, National Association",1,3,1
60,What companies are the documentation agent but not the joint book runner or joint lead arranger in the agreement?,"Bank of America, N.A., Fifth Third Bank, National Association, Goldman Sachs Bank USA, JPMorgan Chase Bank, N.A, Mizuho Bank, Ltd., PNC Bank, National Association, Regions Bank, TD Bank, N.A., Wells Fargo Bank, National Association",1,3,1
60,What companies are the documentation agent but not the joint book runner or lead arranger in the agreement?,"Bank of America, N.A., Fifth Third Bank, National Association, Goldman Sachs Bank USA, JPMorgan Chase Bank, N.A, PNC Bank, National Association, Regions Bank, TD Bank, N.A., Wells Fargo Bank, National Association",1,3,1
60,What companies are the documentation agent but not the joint book runner or lead bookrunner in the agreement?,"Bank of America, N.A., Fifth Third Bank, National Association, Goldman Sachs Bank USA, JPMorgan Chase Bank, N.A, PNC Bank, National Association, Regions Bank, TD Bank, N.A., Wells Fargo Bank, National Association",1,3,1
60,What companies are the documentation agent but not the joint book runner or joint bookrunners in the agreement?,"Bank of America, N.A., Fifth Third Bank, National Association, Goldman Sachs Bank USA, JPMorgan Chase Bank, N.A, Mizuho Bank, Ltd., PNC Bank, National Association, Regions Bank, TD Bank, N.A., Wells Fargo Bank, National Association",1,3,1
60,What companies are the documentation agent but not the joint lead arranger or lead arranger in the agreement?,"Bank of America, N.A., Fifth Third Bank, National Association, Goldman Sachs Bank USA, JPMorgan Chase Bank, N.A, PNC Bank, National Association, Regions Bank, TD Bank, N.A., Wells Fargo Bank, National Association",1,3,1
60,What companies are the documentation agent but not the joint lead arranger or lead bookrunner in the agreement?,"Bank of America, N.A., Fifth Third Bank, National Association, Goldman Sachs Bank USA, JPMorgan Chase Bank, N.A, PNC Bank, National Association, Regions Bank, TD Bank, N.A., Wells Fargo Bank, National Association",1,3,1
60,What companies are the documentation agent but not the joint lead arranger or joint bookrunners in the agreement?,"Bank of America, N.A., Fifth Third Bank, National Association, Goldman Sachs Bank USA, JPMorgan Chase Bank, N.A, Mizuho Bank, Ltd., PNC Bank, National Association, Regions Bank, TD Bank, N.A., Wells Fargo Bank, National Association",1,3,1
60,What companies are the documentation agent but not the lead arranger or lead bookrunner in the agreement?,"Bank of America, N.A., Fifth Third Bank, National Association, Goldman Sachs Bank USA, JPMorgan Chase Bank, N.A, PNC Bank, National Association, Regions Bank, TD Bank, N.A., Wells Fargo Bank, National Association",1,3,1
60,What companies are the documentation agent but not the lead arranger or joint bookrunners in the agreement?,"Bank of America, N.A., Fifth Third Bank, National Association, Goldman Sachs Bank USA, JPMorgan Chase Bank, N.A, PNC Bank, National Association, Regions Bank, TD Bank, N.A., Wells Fargo Bank, National Association",1,3,1
60,What companies are the documentation agent but not the lead bookrunner or joint bookrunners in the agreement?,"Bank of America, N.A., Fifth Third Bank, National Association, Goldman Sachs Bank USA, JPMorgan Chase Bank, N.A, PNC Bank, National Association, Regions Bank, TD Bank, N.A., Wells Fargo Bank, National Association",1,3,1
60,Who are the Directors of the company which is both the managing agent and the documentation agent in the agreement?,"Greg Strauss, Jason Rinne, Oscar Cortez",3,1,1
60,Who are the Senior Vice Presidents of the company which is both the managing agent and the documentation agent in the agreement?,"Bernadette Collins, Eric H. Williams, Joshua Dearmon, Michael S. Barnett",3,1,1
60,Who are the Authorized Signatorys of the company which is both the managing agent and the documentation agent in the agreement?,"Ryan Durkin, Tracy Rahn",3,1,1
60,Who are the Directors of the company which is both the joint bookrunner and the joint book manager in the agreement?,"Greg Strauss, Jason Rinne, Oscar Cortez",3,1,1
60,Who are the Senior Vice Presidents of the company which is both the joint bookrunner and the joint book manager in the agreement?,"Bernadette Collins, Eric H. Williams, Joshua Dearmon, Michael S. Barnett",3,1,1
60,Who are the Directors of the company which is both the joint book runner and the joint bookrunner in the agreement?,"Greg Strauss, Jason Rinne, Oscar Cortez",3,1,1
60,Who are the Senior Vice Presidents of the company which is both the joint book runner and the joint bookrunner in the agreement?,"Bernadette Collins, Eric H. Williams, Joshua Dearmon, Michael S. Barnett",3,1,1
60,Who are the Directors of the company which is both the joint bookrunner and the joint lead arranger in the agreement?,"Greg Strauss, Jason Rinne, Oscar Cortez",3,1,1
60,Who are the Senior Vice Presidents of the company which is both the joint bookrunner and the joint lead arranger in the agreement?,"Bernadette Collins, Eric H. Williams, Joshua Dearmon, Michael S. Barnett",3,1,1
60,Who are the Directors of the company which is both the joint bookrunner and the lead arranger in the agreement?,"Greg Strauss, Jason Rinne, Oscar Cortez",3,1,1
60,Who are the Senior Vice Presidents of the company which is both the joint bookrunner and the lead arranger in the agreement?,"Bernadette Collins, Eric H. Williams, Joshua Dearmon, Michael S. Barnett",3,1,1
60,Who are the Directors of the company which is both the joint bookrunner and the lead bookrunner in the agreement?,"Greg Strauss, Jason Rinne, Oscar Cortez",3,1,1
60,Who are the Senior Vice Presidents of the company which is both the joint bookrunner and the lead bookrunner in the agreement?,"Bernadette Collins, Eric H. Williams, Joshua Dearmon, Michael S. Barnett",3,1,1
60,Who are the Directors of the company which is both the joint bookrunners and the joint bookrunner in the agreement?,"Greg Strauss, Jason Rinne, Oscar Cortez",3,1,1
60,Who are the Senior Vice Presidents of the company which is both the joint bookrunners and the joint bookrunner in the agreement?,"Bernadette Collins, Eric H. Williams, Joshua Dearmon, Michael S. Barnett",3,1,1
60,Who are the Senior Vice Presidents of the company which is both the managing agent and the joint bookrunner in the agreement?,"Bernadette Collins, Eric H. Williams, Joshua Dearmon, Michael S. Barnett",3,1,1
60,Who are the Directors of the company which is both the managing agent and the joint bookrunner in the agreement?,"Greg Strauss, Jason Rinne, Oscar Cortez",3,1,1
60,Who are the Senior Vice Presidents of the company which is both the joint bookrunner and the documentation agent in the agreement?,"Bernadette Collins, Eric H. Williams, Joshua Dearmon, Michael S. Barnett",3,1,1
60,Who are the Directors of the company which is both the joint bookrunner and the documentation agent in the agreement?,"Greg Strauss, Jason Rinne, Oscar Cortez",3,1,1
60,Who are the Directors of the company which is both the joint book runner and the joint book manager in the agreement?,"Greg Strauss, Jason Rinne, Oscar Cortez",3,1,1
60,Who are the Senior Vice Presidents of the company which is both the joint book runner and the joint book manager in the agreement?,"Bernadette Collins, Eric H. Williams, Joshua Dearmon, Michael S. Barnett",3,1,1
60,Who are the Directors of the company which is both the joint lead arranger and the joint book manager in the agreement?,"Greg Strauss, Jason Rinne, Oscar Cortez",3,1,1
60,Who are the Senior Vice Presidents of the company which is both the joint lead arranger and the joint book manager in the agreement?,"Bernadette Collins, Eric H. Williams, Joshua Dearmon, Michael S. Barnett",3,1,1
60,Who are the Directors of the company which is both the lead arranger and the joint book manager in the agreement?,"Greg Strauss, Jason Rinne, Oscar Cortez",3,1,1
60,Who are the Senior Vice Presidents of the company which is both the lead arranger and the joint book manager in the agreement?,"Bernadette Collins, Eric H. Williams, Joshua Dearmon, Michael S. Barnett",3,1,1
60,Who are the Directors of the company which is both the joint book manager and the lead bookrunner in the agreement?,"Greg Strauss, Jason Rinne, Oscar Cortez",3,1,1
60,Who are the Senior Vice Presidents of the company which is both the joint book manager and the lead bookrunner in the agreement?,"Bernadette Collins, Eric H. Williams, Joshua Dearmon, Michael S. Barnett",3,1,1
60,Who are the Directors of the company which is both the joint bookrunners and the joint book manager in the agreement?,"Greg Strauss, Jason Rinne, Oscar Cortez",3,1,1
60,Who are the Senior Vice Presidents of the company which is both the joint bookrunners and the joint book manager in the agreement?,"Bernadette Collins, Eric H. Williams, Joshua Dearmon, Michael S. Barnett",3,1,1
60,Who are the Senior Vice Presidents of the company which is both the managing agent and the joint book manager in the agreement?,"Bernadette Collins, Eric H. Williams, Joshua Dearmon, Michael S. Barnett",3,1,1
60,Who are the Directors of the company which is both the managing agent and the joint book manager in the agreement?,"Greg Strauss, Jason Rinne, Oscar Cortez",3,1,1
60,Who are the Senior Vice Presidents of the company which is both the documentation agent and the joint book manager in the agreement?,"Bernadette Collins, Eric H. Williams, Joshua Dearmon, Michael S. Barnett",3,1,1
60,Who are the Directors of the company which is both the documentation agent and the joint book manager in the agreement?,"Greg Strauss, Jason Rinne, Oscar Cortez",3,1,1
60,Who are the Directors of the company which is both the joint book runner and the joint lead arranger in the agreement?,"Greg Strauss, Jason Rinne, Oscar Cortez",3,1,1
60,Who are the Senior Vice Presidents of the company which is both the joint book runner and the joint lead arranger in the agreement?,"Bernadette Collins, Eric H. Williams, Joshua Dearmon, Michael S. Barnett",3,1,1
60,Who are the Directors of the company which is both the joint book runner and the lead arranger in the agreement?,"Greg Strauss, Jason Rinne, Oscar Cortez",3,1,1
60,Who are the Senior Vice Presidents of the company which is both the joint book runner and the lead arranger in the agreement?,"Bernadette Collins, Eric H. Williams, Joshua Dearmon, Michael S. Barnett",3,1,1
60,Who are the Directors of the company which is both the joint book runner and the lead bookrunner in the agreement?,"Greg Strauss, Jason Rinne, Oscar Cortez",3,1,1
60,Who are the Senior Vice Presidents of the company which is both the joint book runner and the lead bookrunner in the agreement?,"Bernadette Collins, Eric H. Williams, Joshua Dearmon, Michael S. Barnett",3,1,1
60,Who are the Directors of the company which is both the joint book runner and the joint bookrunners in the agreement?,"Greg Strauss, Jason Rinne, Oscar Cortez",3,1,1
60,Who are the Senior Vice Presidents of the company which is both the joint book runner and the joint bookrunners in the agreement?,"Bernadette Collins, Eric H. Williams, Joshua Dearmon, Michael S. Barnett",3,1,1
60,Who are the Senior Vice Presidents of the company which is both the joint book runner and the managing agent in the agreement?,"Bernadette Collins, Eric H. Williams, Joshua Dearmon, Michael S. Barnett",3,1,1
60,Who are the Directors of the company which is both the joint book runner and the managing agent in the agreement?,"Greg Strauss, Jason Rinne, Oscar Cortez",3,1,1
60,Who are the Senior Vice Presidents of the company which is both the joint book runner and the documentation agent in the agreement?,"Bernadette Collins, Eric H. Williams, Joshua Dearmon, Michael S. Barnett",3,1,1
60,Who are the Directors of the company which is both the joint book runner and the documentation agent in the agreement?,"Greg Strauss, Jason Rinne, Oscar Cortez",3,1,1
60,Who are the Directors of the company which is both the joint lead arranger and the lead arranger in the agreement?,"Greg Strauss, Jason Rinne, Oscar Cortez",3,1,1
60,Who are the Senior Vice Presidents of the company which is both the joint lead arranger and the lead arranger in the agreement?,"Bernadette Collins, Eric H. Williams, Joshua Dearmon, Michael S. Barnett",3,1,1
60,Who are the Directors of the company which is both the joint lead arranger and the lead bookrunner in the agreement?,"Greg Strauss, Jason Rinne, Oscar Cortez",3,1,1
60,Who are the Senior Vice Presidents of the company which is both the joint lead arranger and the lead bookrunner in the agreement?,"Bernadette Collins, Eric H. Williams, Joshua Dearmon, Michael S. Barnett",3,1,1
60,Who are the Directors of the company which is both the joint bookrunners and the joint lead arranger in the agreement?,"Greg Strauss, Jason Rinne, Oscar Cortez",3,1,1
60,Who are the Senior Vice Presidents of the company which is both the joint bookrunners and the joint lead arranger in the agreement?,"Bernadette Collins, Eric H. Williams, Joshua Dearmon, Michael S. Barnett",3,1,1
60,Who are the Senior Vice Presidents of the company which is both the managing agent and the joint lead arranger in the agreement?,"Bernadette Collins, Eric H. Williams, Joshua Dearmon, Michael S. Barnett",3,1,1
60,Who are the Directors of the company which is both the managing agent and the joint lead arranger in the agreement?,"Greg Strauss, Jason Rinne, Oscar Cortez",3,1,1
60,Who are the Senior Vice Presidents of the company which is both the joint lead arranger and the documentation agent in the agreement?,"Bernadette Collins, Eric H. Williams, Joshua Dearmon, Michael S. Barnett",3,1,1
60,Who are the Directors of the company which is both the joint lead arranger and the documentation agent in the agreement?,"Greg Strauss, Jason Rinne, Oscar Cortez",3,1,1
60,Who are the Directors of the company which is both the lead arranger and the lead bookrunner in the agreement?,"Greg Strauss, Jason Rinne, Oscar Cortez",3,1,1
60,Who are the Senior Vice Presidents of the company which is both the lead arranger and the lead bookrunner in the agreement?,"Bernadette Collins, Eric H. Williams, Joshua Dearmon, Michael S. Barnett",3,1,1
60,Who are the Authorized Signatorys of the company which is both the lead arranger and the lead bookrunner in the agreement?,"Ryan Durkin, Tracy Rahn",3,1,1
60,Who are the Directors of the company which is both the joint bookrunners and the lead arranger in the agreement?,"Greg Strauss, Jason Rinne, Oscar Cortez",3,1,1
60,Who are the Senior Vice Presidents of the company which is both the joint bookrunners and the lead arranger in the agreement?,"Bernadette Collins, Eric H. Williams, Joshua Dearmon, Michael S. Barnett",3,1,1
60,Who are the Directors of the company which is both the managing agent and the lead arranger in the agreement?,"Greg Strauss, Jason Rinne, Oscar Cortez",3,1,1
60,Who are the Senior Vice Presidents of the company which is both the managing agent and the lead arranger in the agreement?,"Bernadette Collins, Eric H. Williams, Joshua Dearmon, Michael S. Barnett",3,1,1
60,Who are the Authorized Signatorys of the company which is both the managing agent and the lead arranger in the agreement?,"Ryan Durkin, Tracy Rahn",3,1,1
60,Who are the Directors of the company which is both the documentation agent and the lead arranger in the agreement?,"Greg Strauss, Jason Rinne, Oscar Cortez",3,1,1
60,Who are the Senior Vice Presidents of the company which is both the documentation agent and the lead arranger in the agreement?,"Bernadette Collins, Eric H. Williams, Joshua Dearmon, Michael S. Barnett",3,1,1
60,Who are the Authorized Signatorys of the company which is both the documentation agent and the lead arranger in the agreement?,"Ryan Durkin, Tracy Rahn",3,1,1
60,Who are the Directors of the company which is both the joint bookrunners and the lead bookrunner in the agreement?,"Greg Strauss, Jason Rinne, Oscar Cortez",3,1,1
60,Who are the Senior Vice Presidents of the company which is both the joint bookrunners and the lead bookrunner in the agreement?,"Bernadette Collins, Eric H. Williams, Joshua Dearmon, Michael S. Barnett",3,1,1
60,Who are the Directors of the company which is both the managing agent and the lead bookrunner in the agreement?,"Greg Strauss, Jason Rinne, Oscar Cortez",3,1,1
60,Who are the Senior Vice Presidents of the company which is both the managing agent and the lead bookrunner in the agreement?,"Bernadette Collins, Eric H. Williams, Joshua Dearmon, Michael S. Barnett",3,1,1
60,Who are the Authorized Signatorys of the company which is both the managing agent and the lead bookrunner in the agreement?,"Ryan Durkin, Tracy Rahn",3,1,1
60,Who are the Directors of the company which is both the documentation agent and the lead bookrunner in the agreement?,"Greg Strauss, Jason Rinne, Oscar Cortez",3,1,1
60,Who are the Senior Vice Presidents of the company which is both the documentation agent and the lead bookrunner in the agreement?,"Bernadette Collins, Eric H. Williams, Joshua Dearmon, Michael S. Barnett",3,1,1
60,Who are the Authorized Signatorys of the company which is both the documentation agent and the lead bookrunner in the agreement?,"Ryan Durkin, Tracy Rahn",3,1,1
60,Who are the Senior Vice Presidents of the company which is both the joint bookrunners and the managing agent in the agreement?,"Bernadette Collins, Eric H. Williams, Joshua Dearmon, Michael S. Barnett",3,1,1
60,Who are the Directors of the company which is both the joint bookrunners and the managing agent in the agreement?,"Greg Strauss, Jason Rinne, Oscar Cortez",3,1,1
60,Who are the Senior Vice Presidents of the company which is both the joint bookrunners and the documentation agent in the agreement?,"Bernadette Collins, Eric H. Williams, Joshua Dearmon, Michael S. Barnett",3,1,1
60,Who are the Directors of the company which is both the joint bookrunners and the documentation agent in the agreement?,"Greg Strauss, Jason Rinne, Oscar Cortez",3,1,1
161,Who is the Vice President of the company which is the Lender but not the JOINT-LEAD ARRANGERS in the agreement?,"Joe White, Thomas Z. Schmitt",3,2,0
161,Who is the Vice President of the company which is the CO-SYNDICATION AGENTS but not the JOINT-LEAD ARRANGERS in the agreement?,"Joe White, Thomas Z. Schmitt",3,2,0
160,Who is the Authorized Officer of the company which is the Issuing Bank but not the Joint Lead Arrangers in the agreement?,Helen D. Davis,3,2,0
148,Who is the Senior Vice President of the company which is the Lender but not the Co-Syndication Agents in the agreement?,"Emily Chott, Jonathan F. Lindvall, R. Ruining Nguyen",3,2,0
61,Who is the Vice President but not Director of the company where Amanuel Assefa is employed?,Jim Cahow,3,2,0
61,Who is the Vice President but not Director of the company where Bridgett J. Manduk-Mowry is employed?,Jim Cahow,3,2,0
61,Who is the Vice President but not Director of the company where Christopher Shafto is employed?,Jim Cahow,3,2,0
61,Who is the Vice President but not Director of the company where Liz Cheng is employed?,Jim Cahow,3,2,0
61,Who is the Vice President but not Director of the company where Marko Lukin is employed?,Jim Cahow,3,2,0
77,What are the positions held by Blair W. Todt but not by Kenneth C. Misemer or Mark Hardison?,"Administrative Officer, Chief Legal, Secretary",1,3,1
77,What companies are the Co-Syndication Agent and the Lender but not the oint Bookrunners in the agreement?,"BANK OF AMERICA, SUNTRUST BANK, WELLS FARGO BANK, NATIONAL ASSOCIATION",1,3,1
77,What companies are the Co-Syndication Agent and the Lender but not the Joint Lead Arrangers in the agreement?,"BANK OF AMERICA, SUNTRUST BANK, WELLS FARGO BANK, NATIONAL ASSOCIATION",1,3,1
77,Who is the Authorized Signatory of the company which is the Lender but not the Co-Documentation Agent in the agreement?,Rebecca Kratz,3,2,0
77,Who is the Executive Director of the company which is the Lender but not the Administrative Agent in the agreement?,Hector J. Varona,3,2,0
77,Who is the Executive Director of the company which is the Lender but not the Issuing Bank in the agreement?,Hector J. Varona,3,2,0
162,Who is the Secretary but not President of the company which is the Guarantor in the agreement?,Michael J. Niedermaier,3,2,0
162,"Who is the Secretary but not Chief Compliance Officer, General Counsel, Senior Vice President of the company which is the Guarantor in the agreement?",Michael Rasmuson,3,2,0
162,"Who is the Secretary but not Chief Compliance Officer, General Counsel, Senior Vice President of the company where Michael J. Niedermaier is employed?",Michael Rasmuson,3,2,0
162,Who is the Secretary but not President of the company where Michael Rasmuson is employed?,Michael J. Niedermaier,3,2,0
89,What companies are the Bookrunners and the Arrangers but not the Administrative Agent in the agreement?,"BARCLAYS BANK PLC, CITIGROUP GLOBAL MARKETS INC, DEUTSCHE BANK SECURITIES INC, GOLUB CAPITAL LLC, KEYBANC CAPITAL MARKETS INC., MACQUARIE CAPITAL %28USA%29 INC.",1,3,1
89,Who is the Chief Financial Officer but not Managing Director of the company where James B. Pekarek is employed?,Charles P. Holden,3,2,0
76,What companies are the Bookrunners and the Arrangers but not the Administrative Agent in the agreement?,"DEUTSCHE BANK SECURITIES INC., RBC CAPITAL MARKETS, SUNTRUST ROBINSON HUMPHREY, INC, THE BANK OF MONTREAL, THE BANK OF TOKYO-MITSUBISHI UFJ, LTD.",1,3,1
76,What companies are the Bookrunners and the Arrangers but not the Collateral Agent in the agreement?,"DEUTSCHE BANK SECURITIES INC., RBC CAPITAL MARKETS, SUNTRUST ROBINSON HUMPHREY, INC, THE BANK OF MONTREAL, THE BANK OF TOKYO-MITSUBISHI UFJ, LTD.",1,3,1
8,What companies are the Bookrunners and the Arrangers but not the Arranger in the agreement?,"FENNER %26 SMITH INCORPORATED, MERRILL LYNCH, PIERCE",1,3,1
8,What companies are the Bookrunners and the Arrangers but not the Bookrunner in the agreement?,"FENNER %26 SMITH INCORPORATED, MERRILL LYNCH, PIERCE",1,3,1
72,Who is the Authorized Signatory of the company which is the Arrangers but not the Syndication Agents in the agreement?,Ryan Durkin,3,2,0
72,Who is the Authorized Signatory of the company which is the Book Runners but not the Syndication Agents in the agreement?,Ryan Durkin,3,2,0
66,What companies are the bookrunners and the joint bookrunner but not the Agents in the agreement?,"KeyBanc Capital Markets, Inc., Wells Fargo Securities, LLC",1,3,1
66,What companies are the bookrunners and the arrangers but not the Agents in the agreement?,"KeyBanc Capital Markets, Inc., Wells Fargo Securities, LLC",1,3,1
66,What companies are the bookrunners and the joint book manager but not the Agents in the agreement?,"KeyBanc Capital Markets, Inc., Wells Fargo Securities, LLC",1,3,1
66,What companies are the bookrunners and the joint book runner but not the Agents in the agreement?,"KeyBanc Capital Markets, Inc., Wells Fargo Securities, LLC",1,3,1
66,What companies are the bookrunners and the joint lead arranger but not the Agents in the agreement?,"KeyBanc Capital Markets, Inc., Wells Fargo Securities, LLC",1,3,1
66,What companies are the bookrunners and the lead arranger but not the Agents in the agreement?,"KeyBanc Capital Markets, Inc., Wells Fargo Securities, LLC",1,3,1
66,What companies are the bookrunners and the lead bookrunner but not the Agents in the agreement?,"KeyBanc Capital Markets, Inc., Wells Fargo Securities, LLC",1,3,1
66,What companies are the bookrunners and the joint bookrunners but not the Agents in the agreement?,"KeyBanc Capital Markets, Inc., Wells Fargo Securities, LLC",1,3,1
66,What companies are the joint bookrunner and the arrangers but not the Agents in the agreement?,"KeyBanc Capital Markets, Inc., Wells Fargo Securities, LLC",1,3,1
66,What companies are the joint bookrunner and the joint book manager but not the Agents in the agreement?,"KeyBanc Capital Markets, Inc., Wells Fargo Securities, LLC",1,3,1
66,What companies are the joint bookrunner and the joint book runner but not the Agents in the agreement?,"KeyBanc Capital Markets, Inc., Wells Fargo Securities, LLC",1,3,1
66,What companies are the joint bookrunner and the joint lead arranger but not the Agents in the agreement?,"KeyBanc Capital Markets, Inc., Wells Fargo Securities, LLC",1,3,1
66,What companies are the joint bookrunner and the lead arranger but not the Agents in the agreement?,"KeyBanc Capital Markets, Inc., Wells Fargo Securities, LLC",1,3,1
66,What companies are the joint bookrunner and the lead bookrunner but not the Agents in the agreement?,"KeyBanc Capital Markets, Inc., Wells Fargo Securities, LLC",1,3,1
66,What companies are the joint bookrunner and the joint bookrunners but not the Agents in the agreement?,"KeyBanc Capital Markets, Inc., Wells Fargo Securities, LLC",1,3,1
66,What companies are the arrangers and the joint book manager but not the Agents in the agreement?,"KeyBanc Capital Markets, Inc., Wells Fargo Securities, LLC",1,3,1
66,What companies are the arrangers and the joint book runner but not the Agents in the agreement?,"KeyBanc Capital Markets, Inc., Wells Fargo Securities, LLC",1,3,1
66,What companies are the arrangers and the joint lead arranger but not the Agents in the agreement?,"KeyBanc Capital Markets, Inc., Wells Fargo Securities, LLC",1,3,1
66,What companies are the arrangers and the lead arranger but not the Agents in the agreement?,"KeyBanc Capital Markets, Inc., Wells Fargo Securities, LLC",1,3,1
66,What companies are the arrangers and the lead bookrunner but not the Agents in the agreement?,"KeyBanc Capital Markets, Inc., Wells Fargo Securities, LLC",1,3,1
66,What companies are the arrangers and the joint bookrunners but not the Agents in the agreement?,"KeyBanc Capital Markets, Inc., Wells Fargo Securities, LLC",1,3,1
66,What companies are the joint book manager and the joint book runner but not the Agents in the agreement?,"KeyBanc Capital Markets, Inc., Wells Fargo Securities, LLC",1,3,1
66,What companies are the joint book manager and the joint lead arranger but not the Agents in the agreement?,"KeyBanc Capital Markets, Inc., Wells Fargo Securities, LLC",1,3,1
66,What companies are the joint book manager and the lead arranger but not the Agents in the agreement?,"KeyBanc Capital Markets, Inc., Wells Fargo Securities, LLC",1,3,1
66,What companies are the joint book manager and the lead bookrunner but not the Agents in the agreement?,"KeyBanc Capital Markets, Inc., Wells Fargo Securities, LLC",1,3,1
66,What companies are the joint book manager and the joint bookrunners but not the Agents in the agreement?,"KeyBanc Capital Markets, Inc., Wells Fargo Securities, LLC",1,3,1
66,What companies are the joint book runner and the joint lead arranger but not the Agents in the agreement?,"KeyBanc Capital Markets, Inc., Wells Fargo Securities, LLC",1,3,1
66,What companies are the joint book runner and the lead arranger but not the Agents in the agreement?,"KeyBanc Capital Markets, Inc., Wells Fargo Securities, LLC",1,3,1
66,What companies are the joint book runner and the lead bookrunner but not the Agents in the agreement?,"KeyBanc Capital Markets, Inc., Wells Fargo Securities, LLC",1,3,1
66,What companies are the joint book runner and the joint bookrunners but not the Agents in the agreement?,"KeyBanc Capital Markets, Inc., Wells Fargo Securities, LLC",1,3,1
66,What companies are the joint lead arranger and the lead arranger but not the Agents in the agreement?,"KeyBanc Capital Markets, Inc., Wells Fargo Securities, LLC",1,3,1
66,What companies are the joint lead arranger and the lead bookrunner but not the Agents in the agreement?,"KeyBanc Capital Markets, Inc., Wells Fargo Securities, LLC",1,3,1
66,What companies are the joint lead arranger and the joint bookrunners but not the Agents in the agreement?,"KeyBanc Capital Markets, Inc., Wells Fargo Securities, LLC",1,3,1
66,What companies are the lead arranger and the lead bookrunner but not the Agents in the agreement?,"KeyBanc Capital Markets, Inc., Wells Fargo Securities, LLC",1,3,1
66,What companies are the lead arranger and the joint bookrunners but not the Agents in the agreement?,"KeyBanc Capital Markets, Inc., Wells Fargo Securities, LLC",1,3,1
66,What companies are the lead bookrunner and the joint bookrunners but not the Agents in the agreement?,"KeyBanc Capital Markets, Inc., Wells Fargo Securities, LLC",1,3,1
66,Who are the Directors of the company which is both the joint bookrunner and the joint book manager in the agreement?,"Cecile Segovia, Kevin Wood",3,1,1
66,Who are the Directors of the company which is both the joint book runner and the joint bookrunner in the agreement?,"Cecile Segovia, Kevin Wood",3,1,1
66,Who are the Directors of the company which is both the joint bookrunner and the joint lead arranger in the agreement?,"Cecile Segovia, Kevin Wood",3,1,1
66,Who are the Directors of the company which is both the joint bookrunner and the lead arranger in the agreement?,"Cecile Segovia, Kevin Wood",3,1,1
66,Who are the Directors of the company which is both the joint bookrunner and the lead bookrunner in the agreement?,"Cecile Segovia, Kevin Wood",3,1,1
66,Who are the Directors of the company which is both the joint bookrunners and the joint bookrunner in the agreement?,"Cecile Segovia, Kevin Wood",3,1,1
66,Who are the Directors of the company which is both the joint book runner and the joint book manager in the agreement?,"Cecile Segovia, Kevin Wood",3,1,1
66,Who are the Directors of the company which is both the joint lead arranger and the joint book manager in the agreement?,"Cecile Segovia, Kevin Wood",3,1,1
66,Who are the Directors of the company which is both the lead arranger and the joint book manager in the agreement?,"Cecile Segovia, Kevin Wood",3,1,1
66,Who are the Directors of the company which is both the joint book manager and the lead bookrunner in the agreement?,"Cecile Segovia, Kevin Wood",3,1,1
66,Who are the Directors of the company which is both the joint bookrunners and the joint book manager in the agreement?,"Cecile Segovia, Kevin Wood",3,1,1
66,Who are the Directors of the company which is both the joint book runner and the joint lead arranger in the agreement?,"Cecile Segovia, Kevin Wood",3,1,1
66,Who are the Directors of the company which is both the joint book runner and the lead arranger in the agreement?,"Cecile Segovia, Kevin Wood",3,1,1
66,Who are the Directors of the company which is both the joint book runner and the lead bookrunner in the agreement?,"Cecile Segovia, Kevin Wood",3,1,1
66,Who are the Directors of the company which is both the joint book runner and the joint bookrunners in the agreement?,"Cecile Segovia, Kevin Wood",3,1,1
66,Who are the Directors of the company which is both the joint lead arranger and the lead arranger in the agreement?,"Cecile Segovia, Kevin Wood",3,1,1
66,Who are the Directors of the company which is both the joint lead arranger and the lead bookrunner in the agreement?,"Cecile Segovia, Kevin Wood",3,1,1
66,Who are the Directors of the company which is both the joint bookrunners and the joint lead arranger in the agreement?,"Cecile Segovia, Kevin Wood",3,1,1
66,Who are the Directors of the company which is both the lead arranger and the lead bookrunner in the agreement?,"Cecile Segovia, Kevin Wood",3,1,1
66,Who are the Directors of the company which is both the joint bookrunners and the lead arranger in the agreement?,"Cecile Segovia, Kevin Wood",3,1,1
66,Who are the Directors of the company which is both the joint bookrunners and the lead bookrunner in the agreement?,"Cecile Segovia, Kevin Wood",3,1,1
66,Who is the Authorized Signer of the company which is the Lender but not the Revolver in the agreement?,James Riley,3,2,0
66,Who is the Director of the company which is the Lender but not the joint bookrunners in the agreement?,"Cecile Segovia, Kevin Wood",3,2,0
66,Who is the Director of the company which is the Lender but not the Agents in the agreement?,"Cecile Segovia, Kevin Wood",3,2,0
66,Who is the Director of the company which is the Lender but not the arrangers in the agreement?,"Cecile Segovia, Kevin Wood",3,2,0
66,Who is the Managing Director of the company which is the Lender but not the Agent in the agreement?,"Darin Mullis, Erin Robinson",3,2,0
99,What companies are the Lender and the Agent but not the Bank in the agreement?,"REGIONS BANK, SUNTRUST BANK, THE BANK OF TOKYO-MITSUBISHI UFJ, LTD.",1,3,1
99,Who is the President but not Treasurer of the company where S. Victoria Harvey is employed?,Doug Couvillion,3,2,0
98,What companies are the L%2FC Issuer and the Agent but not the ADMINISTRATIVE%09 %09%09 %09%09 %09AGENT %26 LENDER in the agreement?,"BANK OF AMERICA, N.A., Bank of America",1,3,1
98,What companies are the L%2FC Issuer and the Lender but not the ADMINISTRATIVE%09 %09%09 %09%09 %09AGENT %26 LENDER in the agreement?,"BANK OF AMERICA, N.A., Bank of America",1,3,1
98,What companies are the Agent and the Lender but not the ADMINISTRATIVE%09 %09%09 %09%09 %09AGENT %26 LENDER in the agreement?,"BANK OF AMERICA, N.A., Bank of America",1,3,1
166,What companies are the Bookrunners and the Lender but not the Collateral Agent in the agreement?,"AUSTRALIA AND NEW ZEALAND BANKING GROUP LIMITED, AXIS BANK LIMITED, BANK OF BARODA, BARCLAYS BANK PLC, KOTAK MAHINDRA BANK LIMITED, STATE BANK OF INDIA, THE BANK OF TOKYO-MITSUBISHI UFJ, LTD.",1,3,1
166,What companies are the Bookrunners and the Lender but not the Administrative Agent in the agreement?,"AUSTRALIA AND NEW ZEALAND BANKING GROUP LIMITED, AXIS BANK LIMITED, BANK OF BARODA, BARCLAYS BANK PLC, KOTAK MAHINDRA BANK LIMITED, STATE BANK OF INDIA, THE BANK OF TOKYO-MITSUBISHI UFJ, LTD.",1,3,1
166,Who is the Head of Loan Syndications of the company which is the Bookrunners but not the Lead Arrangers in the agreement?,Carl Roberts,3,2,0
166,Who is the Head of Loan Syndications of the company which is the Lender but not the Lead Arrangers in the agreement?,Carl Roberts,3,2,0
166,Who is the Head of Loan Syndications of the company which is the Lender but not the Bookrunners in the agreement?,Carl Roberts,3,2,0
166,Who is the Assistant Vice Presiden of the company which is the Lender but not the Bookrunners in the agreement?,Mark Pope,3,2,0
166,Who is the SVP %28Credit Administration%29 of the company which is the Lender but not the Bookrunners in the agreement?,R. Srinivasa Sekaran,3,2,0
166,Who is the General Manager of the company which is the Lender but not the Bookrunners in the agreement?,Suguru Hattori,3,2,0
166,Who is the Chief Executive of the company which is the Lender but not the Bookrunners in the agreement?,Rachit Bhatia,3,2,0
166,Who is the Head - CBO of the company which is the Lender but not the Bookrunners in the agreement?,Sandeep Patnaik,3,2,0
166,Who is the Chief Executive of the company which is the Lender but not the Lead Arrangers in the agreement?,Rachit Bhatia,3,2,0
166,Who is the Head - CBO of the company which is the Lender but not the Lead Arrangers in the agreement?,Sandeep Patnaik,3,2,0
166,Who is the Chief Executive of the company which is the Bookrunners but not the Lead Arrangers in the agreement?,Rachit Bhatia,3,2,0
166,Who is the Head - CBO of the company which is the Bookrunners but not the Lead Arrangers in the agreement?,Sandeep Patnaik,3,2,0
166,Who is the Chief Manager of the company which is the Lender but not the Bookrunners in the agreement?,Sudip Kumar Ghatak,3,2,0
166,Who is the Chief Manager of the company which is the Lender but not the Lead Arrangers in the agreement?,Sudip Kumar Ghatak,3,2,0
166,Who is the Chief Manager of the company which is the Bookrunners but not the Lead Arrangers in the agreement?,Sudip Kumar Ghatak,3,2,0
9,Who is the Director of the company which is the Lender but not the Arranger in the agreement?,"Ann E. Sutton, Mikhail Faybusovich",3,2,0
9,Who is the Director of the company which is the Lender but not the Bookrunner in the agreement?,"Ann E. Sutton, Mikhail Faybusovich",3,2,0
9,Who is the Director of the company which is the Agent but not the Arranger in the agreement?,"Ann E. Sutton, Mikhail Faybusovich",3,2,0
9,Who is the Director of the company which is the Agent but not the Bookrunner in the agreement?,"Ann E. Sutton, Mikhail Faybusovich",3,2,0
9,"Who is the Senior Vice President but not Chief Financial Officer, Treasurer of the company where Eric Searls is employed?",Mark E. Newman,3,2,0
9,"Who is the Senior Vice President but not Chief Financial Officer, Treasurer of the company where Jonathan M. Phillips is employed?",Mark E. Newman,3,2,0
59,What are the roles and subroles that Bank of the West and Branch Banking and Trust Company share in the agreement that are not held by U.S. Bank?,"co-syndication agent, co-documentation agent",1,3,1
59,"What are the roles and subroles that Bank of the West and Citibank, N.A. share in the agreement that are not held by U.S. Bank?","co-syndication agent, co-documentation agent",1,3,1
59,What are the roles and subroles that Bank of the West and Fifth Third Bank share in the agreement that are not held by U.S. Bank?,"co-syndication agent, co-documentation agent",1,3,1
59,What companies are the co-syndication agent and the co-documentation agent but not the Arrangers in the agreement?,"ABN AMRO Capital LLC, BMO Harris Bank N.A., Bank of America, N.A., Branch Banking and Trust Company, Citibank, N.A.",1,3,1
59,What companies are the co-syndication agent and the agents but not the Arrangers in the agreement?,"ABN AMRO Capital LLC, BMO Harris Bank N.A., Bank of America, N.A., Branch Banking and Trust Company, Citibank, N.A.",1,3,1
59,What companies are the co-documentation agent and the agents but not the Arrangers in the agreement?,"ABN AMRO Capital LLC, BMO Harris Bank N.A., Bank of America, N.A., Branch Banking and Trust Company, Citibank, N.A.",1,3,1
65,Who is the Director of the company which is the Lender but not the Issuer in the agreement?,Sean McWhinnie,3,2,0
65,Who is the Director of the company which is the Lender but not the Agent in the agreement?,Sean McWhinnie,3,2,0
170,What companies are the Agent and the Lender but not the L%2FC Issuer in the agreement?,"CITIBANK, N.A., GOLDMAN SACHS BANK USA, JPMORGAN CHASE BANK, N.A., MORGAN STANLEY BANK , N.A., THE BANK OF NOVA SCOTIA, U.S. BANK NATIONAL ASSOCIATION, WELLS FARGO BANK, N.A.",1,3,1
165,What are the positions held by Johan Nystedt but not by Pacella Lehane or Ryan Zimmerman?,"Investor Relations Officer, Treasurer",1,3,1
165,Who is the Executive Director of the company which is the Lender but not the Syndication Agent in the agreement?,Tony Young,3,2,0
58,Who is the President but not Chief Executive Officer of the company where Michael Fleming is employed?,Dennis M. Lanfear,3,2,0
41,Who is the Director of the company which is the Lender but not the Agent in the agreement?,John Dillon,3,2,0
41,Who is the Director of the company which is the Lender but not the LC Issuer in the agreement?,John Dillon,3,2,0
96,Who is the SVP of the company which is the LENDERS but not the Agent in the agreement?,John M. Valentine,3,2,0
96,Who is the AVP %26 Portfolio Mgr. of the company which is the LENDERS but not the Arrangers in the agreement?,Holland H. Williams,3,2,0
96,Who is the AVP %26 Portfolio Mgr. of the company which is the LENDERS but not the Agent in the agreement?,Holland H. Williams,3,2,0
96,Who is the AVP %26 Portfolio Mgr. of the company which is the LENDERS but not the Book Managers in the agreement?,Holland H. Williams,3,2,0
140,Who is the Director but not Authorized Signatory of the company where Sean McKinley is employed?,Demetrios Tserpelis,3,2,0
140,Who is the Director but not Authorized Signatory of the company where Tony Traynor is employed?,Demetrios Tserpelis,3,2,0
155,Who is the directors but not Chief Executive Officer of the company where Patrick Foley is employed?,Michael Pope,3,2,0
155,"Who is the directors but not Chief Financial Officer, Director, Statutory Director of the company where Michael Pope is employed?",Patrick Foley,3,2,0
169,What companies are the Lender and the Agent but not the Documentation Agent in the agreement?,"BANK OF AMERICA, N.A., CO%C3%96PERATIEVE CENTRALE RAIFFEISEN %E2%80%93 BOERENLEENBANK B.A.,%22RABOBANK NEDERLAND%22, NEW YORK BRANCH, WELLS FARGO BANK, NATIONAL ASSOCIATION",1,3,1
169,What companies are the Lender and the Agent but not the Book Runners in the agreement?,"BANK OF AMERICA, N.A., CO%C3%96PERATIEVE CENTRALE RAIFFEISEN %E2%80%93 BOERENLEENBANK B.A.,%22RABOBANK NEDERLAND%22, NEW YORK BRANCH, GOLDMAN SACHS BANK USA",1,3,1
169,What companies are the Lender and the Agent but not the Administrative Agent in the agreement?,"BANK OF AMERICA, N.A., CO%C3%96PERATIEVE CENTRALE RAIFFEISEN %E2%80%93 BOERENLEENBANK B.A.,%22RABOBANK NEDERLAND%22, NEW YORK BRANCH, GOLDMAN SACHS BANK USA",1,3,1
169,What companies are the Lender and the Agent but not the Book Runner in the agreement?,"BANK OF AMERICA, N.A., CO%C3%96PERATIEVE CENTRALE RAIFFEISEN %E2%80%93 BOERENLEENBANK B.A.,%22RABOBANK NEDERLAND%22, NEW YORK BRANCH, GOLDMAN SACHS BANK USA",1,3,1
169,What companies are the Lender and the Arranger but not the Documentation Agent in the agreement?,"CO%C3%96PERATIEVE CENTRALE RAIFFEISEN %E2%80%93 BOERENLEENBANK B.A.,%22RABOBANK NEDERLAND%22, NEW YORK BRANCH, WELLS FARGO BANK, NATIONAL ASSOCIATION",1,3,1
169,What companies are the Lender and the Arranger but not the Book Runners in the agreement?,"CO%C3%96PERATIEVE CENTRALE RAIFFEISEN %E2%80%93 BOERENLEENBANK B.A.,%22RABOBANK NEDERLAND%22, NEW YORK BRANCH, GOLDMAN SACHS BANK USA",1,3,1
169,What companies are the Lender and the Arranger but not the Administrative Agent in the agreement?,"CO%C3%96PERATIEVE CENTRALE RAIFFEISEN %E2%80%93 BOERENLEENBANK B.A.,%22RABOBANK NEDERLAND%22, NEW YORK BRANCH, GOLDMAN SACHS BANK USA",1,3,1
169,What companies are the Lender and the Arranger but not the Book Runner in the agreement?,"CO%C3%96PERATIEVE CENTRALE RAIFFEISEN %E2%80%93 BOERENLEENBANK B.A.,%22RABOBANK NEDERLAND%22, NEW YORK BRANCH, GOLDMAN SACHS BANK USA",1,3,1
169,What companies are the Agent and the Arranger but not the Documentation Agent in the agreement?,"CO%C3%96PERATIEVE CENTRALE RAIFFEISEN %E2%80%93 BOERENLEENBANK B.A.,%22RABOBANK NEDERLAND%22, NEW YORK BRANCH, WELLS FARGO BANK, NATIONAL ASSOCIATION",1,3,1
169,What companies are the Agent and the Arranger but not the Book Runners in the agreement?,"CO%C3%96PERATIEVE CENTRALE RAIFFEISEN %E2%80%93 BOERENLEENBANK B.A.,%22RABOBANK NEDERLAND%22, NEW YORK BRANCH, GOLDMAN SACHS BANK USA",1,3,1
169,What companies are the Agent and the Arranger but not the Administrative Agent in the agreement?,"CO%C3%96PERATIEVE CENTRALE RAIFFEISEN %E2%80%93 BOERENLEENBANK B.A.,%22RABOBANK NEDERLAND%22, NEW YORK BRANCH, GOLDMAN SACHS BANK USA",1,3,1
169,What companies are the Agent and the Arranger but not the Book Runner in the agreement?,"CO%C3%96PERATIEVE CENTRALE RAIFFEISEN %E2%80%93 BOERENLEENBANK B.A.,%22RABOBANK NEDERLAND%22, NEW YORK BRANCH, GOLDMAN SACHS BANK USA",1,3,1
169,Who is the Vice President of the company which is the Lender but not the Arranger in the agreement?,Jeff Bliss,3,2,0
169,Who is the Executive Director of the company which is the Lender but not the Arranger in the agreement?,Timothy J. Devane,3,2,0
169,Who is the Vice President of the company which is the Lender but not the Agent in the agreement?,Jeff Bliss,3,2,0
169,Who is the Executive Director of the company which is the Lender but not the Agent in the agreement?,Timothy J. Devane,3,2,0
83,What are the positions held by Michael Ray but not by Rita E. Dillon or Steve Levi?,"General Counsel, Secretary",1,3,1
83,What are the positions held by Michael Ray but not by Rita E. Dillon or Steve Ryan?,"General Counsel, Secretary",1,3,1
83,What are the positions held by Michael Ray but not by Steve Levi or Steve Ryan?,"General Counsel, Secretary",1,3,1
83,"Who is the Senior Vice President but not General Counsel, Secretary of the company where Andrew Hietala is employed?",Michael Ray,3,2,0
83,"Who is the Senior Vice President but not General Counsel, Secretary of the company where Michael Dixon is employed?",Michael Ray,3,2,0
83,"Who is the Senior Vice President but not General Counsel, Secretary of the company where Rita E. Dillon is employed?",Michael Ray,3,2,0
83,"Who is the Senior Vice President but not General Counsel, Secretary of the company where Steve Levi is employed?",Michael Ray,3,2,0
83,"Who is the Senior Vice President but not General Counsel, Secretary of the company where Steve Ryan is employed?",Michael Ray,3,2,0
68,What companies are the Lender and the Agent but not the Issuer in the agreement?,"BANK OF MONTREAL, CITIZENS BANK, N.A., REGIONS BANK",1,3,1
68,Who is the Executive Director of the company which is the Lender but not the Issuer in the agreement?,Austin Lotito,3,2,0
68,Who is the Executive Director of the company which is the Agent but not the Issuer in the agreement?,Austin Lotito,3,2,0
54,Who is the Managing Director but not Senior Vice President of the company where Chuckie Reddy is employed?,Jonathan Olsen,3,2,0
40,What companies are the Lender and the Agent but not the Issuing Bank in the agreement?,"ASSOCIATED BANK, NATIONAL ASSOCIATION, FIRST NIAGARA BANK, N.A., KEYBANK NATIONAL ASSOCIATION",1,3,1
40,Who is the First Vice President of the company which is the Lender but not the Agent in the agreement?,David Reading,3,2,0
40,Who is the Executive Director of the company which is the Lender but not the Agent in the agreement?,Hector J. Varona,3,2,0
40,Who is the Executive Director of the company which is the Lender but not the Issuing Bank in the agreement?,Hector J. Varona,3,2,0
40,Who is the Executive Director of the company which is the Agent but not the Issuing Bank in the agreement?,Hector J. Varona,3,2,0
42,"Who is the Senior Vice President but not Chief Financial Officer, Chief FinancialOfficer, Treasurer of the company where Alan Garson is employed?",Michael J. Bufano,3,2,0
142,"Who is the Director, Resources %26 Energy Group of the company which is the Lender but not the Documentation Agents in the agreement?",Jason Lang,3,2,0
142,Who is the Executive Director of the company which is the Lender but not the Agent in the agreement?,Juan J. Javellana,3,2,0
142,"Who is the Corporate Secretary but not Vice-President, Law of the company where Jon A. Dobson is employed?",Christine R. Johnston,3,2,0
156,What companies are the Lender and the Issuing Bank but not the bookrunners in the agreement?,"WELLS FARGO BANK, NATIONAL ASSOCIATION, WELLS FARGO CAPITAL FINANCE CORPORATION CANADA",1,3,1
156,What companies are the Lender and the Issuing Bank but not the administrative agent in the agreement?,"BNP PARIBAS, WELLS FARGO CAPITAL FINANCE CORPORATION CANADA",1,3,1
156,What companies are the Lender and the Issuing Bank but not the Bookrunner in the agreement?,"BNP PARIBAS, WELLS FARGO CAPITAL FINANCE CORPORATION CANADA",1,3,1
156,What companies are the Lender and the Issuing Bank but not the Agent in the agreement?,"BNP PARIBAS, WELLS FARGO CAPITAL FINANCE CORPORATION CANADA",1,3,1
156,What companies are the Lender and the Issuing Bank but not the Lead Arranger in the agreement?,"BNP PARIBAS, WELLS FARGO CAPITAL FINANCE CORPORATION CANADA",1,3,1
156,What companies are the Lender and the Issuing Bank but not the Security Agent in the agreement?,"BNP PARIBAS, WELLS FARGO CAPITAL FINANCE CORPORATION CANADA",1,3,1
156,What companies are the Lender and the Issuing Bank but not the lead arrangers in the agreement?,"BNP PARIBAS, WELLS FARGO CAPITAL FINANCE CORPORATION CANADA",1,3,1
156,Who is the Executive Director of the company which is the Issuing Bank but not the Lende in the agreement?,Timothy Lee,3,2,0
156,Who is the Vice President of the company which is the Lender but not the bookrunners in the agreement?,"Christopher Cassidy, Philip Tancorra",3,2,0
156,Who is the Vice President of the company which is the Issuing Bank but not the bookrunners in the agreement?,"Christopher Cassidy, Philip Tancorra",3,2,0
156,Who is the Vice President of the company which is the Joint Lead Arrangers but not the bookrunners in the agreement?,"Christopher Cassidy, Philip Tancorra",3,2,0
156,Who is the Vice President of the company which is the Joint Bookrunners but not the bookrunners in the agreement?,"Christopher Cassidy, Philip Tancorra",3,2,0
156,"Who is the Director but not Chief Financial Officer, Executive Vice President and Chief Financial Officer of the company where Guelay Mese is employed?",Henk Derksen,3,2,0
94,What companies are the Bookrunners and the Arrangers but not the Lender in the agreement?,"PNC CAPITAL MARKETS LLC, SUMITOMO MITSUI BANKING CORPORATION, SUNTRUST ROBINSON HUMPHREY, INC.",1,3,1
94,What companies are the Bookrunners and the Arrangers but not the Agent in the agreement?,"FIFTH THIRD BANK, PNC CAPITAL MARKETS LLC, SUMITOMO MITSUI BANKING CORPORATION, SUNTRUST ROBINSON HUMPHREY, INC.",1,3,1
94,Who is the Managing Director of the company which is the Lender but not the Bookrunners in the agreement?,E. Joseph Hess,3,2,0
94,Who is the Managing Director of the company which is the Lender but not the Arrangers in the agreement?,E. Joseph Hess,3,2,0
94,Who is the Managing Director of the company which is the Lender but not the Agent in the agreement?,E. Joseph Hess,3,2,0
94,Who is the Managing Director of the company which is the Agent but not the Bookrunners in the agreement?,E. Joseph Hess,3,2,0
94,Who is the Managing Director of the company which is the Agent but not the Arrangers in the agreement?,E. Joseph Hess,3,2,0
57,Who is the Director of the company which is the Lender but not the Agent in the agreement?,"John W. Deegan, Ming K. Chu, Mukesh Singh, Sydney G. Dennis",3,2,0
5,Who is the Senior Vice President but not Vice President of the company where Denise Smyth is employed?,Roy E. Alexander,3,2,0
5,Who is the Senior Vice President but not Vice President of the company where Robert Masters is employed?,Roy E. Alexander,3,2,0
47,Who is the Vice President of the company which is the Lender but not the co-Syndication Agents in the agreement?,Bremmer Kneib,3,2,0
47,Who is the Director of the company which is the Lender but not the Joint Bookrunners in the agreement?,Brian McNany,3,2,0
47,Who is the Director of the company which is the co-Syndication Agents but not the Joint Bookrunners in the agreement?,Brian McNany,3,2,0
47,Who is the Director of the company which is the Lender but not the co-Syndication Agents in the agreement?,Brian McNany,3,2,0
47,Who is the Senior Vice President of the company which is the Lender but not the co-Syndication Agents in the agreement?,"Kristie Li, Robert LaPorte",3,2,0
47,"Who is the Managing Director of the company which is the Lender but not the Administrative Agent, in the agreement?",Kirk Tesch,3,2,0
90,Who is the Vice President but not Treasurer of the company where Christopher A. Salek is employed?,William C. Whitaker,3,2,0
90,Who is the Vice President but not Treasurer of the company where Michael Vondriska is employed?,William C. Whitaker,3,2,0
84,What are the positions held by Chwan-Ming Ho and Edward Chen but not by Elsa O%C2%92Brien?,"General Manager, VP",1,3,1
84,What are the positions held by Chwan-Ming Ho and Edward Chen but not by Helga Blum?,"General Manager, VP",1,3,1
84,What are the positions held by Chwan-Ming Ho and Edward Chen but not by James M. Armstrong?,"General Manager, VP",1,3,1
84,What are the positions held by Chwan-Ming Ho and Edward Chen but not by John C. Rowland?,"General Manager, VP",1,3,1
84,What are the positions held by Chwan-Ming Ho and Edward Chen but not by Joselin Fernandes?,"General Manager, VP",1,3,1
84,What are the positions held by Chwan-Ming Ho and Edward Chen but not by Joshua Freedman?,"General Manager, VP",1,3,1
84,What are the positions held by Chwan-Ming Ho and Edward Chen but not by Joshua Turner?,"General Manager, VP",1,3,1
84,What are the positions held by Chwan-Ming Ho and Edward Chen but not by Kazuhisa Matsuda?,"General Manager, VP",1,3,1
84,What are the positions held by Chwan-Ming Ho and Edward Chen but not by Kirby R. Holman?,"General Manager, VP",1,3,1
84,What are the positions held by Chwan-Ming Ho and Edward Chen but not by Kristy Ahee?,"General Manager, VP",1,3,1
84,What are the positions held by Chwan-Ming Ho and Edward Chen but not by Kyle B. O%C2%92Neill?,"General Manager, VP",1,3,1
84,What are the positions held by Chwan-Ming Ho and Edward Chen but not by Lana Gifas?,"General Manager, VP",1,3,1
84,What are the positions held by Chwan-Ming Ho and Edward Chen but not by Laura Conway?,"General Manager, VP",1,3,1
84,What are the positions held by Chwan-Ming Ho and Edward Chen but not by Mark Costantino?,"General Manager, VP",1,3,1
84,What are the positions held by Chwan-Ming Ho and Edward Chen but not by Megan R. Brearey?,"General Manager, VP",1,3,1
84,What are the positions held by Chwan-Ming Ho and Edward Chen but not by Michael A. Crabtree?,"General Manager, VP",1,3,1
84,What are the positions held by Chwan-Ming Ho and Edward Chen but not by Michael D%C2%92Onofrio?,"General Manager, VP",1,3,1
84,What are the positions held by Chwan-Ming Ho and Edward Chen but not by Michael King?,"General Manager, VP",1,3,1
84,What are the positions held by Chwan-Ming Ho and Edward Chen but not by Ming K. Chu?,"General Manager, VP",1,3,1
84,What are the positions held by Chwan-Ming Ho and Edward Chen but not by Mr. George L. Chapman?,"General Manager, VP",1,3,1
84,What are the positions held by Chwan-Ming Ho and Edward Chen but not by Noam Azachi?,"General Manager, VP",1,3,1
84,What are the positions held by Chwan-Ming Ho and Edward Chen but not by Samuel A. Bluso?,"General Manager, VP",1,3,1
84,What are the positions held by Chwan-Ming Ho and Edward Chen but not by Scott O%C2%92Connell?,"General Manager, VP",1,3,1
84,What are the positions held by Chwan-Ming Ho and Edward Chen but not by Tanya Crossley?,"General Manager, VP",1,3,1
84,What are the positions held by Chwan-Ming Ho and Edward Chen but not by Virginia Cosenza?,"General Manager, VP",1,3,1
84,What are the positions held by Chwan-Ming Ho and Li Hua Huang but not by Mark Costantino?,"General Manager, VP",1,3,1
84,What are the positions held by Chwan-Ming Ho and Li Hua Huang but not by Megan R. Brearey?,"General Manager, VP",1,3,1
84,What are the positions held by Chwan-Ming Ho and Li Hua Huang but not by Michael A. Crabtree?,"General Manager, VP",1,3,1
84,What are the positions held by Chwan-Ming Ho and Li Hua Huang but not by Michael D%C2%92Onofrio?,"General Manager, VP",1,3,1
84,What are the positions held by Chwan-Ming Ho and Li Hua Huang but not by Michael King?,"General Manager, VP",1,3,1
84,What are the positions held by Chwan-Ming Ho and Li Hua Huang but not by Ming K. Chu?,"General Manager, VP",1,3,1
84,What are the positions held by Chwan-Ming Ho and Li Hua Huang but not by Mr. George L. Chapman?,"General Manager, VP",1,3,1
84,What are the positions held by Chwan-Ming Ho and Li Hua Huang but not by Noam Azachi?,"General Manager, VP",1,3,1
84,What are the positions held by Chwan-Ming Ho and Li Hua Huang but not by Samuel A. Bluso?,"General Manager, VP",1,3,1
84,What are the positions held by Chwan-Ming Ho and Li Hua Huang but not by Scott O%C2%92Connell?,"General Manager, VP",1,3,1
84,What are the positions held by Chwan-Ming Ho and Li Hua Huang but not by Tanya Crossley?,"General Manager, VP",1,3,1
84,What are the positions held by Chwan-Ming Ho and Li Hua Huang but not by Virginia Cosenza?,"General Manager, VP",1,3,1
84,What are the positions held by Edward Chen and Li Hua Huang but not by Mark Costantino?,"General Manager, VP",1,3,1
84,What are the positions held by Edward Chen and Li Hua Huang but not by Megan R. Brearey?,"General Manager, VP",1,3,1
84,What are the positions held by Edward Chen and Li Hua Huang but not by Michael A. Crabtree?,"General Manager, VP",1,3,1
84,What are the positions held by Edward Chen and Li Hua Huang but not by Michael D%C2%92Onofrio?,"General Manager, VP",1,3,1
84,What are the positions held by Edward Chen and Li Hua Huang but not by Michael King?,"General Manager, VP",1,3,1
84,What are the positions held by Edward Chen and Li Hua Huang but not by Ming K. Chu?,"General Manager, VP",1,3,1
84,What are the positions held by Edward Chen and Li Hua Huang but not by Mr. George L. Chapman?,"General Manager, VP",1,3,1
84,What are the positions held by Edward Chen and Li Hua Huang but not by Noam Azachi?,"General Manager, VP",1,3,1
84,What are the positions held by Edward Chen and Li Hua Huang but not by Samuel A. Bluso?,"General Manager, VP",1,3,1
84,What are the positions held by Edward Chen and Li Hua Huang but not by Scott O%C2%92Connell?,"General Manager, VP",1,3,1
84,What are the positions held by Edward Chen and Li Hua Huang but not by Tanya Crossley?,"General Manager, VP",1,3,1
84,What are the positions held by Edward Chen and Li Hua Huang but not by Virginia Cosenza?,"General Manager, VP",1,3,1
84,Who are both the General Managers and VPs of E.SUN COMMERCIAL BANK?,"Edward Chen, Li Hua Huang",3,1,1
84,Who is the General Manager but not VP of the company where Alexander Wu is employed?,Chwan-Ming Ho,3,2,0
84,Who is the General Manager but not SVP of the company where Chwan-Ming Ho is employed?,Alexander Wu,3,2,0
84,Who is the Senior Vice President but not Treasurer of the company where Brian Tuerff is employed?,Michael A. Crabtree,3,2,0
84,Who is the Senior Vice President but not Treasurer of the company where James M. Armstrong is employed?,Michael A. Crabtree,3,2,0
84,Who is the Senior Vice President but not Treasurer of the company where Samuel A. Bluso is employed?,Michael A. Crabtree,3,2,0
147,What companies are the Lender and the L%2FC Issuer but not the Agent in the agreement?,"Bank of America, Barclays Bank PLC, Citibank, Goldman Sachs Bank USA, Mizuho Bank, Ltd., Morgan Stanley Senior Funding, Inc.",1,3,1
147,Who is the Authorized Signatory of the company which is the L%2FC Issuer but not the Lender in the agreement?,Thomas Manning,3,2,0
147,Who is the Managing Director of the company which is the L%2FC Issuer but not the Lender in the agreement?,Raymond Ventura,3,2,0
147,Who is the Director of the company which is the L%2FC Issuer but not the Lender in the agreement?,"Joseph L. Corah, Ronnie Glenn",3,2,0
147,Who is the Executive Director of the company which is the Lender but not the Agent in the agreement?,Dawn Lee Lum,3,2,0
147,Who is the Executive Director of the company which is the L%2FC Issuer but not the Agent in the agreement?,Dawn Lee Lum,3,2,0
147,Who is the Executive Director of the company which is the L%2FC Issuer but not the Lender in the agreement?,Dawn Lee Lum,3,2,0
147,Who is the Authorized Signatory of the company which is the L%2FC Issuer but not the Lender in the agreement?,"Graham Robertson, Komal Shah, Whitney Gaston",3,2,0
153,What companies are the Lender and the Issuing Bank but not the Co-Syndication Agents in the agreement?,"CITIZENS BANK, N.A, JPMORGAN CHASE BANK, N.A",1,3,1
153,What companies are the Lender and the Issuing Bank but not the Joint Lead Arrangers in the agreement?,"CITIZENS BANK, N.A, JPMORGAN CHASE BANK, N.A, PNC BANK, NATIONAL ASSOCIATION, TRUIST BANK",1,3,1
153,What companies are the Lender and the Issuing Bank but not the Joint Bookrunners in the agreement?,"CITIZENS BANK, N.A, JPMORGAN CHASE BANK, N.A, PNC BANK, NATIONAL ASSOCIATION, TRUIST BANK",1,3,1
153,What companies are the Lender and the Issuing Bank but not the Agent in the agreement?,"CITIZENS BANK, N.A, PNC BANK, NATIONAL ASSOCIATION, SILICON VALLEY BANK, TRUIST BANK",1,3,1
153,What companies are the Lender and the Co-Syndication Agents but not the Joint Lead Arrangers in the agreement?,"PNC BANK, NATIONAL ASSOCIATION, TRUIST BANK",1,3,1
153,What companies are the Lender and the Co-Syndication Agents but not the Joint Bookrunners in the agreement?,"PNC BANK, NATIONAL ASSOCIATION, TRUIST BANK",1,3,1
153,What companies are the Issuing Bank and the Co-Syndication Agents but not the Joint Lead Arrangers in the agreement?,"PNC BANK, NATIONAL ASSOCIATION, TRUIST BANK",1,3,1
153,What companies are the Issuing Bank and the Co-Syndication Agents but not the Joint Bookrunners in the agreement?,"PNC BANK, NATIONAL ASSOCIATION, TRUIST BANK",1,3,1
153,Who is the Authorized Signatory of the company which is the Lender but not the Agent in the agreement?,Grace Mahood,3,2,0
153,Who is the Authorized Signatory of the company which is the Lender but not the Administrative Agent in the agreement?,Grace Mahood,3,2,0
153,Who is the Authorized Signatory of the company which is the Issuing Bank but not the Agent in the agreement?,Grace Mahood,3,2,0
153,Who is the Authorized Signatory of the company which is the Issuing Bank but not the Administrative Agent in the agreement?,Grace Mahood,3,2,0
153,Who is the Authorized Signatory of the company which is the Lender but not the Issuing Bank in the agreement?,Grace Mahood,3,2,0
153,Who is the Managing Director of the company which is the Lender but not the Co-Syndication Agents in the agreement?,Daniel Russell,3,2,0
153,Who is the Managing Director of the company which is the Lender but not the Issuing Bank in the agreement?,Daniel Russell,3,2,0
46,Who is the Senior Vice President of the company which is the Lender but not the Agent in the agreement?,Gregory R. Russano,3,2,0
52,What companies are the Bookrunners and the Arrangers but not the Agents in the agreement?,"Citigroup Global Markets Inc., Wells Fargo Securities, LLC",1,3,1
145,What are the positions held by Christopher Stephen Guinta but not by Joseph D. Glatt or Guy Major?,"Chief Financial Officer, Legal Representative, Manager",1,3,1
145,What are the positions held by Christopher Stephen Guinta but not by Joseph D. Glatt or Tammy Jennissen?,"Chief Financial Officer, Legal Representative, Manager",1,3,1
145,What are the positions held by Christopher Stephen Guinta but not by Guy Major or Tammy Jennissen?,"Chief Financial Officer, Legal Representative, Manager",1,3,1
145,Who is the Director but not Vice President of the company where Guy Major is employed?,Joseph D. Glatt,3,2,0
145,Who is the Director but not Vice President of the company where Tammy Jennissen is employed?,Joseph D. Glatt,3,2,0
151,"What companies are the Lender and the Joint Lead Arrangers but not the Agent, in the agreement?","CITIBANK, JPMORGAN CHASE BANK",1,3,1
151,"What companies are the Lender and the Joint Bookrunners but not the Agent, in the agreement?","BARCLAYS BANK PLC, CITIBANK, JPMORGAN CHASE BANK",1,3,1
151,What companies are the Lender and the L%2FC Issuer but not the Agent in the agreement?,"BANK OF AMERICA, MIZUHO BANK, LTD",1,3,1
151,"What companies are the Lender and the L%2FC Issuer but not the Agent, in the agreement?","BARCLAYS BANK PLC, CITIBANK, JPMORGAN CHASE BANK, MIZUHO BANK, LTD",1,3,1
151,What companies are the Joint Lead Arrangers and the Joint Bookrunners but not the Agent in the agreement?,"BANK OF AMERICA, MIZUHO BANK, LTD.,",1,3,1
151,"What companies are the Joint Lead Arrangers and the Joint Bookrunners but not the Agent, in the agreement?","CITIBANK, JPMORGAN CHASE BANK, MIZUHO BANK, LTD.,",1,3,1
151,"What companies are the Joint Lead Arrangers and the L%2FC Issuer but not the Agent, in the agreement?","CITIBANK, JPMORGAN CHASE BANK",1,3,1
151,"What companies are the Joint Bookrunners and the L%2FC Issuer but not the Agent, in the agreement?","BARCLAYS BANK PLC, CITIBANK, JPMORGAN CHASE BANK",1,3,1
151,Who is the Executive Director of the company which is the L%2FC Issuer but not the Agent in the agreement?,"Anders Holmgaard, Gail Motonaga, Gregory T Martin, Tracy Rahn",3,2,0
151,Who is the Executive Director of the company which is the Lender but not the Agent in the agreement?,"Anders Holmgaard, Gail Motonaga, Gregory T Martin, Tracy Rahn",3,2,0
151,Who is the Executive Director of the company which is the Joint Lead Arrangers but not the Agent in the agreement?,"Anders Holmgaard, Gail Motonaga, Gregory T Martin, Tracy Rahn",3,2,0
151,Who is the Executive Director of the company which is the Joint Bookrunners but not the Agent in the agreement?,"Anders Holmgaard, Gail Motonaga, Gregory T Martin, Tracy Rahn",3,2,0
151,Who is the Executive Director of the company which is the Lender but not the L%2FC Issuer in the agreement?,"Anders Holmgaard, Gail Motonaga, Gregory T Martin, Tracy Rahn",3,2,0
151,Who is the Executive Director of the company which is the Lender but not the Joint Lead Arrangers in the agreement?,"Anders Holmgaard, Gail Motonaga, Gregory T Martin, Tracy Rahn",3,2,0
151,Who is the Executive Director of the company which is the Lender but not the Joint Bookrunners in the agreement?,"Anders Holmgaard, Gail Motonaga, Gregory T Martin, Tracy Rahn",3,2,0
151,Who is the Executive Director of the company which is the L%2FC Issuer but not the Joint Lead Arrangers in the agreement?,"Anders Holmgaard, Gail Motonaga, Gregory T Martin, Tracy Rahn",3,2,0
151,Who is the Executive Director of the company which is the Agent but not the Joint Lead Arrangers in the agreement?,"Anders Holmgaard, Gail Motonaga, Gregory T Martin, Tracy Rahn",3,2,0
151,Who is the Executive Director of the company which is the Joint Bookrunners but not the Joint Lead Arrangers in the agreement?,"Anders Holmgaard, Gail Motonaga, Gregory T Martin, Tracy Rahn",3,2,0
151,"Who is the Vice President of the company which is the Lender but not the Agent, in the agreement?","Christopher Coney, Richard Rivera, Robert Botcherby, Tanille Ingle",3,2,0
151,"Who is the Drector of the company which is the Lender but not the Agent, in the agreement?",Joseph L. Corah,3,2,0
151,Who is the Vice President of the company which is the Lender but not the L%2FC Issuer in the agreement?,"Christopher Coney, Richard Rivera, Robert Botcherby, Tanille Ingle",3,2,0
151,Who is the Drector of the company which is the Lender but not the L%2FC Issuer in the agreement?,Joseph L. Corah,3,2,0
151,Who is the Vice President of the company which is the Lender but not the Joint Lead Arrangers in the agreement?,"Christopher Coney, Richard Rivera, Robert Botcherby, Tanille Ingle",3,2,0
151,Who is the Drector of the company which is the Lender but not the Joint Lead Arrangers in the agreement?,Joseph L. Corah,3,2,0
151,Who is the Vice President of the company which is the Lender but not the Joint Bookrunners in the agreement?,"Christopher Coney, Richard Rivera, Robert Botcherby, Tanille Ingle",3,2,0
151,Who is the Drector of the company which is the Lender but not the Joint Bookrunners in the agreement?,Joseph L. Corah,3,2,0
151,"Who is the Vice President of the company which is the L%2FC Issuer but not the Agent, in the agreement?","Christopher Coney, Richard Rivera, Robert Botcherby, Tanille Ingle",3,2,0
151,"Who is the Drector of the company which is the L%2FC Issuer but not the Agent, in the agreement?",Joseph L. Corah,3,2,0
151,Who is the Vice President of the company which is the L%2FC Issuer but not the Joint Lead Arrangers in the agreement?,"Christopher Coney, Richard Rivera, Robert Botcherby, Tanille Ingle",3,2,0
151,Who is the Drector of the company which is the L%2FC Issuer but not the Joint Lead Arrangers in the agreement?,Joseph L. Corah,3,2,0
151,"Who is the Vice President of the company which is the Joint Bookrunners but not the Agent, in the agreement?","Christopher Coney, Richard Rivera, Robert Botcherby, Tanille Ingle",3,2,0
151,"Who is the Drector of the company which is the Joint Bookrunners but not the Agent, in the agreement?",Joseph L. Corah,3,2,0
151,Who is the Vice President of the company which is the Joint Bookrunners but not the Joint Lead Arrangers in the agreement?,"Christopher Coney, Richard Rivera, Robert Botcherby, Tanille Ingle",3,2,0
151,Who is the Drector of the company which is the Joint Bookrunners but not the Joint Lead Arrangers in the agreement?,Joseph L. Corah,3,2,0
87,Who is the Senior Vice President but not Chief Financial Officer of the company where Jennifer Yan is employed?,Ronald D. Ford,3,2,0
87,Who is the Vice President but not Treasurer of the company where Sarah C. Lesser is employed?,Douglas B. Bingham,3,2,0
86,Who is the Senior Vice President of the company which is the Lender but not the Administrative Agent in the agreement?,Julie Yamauchi,3,2,0
86,Who is the Senior Vice President of the company which is the Lender but not the Swing Line Lender in the agreement?,Julie Yamauchi,3,2,0
86,Who is the Senior Vice President of the company which is the Lender but not the L%2FC Issuer in the agreement?,Julie Yamauchi,3,2,0
144,Who is the Authorized Signatory of the company which is the LENDER but not the AGENT in the agreement?,Maurice Amsellem,3,2,0
144,Who is the Authorized Signatory of the company which is the LENDER but not the Lender in the agreement?,Maurice Amsellem,3,2,0
144,Who is the Authorized Signatory of the company which is the LENDER but not the Agent in the agreement?,Maurice Amsellem,3,2,0
51,What companies are the Arrangers and the Joint Bookrunners but not the Agent in the agreement?,"CITIGROUP GLOBAL MARKETS, INC., NATIXIS SECURITIES AMERICAS LLC, RBC CAPITAL MARKETS1, THE BANK OF TOKYO-MITSUBISHI UFJ, LTD., UBS SECURITIES LLC",1,3,1
51,What companies are the Arrangers and the Joint Bookrunners but not the Lender in the agreement?,"CITIGROUP GLOBAL MARKETS, INC., NATIXIS SECURITIES AMERICAS LLC, RBC CAPITAL MARKETS1, THE BANK OF TOKYO-MITSUBISHI UFJ, LTD., UBS SECURITIES LLC",1,3,1
51,Who is the Vice President of the company which is the Agent but not the Lender in the agreement?,Cody Gunsch,3,2,0
51,Who is the Vice President of the company which is the Agent but not the Arrangers in the agreement?,Cody Gunsch,3,2,0
51,Who is the Vice President of the company which is the Agent but not the Joint Bookrunners in the agreement?,Cody Gunsch,3,2,0
3,Who is the Managing Director of the company which is the Lender but not the Syndication Agent in the agreement?,Anand J. Jobanputra,3,2,0
79,What companies are the Bookrunners and the Arrangers but not the Syndication Agents in the agreement?,"MERRILL LYNCH, PIERCE, FENNER %26 SMITH INCORPORATED, RBC CAPITAL MARKETS, LLC, WELLS FARGO SECURITIES, LLC",1,3,1
22,Who is the Vice President of the company which is the Arranger but not the Book Runner in the agreement?,Ajay Jagsi,3,2,0
22,Who is the Vice President of the company which is the Lender but not the Book Runner in the agreement?,Ajay Jagsi,3,2,0
22,Who is the Vice President of the company which is the Lender but not the Arranger in the agreement?,Ajay Jagsi,3,2,0
22,Who is the Authorized Officer of the company which is the Lender but not the Runner in the agreement?,Anca Loghin,3,2,0
22,Who is the Authorized Officer of the company which is the Lender but not the Arranger in the agreement?,Anca Loghin,3,2,0
123,What companies are the Bookrunners and the Arranger but not the Lender in the agreement?,"J.P. MORGAN SECURITIES LLC, RBC CAPITAL MARKETS",1,3,1
137,"What are the roles and subroles that DEUTSCHE BANK SECURITIES INC. and MERRILL LYNCH, PIERCE, FENNER %26 SMITH INCORPORATED share in the agreement that are not held by REGIONS CAPITAL MARKETS,?","joint lead arranger, joint bookrunner, joint book runner, joint bookrunners",1,3,1
137,"What are the roles and subroles that DEUTSCHE BANK SECURITIES INC. and REGIONS CAPITAL MARKETS share in the agreement that are not held by REGIONS CAPITAL MARKETS,?","joint lead arranger, joint bookrunner, joint book runner, joint bookrunners",1,3,1
137,"What are the roles and subroles that MERRILL LYNCH, PIERCE, FENNER %26 SMITH INCORPORATED and REGIONS CAPITAL MARKETS share in the agreement that are not held by REGIONS CAPITAL MARKETS,?","joint lead arranger, joint bookrunner, joint book runner, joint bookrunners",1,3,1
137,What companies are the bookrunners and the joint bookrunner but not the Bookrunners in the agreement?,"DEUTSCHE BANK SECURITIES INC., REGIONS CAPITAL MARKETS",1,3,1
137,What companies are the bookrunners and the joint lead arranger but not the Bookrunners in the agreement?,"DEUTSCHE BANK SECURITIES INC., REGIONS CAPITAL MARKETS",1,3,1
137,What companies are the bookrunners and the arrangers but not the Bookrunners in the agreement?,"DEUTSCHE BANK SECURITIES INC., REGIONS CAPITAL MARKETS",1,3,1
137,What companies are the bookrunners and the joint book runner but not the Bookrunners in the agreement?,"DEUTSCHE BANK SECURITIES INC., REGIONS CAPITAL MARKETS",1,3,1
137,What companies are the bookrunners and the joint bookrunners but not the Bookrunners in the agreement?,"DEUTSCHE BANK SECURITIES INC., REGIONS CAPITAL MARKETS",1,3,1
137,What companies are the joint bookrunner and the joint lead arranger but not the Bookrunners in the agreement?,"DEUTSCHE BANK SECURITIES INC., REGIONS CAPITAL MARKETS",1,3,1
137,What companies are the joint bookrunner and the arrangers but not the Bookrunners in the agreement?,"DEUTSCHE BANK SECURITIES INC., REGIONS CAPITAL MARKETS",1,3,1
137,What companies are the joint bookrunner and the joint book runner but not the Bookrunners in the agreement?,"DEUTSCHE BANK SECURITIES INC., REGIONS CAPITAL MARKETS",1,3,1
137,What companies are the joint bookrunner and the joint bookrunners but not the Bookrunners in the agreement?,"DEUTSCHE BANK SECURITIES INC., REGIONS CAPITAL MARKETS",1,3,1
137,What companies are the joint lead arranger and the arrangers but not the Bookrunners in the agreement?,"DEUTSCHE BANK SECURITIES INC., REGIONS CAPITAL MARKETS",1,3,1
137,What companies are the joint lead arranger and the joint book runner but not the Bookrunners in the agreement?,"DEUTSCHE BANK SECURITIES INC., REGIONS CAPITAL MARKETS",1,3,1
137,What companies are the joint lead arranger and the joint bookrunners but not the Bookrunners in the agreement?,"DEUTSCHE BANK SECURITIES INC., REGIONS CAPITAL MARKETS",1,3,1
137,What companies are the arrangers and the joint book runner but not the Bookrunners in the agreement?,"DEUTSCHE BANK SECURITIES INC., REGIONS CAPITAL MARKETS",1,3,1
137,What companies are the arrangers and the joint bookrunners but not the Bookrunners in the agreement?,"DEUTSCHE BANK SECURITIES INC., REGIONS CAPITAL MARKETS",1,3,1
137,What companies are the joint book runner and the joint bookrunners but not the Bookrunners in the agreement?,"DEUTSCHE BANK SECURITIES INC., REGIONS CAPITAL MARKETS",1,3,1
37,Who is the Managing Director of the company which is the Lender but not the L%2FC Issuer in the agreement?,Maria F. Maia,3,2,0
23,Who is the Senior Vice President of the company which is the Lender but not the Administrative Agent in the agreement?,Jonathan M. Bouvet,3,2,0
23,Who is the Senior Vice President of the company which is the Lender but not the L%2FC Issuer in the agreement?,Jonathan M. Bouvet,3,2,0
35,What companies are the Bank and the Lender but not the Agent in the agreement?,"Goldman Sachs Bank USA, The Royal Bank of Scotland plc, Wells Fargo Bank, National Association",1,3,1
35,Who is the Senior Vice President but not Chief Financial Officer of the company which is the Borrower in the agreement?,John P. Rielly,3,2,0
35,Who is the Senior Vice President but not General Counsel of the company which is the Borrower in the agreement?,Timothy B. Goodell,3,2,0
35,"Who is the Senior Vice President but not Chief Financial Officer of the company associated with 1185 Avenue of the AmericasNew York, New York 10036?",John P. Rielly,3,2,0
35,Who is the Senior Vice President but not Chief Financial Officer of the company where DeVon J. Lang is employed?,John P. Rielly,3,2,0
35,Who is the Senior Vice President but not General Counsel of the company where DeVon J. Lang is employed?,Timothy B. Goodell,3,2,0
35,Who is the Senior Vice President but not Chief Financial Officer of the company where Joe Hykle is employed?,John P. Rielly,3,2,0
35,Who is the Senior Vice President but not General Counsel of the company where Joe Hykle is employed?,Timothy B. Goodell,3,2,0
35,Who is the Senior Vice President but not General Counsel of the company where John P. Rielly is employed?,Timothy B. Goodell,3,2,0
35,Who is the Senior Vice President but not Chief Financial Officer of the company where Kelton Glasscock is employed?,John P. Rielly,3,2,0
35,Who is the Senior Vice President but not General Counsel of the company where Kelton Glasscock is employed?,Timothy B. Goodell,3,2,0
35,Who is the Senior Vice President but not Chief Financial Officer of the company where Sophia Love is employed?,John P. Rielly,3,2,0
35,Who is the Senior Vice President but not General Counsel of the company where Sophia Love is employed?,Timothy B. Goodell,3,2,0
35,Who is the Senior Vice President but not Chief Financial Officer of the company where Timothy B. Goodell is employed?,John P. Rielly,3,2,0
121,What are the positions held by Peter C. Underwood but not by S. Bradley McDougall or Shirley Shipley?,"General Counsel, Secretary",1,3,1
121,Who is the VP but not General Manager of the company where Murtuza Ziauddin is employed?,Jane Chang,3,2,0
121,Who is the Director but not SVP of the company where Chris Hursey is employed?,Paul Hultgren,3,2,0
121,Who is the Director but not SVP of the company where Steven R. Bruno is employed?,Paul Hultgren,3,2,0
121,"Who is the Vice President but not General Counsel, Secretary of the company where Daniel Vilarelle is employed?",Peter C. Underwood,3,2,0
121,"Who is the Vice President but not General Counsel, Secretary of the company where Darran Wee is employed?",Peter C. Underwood,3,2,0
121,"Who is the Vice President but not General Counsel, Secretary of the company where Eric Harvey is employed?",Peter C. Underwood,3,2,0
121,"Who is the Vice President but not General Counsel, Secretary of the company where Mary R. Wright is employed?",Peter C. Underwood,3,2,0
121,"Who is the Vice President but not General Counsel, Secretary of the company where S. Bradley McDougall is employed?",Peter C. Underwood,3,2,0
121,"Who is the Vice President but not General Counsel, Secretary of the company where Shirley Shipley is employed?",Peter C. Underwood,3,2,0
135,What companies are the Lender and the Agent but not the Agents in the agreement?,"BANK OF AMERICA, N.A., CITIBANK, N.A., JPMORGAN CHASE BANK, N.A., MIZUHO BANK, LTD.",1,3,1
135,Who is the Authorized Officer of the company which is the Lender but not the Agent in the agreement?,Stephanie Balette,3,2,0
135,Who is the Vice President but not Treasurer of the company where Christine Aharonian is employed?,Sharon S. Spurlin,3,2,0
135,Who is the Vice President but not Treasurer of the company where Gabriel Juarez is employed?,Sharon S. Spurlin,3,2,0
135,Who is the Vice President but not Treasurer of the company where John C. Lozano is employed?,Sharon S. Spurlin,3,2,0
135,Who is the Vice President but not Treasurer of the company where Reginald CRICHLOW is employed?,Sharon S. Spurlin,3,2,0
135,Who is the Vice President but not Treasurer of the company where Rosanne Parsill is employed?,Sharon S. Spurlin,3,2,0
135,Who is the Vice President but not Treasurer of the company where David Valentine is employed?,Sharon S. Spurlin,3,2,0
135,Who is the Vice President but not Treasurer of the company where Les Werme is employed?,Sharon S. Spurlin,3,2,0
135,Who is the Vice President but not Treasurer of the company where M. Colin Warman is employed?,Sharon S. Spurlin,3,2,0
135,Who is the Vice President but not Treasurer of the company where Mark Oberreuter is employed?,Sharon S. Spurlin,3,2,0
135,Who is the Vice President but not Treasurer of the company where Shannon Juhan is employed?,Sharon S. Spurlin,3,2,0
135,Who is the Vice President but not Treasurer of the company where Virginia Cosenza is employed?,Sharon S. Spurlin,3,2,0
135,Who is the Vice President but not Treasurer of the company where Hans Beekmans is employed?,Sharon S. Spurlin,3,2,0
118,What companies are the BOOKRUNNERS and the ARRANGERS but not the AGENTS in the agreement?,"BARCLAYS BANK PLC, CREDIT SUISSE SECURITIES %28USA%29 LLC",1,3,1
124,What companies are the Lender and the Syndication Agents but not the Bookrunners in the agreement?,"BANK OF AMERICA, N.A., KEYBANK NATIONAL ASSOCIATION",1,3,1
124,Who is the Executive Director of the company which is the Lender but not the Bookrunners in the agreement?,Peter M. Killea,3,2,0
124,Who is the Executive Director of the company which is the Lender but not the Syndication Agents in the agreement?,Peter M. Killea,3,2,0
130,Who is the SVP%2FCommercial Credit Officer of the company which is the LENDER but not the Issuing Bank in the agreement?,Kevin Couch,3,2,0
130,Who is the SVP%2FCommercial Credit Officer of the company which is the Issuing Bank but not the LENDER in the agreement?,Kevin Couch,3,2,0
130,Who is the Authorized Officer of the company which is the Agent but not the Issuing Bank in the agreement?,Stephanie Balette,3,2,0
31,Who is the Executive Director of the company which is the Lender but not the AGENTS in the agreement?,"Eoin Roche, Richard J. Poworoznek",3,2,0
31,Who is the Executive Director of the company which is the Lender but not the BOOK RUNNERS in the agreement?,"Eoin Roche, Richard J. Poworoznek",3,2,0
33,What companies are the Bookrunners and the Arrangers but not the Agent in the agreement?,"CREDIT SUISSE SECURITIES %28USA%29 LLC, GOLDMAN SACHS BANK USA",1,3,1
126,"What are the roles and subroles that BANK OF AMERICA, N.A. and BNP PARIBAS share in the agreement that are not held by CITIBANK, N.A.?","co-syndication agent, documentation agent",1,3,1
126,What companies are the co-syndication agent and the documentation agent but not the Bookrunners in the agreement?,"BANK OF AMERICA, N.A., BNP PARIBAS",1,3,1
126,What companies are the co-syndication agent and the documentation agent but not the Arrangers in the agreement?,"BANK OF AMERICA, N.A., BNP PARIBAS",1,3,1
126,What companies are the co-syndication agent and the agents but not the Bookrunners in the agreement?,"BANK OF AMERICA, N.A., BNP PARIBAS",1,3,1
126,What companies are the co-syndication agent and the agents but not the Arrangers in the agreement?,"BANK OF AMERICA, N.A., BNP PARIBAS",1,3,1
126,What companies are the co-syndication agent and the Lenders but not the Bookrunners in the agreement?,"BANK OF AMERICA, N.A., BNP PARIBAS",1,3,1
126,What companies are the co-syndication agent and the Lenders but not the Arrangers in the agreement?,"BANK OF AMERICA, N.A., BNP PARIBAS",1,3,1
126,What companies are the documentation agent and the agents but not the Bookrunners in the agreement?,"BANK OF AMERICA, N.A., BNP PARIBAS",1,3,1
126,What companies are the documentation agent and the agents but not the Arrangers in the agreement?,"BANK OF AMERICA, N.A., BNP PARIBAS",1,3,1
126,What companies are the documentation agent and the Lenders but not the Bookrunners in the agreement?,"BANK OF AMERICA, N.A., BNP PARIBAS",1,3,1
126,What companies are the documentation agent and the Lenders but not the Arrangers in the agreement?,"BANK OF AMERICA, N.A., BNP PARIBAS",1,3,1
126,What companies are the agents and the Lenders but not the Bookrunners in the agreement?,"BANK OF AMERICA, N.A., BNP PARIBAS",1,3,1
126,What companies are the agents and the Lenders but not the Arrangers in the agreement?,"BANK OF AMERICA, N.A., BNP PARIBAS",1,3,1
126,What companies are the Lenders and the Bookrunners but not the Agent in the agreement?,"JPMORGAN CHASE BANK, N.A., MIZUHO BANK, LTD., MUFG BANK, LTD., SUMITOMO MITSUI BANKING CORPORATION",1,3,1
126,What companies are the Lenders and the Arrangers but not the Agent in the agreement?,"JPMORGAN CHASE BANK, N.A., MIZUHO BANK, LTD., MUFG BANK, LTD., SUMITOMO MITSUI BANKING CORPORATION",1,3,1
126,What companies are the Bookrunners and the Arrangers but not the Agent in the agreement?,"BNP PARIBAS SECURITIES CORP., BOFA SECURITIES, INC., JPMORGAN CHASE BANK, N.A., MIZUHO BANK, LTD., MUFG BANK, LTD., SUMITOMO MITSUI BANKING CORPORATION",1,3,1
127,Who is the Vice President of the company which is the Lender but not the Agents in the agreement?,"Eugene Yermash, Ryan M. Black",3,2,0
127,Who is the Executive Director of the company which is the Lender but not the Agents in the agreement?,Tracy Rahn,3,2,0
127,Who is the Authorized Signatory of the company which is the Lender but not the Agents in the agreement?,"Annie Carr, Julie Lilienfeld",3,2,0
32,What companies are the Arrangers and the Bookrunner but not the Bank in the agreement?,"BARCLAYS BANK PLC, UBS SECURITIES LLC",1,3,1
32,What companies are the Arrangers and the Bookrunners but not the Agents in the agreement?,"HSBC BANK CANADA, RBC CAPITAL MARKETS",1,3,1
32,What companies are the Arrangers and the Bookrunners but not the Arranger in the agreement?,"J.P. MORGAN SECURITIES LLC, RBC CAPITAL MARKETS",1,3,1
32,What companies are the Arrangers and the Bookrunners but not the Bank in the agreement?,"BARCLAYS BANK PLC, J.P. MORGAN SECURITIES LLC, RBC CAPITAL MARKETS, UBS SECURITIES LLC",1,3,1
32,What companies are the Arrangers and the Arranger but not the Bank in the agreement?,"BARCLAYS BANK PLC, UBS SECURITIES LLC",1,3,1
32,What companies are the Lender and the Arranger but not the Bank in the agreement?,"BARCLAYS BANK PLC, ROYAL BANK OF CANADA",1,3,1
32,What companies are the Bookrunner and the Bookrunners but not the Bank in the agreement?,"BARCLAYS BANK PLC, UBS SECURITIES LLC",1,3,1
32,What companies are the Bookrunner and the Arranger but not the Bank in the agreement?,"BARCLAYS BANK PLC, J.P. MORGAN SECURITIES LLC,, UBS SECURITIES LLC",1,3,1
32,What companies are the Bookrunners and the Arranger but not the Bank in the agreement?,"BARCLAYS BANK PLC, UBS SECURITIES LLC",1,3,1
32,Who is the Executive Director of the company which is the Arranger but not the Agent in the agreement?,Gregg L. Byers,3,2,0
32,Who is the Executive Director of the company which is the Bookrunner but not the Agent in the agreement?,Gregg L. Byers,3,2,0
32,Who is the Executive Director of the company which is the Arranger but not the Bookrunner in the agreement?,Gregg L. Byers,3,2,0
32,Who is the Executive Director of the company which is the Agent but not the Bookrunner in the agreement?,Gregg L. Byers,3,2,0
32,Who is the Director and Counsel Region Americas Legal of the company which is the Arranger but not the Agents in the agreement?,Barbara S. Wang,3,2,0
32,Who is the Director and Counsel Region Americas Legal of the company which is the Arranger but not the Agent in the agreement?,Barbara S. Wang,3,2,0
32,Who is the Director and Counsel Region Americas Legal of the company which is the Bookrunners but not the Agents in the agreement?,Barbara S. Wang,3,2,0
32,Who is the Director and Counsel Region Americas Legal of the company which is the Bookrunners but not the Agent in the agreement?,Barbara S. Wang,3,2,0
32,Who is the Director and Counsel Region Americas Legal of the company which is the Arrangers but not the Agents in the agreement?,Barbara S. Wang,3,2,0
32,Who is the Director and Counsel Region Americas Legal of the company which is the Arrangers but not the Agent in the agreement?,Barbara S. Wang,3,2,0
32,Who is the Director and Counsel Region Americas Legal of the company which is the Bookrunner but not the Agents in the agreement?,Barbara S. Wang,3,2,0
32,Who is the Director and Counsel Region Americas Legal of the company which is the Bookrunner but not the Agent in the agreement?,Barbara S. Wang,3,2,0
32,Who is the Director and Counsel Region Americas Legal of the company which is the Arranger but not the Bookrunners in the agreement?,Barbara S. Wang,3,2,0
32,Who is the Director and Counsel Region Americas Legal of the company which is the Arranger but not the Arrangers in the agreement?,Barbara S. Wang,3,2,0
32,Who is the Director and Counsel Region Americas Legal of the company which is the Arranger but not the Bookrunner in the agreement?,Barbara S. Wang,3,2,0
32,Who is the Director and Counsel Region Americas Legal of the company which is the Agent but not the Bookrunners in the agreement?,Barbara S. Wang,3,2,0
32,Who is the Director and Counsel Region Americas Legal of the company which is the Agent but not the Arrangers in the agreement?,Barbara S. Wang,3,2,0
32,Who is the Director and Counsel Region Americas Legal of the company which is the Agent but not the Bookrunner in the agreement?,Barbara S. Wang,3,2,0
32,Who is the Director and Counsel Region Americas Legal of the company which is the Agents but not the Bookrunners in the agreement?,Barbara S. Wang,3,2,0
32,Who is the Director and Counsel Region Americas Legal of the company which is the Agents but not the Arrangers in the agreement?,Barbara S. Wang,3,2,0
32,Who is the Director and Counsel Region Americas Legal of the company which is the Agents but not the Bookrunner in the agreement?,Barbara S. Wang,3,2,0
32,Who is the Vice President Commercial Banking of the company which is the Arranger but not the Bookrunners in the agreement?,Douglas Brandes,3,2,0
32,Who is the Assistant Vice President of the company which is the Arranger but not the Bookrunners in the agreement?,Todd Patchell,3,2,0
32,Who is the Vice President Commercial Banking of the company which is the Arranger but not the Arrangers in the agreement?,Douglas Brandes,3,2,0
32,Who is the Assistant Vice President of the company which is the Arranger but not the Arrangers in the agreement?,Todd Patchell,3,2,0
32,Who is the Vice President Commercial Banking of the company which is the Arranger but not the Bank in the agreement?,Douglas Brandes,3,2,0
32,Who is the Assistant Vice President of the company which is the Arranger but not the Bank in the agreement?,Todd Patchell,3,2,0
32,Who is the Vice President Commercial Banking of the company which is the Arranger but not the Bookrunner in the agreement?,Douglas Brandes,3,2,0
32,Who is the Assistant Vice President of the company which is the Arranger but not the Bookrunner in the agreement?,Todd Patchell,3,2,0
32,Who is the Vice President Commercial Banking of the company which is the Lender but not the Bookrunners in the agreement?,Douglas Brandes,3,2,0
32,Who is the Assistant Vice President of the company which is the Lender but not the Bookrunners in the agreement?,Todd Patchell,3,2,0
32,Who is the Vice President Commercial Banking of the company which is the Lender but not the Arrangers in the agreement?,Douglas Brandes,3,2,0
32,Who is the Assistant Vice President of the company which is the Lender but not the Arrangers in the agreement?,Todd Patchell,3,2,0
32,Who is the Vice President Commercial Banking of the company which is the Lender but not the Bank in the agreement?,Douglas Brandes,3,2,0
32,Who is the Assistant Vice President of the company which is the Lender but not the Bank in the agreement?,Todd Patchell,3,2,0
32,Who is the Vice President Commercial Banking of the company which is the Lender but not the Bookrunner in the agreement?,Douglas Brandes,3,2,0
32,Who is the Assistant Vice President of the company which is the Lender but not the Bookrunner in the agreement?,Todd Patchell,3,2,0
32,Who is the Vice President Commercial Banking of the company which is the Lender but not the Arranger in the agreement?,Douglas Brandes,3,2,0
32,Who is the Assistant Vice President of the company which is the Lender but not the Arranger in the agreement?,Todd Patchell,3,2,0
32,Who is the Authorized Signatory of the company which is the Lender but not the Arranger in the agreement?,"John Hanbury, Mark Lumpkin, Jr., Rebecca Camden",3,2,0
32,Who is the Authorized Signatory of the company which is the Lender but not the Agent in the agreement?,"John Hanbury, Mark Lumpkin, Jr., Rebecca Camden",3,2,0
32,Who is the Authorized Signatory of the company which is the Lender but not the Agents in the agreement?,"John Hanbury, Mark Lumpkin, Jr., Rebecca Camden",3,2,0
26,What companies are the Bookrunners and the Lead Arrangers but not the Agent in the agreement?,"BARCLAYS BANK PLC, CREDIT SUISSE LOAN FUNDING LLC, MIZUHO BANK, LTD., WELLS FARGO SECURITIES LLC",1,3,1
26,Who is the Treasurer but not Senior Vice President of the company where jeffrey.galik is employed?,Jeffrey Galik,3,2,0
