document_number,question,answer,num_hops,num_set_operations,multiple_answer_dimension
17,"What is the role of EXGEN RENEWABLES IV, LLC in the agreement?",Borrower,1,0,0
17,"What is the role of Constellation DCO Albany Power Holdings, LLC in the agreement?",Grantor,1,0,0
17,"What is the role of EXGEN RENEWABLES IV HOLDING, LLC in the agreement?",Holding,1,0,0
17,"What is the role of Exelon AVSR Holding, LLC in the agreement?",Grantor,1,0,0
17,"What is the role of SolGen Holding, LLC in the agreement?",Grantor,1,0,0
17,"What is the role of Wilmington Trust, National Association in the agreement?","CollateralWilmington Trust, National AssociationAgent",1,0,0
102,"What is the role of DIGIRAD IMAGING SOLUTIONS, INC. in the agreement?",BORROWERS,1,0,0
102,"What is the role of DMS HEALTH TECHNOLOGIES, INC. in the agreement?",BORROWERS,1,0,0
102,"What is the role of DMS IMAGING, INC. in the agreement?",BORROWERS,1,0,0
102,What is the role of MD OFFICE SOLUTIONS in the agreement?,BORROWERS,1,0,0
102,What is the role of PROJECT RENDEZVOUS HOLDING CORPORATION in the agreement?,BORROWERS,1,0,0
102,"What is the role of TELERHYTHMICS, LLC in the agreement?",BORROWERS,1,0,0
116,What is the role of MORGAN STANLEY DIRECT LENDING FUND in the agreement?,THE COMPANY,1,0,0
117,What is the role of COLUMBIA SPORTSWEAR COMPANY in the agreement?,Borrower,1,0,0
117,"What is the role of COLUMBIA SPORTSWEAR COMPANY, in the agreement?",Borrower,1,0,0
117,What is the role of ROYAL BANK OF CANADA in the agreement?,Lender,1,0,0
117,"What is the role of HSBC BANK USA, NATIONAL ASSOCIATION in the agreement?",Lender,1,0,0
103,What is the role of CLAIRE%C2%92S %28GIBRALTAR%29 INTERMEDIATE HOLDINGS LIMITED in the agreement?,Borrower,1,0,0
103,"What is the role of CLAIRE%C2%92S ACCESSORIES SPAIN, S.L. in the agreement?",Guarantor,1,0,0
103,What is the role of CLAIRE%C2%92S ACCESSORIES UK LTD in the agreement?,Guarantor,1,0,0
103,What is the role of CLAIRE%C2%92S EUROPEAN DISTRIBUTION LIMITED in the agreement?,Guarantor,1,0,0
103,What is the role of CLAIRE%C2%92S EUROPEAN SERVICES LIMITED in the agreement?,Guarantor,1,0,0
103,What is the role of CLAIRE%C2%92S FRANCE S.A.S. in the agreement?,Guarantor,1,0,0
103,What is the role of CLAIRE%C2%92S GERMANY GMBH in the agreement?,Borrower,1,0,0
103,What is the role of CLAIRE%C2%92S HOLDINGS S.A. R.L. in the agreement?,Guarantor,1,0,0
103,What is the role of CLAIRE%C2%92S HOLDING GMBH in the agreement?,Guarantor,1,0,0
103,What is the role of CLAIRE%C2%92S LUXEMBOURG S.A. R.L. in the agreement?,Guarantor,1,0,0
103,What is the role of CLAIRE%C2%92S SWITZERLAND GMBH in the agreement?,Guarantor,1,0,0
103,What is the role of CSI LUXEMBOURG S.A. R.L. in the agreement?,Guarantor,1,0,0
103,"What is the role of Botticelli LLCc%2Fo Angelo, Gordon %26 Co., LP in the agreement?",Administrative Agent,1,0,0
103,What is the role of Claire%C2%92s %28Gibraltar%29 Holdings Limited in the agreement?,Borrowers,1,0,0
103,What is the role of Cortland Capital Market Services LLC in the agreement?,Collateral Agent,1,0,0
103,What is the role of CLAIRE%C2%92S FASHION PROPERTY CORP. in the agreement?,Guarantor,1,0,0
16,What is the role of STANDARD OUTDOOR LLC in the agreement?,BORROWER,1,0,0
16,What is the role of STANDARD OUTDOOR SOUTHEAST II LLC in the agreement?,BORROWER,1,0,0
16,What is the role of STANDARD OUTDOOR SOUTHEAST I LLC in the agreement?,BORROWER,1,0,0
16,What is the role of STANDARD OUTDOOR SOUTHWEST LLC in the agreement?,BORROWER,1,0,0
16,What is the role of STANDARD DIVERSIFIED OPPORTUNITIES INC. in the agreement?,BORROWER,1,0,0
14,"What is the role of ANGELO, GORDON ENERGY SERVICER,LLC, in the agreement?",ADMINISTRATIVE AGENT,1,0,0
14,What is the role of Pacific Bora Ltd. in the agreement?,Subsidiary Guarantors,1,0,0
14,"What is the role of Pacific Drilling, Inc. in the agreement?",Subsidiary Guarantors,1,0,0
14,"What is the role of Pacific Drilling, LLC in the agreement?",Subsidiary Guarantors,1,0,0
14,What is the role of Pacific Drilling %28Gibraltar%29 Limited in the agreement?,Subsidiary Guarantors,1,0,0
14,What is the role of Pacific Drilling Finance S.%C3%A0 r.l. in the agreement?,Subsidiary Guarantors,1,0,0
14,What is the role of Pacific Drilling Holding %28Gibraltar%29 Limited in the agreement?,Subsidiary Guarantors,1,0,0
14,What is the role of Pacific Drilling Limited in the agreement?,Subsidiary Guarantors,1,0,0
14,"What is the role of Pacific Drilling Operations, Inc. in the agreement?",Subsidiary Guarantors,1,0,0
14,What is the role of Pacific Drilling Operations Limited in the agreement?,Subsidiary Guarantors,1,0,0
14,What is the role of Pacific Drilling VII Limited in the agreement?,Subsidiary Guarantors,1,0,0
14,What is the role of Pacific Drilling V Limited in the agreement?,Subsidiary Guarantors,1,0,0
14,What is the role of Pacific Drillship %28Gibraltar%29 Limited in the agreement?,Subsidiary Guarantors,1,0,0
14,What is the role of Pacific Drillship Nigeria Limited in the agreement?,Subsidiary Guarantors,1,0,0
14,What is the role of Pacific Drillship S.%C3%A0 r.l. in the agreement?,Subsidiary Guarantors,1,0,0
14,What is the role of Pacific Mistral Ltd. in the agreement?,Subsidiary Guarantors,1,0,0
14,What is the role of Pacific Santa Ana %28Gibraltar%29 Limited in the agreement?,Subsidiary Guarantors,1,0,0
14,What is the role of Pacific Santa Ana Limited in the agreement?,Subsidiary Guarantors,1,0,0
14,What is the role of Pacific Scirocco Ltd. in the agreement?,Subsidiary Guarantors,1,0,0
14,What is the role of Pacific Sharav Korl%C3%A1tolt Felel%C3%B6ss%C3%A9g%C5%A9 T%C3%A1rsas%C3%A1g in the agreement?,Subsidiary Guarantors,1,0,0
14,What is the role of Pacific Sharav S.%C3%A0 r.l. in the agreement?,Subsidiary Guarantors,1,0,0
14,"What is the role of AG ENERGY FUNDING, LLC in the agreement?",LENDER,1,0,0
14,"What is the role of PACIFIC DRILLING S.A., in the agreement?",BORROWER,1,0,0
28,"What is the role of COLLEGIUM PHARMACEUTICAL, INC in the agreement?",Borrower,1,0,0
28,What is the role of BIOPHARMA CREDIT INVESTMENTS V %28MASTER%29 LP in the agreement?,Lender,1,0,0
28,What is the role of COLLEGIUM PHARMACEUTICAL INC. in the agreement?,Borrower,1,0,0
28,"What is the role of Pharmakon Advisors, LP in the agreement?",Investment Manager,1,0,0
28,"What is the role of COLLEGIUM PHARMACEUTICAL, INC. in the agreement?",Borrower,1,0,0
28,What is the role of BIOPHARMA CREDIT INVESTMENTS V %28MASTER%29 LP in the agreement?,Lender,1,0,0
28,What is the role of Pepper Hamilton LLP in the agreement?,Borrower,1,0,0
28,What is the role of AKIN GUMP STRAUSS HAUER %26 FELD LLP in the agreement?,Lender,1,0,0
28,What is the role of PHARMAKON ADVISORS LP in the agreement?,Lender,1,0,0
28,"What is the role of Collegium Pharmaceutical, Inc. in the agreement?",Borrower,1,0,0
129,What is the role of Graham Corporation in the agreement?,Borrower,1,0,0
115,"What is the role of ALLIANCE TRADING, INC. in the agreement?",GUARANTORS,1,0,0
115,"What is the role of CYPRESS, INC. in the agreement?",GUARANTORS,1,0,0
115,What is the role of POOLFX SUPPLY LLC in the agreement?,GUARANTORS,1,0,0
115,What is the role of POOL DEVELOPMENT LLC in the agreement?,GUARANTORS,1,0,0
115,What is the role of SCP DISTRIBUTORS LLC in the agreement?,GUARANTORS,1,0,0
115,"What is the role of SCP INTERNATIONAL, INC. in the agreement?",GUARANTORS,1,0,0
115,"What is the role of SPLASH HOLDINGS, INC. in the agreement?",GUARANTORS,1,0,0
115,What is the role of SUPERIOR POOL PRODUCTS LLC in the agreement?,GUARANTORS,1,0,0
115,"What is the role of BANK OF AMERICA, N.A. in the agreement?",Lender,1,0,0
115,"What is the role of HORIZON DISTRIBUTORS, INC. in the agreement?",GUARANTORS,1,0,0
115,What is the role of POOL CORPORATION in the agreement?,Borrower,1,0,0
101,What is the role of LEGACYTEXAS BANK in the agreement?,LENDER,1,0,0
100,"What is the role of OMNICELL, INC. in the agreement?",Borrower,1,0,0
100,"What is the role of Omnicell, Inc. in the agreement?",Borrower,1,0,0
114,"What is the role of SOL HOLDINGS, INC in the agreement?",GUARANTORS,1,0,0
114,What is the role of SALESLINK MEXICO HOLDING CORP. in the agreement?,GUARANTORS,1,0,0
29,"What is the role of Advantage Payroll Services, Inc. in the agreement?",Guarantors,1,0,0
29,"What is the role of PAYCHEX, INC in the agreement?",Parent,1,0,0
29,"What is the role of PAYCHEX, INC. in the agreement?",Parent,1,0,0
29,"What is the role of Oasis AHR PL, LLC in the agreement?",Guarantors,1,0,0
29,"What is the role of Oasis Advisory Services, Inc. in the agreement?",Guarantors,1,0,0
29,"What is the role of Oasis Employment Services, Inc. in the agreement?",Guarantors,1,0,0
29,"What is the role of Oasis Outsourcing Contract III, Inc. in the agreement?",Guarantors,1,0,0
29,"What is the role of Oasis Outsourcing TX, Inc. in the agreement?",Guarantors,1,0,0
29,"What is the role of PBS of America, LLC in the agreement?",Guarantors,1,0,0
29,"What is the role of PBS of Central Florida, LLC in the agreement?",Guarantors,1,0,0
29,"What is the role of Paychex Administrative Services, LLC in the agreement?",Guarantors,1,0,0
29,"What is the role of Paychex Business Solutions, LLC in the agreement?",Guarantors,1,0,0
29,"What is the role of Paychex Holdings, LLC in the agreement?",Guarantors,1,0,0
29,What is the role of Paychex Management LLC in the agreement?,Guarantors,1,0,0
29,What is the role of Paychex North America Inc. in the agreement?,Guarantors,1,0,0
29,"What is the role of Paychex PEO I, LLC in the agreement?",Guarantors,1,0,0
29,"What is the role of Paychex PEO II, LLC in the agreement?",Guarantors,1,0,0
29,"What is the role of Paychex PEO III, LLC in the agreement?",Guarantors,1,0,0
29,"What is the role of Paychex PEO IV, LLC in the agreement?",Guarantors,1,0,0
29,"What is the role of Paychex PEO IX, LLC in the agreement?",Guarantors,1,0,0
29,"What is the role of Paychex PEO V, LLC in the agreement?",Guarantors,1,0,0
29,"What is the role of Paychex PEO VI, LLC in the agreement?",Guarantors,1,0,0
29,"What is the role of Paychex PEO VII, LLC in the agreement?",Guarantors,1,0,0
29,"What is the role of Paychex PEO VIII, LLC in the agreement?",Guarantors,1,0,0
29,"What is the role of Paychex PEO X, LLC in the agreement?",Guarantors,1,0,0
29,What is the role of Paychex of New York LLC in the agreement?,Guarantors,1,0,0
29,"What is the role of WRI II, Inc. in the agreement?",Guarantors,1,0,0
15,"What is the role of CF Real Estate Holdings, LLC in the agreement?",Guarantor,1,0,0
15,"What is the role of 2477 DEERFIELD DRIVE, LLC, in the agreement?",BORROWER,1,0,0
15,What is the role of UBS AG in the agreement?,LENDER,1,0,0
39,"What is the role of DUNKIRK SPECIALTY STEEL, LLC in the agreement?",Borrower,1,0,0
39,"What is the role of NORTH JACKSON SPECIALTY STEEL, LLC in the agreement?",Borrower,1,0,0
39,"What is the role of UNIVERSAL STAINLESS %26 ALLOY PRODUCTS, INC. in the agreement?",Borrower,1,0,0
11,What is the role of HONEYWELL INTERNATIONAL INC. in the agreement?,"Borrower,",1,0,0
104,"What is the role of Stream Global Services %E2%80%93 AZ, Inc. in the agreement?",GUARANTOR,1,0,0
104,"What is the role of Stream Global Services %E2%80%93 AZ, Inc. in the agreement?",Material Subsidiaries,1,0,0
138,What is the role of PNC CAPITAL MARKETS LLC in the agreement?,Joint Lead Arrangers,1,0,0
138,"What is the role of REXFORD INDUSTRIAL REALTY, INC in the agreement?",PARENT,1,0,0
138,"What is the role of REXFORD INDUSTRIAL REALTY, L.P. in the agreement?",BORROWER,1,0,0
138,What is the role of U.S. BANK NATIONAL ASSOCIATION in the agreement?,Lender,1,0,0
138,What is the role of CAPITAL ONE NATIONAL ASSOCIATION in the agreement?,Lender,1,0,0
138,"What is the role of Rexford Industrial Realty, Inc. in the agreement?",GUARANTORS,1,0,0
139,What is the role of BANK OF AMERICA in the agreement?,Syndication Agent,1,0,0
139,"What is the role of CITIBANK, N.A.,CR%C3%89DIT AGRICOLE CORPORATE AND INVESTMENT BANK,MIZUHO BANK, LTD.,ROYAL BANK OF CANADA in the agreement?",Documentation Agents,1,0,0
139,What is the role of Citigroup Global Markets Inc. in the agreement?,joint lead arrangers,1,0,0
139,What is the role of J.P. Morgan Securities LLC in the agreement?,joint bookrunners,1,0,0
139,What is the role of JPMORGAN CHASE BANK in the agreement?,Administrative Agent,1,0,0
139,What is the role of Merrill Lynch in the agreement?,joint bookrunners,1,0,0
139,"What is the role of Moody%E2%80%99s Investors Service, Inc. in the agreement?",rating agency,1,0,0
139,What is the role of Pierce in the agreement?,joint lead arrangers,1,0,0
139,What is the role of TD SECURITIES %28USA%29 LLC in the agreement?,Documentation Agents,1,0,0
139,What is the role of TD Securities %28USA%29 LLC in the agreement?,joint bookrunners,1,0,0
139,What is the role of Crown Castle International Corp. in the agreement?,Borrower,1,0,0
105,What is the role of CINEDIGM CORP. in the agreement?,BORROWER,1,0,0
105,What is the role of BISON ENTERTAINMENT AND MEDIA GROUP in the agreement?,LENDER,1,0,0
111,What is the role of ENSTAR GROUP LIMITED in the agreement?,Borrower,1,0,0
111,What is the role of KENMARE HOLDINGS LTD in the agreement?,Guarantor,1,0,0
111,What is the role of KENMARE HOLDINGS LTD. in the agreement?,Guarantors,1,0,0
111,What is the role of BARCLAYS BANK PLC in the agreement?,Lender,1,0,0
111,"What is the role of JPMORGAN CHASE BANK, N.A in the agreement?",Lender,1,0,0
111,What is the role of HSBC BANK BERMUDA LIMITED in the agreement?,Lender,1,0,0
111,"What is the role of Wells Fargo Bank, National Association in the agreement?",Administrative Agent,1,0,0
111,What is the role of THE BANK OF NOVA SCOTIA in the agreement?,Lender,1,0,0
10,What is the role of KEYBANK NATIONAL ASSOCIATION in the agreement?,Lender,1,0,0
10,"What is the role of MORGAN STANLEY SENIOR FUNDING, INC., in the agreement?",Lender,1,0,0
10,"What is the role of BANK OF AMERICA, N.A. in the agreement?",Lender,1,0,0
10,"What is the role of ROYAL BANK OF CANADA, in the agreement?",Administrative Agent,1,0,0
10,"What is the role of VICTORY CAPITAL HOLDINGS, INC., in the agreement?",Borrower,1,0,0
10,"What is the role of JPMorgan Chase Bank, N.A., in the agreement?",Lender,1,0,0
38,"What is the role of Anadarko Petroleum Corporation, in the agreement?",Borrower,1,0,0
38,"What is the role of BANK OF AMERICA, N.A in the agreement?",Lender,1,0,0
38,"What is the role of BARCLAYS BANK PLC, in the agreement?",Lender,1,0,0
38,"What is the role of Bank of America, N.A. in the agreement?",Co-Documentation Agents,1,0,0
38,"What is the role of CITIBANK, N.A in the agreement?",Lender,1,0,0
38,What is the role of CREDIT AGRICOLE CORPORATE AND  INVESTMENT in the agreement?,Lender,1,0,0
38,"What is the role of Citibank, N.A. in the agreement?",Co-Documentation Agents,1,0,0
38,What is the role of Credit Suisse AG in the agreement?,Lender,1,0,0
38,What is the role of DEUTSCHE BANK AG in the agreement?,Lender,1,0,0
38,What is the role of GOLDMAN SACHS BANK USA in the agreement?,Lender,1,0,0
38,"What is the role of MIZUHO BANK, LTD. in the agreement?",Lender,1,0,0
38,"What is the role of Mizuho Bank, Ltd in the agreement?",Co-Documentation Agents,1,0,0
38,What is the role of SOCIETE GENERALE in the agreement?,Lender,1,0,0
38,What is the role of THE BANK OF NOVA SCOTIA in the agreement?,Lender,1,0,0
38,"What is the role of THE BANK OF TOKYO-MITSUBISHI UFJ, LTD., in the agreement?",Lender,1,0,0
38,"What is the role of The Bank of Tokyo-Mitsubishi UFJ, Ltd., in the agreement?",Co-Documentation Agents,1,0,0
38,"What is the role of Wells Fargo Bank, National Association, in the agreement?",Syndication Agent,1,0,0
38,What is the role of THE STANDARD BANK OF SOUTH AFRICA LIMITED in the agreement?,Lender,1,0,0
38,"What is the role of ANADARKO PETROLEUM CORPORATION, in the agreement?",Borrower,1,0,0
38,What is the role of BNP Paribas in the agreement?,Lender,1,0,0
38,What is the role of DNB CAPITAL LLC in the agreement?,Lender,1,0,0
38,"What is the role of JPMorgan Chase Bank, N.A. in the agreement?",Administrative Agent,1,0,0
38,What is the role of Standard Chartered Bank in the agreement?,Lender,1,0,0
38,"What is the role of WELLS FARGO BANK, NATIONAL  ASSOCIATION in the agreement?",Lender,1,0,0
38,What is the role of SUMITOMO MITSUI BANKING CORPORATION in the agreement?,Lender,1,0,0
38,"What is the role of Morgan Stanley Bank, N.A. in the agreement?",Lender,1,0,0
38,What is the role of UBS AG in the agreement?,Lender,1,0,0
38,What is the role of THE BANK OF NEW YORK MELLON in the agreement?,Lender,1,0,0
12,"What is the role of HSBC BANK USA, N.A., in the agreement?",Lender,1,0,0
12,"What is the role of BANK OF AMERICA, N.A., in the agreement?",Lender,1,0,0
12,"What is the role of MUFG BANK, LTD., in the agreement?",Lender,1,0,0
12,"What is the role of JPMORGAN CHASE BANK, N.A. in the agreement?",Lender,1,0,0
12,What is the role of NATIONAL WESTMINSTER BANK PLC in the agreement?,Lender,1,0,0
12,What is the role of U.S. BANK NATIONAL ASSOCIATION in the agreement?,Lender,1,0,0
12,"What is the role of INTESA SANPAOLO S.P.A., NEW YORK BRANCH, in the agreement?",Lender,1,0,0
12,"What is the role of UNICREDIT BANK AG, NEW YORK BRANCH, in the agreement?",Lender,1,0,0
12,"What is the role of WALGREENS BOOTS ALLIANCE, INC. in the agreement?",Borrower,1,0,0
107,"What is the role of GXS GROUP, INC. in the agreement?",Borrower,1,0,0
107,"What is the role of GXS Group, Inc in the agreement?",Borrower,1,0,0
107,What is the role of OPEN TEXT CANADA LTD. in the agreement?,Grantor,1,0,0
107,"What is the role of GXS Group, Inc. in the agreement?",Borrower%3A,1,0,0
107,"What is the role of Ocelot Merger Sub, Inc in the agreement?",Borrower%3A,1,0,0
113,"What is the role of BANK OF AMERICA, N.A. in the agreement?",Lender,1,0,0
113,"What is the role of HURCO INTERNATIONAL, INC. in the agreement?",GUARANTORS,1,0,0
113,"What is the role of HURCO INTERNATIONAL HOLDINGS, INC. in the agreement?",GUARANTORS,1,0,0
113,"What is the role of HURCO MIDWEST, LLC in the agreement?",GUARANTORS,1,0,0
113,What is the role of MACHINERY SALES CO. LLC in the agreement?,GUARANTORS,1,0,0
113,"What is the role of MILLTRONICS USA, INC. in the agreement?",GUARANTORS,1,0,0
113,"What is the role of BANK OF AMERICA, N.A., in the agreement?",Lender,1,0,0
112,"What is the role of FORRESTER RESEARCH, INC. in the agreement?",Borrower,1,0,0
112,"What is the role of BANK OF AMERICA, N.A. in the agreement?",Lender,1,0,0
112,"What is the role of CITIZENS BANK, N.A., in the agreement?",Lender,1,0,0
112,What is the role of FORRESTER RESEARCH INC. in the agreement?,Borrower,1,0,0
106,What is the role of DEUTSCHE BANK TRUST COMPANY AMERICAS in the agreement?,Lender,1,0,0
106,"What is the role of DYNEGY POWER, LLC in the agreement?",Borrower,1,0,0
106,"What is the role of DYNEGY POWER, LLC in the agreement?",Borrower,1,0,0
106,What is the role of Dynegy Inc. in the agreement?,parent,1,0,0
106,"What is the role of UBS AG, STAMFORD BRANCH in the agreement?",Lender,1,0,0
106,"What is the role of Akin, Gump, Strauss, Hauer %26 Feld LLP in the agreement?",COUNSEL,1,0,0
106,What is the role of Pierce Atwood LLP in the agreement?,COUNSEL,1,0,0
106,What is the role of Stevens %26 Lee P.C. in the agreement?,COUNSEL,1,0,0
106,"What is the role of Vedder, Price, Kaufman %26 Kammholz in the agreement?",COUNSEL,1,0,0
106,"What is the role of CITIBANK, N.A. in the agreement?",Lender,1,0,0
106,What is the role of BARCLAYS BANK PLC in the agreement?,Lender,1,0,0
13,"What is the role of CVR ENERGY, INC in the agreement?","Borrower,",1,0,0
60,"What is the role of LEIDOS, INC. in the agreement?",Borrower,1,0,0
60,"What is the role of LEIDOS HOLDINGS, INC. in the agreement?",Holdings,1,0,0
74,What is the role of CITIZENS BANK in the agreement?,Documentation Agents,1,0,0
74,What is the role of CohnReznick LLP in the agreement?,legal counsel,1,0,0
74,What is the role of ING CAPITAL LLC in the agreement?,Documentation Agents,1,0,0
74,"What is the role of WELLS FARGO BANK, NATIONAL ASSOCIATION in the agreement?",Documentation Agents,1,0,0
74,"What is the role of CREDIT SUISSE AG, CAYMAN ISLANDS BRANCH in the agreement?",Syndication Agents,1,0,0
74,What is the role of SUNTRUST BANK in the agreement?,Syndication Agents,1,0,0
74,What is the role of Goodwin Procter LLP in the agreement?,legal counsel,1,0,0
74,"What is the role of GTT COMMUNICATIONS, INC in the agreement?",Borrower,1,0,0
48,What is the role of ENBRIDGE %28U.S.%29 INC. in the agreement?,Lender,1,0,0
48,"What is the role of ENBRIDGE ENERGY PARTNERS, L.P., in the agreement?",Borrower,1,0,0
149,"What is the role of C WONDER LICENSING, LLC, in the agreement?",Guarantor,1,0,0
149,What is the role of CohnReznick LLP in the agreement?,accounting firm,1,0,0
149,"What is the role of FIRST EAGLE ALTERNATIVECAPITAL BDC, INC in the agreement?",Lender,1,0,0
149,"What is the role of FIRST EAGLE DIRECT LENDING FUND IV, LLC in the agreement?",Lender,1,0,0
149,"What is the role of FIRST EAGLE DIRECT LENDING IV CO-INVEST, LLC in the agreement?",Lender,1,0,0
149,"What is the role of FIRST EAGLE DIRECT LENDING LEVERED FUND IV SPV, LLC in the agreement?",Lender,1,0,0
149,"What is the role of FIRST EAGLE DIRECT LENDING V-A, LLC in the agreement?",Lender,1,0,0
149,"What is the role of FIRST EAGLE DIRECT LENDING V-B SPV, LLC in the agreement?",Lender,1,0,0
149,"What is the role of FIRST EAGLE DIRECT LENDING V-C, SCSP in the agreement?",Lender,1,0,0
149,"What is the role of GOLD LICENSING, LLC in the agreement?",Guarantor,1,0,0
149,"What is the role of H HERITAGE LICENSING, LLC in the agreement?",Guarantor,1,0,0
149,"What is the role of H LICENSING, LLC, in the agreement?",Guarantor,1,0,0
149,"What is the role of IM BRANDS, LLC, in the agreement?",Guarantor,1,0,0
149,"What is the role of JR LICENSING, LLC in the agreement?",Guarantor,1,0,0
149,"What is the role of JUDITH RIPKA FINE JEWELRY, LLC in the agreement?",Guarantor,1,0,0
149,"What is the role of XCEL-CT MFG, LLC in the agreement?",Guarantor,1,0,0
149,"What is the role of XCEL BRANDS, INC in the agreement?",Borrower,1,0,0
149,"What is the role of XCEL DESIGN GROUP, LLC, in the agreement?",Guarantor,1,0,0
149,"What is the role of XCEL BRANDS, INC. in the agreement?",Borrower,1,0,0
161,What is the role of BMO HARRIS BANK N.A. in the agreement?,Lender,1,0,0
161,What is the role of KEYBANC CAPITAL MARKETS INC. in the agreement?,JOINT-LEAD ARRANGERS,1,0,0
161,What is the role of S%26T BANK in the agreement?,Lender,1,0,0
161,"What is the role of TRUIST SECURITIES, INC. in the agreement?",JOINT-LEAD ARRANGERS,1,0,0
161,"What is the role of MODIV OPERATING PARTNERSHIP, LP in the agreement?",BORROWER,1,0,0
161,What is the role of SYNOVUS BANK in the agreement?,Lender,1,0,0
161,What is the role of FIRST FINANCIAL BANK in the agreement?,Lender,1,0,0
160,What is the role of JPMORGAN CHASE BANK N.A. in the agreement?,Joint Bookrunners,1,0,0
160,"What is the role of NUANCE COMMUNICATIONS, INC in the agreement?",Borrower,1,0,0
148,What is the role of MUFG UNION BANK in the agreement?,Lender,1,0,0
148,What is the role of THE NORTHERN TRUST COMPANY in the agreement?,Lender,1,0,0
148,"What is the role of BANK OF AMERICA, N.A. in the agreement?",Administrative Agent,1,0,0
148,What is the role of BARCLAYS BANK Plc in the agreement?,Lender,1,0,0
148,What is the role of BNP PARIBAS in the agreement?,Co-Syndication Agents,1,0,0
148,What is the role of BNP PARIBAS SECURITIES CORP in the agreement?,Joint Lead Arrangers,1,0,0
148,What is the role of HSBC BANK USA in the agreement?,Lender,1,0,0
148,What is the role of PNC BANK in the agreement?,Lender,1,0,0
148,What is the role of TD SECURITIES %28USA%29 LLC in the agreement?,Joint Bookrunners,1,0,0
148,What is the role of TRUIST BANK in the agreement?,Lender,1,0,0
148,What is the role of WELLS FARGO BANK in the agreement?,Lender,1,0,0
148,"What is the role of WELLS FARGO BANK, NATIONAL ASSOCIATION in the agreement?",Co-Syndication Agents,1,0,0
148,What is the role of JACOBS ENGINEERING GROUP INC. in the agreement?,Borrowers,1,0,0
148,What is the role of JPMORGAN CHASE BANK in the agreement?,Lender,1,0,0
148,What is the role of MORGAN STANLEY BANK in the agreement?,Lender,1,0,0
148,What is the role of BNP PARIBAS in the agreement?,Lender,1,0,0
148,What is the role of BANK OF AMERICA in the agreement?,Administrative Agent,1,0,0
148,What is the role of BANK OF AMERICA in the agreement?,Lender,1,0,0
49,What is the role of DBG SUBSIDIARY INC. in the agreement?,BORROWERS,1,0,0
49,What is the role of DIFFERENTIAL BRANDS GROUP INC. in the agreement?,BORROWERS,1,0,0
49,"What is the role of HUDSON CLOTHING, LLC in the agreement?",BORROWERS,1,0,0
49,"What is the role of HUDSON CLOTHING HOLDINGS, INC in the agreement?",GUARANTORS,1,0,0
49,"What is the role of INNOVO WEST SALES, INC in the agreement?",GUARANTORS,1,0,0
49,What is the role of RGH GROUP LLC in the agreement?,GUARANTORS,1,0,0
49,"What is the role of ROBERT GRAHAM DESIGNS, LLC in the agreement?",BORROWERS,1,0,0
49,"What is the role of ROBERT GRAHAM HOLDINGS, LLC in the agreement?",BORROWERS,1,0,0
49,What is the role of ROBERT GRAHAM RETAIL LLC in the agreement?,BORROWERS,1,0,0
49,What is the role of TCW DIRECT LENDING LLC in the agreement?,LENDERS,1,0,0
49,What is the role of TCW DIRECT LENDING STRATEGIC VENTURES LLC in the agreement?,LENDERS,1,0,0
49,What is the role of Cortland Capital Market Services LLC in the agreement?,Agent,1,0,0
49,"What is the role of HC ACQUISITION HOLDINGS, INC in the agreement?",GUARANTORS,1,0,0
49,"What is the role of MARCO BRUNELLI IP, LLC in the agreement?",GUARANTORS,1,0,0
49,What is the role of TCW ASSET MANAGEMENT COMPANY in the agreement?,Agent,1,0,0
75,What is the role of K%26L Gates LLP in the agreement?,special counsel to the Borrower,1,0,0
75,What is the role of KPMG LLP in the agreement?,public accounting firm,1,0,0
75,"What is the role of ASPEN TECHNOLOGY, INC in the agreement?",Borrower,1,0,0
75,What is the role of JPMORGAN CHASE BANK in the agreement?,Administrative Agent,1,0,0
61,"What is the role of WELLS FARGO BANK, NATIONAL ASSOCIATION in the agreement?",Lender,1,0,0
61,What is the role of DEUTSCHE BANK AG NEW YORK BRANCH in the agreement?,Lender,1,0,0
61,"What is the role of CITIBANK, N.A. in the agreement?",Lender,1,0,0
61,"What is the role of JPMORGAN CHASE BANK, N.A. in the agreement?",Lender,1,0,0
61,What is the role of BNP PARIBAS in the agreement?,Lender,1,0,0
61,"What is the role of CITRIX SYSTEMS, INC. in the agreement?",BORROWER,1,0,0
77,What is the role of CADENCE BANK in the agreement?,Lender,1,0,0
77,"What is the role of WELLCARE HEALTH PLANS, INC in the agreement?",Borrower,1,0,0
77,What is the role of HANCOCK BANK in the agreement?,Lender,1,0,0
63,"What is the role of The Andersons, Inc. in the agreement?",Borrower,1,0,0
63,What is the role of U.S. Bank National Association in the agreement?,LC Issuer,1,0,0
63,What is the role of Sidley Austin LLP in the agreement?,legal counsel,1,0,0
88,"What is the role of j2 CLOUD SERVICES, LLC in the agreement?",liability company,1,0,0
162,"What is the role of %09CITIBANK, N.A. in the agreement?",Lender,1,0,0
162,What is the role of CANRIG DRILLING TECHNOLOGY CANADA LTD. in the agreement?,Guarantor,1,0,0
162,What is the role of NABORS DRILLING HOLDINGS INC in the agreement?,Guarantor,1,0,0
162,What is the role of NABORS DRILLING TECHNOLOGIES USA in the agreement?,Guarantor,1,0,0
162,"What is the role of NABORS HOLDINGS LTD., in the agreement?",Guarantor,1,0,0
162,"What is the role of NABORS INDUSTRIES, INC. in the agreement?",Borrower,1,0,0
162,What is the role of NABORS INDUSTRIES LTD. in the agreement?,Holdings,1,0,0
162,"What is the role of NABORS INTERNATIONAL MANAGEMENT LIMITED, in the agreement?",Guarantor,1,0,0
162,"What is the role of NABORS LUX 2, in the agreement?",Guarantor,1,0,0
162,"What is the role of NABORS LUX FINANCE 1, in the agreement?",Guarantor,1,0,0
162,What is the role of %09NABORS GLOBAL HOLDINGS LIMITED in the agreement?,Guarantor,1,0,0
162,"What is the role of %09WELLS FARGO BANK, N.A in the agreement?",Lender,1,0,0
162,What is the role of GOLDMAN SACHS BANK USA in the agreement?,Lender,1,0,0
162,"What is the role of HSBC BANK USA, N.A in the agreement?",Lender,1,0,0
162,"What is the role of NABORS INDUSTRIES LTD., in the agreement?",Guarantor,1,0,0
162,"What is the role of MORGAN STANLEY SENIOR FUNDING, INC. in the agreement?",Lender,1,0,0
162,"What is the role of NABORS ALASKA DRILLING, INC. in the agreement?",Guarantor,1,0,0
163,"What is the role of COMMVAULT SYSTEMS, INC in the agreement?",Lenders,1,0,0
163,What is the role of Lead Arranger in the agreement?,Sole,1,0,0
163,"What is the role of COMMVAULT SYSTEMS, INC. in the agreement?",Borrower,1,0,0
62,What is the role of Dykema Gossett PLLC in the agreement?,legal counsel,1,0,0
62,What is the role of Simpson Thacher %26 Bartlett LLP in the agreement?,legal counsel,1,0,0
62,What is the role of TD Securities %28USA%29 LLC in the agreement?,Arranger,1,0,0
62,"What is the role of MICHIGAN ELECTRIC TRANSMISSION COMPANY, LLC in the agreement?",Borrower,1,0,0
62,"What is the role of THE TORONTO DOMINION BANK, NEW YORK BRANCH in the agreement?",Lender,1,0,0
76,What is the role of O%27Melveny %26 Myers LLP in the agreement?,counsel to the Borrower,1,0,0
76,What is the role of O%E2%80%99Melveny %26 Myers LLP in the agreement?,counsel to the Borrower,1,0,0
76,"What is the role of O%E2%80%99Melveny %26 Myers LLP, in the agreement?",counsel to the Borrower,1,0,0
76,What is the role of MICROSEMI CORPORATION in the agreement?,Borrower,1,0,0
8,"What is the role of ARC Real Estate Partners, LLC in the agreement?",Guarantor,1,0,0
8,"What is the role of TAU OPERATING PARTNERSHIP, L.P in the agreement?",Borrower,1,0,0
8,"What is the role of Tau Operating Partnership, L.P. in the agreement?",Borrower,1,0,0
8,"What is the role of WELLS FARGO BANK, NATIONAL ASSOCIATION in the agreement?",Lender,1,0,0
72,What is the role of BROWN RUDNICK LLP in the agreement?,legal counsel,1,0,0
72,"What is the role of WELLS FARGO BANK, NATIONAL ASSOCIATION in the agreement?",Syndication Agents,1,0,0
72,What is the role of CITIBANK in the agreement?,Administrative Agent,1,0,0
72,"What is the role of STANLEY BLACK %26 DECKER, INC in the agreement?",Initial Borrower,1,0,0
66,What is the role of Cahill Gordon %26 Reindel llp in the agreement?,legal counsel,1,0,0
66,What is the role of Deloitte %26 Touche LLP in the agreement?,legal counsel,1,0,0
66,"What is the role of ICU Medical, Inc. in the agreement?",Borrower,1,0,0
99,"What is the role of CBOCS TEXAS, LLC in the agreement?",Guarantor,1,0,0
99,What is the role of SYNOVUS BANK in the agreement?,Lender,1,0,0
99,"What is the role of US BANK, NATIONAL ASSOCIATION in the agreement?",Lender,1,0,0
99,What is the role of BANK OF AMERICA in the agreement?,Lender,1,0,0
99,What is the role of BRANCH BANKING AND TRUST COMPANY in the agreement?,Lender,1,0,0
99,"What is the role of CBOCS DISTRIBUTION, INC. in the agreement?",Guarantor,1,0,0
99,"What is the role of CBOCS Distribution, Inc. in the agreement?",GUARANTOR,1,0,0
99,"What is the role of CBOCS Pennsylvania, LLC in the agreement?",GUARANTOR,1,0,0
99,"What is the role of CBOCS Properties, Inc in the agreement?",GUARANTOR,1,0,0
99,"What is the role of CBOCS SUPPLY, INC in the agreement?",Guarantor,1,0,0
99,"What is the role of CBOCS Supply, Inc. in the agreement?",GUARANTOR,1,0,0
99,"What is the role of CBOCS Texas, LLC in the agreement?",GUARANTOR,1,0,0
99,"What is the role of CBOCS WEST, INC. in the agreement?",Guarantor,1,0,0
99,"What is the role of CBOCS West, Inc. in the agreement?",GUARANTOR,1,0,0
99,What is the role of CB Music LLC in the agreement?,GUARANTOR,1,0,0
99,"What is the role of CRACKER BARREL OLD COUNTRY STORE, INC. in the agreement?",Borrower,1,0,0
99,What is the role of FIFTH THIRD BANK in the agreement?,Lender,1,0,0
99,What is the role of PINNACLE BANK in the agreement?,Lender,1,0,0
99,"What is the role of Rocking Chair, Inc. in the agreement?",GUARANTOR,1,0,0
99,What is the role of THE SUBSIDIARY GUARANTORS NAMED HEREIN in the agreement?,Guarantors,1,0,0
99,"What is the role of CBOCS PENNSYLVANIA, LLC in the agreement?",Guarantor,1,0,0
99,What is the role of CO%C3%96PERATIEVE CENTRALE RAIFFEISEN-BOERENLEENBANK B.A. %C2%93RABOBANK in the agreement?,Lender,1,0,0
99,What is the role of FIRST TENNESSEE BANK NATIONAL ASSOCIATION in the agreement?,Lender,1,0,0
99,"What is the role of PNC BANK, NATIONAL ASSOCIATION in the agreement?",Lender,1,0,0
99,"What is the role of ROCKING CHAIR, INC. in the agreement?",Guarantor,1,0,0
99,"What is the role of THE BANK OF TOKYO-MITSUBISHI UFJ, LTD. in the agreement?",Lender,1,0,0
99,What is the role of CB MUSIC LLC in the agreement?,Guarantor,1,0,0
99,"What is the role of CRACKER BARREL OLD COUNTRY STORE, INC in the agreement?",Borrower,1,0,0
99,"What is the role of Cracker Barrel Old Country Store, Inc. in the agreement?",Borrower,1,0,0
99,"What is the role of CBOCS PROPERTIES, INC. in the agreement?",Guarantor,1,0,0
99,"What is the role of Wells Fargo Bank, National Association in the agreement?",AdministrativeAgent,1,0,0
99,What is the role of REGIONS BANK in the agreement?,Lender,1,0,0
99,What is the role of GREENSTONE FARM CREDIT SERVICES in the agreement?,Lender,1,0,0
99,What is the role of AVENUE BANK in the agreement?,Lender,1,0,0
167,"What is the role of TRANSDYN, INC. in the agreement?",GUARANTORS,1,0,0
167,"What is the role of POWELL ELECTRICAL SYSTEMS, INC. in the agreement?",GUARANTORS,1,0,0
167,"What is the role of POWELL INDUSTRIES, INC in the agreement?",Borrower,1,0,0
167,"What is the role of POWELL INDUSTRIES, INC. in the agreement?",BORROWER,1,0,0
167,"What is the role of POWELL INDUSTRIES INTERNATIONAL, INC. in the agreement?",GUARANTORS,1,0,0
98,What is the role of JPMORGAN CHASE BANK in the agreement?,LENDERS,1,0,0
98,"What is the role of Citrix Systems, Inc. in the agreement?",Borrower,1,0,0
98,"What is the role of Citrix Systems, Inc. in the agreement?",Borrower,1,0,0
98,What is the role of Sidley Austin LLP in the agreement?,Borrower,1,0,0
166,What is the role of 4260848 CANADA INC. in the agreement?,Guarantor,1,0,0
166,What is the role of 4260856 CANADA INC. in the agreement?,Guarantor,1,0,0
166,What is the role of 8018227 CANADA INC. in the agreement?,Guarantor,1,0,0
166,What is the role of AV METALS INC in the agreement?,Holdings,1,0,0
166,What is the role of CITIGROUP GLOBAL MARKETS ASIA LIMITED in the agreement?,Bookrunners,1,0,0
166,"What is the role of ING BANK N.V., SINGAPORE BRANCH in the agreement?",Bookrunners,1,0,0
166,What is the role of NOVELIS ACQUISITIONS LLC in the agreement?,Guarantor,1,0,0
166,What is the role of NOVELIS AG in the agreement?,Guarantor,1,0,0
166,What is the role of NOVELIS DEUTSCHLAND GMBH in the agreement?,Guarantor,1,0,0
166,What is the role of NOVELIS DO BRASIL LTDA. in the agreement?,Guarantor,1,0,0
166,What is the role of NOVELIS EUROPE HOLDINGS LIMITED. in the agreement?,Guarantor,1,0,0
166,"What is the role of NOVELIS GLOBAL EMPLOYMENT ORGANIZATION, INC. in the agreement?",Guarantor,1,0,0
166,What is the role of NOVELIS HOLDINGS INC. in the agreement?,Guarantor,1,0,0
166,What is the role of NOVELIS INC in the agreement?,Borrower,1,0,0
166,"What is the role of NOVELIS PAE S.A.S., in the agreement?",Guarantor,1,0,0
166,What is the role of NOVELIS SERVICES LIMITED in the agreement?,Guarantor,1,0,0
166,What is the role of NOVELIS SHEET INGOT GMBH in the agreement?,Guarantor,1,0,0
166,What is the role of NOVELIS SOUTH AMERICA HOLDINGS LLC in the agreement?,Guarantor,1,0,0
166,What is the role of NOVELIS SWITZERLAND SA in the agreement?,Guarantor,1,0,0
166,What is the role of NOVELIS UK LTD in the agreement?,Guarantor,1,0,0
166,"What is the role of CITIBANK, N.A. in the agreement?",Lender,1,0,0
166,What is the role of ICICI Bank Limited in the agreement?,Lender,1,0,0
166,What is the role of NOVELIS INC. in the agreement?,Borrower,1,0,0
166,What is the role of NOVELIS MEA LTD in the agreement?,Guarantor,1,0,0
166,What is the role of ICICI BANK UK PLC in the agreement?,Lender,1,0,0
166,What is the role of ING BANK N.V. in the agreement?,Lender,1,0,0
166,What is the role of NOVELIS ALUMINIUM HOLDING UNLIMITED COMPANY in the agreement?,Guarantor,1,0,0
67,What is the role of BIOPHARMA CREDIT INVESTMENTS V %28MASTER%29 LP in the agreement?,Lender,1,0,0
67,What is the role of BPCR LIMITED PARTNERSHIP in the agreement?,Lender,1,0,0
67,"What is the role of Coherus Biosciences, Inc. in the agreement?",Issuer,1,0,0
67,"What is the role of HealthCare Royalty Partners III, L.P. in the agreement?",Investor,1,0,0
67,What is the role of KKR Biosimilar L.P. in the agreement?,Investor,1,0,0
67,"What is the role of KMG Capital Partners, LLC in the agreement?",Investor,1,0,0
67,What is the role of MX II Associates LLC in the agreement?,Investor,1,0,0
67,What is the role of Latham %26 Watkins LLP in the agreement?,legal counsel,1,0,0
73,"What is the role of CITIZENS BANK, NATIONAL ASSOCIATION in the agreement?",Co-Managers,1,0,0
73,"What is the role of NEXSTAR BROADCASTING, INC. in the agreement?",Borrower,1,0,0
73,What is the role of CAPITAL ONE in the agreement?,Co-Managers,1,0,0
73,"What is the role of NEXSTAR MEDIA GROUP, INC. in the agreement?",Holding Company,1,0,0
73,"What is the role of Raymond James Bank, N.A. in the agreement?",Lender,1,0,0
73,"What is the role of Cr%C3%A9dit Industriel et Commercial, New York Bank in the agreement?",Lender,1,0,0
73,What is the role of FIFTH THIRD BANK in the agreement?,Co-Managers,1,0,0
73,"What is the role of THE BANK OF TOKYO-MITSUBISHI UFJ, LTD in the agreement?",Co-Managers,1,0,0
9,What is the role of HAVERHILL COGENERATION COMPANY LLC in the agreement?,Borrower,1,0,0
9,What is the role of HAVERHILL COKE COMPANY LLC in the agreement?,Borrower,1,0,0
9,"What is the role of MIDDLETOWN COKE COMPANY, LLC in the agreement?",Borrower,1,0,0
9,What is the role of MIDDLETOWN COGENERATION COMPANY LLC in the agreement?,Borrower,1,0,0
9,"What is the role of SUNCOKE ENERGY PARTNERS, L.P. in the agreement?",Borrower,1,0,0
59,What is the role of ABN AMRO Capital USA LLC in the agreement?,Arrangers,1,0,0
59,What is the role of BMO Harris Bank N.A in the agreement?,Arrangers,1,0,0
59,"What is the role of Farm Credit Mid-America, PCA in the agreement?",Arrangers,1,0,0
59,"What is the role of Merrill Lynch, Pierce, Fenner %26 Smith Incorporated in the agreement?",Arrangers,1,0,0
59,What is the role of U.S. Bank National Association in the agreement?,LC Issuer,1,0,0
59,What is the role of Sidley Austin LLP in the agreement?,legal counsel,1,0,0
59,"What is the role of The Andersons, Inc. in the agreement?",Borrower,1,0,0
59,What is the role of Jones Day in the agreement?,legal counsel,1,0,0
65,"What is the role of Mohegan Expo Center, LLC in the agreement?",Subsidiary,1,0,0
65,"What is the role of Mohegan Gaming Advisors, LLC in the agreement?",Subsidiary,1,0,0
65,"What is the role of Tribe, Faegre Drinker Biddle %26 Reath LLP in the agreement?",legal counsel,1,0,0
65,"What is the role of Tribe, Rosenn, Jenkins %26 Greenwald LLP in the agreement?",legal counsel,1,0,0
65,What is the role of MOHEGAN TRIBAL GAMING AUTHORITY in the agreement?,Borrower,1,0,0
71,"What is the role of Alston %26 Bird LLP, in the agreement?",counsel to the Borrower,1,0,0
71,What is the role of BANK OF AMERICA in the agreement?,Administrative Agent,1,0,0
71,"What is the role of TOTAL SYSTEM SERVICES, INC in the agreement?",Borrower,1,0,0
164,What is the role of COMMERCE BANK in the agreement?,Lender,1,0,0
164,What is the role of REGIONS CAPITAL MARKETS in the agreement?,JOINT BOOK RUNNERS,1,0,0
164,What is the role of ARVEST BANK in the agreement?,Lender,1,0,0
164,What is the role of COMERICA BANK in the agreement?,Lender,1,0,0
164,What is the role of FIFTH THIRD BANK in the agreement?,Lender,1,0,0
164,"What is the role of JACK HENRY %26 ASSOCIATES, INC. in the agreement?",THE LENDERS,1,0,0
170,What is the role of STARBUCKS CORPORATION in the agreement?,Borrower,1,0,0
158,"What is the role of DIGITAL TURBINE, INC in the agreement?",Borrowers,1,0,0
158,"What is the role of DIGITAL TURBINE MEDIA, INC in the agreement?",Borrowers,1,0,0
158,"What is the role of DIGITAL TURBINE USA, INC. in the agreement?",Borrowers,1,0,0
158,What is the role of DT Media in the agreement?,Borrower,1,0,0
158,"What is the role of BANK OF AMERICA, N.A. in the agreement?",Lender,1,0,0
159,"What is the role of MSC INCOME FUND, INC. in the agreement?",Portfolio Manager,1,0,0
165,What is the role of BANK OF THE WEST in the agreement?,Lender,1,0,0
165,"What is the role of MERRILL LYNCH, PIERCE, FENNER %26 SMITH, INCORPORATEDJPMORGAN CHASE BANK, N.A, in the agreement?",Joint Lead Arrangers,1,0,0
165,What is the role of THE BANK OF NOVA SCOTIA in the agreement?,Lender,1,0,0
165,What is the role of U.S. BANK NATIONAL ASSOCIATION in the agreement?,Lender,1,0,0
165,What is the role of BARCLAYS BANK PLC in the agreement?,Lender,1,0,0
165,"What is the role of HSBC BANK USA, N.A in the agreement?",Lender,1,0,0
165,"What is the role of MIZUHO BANK, LTD. in the agreement?",Lender,1,0,0
165,"What is the role of BANK OF AMERICA, N.A in the agreement?",Administrative Agent,1,0,0
165,What is the role of ROYAL BANK OF CANADA in the agreement?,Lender,1,0,0
165,What is the role of SUNTRUST BANK in the agreement?,Lender,1,0,0
165,"What is the role of COOPERATIEVE RABOBANK U.A., NEW YORK BRANCH in the agreement?",Lender,1,0,0
70,"What is the role of Airport Solar I, LLC in the agreement?",Subsidiaries,1,0,0
70,"What is the role of Bloomfield Solar, LLC in the agreement?",Subsidiaries,1,0,0
70,"What is the role of Charter Hill Solar, LLC in the agreement?",Subsidiaries,1,0,0
70,What is the role of City Solar Garden LLC in the agreement?,Subsidiaries,1,0,0
70,"What is the role of ESA Fleet Community Solar, LLC in the agreement?",Subsidiaries,1,0,0
70,"What is the role of Earth Right Energy II, LLC in the agreement?",Subsidiaries,1,0,0
70,What is the role of East to West Solar II LLC in the agreement?,Subsidiaries,1,0,0
70,"What is the role of GLC Chester Community Solar, LLC in the agreement?",Subsidiaries,1,0,0
70,What is the role of GREENBACKER RENEWABLE ENERGY CORPORATION in the agreement?,Intermediate Holdco,1,0,0
70,What is the role of Green Maple II LLC in the agreement?,Subsidiaries,1,0,0
70,What is the role of Green Maple LLC in the agreement?,Subsidiaries,1,0,0
70,"What is the role of Hartford Solarfield, LLC in the agreement?",Subsidiaries,1,0,0
70,"What is the role of Lincoln Farm I, LLC in the agreement?",Subsidiaries,1,0,0
70,"What is the role of Lincoln Farm II, LLC in the agreement?",Subsidiaries,1,0,0
70,"What is the role of Lincoln Farm III, LLC in the agreement?",Subsidiaries,1,0,0
70,"What is the role of Lincoln Farm IV, LLC in the agreement?",Subsidiaries,1,0,0
70,What is the role of MLH Phase 2 LLC in the agreement?,Subsidiaries,1,0,0
70,"What is the role of MLH Phase 3, LLC in the agreement?",Subsidiaries,1,0,0
70,"What is the role of MP2%2FIRG-Petaluma City Schools, LLC in the agreement?",Subsidiaries,1,0,0
70,"What is the role of MP2-Oregon Solar One, LLC in the agreement?",Subsidiaries,1,0,0
70,"What is the role of MP2 Capital %E2%80%93 WGBH Educational Foundation, LLC in the agreement?",Subsidiaries,1,0,0
70,"What is the role of MP2 Green Valley ES, LLC in the agreement?",Subsidiaries,1,0,0
70,"What is the role of MP2 Hawaii Solar I, LLC in the agreement?",Subsidiaries,1,0,0
70,What is the role of Magnolia Sun LLC in the agreement?,Subsidiaries,1,0,0
70,"What is the role of North Carolina Solar I, LLC in the agreement?",Subsidiaries,1,0,0
70,"What is the role of North Carolina Solar II, LLC in the agreement?",Subsidiaries,1,0,0
70,"What is the role of Novus Royalton Solar, LLC in the agreement?",Subsidiaries,1,0,0
70,What is the role of PCIP Solar LLC in the agreement?,Subsidiaries,1,0,0
70,What is the role of PCIP Solar Lessee LLC in the agreement?,Subsidiaries,1,0,0
70,"What is the role of Pittsford GLC Solar, LLC in the agreement?",Subsidiaries,1,0,0
70,"What is the role of Powerhouse One, LLC in the agreement?",Subsidiaries,1,0,0
70,"What is the role of Proctor GLC Solar, LLC in the agreement?",Subsidiaries,1,0,0
70,"What is the role of Solaverde, LLC in the agreement?",Subsidiaries,1,0,0
70,"What is the role of South Robeson Farm, LLC in the agreement?",Subsidiaries,1,0,0
70,"What is the role of South Robeson Solar Farm, LLC in the agreement?",Subsidiaries,1,0,0
70,"What is the role of Sunsense Clayton Lessee, LLC in the agreement?",Subsidiaries,1,0,0
70,"What is the role of Sunsense Fletcher Lessee, LLC in the agreement?",Subsidiaries,1,0,0
70,"What is the role of Sunsense Inman Lessee, LLC in the agreement?",Subsidiaries,1,0,0
70,"What is the role of Turtle Top Solar, LLC in the agreement?",Subsidiaries,1,0,0
70,What is the role of WE 46 Precision Drive LLC in the agreement?,Subsidiaries,1,0,0
70,"What is the role of Williamstown Old Town Road Solar, LLC in the agreement?",Subsidiaries,1,0,0
70,What is the role of GREC ENTITY HOLDCO LLC in the agreement?,Borrower,1,0,0
70,What is the role of GREENBACKER RENEWABLE ENERGY COMPANY LLC in the agreement?,Parent,1,0,0
64,What is the role of BARCLAYS BANK PLC in the agreement?,Lender,1,0,0
64,"What is the role of CREDIT SUISSE AG, CAYMAN ISLANDS BRANCH in the agreement?",Lender,1,0,0
64,What is the role of Deloitte %26 Touche LLP in the agreement?,legal counsel,1,0,0
64,What is the role of Ernst %26 Young LLP in the agreement?,legal counsel,1,0,0
64,What is the role of TRUIST BANK in the agreement?,Lender,1,0,0
64,"What is the role of Affirm, Inc. in the agreement?",Borrower,1,0,0
64,What is the role of GOLDMAN SACHS LENDING PARTNERS LLC in the agreement?,Lender,1,0,0
58,"What is the role of COHERUS BIOSCIENCES, INC. in the agreement?",BORROWER,1,0,0
58,"What is the role of HCRP OVERFLOW FUND, L.P. in the agreement?",LENDERS,1,0,0
58,"What is the role of HCR MOLAG FUND, L.P. in the agreement?",LENDERS,1,0,0
58,"What is the role of HEALTHCARE ROYALTY PARTNERS III, L.P. in the agreement?",LENDERS,1,0,0
58,"What is the role of HealthCare Royalty Partners III, L.P. in the agreement?",investor,1,0,0
58,What is the role of INTEKRIN THERAPEUTICS INC. in the agreement?,GUARANTORS,1,0,0
58,What is the role of KMG Capital Partners in the agreement?,investor,1,0,0
58,What is the role of LLC and KKR Biosimilar L.P. in the agreement?,investor,1,0,0
58,What is the role of Latham %26 Watkins LLP in the agreement?,Counsel,1,0,0
58,What is the role of MX II Associates LLC in the agreement?,investor,1,0,0
58,What is the role of COHERUS INTERMEDIATE CORP. in the agreement?,GUARANTORS,1,0,0
41,"What is the role of TRC COMPANIES, INC in the agreement?",Borrower,1,0,0
7,"What is the role of SAMSON OIL AND GAS USA, INC in the agreement?",Borrower,1,0,0
55,What is the role of GSO Capital Partners LP in the agreement?,Purchaser,1,0,0
55,"What is the role of HOVNANIAN ENTERPRISES, INC. in the agreement?",Holdings,1,0,0
55,"What is the role of K. HOVNANIAN ENTERPRISES, INC. in the agreement?",Borrower,1,0,0
55,What is the role of Simpson Thacher %26 Bartlett LLP in the agreement?,special counsel for the Borrower,1,0,0
69,"What is the role of Chapman Properties, LLC in the agreement?",Subsidiary,1,0,0
69,"What is the role of Cleveland Lincoln Garage Owner, LLC in the agreement?",Subsidiary,1,0,0
69,"What is the role of MCI 1372 Street, LLC in the agreement?",Subsidiary,1,0,0
69,"What is the role of MVP ACQUISITIONS, LLC in the agreement?",SUBSIDIARY GUARANTORS%3A,1,0,0
69,"What is the role of MVP Acquisitions, LLC in the agreement?",Subsidiary,1,0,0
69,"What is the role of MVP Bridgeport Fairfield Garage, LLC in the agreement?",Subsidiary,1,0,0
69,"What is the role of MVP Denver Sherman, LLC in the agreement?",Subsidiary,1,0,0
69,"What is the role of MVP Houston Preston Lot, LLC in the agreement?",Subsidiary,1,0,0
69,What is the role of MVP Indianapolis Meridian Lot LLC in the agreement?,Subsidiary,1,0,0
69,"What is the role of MVP Milwaukee Clybourn, LLC in the agreement?",Subsidiary,1,0,0
69,"What is the role of MVP PF Kansas City 2013, LLC in the agreement?",Subsidiary,1,0,0
69,"What is the role of MVP PF St. Louis 2013, LLC in the agreement?",Subsidiary,1,0,0
69,"What is the role of MVP St. Louis Broadway, LLC, in the agreement?",Subsidiary,1,0,0
69,"What is the role of MVP St. Louis Convention Plaza, LLC in the agreement?",Subsidiary,1,0,0
69,"What is the role of West 9th Street Properties II, LLC in the agreement?",Subsidiary,1,0,0
69,"What is the role of Cleveland Lincoln Garage, LLC in the agreement?",Subsidiary,1,0,0
69,"What is the role of MVP Acquisitions, LLC in the agreement?",Subsidiary,1,0,0
69,"What is the role of MVP Bridgeport Fairfield Garage, LLC in the agreement?",Subsidiary,1,0,0
69,"What is the role of MVP Cincinnati Race Street Garage, LLC in the agreement?",Subsidiary,1,0,0
69,"What is the role of MVP Clarksburg Lot, LLC in the agreement?",Subsidiary,1,0,0
69,"What is the role of MVP Denver 1935 Sherman, LLC in the agreement?",Subsidiary,1,0,0
69,"What is the role of MVP Detroit Center Garage, LLC in the agreement?",Subsidiary,1,0,0
69,"What is the role of MVP Fort Worth Taylor, LLC in the agreement?",Subsidiary,1,0,0
69,"What is the role of MVP Houston Jefferson Lot, LLC in the agreement?",Subsidiary,1,0,0
69,"What is the role of MVP Houston Preston Lot, LLC in the agreement?",Subsidiary,1,0,0
69,"What is the role of MVP Houston Saks Garage, LLC in the agreement?",Subsidiary,1,0,0
69,"What is the role of MVP Houston San Jacinto Lot, LLC in the agreement?",Subsidiary,1,0,0
69,"What is the role of MVP Indianapolis City Park Garage, LLC in the agreement?",Subsidiary,1,0,0
69,"What is the role of MVP Indianapolis Washington Street Lot, LLC in the agreement?",Subsidiary,1,0,0
69,"What is the role of MVP KC Cherry Lot, LLC in the agreement?",Subsidiary,1,0,0
69,"What is the role of MVP Louisville Station Broadway, LLC in the agreement?",Subsidiary,1,0,0
69,"What is the role of MVP Merger Sub, LLC in the agreement?",Subsidiary,1,0,0
69,"What is the role of MVP Milwaukee Arena Lot, LLC in the agreement?",Subsidiary,1,0,0
69,"What is the role of MVP Milwaukee Old World, LLC in the agreement?",Subsidiary,1,0,0
69,What is the role of MVP Milwaukee Wells LLC in the agreement?,Subsidiary,1,0,0
69,"What is the role of MVP PF Fort Lauderdale 2013, LLC in the agreement?",Subsidiary,1,0,0
69,"What is the role of MVP PF Memphis Court 2013, LLC in the agreement?",Subsidiary,1,0,0
69,"What is the role of MVP PF Memphis Poplar 2013, LLC in the agreement?",Subsidiary,1,0,0
69,"What is the role of MVP Preferred Parking, LLC in the agreement?",Subsidiary,1,0,0
69,"What is the role of MVP REIT II Operating Partnership, LP in the agreement?",Subsidiary,1,0,0
69,"What is the role of MVP Raider Park Garage, LLC in the agreement?",Subsidiary,1,0,0
69,"What is the role of MVP Real Estate Holdings, LLC in the agreement?",Subsidiary,1,0,0
69,"What is the role of MVP San Jose 88 Garage, LLC in the agreement?",Subsidiary,1,0,0
69,"What is the role of MVP St. Louis Cerre, LLC in the agreement?",Subsidiary,1,0,0
69,"What is the role of MVP St. Louis Lucas, LLC in the agreement?",Subsidiary,1,0,0
69,"What is the role of MVP St. Louis Washington, LLC in the agreement?",Subsidiary,1,0,0
69,"What is the role of MVP St. Paul Holiday Garage, LLC in the agreement?",Subsidiary,1,0,0
69,"What is the role of MVP Wildwood NJ Lot, LLC in the agreement?",Subsidiary,1,0,0
69,"What is the role of Mabley Place Garage, LLC in the agreement?",Subsidiary,1,0,0
69,"What is the role of Mabley Place Garage II, LLC in the agreement?",Subsidiary,1,0,0
69,"What is the role of Minneapolis City Parking, LLC in the agreement?",Subsidiary,1,0,0
69,What is the role of Minneapolis Venture LLC in the agreement?,Subsidiary,1,0,0
69,"What is the role of St. Louis Broadway Group, LLC in the agreement?",Subsidiary,1,0,0
69,"What is the role of St. Louis Seventh %26 Cerre, LLC in the agreement?",Subsidiary,1,0,0
69,"What is the role of West 9th Street Properties II, LLC in the agreement?",Subsidiary,1,0,0
69,"What is the role of White Front Garage Partners, LLC in the agreement?",Subsidiary,1,0,0
69,"What is the role of MVP ACQUISITIONS, LLC in the agreement?",SUBSIDIARY,1,0,0
82,What is the role of U.S. BANK NATIONAL ASSOCIATION in the agreement?,Lender,1,0,0
82,What is the role of B%C3%BCtzow Attorneys Ltd. in the agreement?,Finnish counsel for the Initial Finnish Borrower.,1,0,0
82,What is the role of TD BANK in the agreement?,Lender,1,0,0
82,"What is the role of Wilmer Cutler Pickering Hale and Dorr LLP, in the agreement?",U.S. counsel for the initial Borrowers.,1,0,0
82,What is the role of THE NORTHERN TRUST COMPANY in the agreement?,Lender,1,0,0
82,"What is the role of THE BANK OF TOKYO-MITSUBISHI UFJ, LTD in the agreement?",Lender,1,0,0
82,"What is the role of PNC BANK, NATIONAL ASSOCIATION in the agreement?",Lender,1,0,0
82,"What is the role of WELLS FARGO BANK, NATIONAL ASSOCIATION in the agreement?",Lender,1,0,0
168,What is the role of BANK OF AMERICA in the agreement?,Syndication Agent,1,0,0
168,"What is the role of Bank of America, N.A in the agreement?",Lenders,1,0,0
168,"What is the role of Citibank, N.A in the agreement?",Lenders,1,0,0
168,"What is the role of STANLEY BLACK %26 DECKER, INC in the agreement?",Borrower,1,0,0
168,What is the role of Citibank in the agreement?,Administrative Agent,1,0,0
168,"What is the role of STANLEY BLACK %26 DECKER, INC. in the agreement?",Borrower,1,0,0
96,What is the role of BANK OF THE WEST in the agreement?,LENDERS,1,0,0
96,What is the role of COMMUNITY BANK OF SANTA FE in the agreement?,LENDERS,1,0,0
96,What is the role of FOUR CORNERS COMMUNITY BANK in the agreement?,LENDERS,1,0,0
96,What is the role of Public Service Company of New Mexico in the agreement?,Borrower,1,0,0
96,What is the role of SOUTHWEST CAPITAL BANK in the agreement?,LENDERS,1,0,0
96,What is the role of WASHINGTON FEDERAL BANK in the agreement?,LENDERS,1,0,0
96,What is the role of WESTERN COMMERCE BANK in the agreement?,LENDERS,1,0,0
96,What is the role of FIRST NATIONAL BANK OF SANTA FE in the agreement?,LENDERS,1,0,0
96,What is the role of U.S. Bank National Association in the agreement?,Administrative Agent,1,0,0
140,What is the role of AIROPCO 1ET BERMUDA LTD. in the agreement?,Borrower,1,0,0
140,What is the role of AIROPCO 1JT BERMUDA LTD. in the agreement?,Borrower,1,0,0
140,What is the role of AIROPCO II KO IRELAND DAC in the agreement?,Borrower,1,0,0
140,What is the role of AIROPCO II ME IRELAND DAC in the agreement?,Borrower,1,0,0
140,What is the role of AIROPCO I SD IRELAND DAC in the agreement?,Borrower,1,0,0
140,What is the role of WWTAI AIROPCO 1 BERMUDA LTD. in the agreement?,Borrower,1,0,0
140,What is the role of WWTAI AIROPCO BPA IRELAND LIMITED in the agreement?,Borrower,1,0,0
140,What is the role of AIROPCO 1ASL BERMUDA LTD. in the agreement?,Borrower,1,0,0
140,What is the role of FORTRESS TRANSPORTATION in the agreement?,Holdings,1,0,0
140,What is the role of FORTRESS WORLDWIDE TRANSPORTATION in the agreement?,IntermediateCo,1,0,0
140,What is the role of FORTRESS WORLDWIDE TRANSPORTATION AND INFRASTRUCTURE GENERAL PARTNERSHIP in the agreement?,IntermediateCo,1,0,0
140,What is the role of INFRASTRUCTURE GENERAL PARTNERSHIP in the agreement?,IntermediateCo,1,0,0
140,What is the role of INFRASTRUCTURE INVESTORS LLC in the agreement?,Holdings,1,0,0
140,What is the role of WWTAI AIROPCO II DAC in the agreement?,Borrower,1,0,0
140,What is the role of WWTAI FINANCE LTD in the agreement?,Borrower,1,0,0
140,What is the role of WWTAI FINANCE LTD. in the agreement?,Borrower,1,0,0
140,What is the role of FORTRESS TRANSPORTATION AND INFRASTRUCTURE INVESTORS LLC in the agreement?,Holdings,1,0,0
154,What is the role of EDGE SYSTEMS LLC in the agreement?,Borrower,1,0,0
154,"What is the role of JPMORGAN CHASE BANK, N.A in the agreement?",Administrative Agent,1,0,0
154,"What is the role of THE HYDRAFACIAL COMPANY MEXICO HOLDINGS, LLC in the agreement?",Guarantor,1,0,0
154,"What is the role of EDGE SYSTEMS INTERMEDIATE, LLC in the agreement?",Guarantor,1,0,0
155,"What is the role of Clevertouch B.V., in the agreement?",GUARANTORS,1,0,0
155,"What is the role of Sahara Presentation Systems, Inc. in the agreement?",GUARANTORS,1,0,0
155,What is the role of Sahara Presentation Systems Europe BV in the agreement?,GUARANTORS,1,0,0
155,"What is the role of FrontRow Calypso, LLC in the agreement?",GUARANTORS,1,0,0
141,"What is the role of BANK OF AMERICA, N.A. in the agreement?",Lender,1,0,0
141,What is the role of BRANCH BANKING AND TRUST %09COMPANY in the agreement?,Lender,1,0,0
141,What is the role of NATIONAL ASSOCIATION in the agreement?,Administrative Agent,1,0,0
141,What is the role of PNC BANK in the agreement?,Administrative Agent,1,0,0
141,"What is the role of SOUTH JERSEY GAS COMPANY, in the agreement?",Borrower,1,0,0
141,"What is the role of South Jersey Industries, Inc. in the agreement?",Parent,1,0,0
141,What is the role of THE NORTHERN TRUST COMPANY in the agreement?,Lender,1,0,0
141,What is the role of SOUTH JERSEY GAS COMPANY in the agreement?,BORROWER,1,0,0
141,"What is the role of TD BANK, N.A. in the agreement?",Lender,1,0,0
141,What is the role of CITIZENS BANK OF PENNSYLVANIA in the agreement?,Lender,1,0,0
141,"What is the role of KEYBANK, NATIONAL ASSOCIATION in the agreement?",Lender,1,0,0
169,"What is the role of BANK OF AMERICA, N.A in the agreement?","Agents,",1,0,0
169,"What is the role of BC SYSTEMS, INC. in the agreement?",BORROWER,1,0,0
169,"What is the role of CB CONTAINERS, INC. in the agreement?",BORROWER,1,0,0
169,"What is the role of CHIQUITA BRANDS INTERNATIONAL, INC in the agreement?",Parent,1,0,0
169,What is the role of CHIQUITA BRANDS L.L.C. in the agreement?,BORROWER,1,0,0
169,"What is the role of CHIQUITA BRANDS L.L.C.,CHIQUITA FRESH NORTH AMERICA L.L.C.,FRESH INTERNATIONAL CORP.,FRESH EXPRESS INCORPORATED,BC SYSTEMS, INC.,VERDELLI FARMS, INC.,TRANSFRESH CORPORATION,CB CONTAINERS, INC., in the agreement?",Borrowers,1,0,0
169,What is the role of CHIQUITA FRESH NORTH AMERICA L.L.C. in the agreement?,BORROWER,1,0,0
169,What is the role of FRESH EXPRESS INCORPORATED in the agreement?,BORROWER,1,0,0
169,What is the role of FRESH INTERNATIONAL CORP. in the agreement?,BORROWER,1,0,0
169,What is the role of GOLDMAN SACHS BANK in the agreement?,Lead Arrangers,1,0,0
169,"What is the role of SPORTATION, LLC in the agreement?",Borrowers,1,0,0
169,What is the role of TRANSFRESH CORPORATION in the agreement?,BORROWER,1,0,0
169,What is the role of V.F. TRAN in the agreement?,Borrowers,1,0,0
169,"What is the role of V.F. TRANSPORTATION, LLC in the agreement?",BORROWER,1,0,0
169,What is the role of VERDELLI FARMS INC. in the agreement?,BORROWER,1,0,0
169,What is the role of BARCLAYS BANK PLC in the agreement?,Lender,1,0,0
97,"What is the role of Summit Healthcare REIT, Inc. in the agreement?",Borrower,1,0,0
97,What is the role of General Electric Capital Corporation in the agreement?,Administrative  Agent,1,0,0
83,What is the role of JPMORGAN CHASE BANK in the agreement?,Administrative Agent,1,0,0
83,"What is the role of WESTERN DIGITAL IRELAND, LTD in the agreement?",Cayman Borrower,1,0,0
68,What is the role of Beacon Capital in the agreement?,Competitors,1,0,0
68,"What is the role of Boston Properties, Inc. in the agreement?",Competitors,1,0,0
68,What is the role of Brandywine Realty Trust in the agreement?,Competitors,1,0,0
68,What is the role of CP Group in the agreement?,Competitors,1,0,0
68,What is the role of City Office in the agreement?,Competitors,1,0,0
68,What is the role of Corporate Office Properties Trust in the agreement?,Competitors,1,0,0
68,What is the role of Cousins Properties in the agreement?,Competitors,1,0,0
68,"What is the role of Douglas Emmett, Inc. in the agreement?",Competitors,1,0,0
68,"What is the role of FIRST FINANCIAL BANK, N.A. in the agreement?",Lender,1,0,0
68,What is the role of Granite Properties in the agreement?,Competitors,1,0,0
68,"What is the role of Highwoods Properties, Inc. in the agreement?",Competitors,1,0,0
68,What is the role of Kilroy Realty Corporation in the agreement?,Competitors,1,0,0
68,What is the role of Mack-Cali Realty Corporation in the agreement?,Competitors,1,0,0
68,What is the role of Piedmont Office Realty Trust in the agreement?,Competitors,1,0,0
68,What is the role of SL Green Realty Corp. in the agreement?,Competitors,1,0,0
68,What is the role of Vornado Realty Trust in the agreement?,Competitors,1,0,0
68,"What is the role of W.P. Carey %26 Co., LLC in the agreement?",Competitors,1,0,0
68,What is the role of Washington Real Estate Investment Trust in the agreement?,Competitors,1,0,0
68,"What is the role of CAPITAL ONE, NATIONAL ASSOCIATION in the agreement?",Lender,1,0,0
68,What is the role of FRANKLIN STREET PROPERTIES CORP. in the agreement?,BORROWER,1,0,0
6,What is the role of BANK OF CHINA in the agreement?,Lender,1,0,0
6,What is the role of HINES REIT ONE WILSHIRE LP in the agreement?,Borrower,1,0,0
54,What is the role of JPMORGAN CHASE BANK in the agreement?,Lender,1,0,0
54,What is the role of 2018-1 IH BORROWER LP in the agreement?,Borrower,1,0,0
40,What is the role of KeyBank National Association in the agreement?,Syndication Agent,1,0,0
40,What is the role of NATIONAL GENERAL HOLDINGS CORP in the agreement?,Borrower,1,0,0
40,"What is the role of MORGAN STANLEY BANK, N.A in the agreement?",Lender,1,0,0
40,What is the role of THE BANK OF NOVIA SCOTIA in the agreement?,Lender,1,0,0
40,What is the role of National General Holdings Corp. in the agreement?,Borrower,1,0,0
56,What is the role of BARCLAYS BANK PLC in the agreement?,Lender,1,0,0
56,"What is the role of GOLDMAN SACHS BANK, USA in the agreement?",Lender,1,0,0
56,"What is the role of MORGAN STANLEY BANK, N.A. in the agreement?",Lender,1,0,0
56,"What is the role of Access Industries, Inc. in the agreement?",Sponsor,1,0,0
56,"What is the role of NOMURA CORPORATE FUNDING AMERICAS, LLC in the agreement?",Lender,1,0,0
56,What is the role of WMG Acquisition Corp. in the agreement?,Borrower,1,0,0
56,"What is the role of UBS AG, Stamford Branch in the agreement?",Lender,1,0,0
4,What is the role of BRIGHT HORIZONS CAPITAL CORP in the agreement?,Holdings,1,0,0
4,What is the role of BRIGHT HORIZONS FAMILY SOLUTIONS LLC in the agreement?,Borrower,1,0,0
4,"What is the role of BRIGHT HORIZONS CAPITAL CORP., in the agreement?",Holdings,1,0,0
42,"What is the role of BANK OF AMERICA, N.A. in the agreement?",Lender,1,0,0
42,"What is the role of WELLS FARGO BANK, NATIONALASSOCIATION in the agreement?",Lender,1,0,0
42,"What is the role of ARTISAN BREAD, LLC in the agreement?",Guarantor,1,0,0
42,"What is the role of Artisan Bread, LLC in the agreement?",Subsidiary,1,0,0
42,"What is the role of BAKERY CAF%C3%89 CARDS, LLC in the agreement?",Guarantor,1,0,0
42,"What is the role of Bakery Cafe Cards, LLC in the agreement?",Subsidiary,1,0,0
42,"What is the role of CAP CITY BREAD, LLC in the agreement?",Guarantor,1,0,0
42,"What is the role of Cap City Bread, LLC in the agreement?",Subsidiary,1,0,0
42,"What is the role of PANERA BAKERY %26 CAF%C3%89, INC. in the agreement?",Guarantor,1,0,0
42,"What is the role of PANERA CANADA HOLDINGS, INC. in the agreement?",Guarantor,1,0,0
42,"What is the role of PANERA INTERNATIONAL HOLDINGS, INC. in the agreement?",Guarantor,1,0,0
42,"What is the role of PUMPERNICKEL, INC. in the agreement?",Guarantor,1,0,0
42,"What is the role of PUMPERNICKEL ASSOCIATES, LLC in the agreement?",Guarantor,1,0,0
42,"What is the role of Panera, LLC in the agreement?",Subsidiary,1,0,0
42,What is the role of Panera Bread %28BC%29 ULC in the agreement?,Subsidiary,1,0,0
42,"What is the role of Panera Canada Holdings, Inc. in the agreement?",Subsidiary,1,0,0
42,"What is the role of Panera Enterprises, Inc. in the agreement?",Subsidiary,1,0,0
42,"What is the role of Panera International Holdings, Inc. in the agreement?",Subsidiary,1,0,0
42,"What is the role of Paradise Bakery %26 Caf%C3%A9, Inc. in the agreement?",Subsidiary,1,0,0
42,"What is the role of Pumpernickel, Inc. in the agreement?",Subsidiary,1,0,0
42,"What is the role of Pumpernickel Associates, LLC in the agreement?",Subsidiary,1,0,0
42,"What is the role of TD BANK, N.A. in the agreement?",Lender,1,0,0
42,What is the role of REGIONS BANK in the agreement?,Lender,1,0,0
42,"What is the role of PNC BANK, NATIONAL ASSOCIATION in the agreement?",Lender,1,0,0
42,What is the role of Panera Bread Company in the agreement?,BORROWER,1,0,0
95,"What is the role of 3806 CLAYTON ROAD, LLC %09245 EAST WILSHIRE AVENUE, LLC %0913922 CERISE AVENUE, LLC %09637 EAST ROMIE LANE, LLC %09523 HAYES LANE, LLC in the agreement?",GUARANTORS,1,0,0
95,"What is the role of CFG 2115 WOODSTOCK PLACE, LLC %091200 ELY STREET HOLDINGS CO. LLC %0942235 COUNTY ROAD HOLDINGS CO. LLC %092425 TELLER AVENUE, LLC %0948 HIGH POINT ROAD, LLC in the agreement?",GUARANTORS,1,0,0
95,"What is the role of CSE ALBANY LLC %09CSE AMARILLO LLC %09CSE AUGUSTA LLC %09CSE BEDFORD LLC %09CSE CAMBRIDGE REALTY LLC %09CSE CANTON LLC %09CSE CEDAR RAPIDS LLC %09CSE CHELMSFORD LLC %09CSE CHESTERTON LLC %09CSE CLAREMONT LLC %09CSE DENVER LLC %09CSE DOUGLAS LLC %09CSE ELKTON REALTY LLC %09CSE FORT WAYNE LLC %09CSE FRANKSTON LLC %09CSE GEORGETOWN LLC %09CSE GREEN BAY LLC %09CSE HILLIARD LLC %09CSE HUNTSVILLE LLC %09CSE INDIANAPOLIS %E2%80%93 CONTINENTAL LLC %09CSE INDIANAPOLIS %E2%80%93 GREENBRIAR LLC %09CSE JEFFERSONVILLE %E2%80%93 HILLCREST CENTER LLC %09CSE JEFFERSONVILLE %E2%80%93 JENNINGS HOUSE LLC %09CSE KINGSPORT LLC %09CSE LAKE CITY LLC %09CSE LAKE WORTH LLC %09CSE LAKEWOOD LLC %09CSE LAS VEGAS LLC %09CSE LAWRENCEBURG LLC %09CSE LEXINGTON PARK REALTY LLC %09CSE LIGONIER LLC %09CSE LIVE OAK LLC %09CSE LOWELL LLC %09CSE MOBILE LLC %09CSE MOORE LLC %09CSE NORTH CAROLINA HOLDINGS I LLC %09CSE NORTH CAROLINA HOLDINGS II LLC %09CSE OMRO LLC %09CSE ORANGE PARK LLC %09CSE ORLANDO %E2%80%93 PINAR TERRACE MANOR LLC %09CSE ORLANDO %E2%80%93 TERRA VISTA REHAB LLC %09CSE PIGGOTT LLC %09CSE PILOT POINT LLC %09CSE PONCA CITY LLC %09CSE PORT ST. LUCIE LLC %09CSE RICHMOND LLC %09CSE SAFFORD LLC %09CSE SALINA LLC %09CSE SEMINOLE LLC %09CSE SHAWNEE LLC %09CSE STILLWATER LLC %09CSE TAYLORSVILLE LLC  %09OMEGA HEALTHCARE INVESTORS, INC.CREDIT AGREEMENT %09    %09CSE TEXAS CITY LLC %09CSE UPLAND LLC %09CSE WINTER HAVEN LLC %09CSE YORKTOWN LLC in the agreement?",GUARANTORS,1,0,0
95,What is the role of CSE ARDEN L.P. %09CSE KING L.P. %09CSE KNIGHTDALE L.P. %09CSE LENOIR L.P. %09CSE WALNUT COVE L.P. %09CSE WOODFIN L.P. in the agreement?,GUARANTORS,1,0,0
95,What is the role of CSE BLOUNTVILLE LLC %09CSE BOLIVAR LLC %09CSE CAMDEN LLC %09CSE HUNTINGDON LLC %09CSE JEFFERSON CITY LLC %09CSE MEMPHIS LLC %09CSE RIPLEY LLC in the agreement?,GUARANTORS,1,0,0
95,What is the role of CSE CAMBRIDGE LLC in the agreement?,GUARANTORS,1,0,0
95,What is the role of CSE CASABLANCA HOLDINGS II LLC in the agreement?,GUARANTORS,1,0,0
95,What is the role of CSE CASABLANCA HOLDINGS LLC in the agreement?,GUARANTORS,1,0,0
95,What is the role of CSE CENTENNIAL VILLAGE in the agreement?,GUARANTORS,1,0,0
95,What is the role of CSE CORPUS NORTH LLC %09CSE JACINTO CITY LLC %09CSE KERRVILLE LLC %09CSE RIPON LLC %09CSE SPRING BRANCH LLC %09CSE THE VILLAGE LLC %09CSE WILLIAMSPORT LLC %09DESERT LANE LLC %09NORTH LAS VEGAS LLC in the agreement?,GUARANTORS,1,0,0
95,"What is the role of CSE DENVER ILIFF LLC %09CSE FAIRHAVEN LLC %09CSE MARIANNA HOLDINGS LLC %09CSE TEXARKANA LLC %09CSE WEST POINT LLC %09CSE WHITEHOUSE LLC %09CARNEGIE GARDENS LLC %09FLORIDA REAL ESTATE COMPANY, LLC %09GREENBOUGH, LLC %09LAD I REAL ESTATE COMPANY, LLC %09PANAMA CITY NURSING CENTER LLC %09SKYLER MAITLAND LLC %09SUWANEE, LLC in the agreement?",GUARANTORS,1,0,0
95,What is the role of CSE ELKTON LLC in the agreement?,GUARANTORS,1,0,0
95,What is the role of CSE LEXINGTON PARK LLC in the agreement?,GUARANTORS,1,0,0
95,What is the role of CSE PENNSYLVANIA HOLDINGS in the agreement?,GUARANTORS,1,0,0
95,What is the role of CSE PINE VIEW LLC in the agreement?,GUARANTORS,1,0,0
95,"What is the role of ENCANTO SENIOR CARE, LLC in the agreement?",GUARANTORS,1,0,0
95,"What is the role of HOUSE OF HANOVER, LTD. in the agreement?",GUARANTORS,1,0,0
95,"What is the role of OHIMA, INC. %09CANTON HEALTH CARE LAND, INC. %09DIXON HEALTH CARE CENTER, INC. %09HUTTON I LAND, INC. %09HUTTON II LAND, INC. %09HUTTON III LAND, INC. %09LEATHERMAN PARTNERSHIP 89-1, INC. %09LEATHERMAN PARTNERSHIP 89-2, INC. %09LEATHERMAN 90-1, INC. %09MERIDIAN ARMS LAND, INC. %09ORANGE VILLAGE CARE CENTER, INC. %09ST. MARY%E2%80%99S PROPERTIES, INC. %09ARIZONA LESSOR %E2%80%93 INFINIA, INC. %09BAYSIDE STREET II, INC. %09COLORADO LESSOR %E2%80%93 CONIFER, INC. %09COPLEY HEALTH CENTER, INC. %09FLORIDA LESSOR %E2%80%93 EMERALD, INC. %09FLORIDA LESSOR %E2%80%93 MEADOWVIEW, INC. %09GEORGIA LESSOR %E2%80%93 BONTERRA%2FPARKVIEW, INC. %09HANOVER HOUSE, INC. %09INDIANA LESSOR %E2%80%93 WELLINGTON MANOR, INC. %09LONG TERM CARE ASSOCIATES %E2%80%93 TEXAS, INC. %09OHI %28CONNECTICUT%29, INC. %09OHI %28FLORIDA%29, INC. %09OHI %28ILLINOIS%29, INC. %09OHI %28INDIANA%29, INC. %09OHI %28IOWA%29, INC. %09PAVILLION NORTH PARTNERS, INC. %09PAVILLION NURSING CENTER NORTH, INC. %09STERLING ACQUISITION CORP. %09THE SUBURBAN PAVILION, INC. %09TEXAS LESSOR %E2%80%93 STONEGATE, LIMITED, INC. %09TEXAS LESSOR %E2%80%93 STONEGATE GP, INC. %09WASHINGTON LESSOR %E2%80%93 SILVERDALE, INC. %09OMEGA TRS I, INC. %09BAYSIDE ARIZONA HEALTHCARE SECOND, INC. %09BAYSIDE COLORADO HEALTHCARE ASSOCIATES, INC. %09BAYSIDE STREET, INC. %09DIXIE WHITE HOUSE NURSING HOME, INC. %09FLORIDA LESSOR %E2%80%93 CRYSTAL SPRINGS, INC. %09FLORIDA LESSOR %E2%80%93 LAKELAND, INC. %09INDIANA LESSOR %E2%80%93 JEFFERSONVILLE, INC. %09JEFFERSON CLARK, INC. %09LONG TERM CARE %E2%80%93 MICHIGAN, INC.   %09OMEGA HEALTHCARE INVESTORS, INC.CREDIT AGREEMENT %09    %09LONG TERM CARE %E2%80%93 NORTH CAROLINA, INC. %09LONG TERM CARE ASSOCIATES %E2%80%93 ILLINOIS, INC. %09LONG TERM CARE ASSOCIATES %E2%80%93 INDIANA, INC. %09OCEAN SPRINGS NURSING HOME, INC. %09OHI %28KANSAS%29, INC. %09OHI ASSET %28SMS%29 LENDER, INC. %09OHI OF TEXAS, INC. %09OHI SUNSHINE, INC. %09OHI TENNESSEE, INC. %09OMEGA %28KANSAS%29, INC. %09OS LEASING COMPANY %09PENSACOLA REAL ESTATE HOLDINGS I, INC. %09PENSACOLA REAL ESTATE HOLDINGS II, INC. %09PENSACOLA REAL ESTATE HOLDINGS III, INC. %09PENSACOLA REAL ESTATE HOLDINGS IV, INC. %09PENSACOLA REAL ESTATE HOLDINGS V, INC. %09SKILLED NURSING %E2%80%93 HICKSVILLE, INC. %09SKYLER BOYINGTON, INC. %09SKYLER FLORIDA, INC. %09SKYLER PENSACOLA, INC. %09STERLING ACQUISITION CORP. II %09TEXAS LESSOR %E2%80%93 TREEMONT, INC. in the agreement?",GUARANTORS,1,0,0
95,"What is the role of OHI ASSET, LLC %09OHI ASSET %28ID%29, LLC %09OHI ASSET %28CA%29, LLC %09DELTA INVESTORS I, LLC %09DELTA INVESTORS II, LLC %09OHI ASSET %28CO%29, LLC %09COLONIAL GARDENS, LLC %09WILCARE, LLC %09NRS VENTURES, L.L.C. %09OHI ASSET %28CT%29 LENDER, LLC %09OHI ASSET %28FL%29, LLC %09OHI ASSET %28IL%29, LLC %09OHI ASSET %28MO%29, LLC %09OHI ASSET %28OH%29, LLC %09OHI ASSET %28OH%29 LENDER, LLC %09OHI ASSET %28PA%29, LLC %09OHI ASSET II %28CA%29, LLC %09OHI ASSET II %28FL%29, LLC %09OHI ASSET CSE-E, LLC %09OHI ASSET CSE-U, LLC %09OHI ASSET CSB LLC %09OHI ASSET %28MI%29, LLC %09OHI ASSET %28FL%29 LENDER, LLC %09OHI ASSET HUD WO, LLC %09OHI ASSET %28MD%29, LLC %09OHI ASSET %28IN%29, LLC %09OHI ASSET %28MI%2FNC%29, LLC %09OHI ASSET %28OH%29 NEW PHILADELPHIA, LLC %09OHI ASSET %28TX%29, LLC %09OHI ASSET ESSEX %28OH%29, LLC %09OHI ASSET %28IN%29 WABASH, LLC %09OHI ASSET %28IN%29 WESTFIELD, LLC %09OHI ASSET %28IN%29 GREENSBURG, LLC %09OHI ASSET %28IN%29 INDIANAPOLIS, LLC %09OHI ASSET HUD SF, LLC %09OHI ASSET %28IN%29 AMERICAN VILLAGE, LLC %09OHI ASSET %28IN%29 ANDERSON, LLC %09OHI ASSET %28IN%29 BEECH GROVE, LLC %09OHI ASSET %28IN%29 CLARKSVILLE, LLC %09OHI ASSET %28IN%29 EAGLE VALLEY, LLC %09OHI ASSET %28IN%29 ELKHART, LLC %09OHI ASSET %28IN%29 FOREST CREEK, LLC %09OHI ASSET %28IN%29 FORT WAYNE, LLC %09OHI ASSET %28IN%29 FRANKLIN, LLC %09OHI ASSET %28IN%29 KOKOMO, LLC %09OHI ASSET %28IN%29 LAFAYETTE, LLC %09  %09OMEGA HEALTHCARE INVESTORS, INC.CREDIT AGREEMENT %09    %09OHI ASSET %28IN%29 MONTICELLO, LLC %09OHI ASSET %28IN%29 NOBLESVILLE, LLC %09OHI ASSET %28IN%29 ROSEWALK, LLC %09OHI ASSET %28IN%29 SPRING MILL, LLC %09OHI ASSET %28IN%29 TERRE HAUTE, LLC %09OHI ASSET %28IN%29 ZIONSVILLE, LLC %09OHI ASSET HUD CFG, LLC %09OHI ASSET HUD SF CA, LLC %09OHI ASSET %28TX%29 HONDO, LLC %09OHI ASSET %28MI%29 HEATHER HILLS, LLC %09OHI ASSET %28IN%29 CROWN POINT, LLC %09OHI ASSET %28IN%29 MADISON, LLC %09OHI ASSET %28AR%29 ASH FLAT, LLC %09OHI ASSET %28AR%29 CAMDEN, LLC %09OHI ASSET %28AR%29 CONWAY, LLC %09OHI ASSET %28AR%29 DES ARC, LLC %09OHI ASSET %28AR%29 HOT SPRINGS, LLC %09OHI ASSET %28AR%29 MALVERN, LLC %09OHI ASSET %28AR%29 MENA, LLC %09OHI ASSET %28AR%29 POCAHONTAS, LLC %09OHI ASSET %28AR%29 SHERIDAN, LLC %09OHI ASSET %28AR%29 WALNUT RIDGE, LLC %09OHI ASSET RO, LLC %09OHI ASSET %28FL%29 LAKE PLACID, LLC %09OHI ASSETHUD DELTA, LLC in the agreement?",GUARANTORS,1,0,0
95,"What is the role of OHI ASSET %28LA%29, LLC in the agreement?",GUARANTORS,1,0,0
95,What is the role of OHI ASSET %28PA%29 TRUST %09OHI ASSET II %28PA%29 TRUST %09OHI ASSET III %28PA%29 TRUST %09OHI ASSET IV %28PA%29 SILVER LAKE TRUST in the agreement?,GUARANTORS,1,0,0
95,"What is the role of PAVILLION NORTH, LLP in the agreement?",GUARANTORS,1,0,0
95,"What is the role of TEXAS LESSOR - STONEGATE, LP in the agreement?",GUARANTORS,1,0,0
95,"What is the role of Omega Healthcare Investors, Inc in the agreement?",Credit Parties,1,0,0
95,"What is the role of Bank of America, N.A. in the agreement?",Administrative Agent,1,0,0
81,"What is the role of TRIAD PERSONNEL SERVICES, INC in the agreement?",BORROWER,1,0,0
81,"What is the role of BMCH, INC in the agreement?",BORROWER,1,0,0
81,"What is the role of BMPS, INC in the agreement?",BORROWER,1,0,0
81,"What is the role of BUSINESS MANAGEMENT PERSONNEL, INC in the agreement?",BORROWER,1,0,0
81,"What is the role of GENERAL EMPLOYMENT ENTERPRISES, INC in the agreement?",BORROWER,1,0,0
81,"What is the role of KELTIC FINANCIAL PARTNERS II, LP in the agreement?",LENDER,1,0,0
157,What is the role of Frost Bank in the agreement?,Lender,1,0,0
157,"What is the role of Micropac Industries, Inc. in the agreement?",Borrower,1,0,0
157,What is the role of FROST BANK in the agreement?,SENIOR LENDER,1,0,0
157,"What is the role of MICROPAC INDUSTRIES, INC. in the agreement?",BORROWER,1,0,0
143,"What is the role of WELLS FARGO BANK, NATIONAL ASSOCIATION in the agreement?",Administrative Agent,1,0,0
143,"What is the role of BANK OF AMERICA, N.A. in the agreement?",LENDER,1,0,0
143,"What is the role of CITIZENS BANK, N.A. in the agreement?",LENDER,1,0,0
143,"What is the role of CITIZENS BANK, NATIONAL ASSOCIATION in the agreement?",Syndication Agent,1,0,0
143,What is the role of RC II WS LLC in the agreement?,Sponsor,1,0,0
143,"What is the role of WINGSTOP BEVERAGES, INC. in the agreement?",GUARANTORS,1,0,0
143,"What is the role of WINGSTOP BEVERAGES II, INC. in the agreement?",GUARANTORS,1,0,0
143,What is the role of WINGSTOP INC in the agreement?,Borrower,1,0,0
143,What is the role of WINGSTOP RESTAURANTS INC. in the agreement?,GUARANTORS,1,0,0
143,"What is the role of CAPITAL ONE, N.A. in the agreement?",LENDER,1,0,0
143,"What is the role of BMO HARRIS BANK, N.A. in the agreement?",LENDER,1,0,0
143,"What is the role of CADENCE BANK, N.A. in the agreement?",LENDER,1,0,0
143,What is the role of FIRST TENNESSEE BANK NATIONAL ASSOCIATION in the agreement?,LENDER,1,0,0
143,"What is the role of TEXAS CAPITAL BANK, N.A. in the agreement?",LENDER,1,0,0
143,"What is the role of WINGSTOP HOLDINGS, INC. in the agreement?",GUARANTORS,1,0,0
143,"What is the role of WINGSTOP GCM, LLC in the agreement?",GUARANTORS,1,0,0
143,What is the role of WINGSTOP INC. in the agreement?,BORROWER,1,0,0
142,"What is the role of THE TORONTO DOMINION BANK,NEW YORK BRANCH in the agreement?",Lender,1,0,0
142,"What is the role of BANK OF AMERICA, N.A. in the agreement?",Lender,1,0,0
142,"What is the role of BANK OF AMERICA, N.A.,CITIBANK, N.A,DEUTSCHE BANK SECURITIES INC.,EXPORT DEVELOPMENT CANADA,THE BANK OF TOKYO-MITSUBISHI UFJ, LTD in the agreement?",Documentation Agents,1,0,0
142,"What is the role of BANK OF MONTREAL, CHICAGO BRANCH in the agreement?",Lender,1,0,0
142,"What is the role of CITIBANK, N.A. in the agreement?",Lender,1,0,0
142,"What is the role of COLUMBIA PIPELINE GROUP, INC in the agreement?",Borrower,1,0,0
142,What is the role of CREDIT AGRICOLE CORPORATE ANDINVESTMENT BANK. in the agreement?,Lender,1,0,0
142,What is the role of DEUTSCHE BANK AG NEW YORK BRANCH in the agreement?,Lender,1,0,0
142,"What is the role of NATIONAL BANK OF CANADA, NEW YORK BRANCH in the agreement?",Lender,1,0,0
142,What is the role of BANK OF MONTREAL in the agreement?,Joint Lead Arranger,1,0,0
142,"What is the role of COLUMBIA PIPELINE GROUP, INC. in the agreement?",Borrower,1,0,0
142,"What is the role of WELLS FARGO BANK, NATIONAL ASSOCIATION in the agreement?",Lender,1,0,0
142,What is the role of BARCLAYS BANK PLC in the agreement?,Lender,1,0,0
142,"What is the role of CREDIT SUISSE AG, TORONTO BRANCH in the agreement?",Lender,1,0,0
142,What is the role of EXPORT DEVELOPMENT CANADA in the agreement?,Lender,1,0,0
142,"What is the role of MIZUHO BANK, LTD. in the agreement?",Lender,1,0,0
142,"What is the role of THE BANK OF TOKYO-MITSUBISHI UJF, LTD. in the agreement?",Lender,1,0,0
142,What is the role of THE BANK OF NOVA SCOTIA in the agreement?,Lender,1,0,0
142,What is the role of TRANSCANADA PIPELINES LIMITED in the agreement?,Guarantor,1,0,0
142,What is the role of ROYAL BANK OF CANADA in the agreement?,Lender,1,0,0
142,"What is the role of CANADIAN IMPERIAL BANK OFCOMMERCE, NEW YORK BRANCH in the agreement?",Lender,1,0,0
156,"What is the role of VIAVI SOLUTIONS, INC in the agreement?",Administrative Borrower,1,0,0
156,"What is the role of VIAVI SOLUTIONS, INC. in the agreement?",ADMINISTRATIVE BORROWER,1,0,0
156,"What is the role of Deutsche Bank AG, New York Branch in the agreement?",Lender,1,0,0
156,What is the role of VIAVI SOLUTIONS DEUTSCHLAND GMBH in the agreement?,BORROWERS,1,0,0
80,What is the role of Citibank in the agreement?,Lender,1,0,0
80,What is the role of JP Morgan Chase Bank in the agreement?,Lender,1,0,0
80,What is the role of SunTrust Bank in the agreement?,Lender,1,0,0
80,"What is the role of CREE, INC in the agreement?",BORROWER,1,0,0
80,What is the role of U.S. Bank National Association in the agreement?,Lender,1,0,0
80,What is the role of Bank of America in the agreement?,Lender,1,0,0
80,What is the role of E-CONOLIGHT LLC in the agreement?,GUARANTOR,1,0,0
80,What is the role of GOLDMAN SACHS BANK USA in the agreement?,Lender,1,0,0
80,"What is the role of PNC Bank, National Association in the agreement?",Lender,1,0,0
80,"What is the role of HSBC Bank USA, National Association in the agreement?",Lender,1,0,0
94,"What is the role of SALIX PHARMACEUTICALS, LTD in the agreement?",Borrower,1,0,0
94,"What is the role of SALIX PHARMACEUTICALS, LTD. in the agreement?",Borrower,1,0,0
43,What is the role of BANK OF AMERICA in the agreement?,ADMINISTRATIVE AGENT,1,0,0
43,What is the role of K12 CALIFORNIA L.L.C in the agreement?,GUARANTORS,1,0,0
43,What is the role of K12 VIRTUAL SCHOOLS L.L.C. in the agreement?,GUARANTORS,1,0,0
43,What is the role of K12 WASHINGTON L.L.C. in the agreement?,GUARANTORS,1,0,0
43,"What is the role of POWER-GLIDE LANGUAGE COURSES, INC in the agreement?",GUARANTORS,1,0,0
43,"What is the role of FUEL EDUCATION LLC, in the agreement?",GUARANTORS,1,0,0
43,What is the role of K12 CLASSROOM L.L.C in the agreement?,GUARANTORS,1,0,0
43,"What is the role of K12 FLORIDA L.L.C., in the agreement?",GUARANTORS,1,0,0
43,What is the role of K12 INC in the agreement?,BORROWER,1,0,0
43,What is the role of K12 MANAGEMENT INC. in the agreement?,GUARANTORS,1,0,0
43,What is the role of K12 SERVICES INC. in the agreement?,GUARANTORS,1,0,0
57,What is the role of CE Receivables LLC in the agreement?,buyer,1,0,0
57,What is the role of CNA Holdings LLC in the agreement?,SUBSIDIARY,1,0,0
57,What is the role of Celanese Acetate LLC in the agreement?,SUBSIDIARY,1,0,0
57,What is the role of Celanese Americas LLC in the agreement?,SUBSIDIARY,1,0,0
57,"What is the role of Celanese Chemicals, Inc. in the agreement?",SUBSIDIARY,1,0,0
57,What is the role of Celanese Global Relocation LLC in the agreement?,SUBSIDIARY,1,0,0
57,What is the role of Celanese Ltd. in the agreement?,SUBSIDIARY,1,0,0
57,What is the role of Celanese Sales U.S. Ltd. in the agreement?,SUBSIDIARY,1,0,0
57,"What is the role of Celtran, Inc. in the agreement?",SUBSIDIARY,1,0,0
57,"What is the role of KEP America Engineering Plastics, LLC in the agreement?",SUBSIDIARY,1,0,0
57,What is the role of Ticona Fortron Inc. in the agreement?,SUBSIDIARY,1,0,0
57,What is the role of Ticona LLC in the agreement?,SUBSIDIARY,1,0,0
57,"What is the role of Ticona Polymers, Inc. in the agreement?",SUBSIDIARY,1,0,0
57,What is the role of CELANESE CORPORATION in the agreement?,Holdings,1,0,0
5,What is the role of WELLS FARGO BANK in the agreement?,Documentation Agents,1,0,0
1,"What is the role of FRANKLIN RESOURCES, INC. in the agreement?",Borrower,1,0,0
53,"What is the role of JAMBA, INC. in the agreement?",HOLDINGS,1,0,0
53,What is the role of JAMBA JUICE COMPANY in the agreement?,BORROWER,1,0,0
53,What is the role of JAMBA JUICE ADVERTISING FUND INC. in the agreement?,GUARANTORS,1,0,0
47,"What is the role of CITIBANK, N.A. in the agreement?",Lender,1,0,0
47,What is the role of DNB CAPITAL LLC in the agreement?,Lender,1,0,0
47,"What is the role of HSBC BANK USA, N.A in the agreement?",Lender,1,0,0
47,"What is the role of JPMORGAN CHASE BANK, N.A. in the agreement?",Lender,1,0,0
47,What is the role of LUNG BIOTECHNOLOGY PBC in the agreement?,GUARANTORS,1,0,0
47,"What is the role of 1109 Spring Holdings, LLC, a Delaware Limited Liability Company in the agreement?",Subsidiaries,1,0,0
47,"What is the role of 1109 Spring Managing Member, LLC, a Delaware Limited Liability Company in the agreement?",Subsidiaries,1,0,0
47,"What is the role of EvoLung Inc., a Delaware Corporation in the agreement?",Subsidiaries,1,0,0
47,"What is the role of Lung Biotechnology %28Nanjing%29 Co., Ltd., a Chinese Wholly Foreign-Owned Entity in the agreement?",Subsidiaries,1,0,0
47,"What is the role of Lung Biotechnology Hong Kong Limited, a Hong Kong Company in the agreement?",Subsidiaries,1,0,0
47,"What is the role of Lung Biotechnology PBC, a Delaware Public Benefit Corporation in the agreement?",Subsidiaries,1,0,0
47,"What is the role of Lung Rx Limited, a United Kingdom Company in the agreement?",Subsidiaries,1,0,0
47,"What is the role of Revivicor, Inc., a Delaware Corporation in the agreement?",Subsidiaries,1,0,0
47,"What is the role of UTASIA Inc., a Delaware Corporation in the agreement?",Subsidiaries,1,0,0
47,"What is the role of UTASIA Inc. Shanghai Representative Office, a Chinese Representative Office in the agreement?",Subsidiaries,1,0,0
47,"What is the role of United Therapeutics Europe, Ltd., a United Kingdom Company in the agreement?",Subsidiaries,1,0,0
47,"What is the role of Unither.com, Inc., a Delaware Corporation in the agreement?",Subsidiaries,1,0,0
47,"What is the role of Unither Biotech Inc., a Canadian Corporation in the agreement?",Subsidiaries,1,0,0
47,"What is the role of Unither Pharma, LLC, a Delaware Limited Liability Company in the agreement?",Subsidiaries,1,0,0
47,"What is the role of Unither Pharmaceuticals, LLC, a Delaware Limited Liability Company in the agreement?",Subsidiaries,1,0,0
47,"What is the role of Unither Telmed, Ltd., a Delaware Corporation in the agreement?",Subsidiaries,1,0,0
47,"What is the role of Unither Therapeutik GmbH, a German Company in the agreement?",Subsidiaries,1,0,0
47,What is the role of BARCLAYS BANK PLC in the agreement?,Lender,1,0,0
47,What is the role of UNITED THERAPEUTICS CORPORATION in the agreement?,BORROWER,1,0,0
152,What is the role of BANK OF AMERICA in the agreement?,LENDER,1,0,0
152,"What is the role of BANK OF AMERICA, N.A. in the agreement?",Lender,1,0,0
152,What is the role of Bank of America in the agreement?,Lender,1,0,0
152,"What is the role of MVP REALTY ADVISORS, LLC in the agreement?",BORROWER,1,0,0
152,"What is the role of MVP Detroit Center Garage, LLC in the agreement?",Borrower,1,0,0
146,What is the role of BCRED CASTLE PEAK FUNDING LLC in the agreement?,Borrower,1,0,0
146,What is the role of CITIBANK in the agreement?,Administrative Agent,1,0,0
146,What is the role of BLACKSTONE PRIVATE CREDIT FUND in the agreement?,Equityholder,1,0,0
90,What is the role of %09ASHLAND GLOBAL HOLDINGS INC. in the agreement?,Holding Companies,1,0,0
90,What is the role of ASHLAND CHEMCO INC. in the agreement?,Holding Companies,1,0,0
90,What is the role of ASHLAND LLC in the agreement?,Borrower,1,0,0
90,What is the role of ASHLAND SERVICES B.V. in the agreement?,Dutch Borrower,1,0,0
90,What is the role of BANK OF AMERICA in the agreement?,Lender,1,0,0
90,What is the role of BNP PARIBAS in the agreement?,Lender,1,0,0
90,What is the role of CITIBANK in the agreement?,Lender,1,0,0
90,What is the role of CREDIT AGRICOLE CORPORATE AND        INVESTMENT BANK in the agreement?,Lender,1,0,0
90,"What is the role of Cravath, Swaine %26 Moore LLP in the agreement?",special New York counsel to the Borrowers,1,0,0
90,What is the role of DEUTSCHE BANK AG NEW YORK BRANCH in the agreement?,Lender,1,0,0
90,What is the role of FIFTH THIRD BANK in the agreement?,Lender,1,0,0
90,"What is the role of MIZUHO BANK, LTD in the agreement?",Lender,1,0,0
90,What is the role of PNC BANK in the agreement?,Lender,1,0,0
90,"What is the role of SUMITOMO MITSUI BANKING CORPORATION, in the agreement?",Lender,1,0,0
90,What is the role of TD BANK in the agreement?,Lender,1,0,0
90,What is the role of HSBC BANK USA in the agreement?,Lender,1,0,0
90,What is the role of U.S. BANK NATIONAL ASSOCIATION in the agreement?,Lender,1,0,0
90,What is the role of GOLDMAN SACHS BANK USA in the agreement?,Lender,1,0,0
90,What is the role of TRUIST BANK in the agreement?,Lender,1,0,0
90,What is the role of JPMORGAN CHASE BANK in the agreement?,Lender,1,0,0
90,What is the role of SANTANDER BANK in the agreement?,Lender,1,0,0
90,What is the role of ING BANK N.V. in the agreement?,Lender,1,0,0
84,What is the role of Taiwan Cooperative Bank in the agreement?,Lender,1,0,0
84,What is the role of JPMORGAN CHASE BANK in the agreement?,Co-Syndication Agents,1,0,0
84,What is the role of Bank of America in the agreement?,Co-Syndication Agents,1,0,0
85,What is the role of Proskauer Rose LLP in the agreement?,counsel to Borrowers,1,0,0
85,"What is the role of %09ALLIED HEALTH GROUP, LLC in the agreement?",BORROWERS,1,0,0
85,What is the role of ASSENT CONSULTING in the agreement?,BORROWERS,1,0,0
85,"What is the role of METROPOLITAN RESEARCH ASSOCIATES, INC. in the agreement?",BORROWERS,1,0,0
85,"What is the role of MRA SEARCH, INC. in the agreement?",BORROWERS,1,0,0
85,"What is the role of TRAVEL STAFF, LLC in the agreement?",BORROWERS,1,0,0
85,"What is the role of CLINFORCE, LLC in the agreement?",BORROWERS,1,0,0
85,"What is the role of LOCAL STAFF, LLC in the agreement?",BORROWERS,1,0,0
85,"What is the role of ASSIGNMENT AMERICA, LLC in the agreement?",BORROWERS,1,0,0
85,"What is the role of CC LOCAL, INC. in the agreement?",BORROWERS,1,0,0
85,"What is the role of CREDENT VERIFICATION AND LICENSING SERVICES, LLC in the agreement?",BORROWERS,1,0,0
85,"What is the role of CROSS COUNTRY EDUCATION, LLC in the agreement?",BORROWERS,1,0,0
85,"What is the role of CROSS COUNTRY PUBLISHING, LLC in the agreement?",BORROWERS,1,0,0
85,"What is the role of CROSS COUNTRY STAFFING, INC. in the agreement?",BORROWERS,1,0,0
85,"What is the role of MCVT, INC. in the agreement?",BORROWERS,1,0,0
85,"What is the role of MDA HOLDINGS, INC. in the agreement?",BORROWERS,1,0,0
85,"What is the role of MEDICAL DOCTOR ASSOCIATES, LLC in the agreement?",BORROWERS,1,0,0
85,"What is the role of CROSS COUNTRY HEALTHCARE, INC. in the agreement?",BORROWERS,1,0,0
85,"What is the role of CEJKA SEARCH, INC. in the agreement?",BORROWERS,1,0,0
91,"What is the role of BOKF, N.A., A NATIONAL BANKING ASSOCIATION in the agreement?",Lender,1,0,0
91,What is the role of EARTHSTONE ENERGY INC. in the agreement?,Borrower,1,0,0
91,What is the role of EARTHSTONE ENERGY INC in the agreement?,BORROWER,1,0,0
147,"What is the role of PPD, INC in the agreement?",BORROWER,1,0,0
147,"What is the role of PPD DEVELOPMENT, L.P in the agreement?",CO-BORROWER,1,0,0
147,"What is the role of PPD, INC. in the agreement?",Borrower,1,0,0
147,"What is the role of PPD Development, L.P. in the agreement?",Borrower,1,0,0
147,What is the role of HSBC BANK USA in the agreement?,L%2FC Issuer,1,0,0
153,"What is the role of AVID TECHNOLOGY, INC in the agreement?",Administrative Agent,1,0,0
153,"What is the role of AVID TECHNOLOGY, INC. in the agreement?",Borrower,1,0,0
46,What is the role of MVC PARTNERS LLC in the agreement?,GUARANTORS%3A,1,0,0
46,What is the role of MVC CAYMAN in the agreement?,GUARANTORS%3A,1,0,0
46,"What is the role of MVC FINANCIAL SERVICES, INC. in the agreement?",GUARANTORS%3A,1,0,0
46,"What is the role of MVC GP II, LLC in the agreement?",GUARANTORS%3A,1,0,0
46,What is the role of Goldberg Kohn LTD. in the agreement?,counsel,1,0,0
46,What is the role of Locke Lord LLP in the agreement?,legal counsel,1,0,0
46,"What is the role of MVC CAPITAL, INC. in the agreement?",BORROWER%3A,1,0,0
46,What is the role of Otterbourg P.C. in the agreement?,counsel,1,0,0
46,"What is the role of Wintrust Bank, in the agreement?",Lender,1,0,0
52,What is the role of GOLDMAN SACHS BANK USA in the agreement?,Bank,1,0,0
52,What is the role of ROYAL BANK OF CANADA in the agreement?,Bank,1,0,0
52,What is the role of THE BANK OF NOVA SCOTIA in the agreement?,Bank,1,0,0
52,"What is the role of THE BANK OF TOKYO-MITSUBISHIUFJ, LTD. in the agreement?",Bank,1,0,0
52,What is the role of U.S. BANK NATIONAL ASSOCIATION in the agreement?,Bank,1,0,0
52,"What is the role of CITIBANK, N.A. in the agreement?",Bank,1,0,0
52,"What is the role of JPMORGAN CHASE BANK, N.A. in the agreement?",Bank,1,0,0
52,What is the role of BANK OF THE WEST in the agreement?,Bank,1,0,0
52,What is the role of Clorox Company in the agreement?,Borrower,1,0,0
52,"What is the role of MORGAN STANLEY BANK, N.A. in the agreement?",Bank,1,0,0
52,What is the role of THE NORTHERN TRUST COMPANY in the agreement?,Bank,1,0,0
52,What is the role of WELLS FARGO BANK in the agreement?,Bank,1,0,0
78,What is the role of HEARTLAND BANK in the agreement?,administrative agent,1,0,0
78,"What is the role of LILIS ENERGY, INC in the agreement?",Borrower,1,0,0
44,"What is the role of CENTRAL STATES LOGISTICS, INC in the agreement?",GUARANTOR,1,0,0
44,"What is the role of CENTRAL STATES TRUCKING CO., in the agreement?",GUARANTOR,1,0,0
44,"What is the role of FAF, INC in the agreement?",GUARANTOR,1,0,0
44,"What is the role of FORWARD AIR, INC. in the agreement?",BORROWER,1,0,0
44,"What is the role of FORWARD AIR SOLUTIONS, INC. in the agreement?",GUARANTOR,1,0,0
44,"What is the role of FORWARD AIR TECHNOLOGY AND LOGISTICS SERVICES, INC., in the agreement?",GUARANTOR,1,0,0
44,"What is the role of TOTAL QUALITY, INC., in the agreement?",GUARANTOR,1,0,0
44,"What is the role of TQI HOLDINGS, INC. in the agreement?",GUARANTOR,1,0,0
44,What is the role of TQI INC. in the agreement?,GUARANTOR,1,0,0
44,"What is the role of FORWARD AIR ROYALTY, LLC, in the agreement?",GUARANTOR,1,0,0
44,What is the role of FORWARD AIR CORPORATION in the agreement?,BORROWER,1,0,0
50,"What is the role of MYRIAD GENETICS, INC. in the agreement?",Borrower,1,0,0
2,What is the role of National Association in the agreement?,co-documentation agent,1,0,0
2,What is the role of TD Securities %28USA%29 LLC in the agreement?,co-documentation agent,1,0,0
2,What is the role of U.S. Bank National Association in the agreement?,co-documentation agent,1,0,0
2,"What is the role of DICK%C2%92S SPORTING GOODS, INC. in the agreement?",Borrower,1,0,0
145,What is the role of AMERICAN ENERGY LOGISTICS SOLUTIONS LLC in the agreement?,GUARANTOR,1,0,0
145,What is the role of AMERICAN LNG MARKETING LLC in the agreement?,GUARANTOR,1,0,0
145,What is the role of AMERICAN NATURAL GAS HOLDINGS LLC in the agreement?,GUARANTOR,1,0,0
145,What is the role of ATLANTIC ENERGY HOLDINGS LLC in the agreement?,GUARANTOR,1,0,0
145,What is the role of Apollo Lincoln Fixed Income Advisors %28APO DC%29 in the agreement?,general partner,1,0,0
145,What is the role of Apollo Management International LLP in the agreement?,portfolio manager,1,0,0
145,What is the role of BRADFORD COUNTY GPF HOLDINGS LLC in the agreement?,GUARANTOR,1,0,0
145,What is the role of BRADFORD COUNTY GPF PARTNERS LLC in the agreement?,GUARANTOR,1,0,0
145,What is the role of BRADFORD COUNTY POWER HOLDINGS LLC in the agreement?,GUARANTOR,1,0,0
145,What is the role of BRADFORD COUNTY POWER PARTNERS LLC in the agreement?,GUARANTOR,1,0,0
145,What is the role of BRADFORD COUNTY REAL ESTATE HOLDINGS LLC in the agreement?,GUARANTOR,1,0,0
145,What is the role of BRADFORD COUNTY TRANSPORT HOLDINGS LLC in the agreement?,GUARANTOR,1,0,0
145,What is the role of BRADFORD COUNTY TRANSPORT PARTNERS LLC in the agreement?,GUARANTOR,1,0,0
145,What is the role of LA REAL ESTATE HOLDINGS LLC in the agreement?,GUARANTOR,1,0,0
145,What is the role of LA REAL ESTATE PARTNERS LLC in the agreement?,GUARANTOR,1,0,0
145,What is the role of LNG HOLDINGS LLC in the agreement?,GUARANTOR,1,0,0
145,What is the role of NEW FORTRESS ENERGY LLC in the agreement?,GUARANTOR,1,0,0
145,What is the role of NEW FORTRESS ENERGY MARKETING LLC in the agreement?,GUARANTOR,1,0,0
145,What is the role of NFE BCS HOLDINGS %28A%29 LLC in the agreement?,GUARANTOR,1,0,0
145,What is the role of NFE BCS HOLDINGS %28B%29 LLC in the agreement?,GUARANTOR,1,0,0
145,What is the role of NFE EQUIPMENT HOLDINGS LLC in the agreement?,GUARANTOR,1,0,0
145,What is the role of NFE EQUIPMENT PARTNERS LLC in the agreement?,GUARANTOR,1,0,0
145,What is the role of NFE GHANA HOLDINGS LLC in the agreement?,GUARANTOR,1,0,0
145,What is the role of NFE HONDURAS HOLDINGS LLC in the agreement?,GUARANTOR,1,0,0
145,What is the role of NFE ISO HOLDINGS LLC in the agreement?,GUARANTOR,1,0,0
145,What is the role of NFE PLANT DEVELOPMENT HOLDINGS LLC in the agreement?,GUARANTOR,1,0,0
145,What is the role of NFE TRANSPORT HOLDINGS LLC in the agreement?,GUARANTOR,1,0,0
145,What is the role of PA REAL ESTATE HOLDINGS LLC %09 in the agreement?,GUARANTOR,1,0,0
145,What is the role of TICO DEVELOPMENT PARTNERS HOLDINGS LLC in the agreement?,GUARANTOR,1,0,0
145,"What is the role of AMI %28Holdings%29, LLC in the agreement?",member,1,0,0
145,What is the role of APOLLO CREDIT STRATEGIES MASTER FUND LTD. in the agreement?,LENDER,1,0,0
145,What is the role of Apollo A-N Credit Advisors %28APO FC Delaware%29 in the agreement?,general partner,1,0,0
145,"What is the role of Apollo A-N Credit Advisors %28APO FC GP%29, in the agreement?",general partner,1,0,0
145,"What is the role of Apollo Accord Advisors G III, LLC in the agreement?",general partner,1,0,0
145,"What is the role of Apollo Accord Advisors III, L.P. in the agreement?",general partner,1,0,0
145,"What is the role of Apollo Capital Management, L.P in the agreement?",sub-advisor,1,0,0
145,"What is the role of Apollo Capital Management, L.P. in the agreement?",sub-advisor,1,0,0
145,"What is the role of Apollo Capital Management GP, LLC in the agreement?",general partner,1,0,0
145,What is the role of Apollo Centre Street Advisors %28APO DC%29 in the agreement?,general partner,1,0,0
145,What is the role of Apollo Centre Street Advisors %28APO DC-GP%29 in the agreement?,general partner,1,0,0
145,What is the role of Apollo Insurance Solutions Group LLC in the agreement?,investment manager,1,0,0
145,"What is the role of Apollo Insurance Solutions Group LLC, in the agreement?",investment manager,1,0,0
145,What is the role of Apollo Lincoln Fixed Income Advisors %28APO DC-GP%29 in the agreement?,general partner,1,0,0
145,"What is the role of Apollo Moultrie Credit Fund Advisors, L.P in the agreement?",general partner,1,0,0
145,"What is the role of Apollo Tactical Value SPN Advisors %28APO DC%29, L.P. in the agreement?",general partner,1,0,0
145,"What is the role of Apollo Tactical Value SPN Capital Management %28APO DC-GP%29, LLC, in the agreement?",general partner,1,0,0
145,What is the role of Apollo Total Return Enhanced Management LLC in the agreement?,investment manager,1,0,0
145,What is the role of BRADFORD COUNTY DEVELOPMENT HOLDINGS LLC in the agreement?,GUARANTOR,1,0,0
145,What is the role of BRADFORD COUNTY REAL ESTATE PARTNERS LLC in the agreement?,GUARANTOR,1,0,0
145,What is the role of ENERGY TRANSPORT SOLUTIONS LLC in the agreement?,GUARANTOR,1,0,0
145,What is the role of ISLAND LNG LLC in the agreement?,GUARANTOR,1,0,0
145,What is the role of LA DEVELOPMENT HOLDINGS LLC in the agreement?,GUARANTOR,1,0,0
145,What is the role of LNG HOLDINGS %28FLORIDA%29 LLC in the agreement?,GUARANTOR,1,0,0
145,What is the role of NFE GHANA PARTNERS LLC in the agreement?,GUARANTOR,1,0,0
145,What is the role of NFE INTERNATIONAL LLC in the agreement?,GUARANTOR,1,0,0
145,What is the role of NFE ISO PARTNERS LLC in the agreement?,GUARANTOR,1,0,0
145,What is the role of NFE LOGISTICS HOLDINGS LLC in the agreement?,GUARANTOR,1,0,0
145,What is the role of NFE MANAGEMENT LLC in the agreement?,GUARANTOR,1,0,0
145,What is the role of NFE MEXICO HOLDINGS LLC in the agreement?,GUARANTOR,1,0,0
145,What is the role of NFE SOUTH POWER HOLDINGS LLC in the agreement?,GUARANTOR,1,0,0
145,What is the role of NFE TRANSPORT PARTNERS LLC in the agreement?,GUARANTOR,1,0,0
145,What is the role of PA DEVELOPMENT HOLDINGS LLC in the agreement?,GUARANTOR,1,0,0
145,What is the role of PA REAL ESTATE PARTNERS LLC in the agreement?,GUARANTOR,1,0,0
145,What is the role of TICO DEVELOPMENT PARTNERS LLC in the agreement?,GUARANTOR,1,0,0
151,"What is the role of BANK OF AMERICA, N.A., BARCLAYS BANK PLC, CITIBANK, N.A.,JPMORGAN CHASE BANK, N.A. and MIZUHO BANK, LTD in the agreement?",L%2FC Issuers,1,0,0
151,"What is the role of BANK OF AMERICA, N.A., BARCLAYS BANK PLC and JPMORGAN CHASE BANK, N.A. in the agreement?",Swing Line Lenders,1,0,0
151,What is the role of Wilmer Cutler Pickering Hale and Dorr LLP in the agreement?,counsel to the Company,1,0,0
151,What is the role of THERMO FISHER SCIENTIFIC INC. in the agreement?,Borrowers,1,0,0
87,What is the role of AFI LICENSING LLC in the agreement?,GUARANTOR,1,0,0
87,"What is the role of Morgan, Lewis %26 Bockius LLP in the agreement?",legal counsel,1,0,0
87,What is the role of SUNTRUST BANK in the agreement?,Lender,1,0,0
87,What is the role of BANK OF AMERICA in the agreement?,Administrative Agent,1,0,0
87,What is the role of HSBC BANK USA in the agreement?,Lender,1,0,0
87,What is the role of JPMORGAN CHASE BANK in the agreement?,Lender,1,0,0
87,"What is the role of ARMSTRONG FLOORING, INC in the agreement?",BORROWER,1,0,0
87,What is the role of MANUFACTURERS AND TRADERS TRUST COMPANY in the agreement?,Lender,1,0,0
93,"What is the role of AUSTIN 290 PROPERTIES, INC. in the agreement?",BORROWERS,1,0,0
93,"What is the role of CIRCLE C LAND, L.P. in the agreement?",BORROWERS,1,0,0
93,What is the role of COMERICA BANK in the agreement?,BANK,1,0,0
93,What is the role of STRATUS PROPERTIES INC in the agreement?,BORROWERS,1,0,0
93,"What is the role of STRATUS PROPERTIES OPERATING CO., L.P. in the agreement?",BORROWERS,1,0,0
92,"What is the role of GAINE, INC. in the agreement?",GUARANTORS,1,0,0
92,"What is the role of CYPRESS PHARMACEUTICALS, INC. in the agreement?",GUARANTORS,1,0,0
92,"What is the role of GTA GP, INC. in the agreement?",GUARANTORS,1,0,0
92,"What is the role of HAWTHORN PHARMACEUTICALS, INC. in the agreement?",GUARANTORS,1,0,0
92,"What is the role of MACOVEN PHARMACEUTICALS, L.L.C. in the agreement?",GUARANTORS,1,0,0
92,"What is the role of MIDCAP FUNDING VI, LLC, in the agreement?",Lender,1,0,0
92,What is the role of PERNIX ACQUISITION CORP. I in the agreement?,GUARANTORS,1,0,0
92,"What is the role of PERNIX MANUFACTURING, LLC in the agreement?",GUARANTORS,1,0,0
92,"What is the role of PERNIX THERAPEUTICS HOLDINGS, INC. in the agreement?",BORROWER,1,0,0
92,"What is the role of RESPICOPEA, INC. in the agreement?",GUARANTORS,1,0,0
92,"What is the role of MIDCAP FUNDING V, LLC, in the agreement?",Lender,1,0,0
92,"What is the role of PERNIX THERAPEUTICS, LLC in the agreement?",GUARANTORS,1,0,0
86,"What is the role of IDA, INC in the agreement?",GUARANTORS,1,0,0
86,"What is the role of LIFELOCK, INC in the agreement?",BORROWER,1,0,0
86,"What is the role of ID ANALYTICS, INC in the agreement?",GUARANTORS,1,0,0
86,What is the role of ROYAL BANK OF CANADA in the agreement?,Lender,1,0,0
86,"What is the role of SILICON VALLEY BANK, in the agreement?",Lender,1,0,0
86,What is the role of COMERICA BANK in the agreement?,Lender,1,0,0
150,What is the role of Credit Suisse Loan Funding LLC in the agreement?,Fronting Lender,1,0,0
150,"What is the role of NATIONAL CINEMEDIA, LLC in the agreement?",Borrower,1,0,0
144,"What is the role of ACC Management, LLC in the agreement?",General Partner,1,0,0
144,"What is the role of Apollo Capital Management, L.P. in the agreement?",investment manager,1,0,0
144,"What is the role of Apollo Capital Management GP, LLC in the agreement?",general partner,1,0,0
144,"What is the role of Apollo Investment Management, L.P. in the agreement?",Advisor,1,0,0
144,"What is the role of RADIUS HEALTH, INC in the agreement?",Borrowers,1,0,0
144,"What is the role of RADIUS PHARMACEUTICALS, INC in the agreement?",Borrowers,1,0,0
144,"What is the role of RADIUS HEALTH, INC. in the agreement?",BORROWERS,1,0,0
144,What is the role of APOLLO INVESTMENT CORPORATION in the agreement?,LENDER,1,0,0
51,"What is the role of ING CAPITAL, LLC in the agreement?",Co-Manager,1,0,0
51,What is the role of Cahill Gordon %26 Reindel LLP in the agreement?,Administrative Agent,1,0,0
51,What is the role of CALPINE CORPORATION in the agreement?,Borrower,1,0,0
3,"What is the role of SUMMIT HOSPITALITY SUBJV, LLC in the agreement?",GUARANTOR,1,0,0
3,"What is the role of SUMMIT NCI JV BR 156-159, LLC in the agreement?",GUARANTOR,1,0,0
3,"What is the role of SUMMIT NCI JV BR 160, LLC in the agreement?",GUARANTOR,1,0,0
3,"What is the role of SUMMIT NCI JV BR 161, LLC in the agreement?",GUARANTOR,1,0,0
3,"What is the role of SUMMIT NCI MASTER TRS, INC in the agreement?",GUARANTOR,1,0,0
3,"What is the role of SUMMIT NCI MASTER TRS, INC. in the agreement?",Issuer,1,0,0
3,"What is the role of Summit Hotel GP 2, LLC in the agreement?",general partner,1,0,0
3,"What is the role of Wells Fargo Bank, National Association in the agreement?",Syndication Agent,1,0,0
45,"What is the role of PINNACLE FINANCIAL PARTNERS, INC in the agreement?",subsidiary,1,0,0
45,What is the role of Kirkland %26 Ellis LLP in the agreement?,counsel to Lender,1,0,0
45,What is the role of PINNACLE BANK in the agreement?,Borrower,1,0,0
45,What is the role of U.S. BANK NATIONAL ASSOCIATION in the agreement?,Lender,1,0,0
79,"What is the role of MIZUHO BANK, LTD in the agreement?",Documentation Agents,1,0,0
79,What is the role of Saul Ewing LLP in the agreement?,counsel to the Borrower,1,0,0
79,What is the role of Sullivan %26 Worcester LLP in the agreement?,counsel to the Borrower,1,0,0
79,What is the role of BANK OF AMERICA in the agreement?,Syndication Agents,1,0,0
79,What is the role of COMPASS BANK in the agreement?,Documentation Agents,1,0,0
79,What is the role of U.S. BANK NATIONAL ASSOCIATION in the agreement?,Documentation Agents,1,0,0
79,What is the role of ROYAL BANK OF CANADA in the agreement?,Syndication Agents,1,0,0
79,What is the role of SELECT INCOME REIT in the agreement?,Borrower,1,0,0
22,"What is the role of GREENBERG TRAURIG, LLP in the agreement?",counsel to any Lender,1,0,0
22,What is the role of SIMPSON THACHER %26 BARTLETT LLP in the agreement?,counsel to Borrowers,1,0,0
22,"What is the role of OIL STATES INTERNATIONAL, INC., in the agreement?",BORROWER,1,0,0
22,What is the role of ROYAL BANK OF CANADA in the agreement?,Lender,1,0,0
36,"What is the role of SILICON GRAPHICS FEDERAL, LLC in the agreement?",GRANTORS,1,0,0
36,What is the role of SILICON GRAPHICS INTERNATIONAL CORP in the agreement?,Borrower,1,0,0
36,What is the role of SILICON GRAPHICS INTERNATIONAL CORP. in the agreement?,GRANTORS,1,0,0
36,What is the role of SILICON GRAPHICS INTERNATIONAL CORP in the agreement?,Borrower,1,0,0
123,"What is the role of JPMORGAN CHASE BANK, N.A in the agreement?",Lender,1,0,0
123,What is the role of NEWELL RUBBERMAID INC. in the agreement?,Borrower,1,0,0
123,What is the role of PNC Bank in the agreement?,Lender,1,0,0
123,What is the role of ROYAL BANK OF CANADA in the agreement?,Lender,1,0,0
123,"What is the role of The Bank of Tokyo-Mitsubishi UFJ, Ltd in the agreement?",Lender,1,0,0
123,"What is the role of Bank of America, N.A. in the agreement?",Lender,1,0,0
123,"What is the role of CITIBANK, N.A in the agreement?",Lender,1,0,0
123,What is the role of THE NORTHERN TRUST COMPANY in the agreement?,Lender,1,0,0
123,What is the role of US Bank National Association in the agreement?,Lender,1,0,0
123,What is the role of Credit Suisse AG in the agreement?,Lender,1,0,0
137,"What is the role of RAYMOND JAMES BANK, N.A. in the agreement?",Lender,1,0,0
137,What is the role of BRANCH BANKING AND TRUST COMPANY in the agreement?,Lender,1,0,0
137,"What is the role of Bank of America, N.A. in the agreement?",Lender,1,0,0
137,What is the role of DEUTSCHE BANK AG NEW YORK BRANCH in the agreement?,Administrative Agent,1,0,0
137,What is the role of INITIAL LENDERS in the agreement?,Lenders,1,0,0
137,"What is the role of PNC BANK, NATIONAL ASSOCIATION in the agreement?",Lender,1,0,0
137,"What is the role of SUMMIT HOTEL PROPERTIES, INC in the agreement?",Parent Guarantor,1,0,0
137,"What is the role of SUMMIT HOTEL PROPERTIES, INC. in the agreement?",PARENT,1,0,0
137,"What is the role of Summit Hotel TRS 010, LLC in the agreement?",SUBSIDIARY,1,0,0
137,"What is the role of Summit Hotel TRS 020, LLC in the agreement?",SUBSIDIARY,1,0,0
137,"What is the role of Summit Hotel TRS 021, LLC in the agreement?",SUBSIDIARY,1,0,0
137,"What is the role of Summit Hotel TRS 023, LLC in the agreement?",SUBSIDIARY,1,0,0
137,"What is the role of Summit Hotel TRS 026, LLC in the agreement?",SUBSIDIARY,1,0,0
137,"What is the role of Summit Hotel TRS 028, LLC in the agreement?",SUBSIDIARY,1,0,0
137,"What is the role of Summit Hotel TRS 029, LLC in the agreement?",SUBSIDIARY,1,0,0
137,"What is the role of Summit Hotel TRS 030, LLC in the agreement?",SUBSIDIARY,1,0,0
137,"What is the role of Summit Hotel TRS 032, LLC in the agreement?",SUBSIDIARY,1,0,0
137,"What is the role of Summit Hotel TRS 036, LLC in the agreement?",SUBSIDIARY,1,0,0
137,"What is the role of Summit Hotel TRS 037, LLC in the agreement?",SUBSIDIARY,1,0,0
137,"What is the role of Summit Hotel TRS 038, LLC in the agreement?",SUBSIDIARY,1,0,0
137,"What is the role of Summit Hotel TRS 039, LLC in the agreement?",SUBSIDIARY,1,0,0
137,"What is the role of Summit Hotel TRS 044, LLC in the agreement?",SUBSIDIARY,1,0,0
137,"What is the role of Summit Hotel TRS 045, LLC in the agreement?",SUBSIDIARY,1,0,0
137,"What is the role of Summit Hotel TRS 057, LLC in the agreement?",SUBSIDIARY,1,0,0
137,"What is the role of Summit Hotel TRS 060, LLC in the agreement?",SUBSIDIARY,1,0,0
137,"What is the role of Summit Hotel TRS 062, LLC in the agreement?",SUBSIDIARY,1,0,0
137,"What is the role of Summit Hotel TRS 063, LLC in the agreement?",SUBSIDIARY,1,0,0
137,"What is the role of Summit Hotel TRS 064, LLC in the agreement?",SUBSIDIARY,1,0,0
137,"What is the role of Summit Hotel TRS 065, LLC in the agreement?",SUBSIDIARY,1,0,0
137,"What is the role of Summit Hotel TRS 066, LLC in the agreement?",SUBSIDIARY,1,0,0
137,"What is the role of Summit Hotel TRS 068, LLC in the agreement?",SUBSIDIARY,1,0,0
137,"What is the role of Summit Hotel TRS 069, LLC in the agreement?",SUBSIDIARY,1,0,0
137,"What is the role of Summit Hotel TRS 079, LLC in the agreement?",SUBSIDIARY,1,0,0
137,"What is the role of Summit Hotel TRS 081, LLC in the agreement?",SUBSIDIARY,1,0,0
137,"What is the role of Summit Hotel TRS 082, LLC in the agreement?",SUBSIDIARY,1,0,0
137,"What is the role of Summit Hotel TRS 083, LLC in the agreement?",SUBSIDIARY,1,0,0
137,"What is the role of Summit Hotel TRS 084, LLC in the agreement?",SUBSIDIARY,1,0,0
137,"What is the role of Summit Hotel TRS 088, LLC in the agreement?",SUBSIDIARY,1,0,0
137,"What is the role of Summit Hotel TRS 094, LLC in the agreement?",SUBSIDIARY,1,0,0
137,"What is the role of Summit Hotel TRS 095, LLC in the agreement?",SUBSIDIARY,1,0,0
137,"What is the role of Summit Hotel TRS 097, LLC in the agreement?",SUBSIDIARY,1,0,0
137,"What is the role of Summit Hotel TRS 100, LLC in the agreement?",SUBSIDIARY,1,0,0
137,"What is the role of Summit Hotel TRS 102, LLC in the agreement?",SUBSIDIARY,1,0,0
137,"What is the role of Summit Hotel TRS 104, LLC in the agreement?",SUBSIDIARY,1,0,0
137,"What is the role of Summit Hotel TRS 114, LLC in the agreement?",SUBSIDIARY,1,0,0
137,"What is the role of Summit Hotel TRS 115, LLC in the agreement?",SUBSIDIARY,1,0,0
137,"What is the role of Summit Hotel TRS 117, LLC in the agreement?",SUBSIDIARY,1,0,0
137,"What is the role of Summit Hotel TRS 118, LLC in the agreement?",SUBSIDIARY,1,0,0
137,"What is the role of Summit Hotel TRS 119, LLC in the agreement?",SUBSIDIARY,1,0,0
137,"What is the role of Summit Hotel TRS 121, LLC in the agreement?",SUBSIDIARY,1,0,0
137,"What is the role of Summit Hotel TRS 122, LLC in the agreement?",SUBSIDIARY,1,0,0
137,"What is the role of Summit Hotel TRS 123, LLC in the agreement?",SUBSIDIARY,1,0,0
137,"What is the role of Summit Hotel TRS 130, LLC in the agreement?",SUBSIDIARY,1,0,0
137,What is the role of Deutsche Bank AG New York Branch in the agreement?,Lender,1,0,0
137,"What is the role of Summit Hotel TRS 035, LLC in the agreement?",SUBSIDIARY,1,0,0
137,What is the role of KEYBANK NATIONAL ASSOCIATION in the agreement?,Lender,1,0,0
137,"What is the role of San Fran JV, LLC in the agreement?",SUBSIDIARY,1,0,0
137,"What is the role of Summit Hospitality 039, LLC in the agreement?",SUBSIDIARY,1,0,0
137,"What is the role of Summit Hospitality 057, LLC in the agreement?",SUBSIDIARY,1,0,0
137,"What is the role of Summit Hospitality 060, LLC in the agreement?",SUBSIDIARY,1,0,0
137,"What is the role of Summit Hospitality 079, LLC in the agreement?",SUBSIDIARY,1,0,0
137,"What is the role of Summit Hospitality 082, LLC in the agreement?",GUARANTORS,1,0,0
137,"What is the role of Summit Hospitality 084, LLC in the agreement?",SUBSIDIARY,1,0,0
137,"What is the role of Summit Hospitality 093, LLC in the agreement?",SUBSIDIARY,1,0,0
137,"What is the role of Summit Hospitality 100, LLC in the agreement?",SUBSIDIARY,1,0,0
137,"What is the role of Summit Hospitality 114, LLC in the agreement?",SUBSIDIARY,1,0,0
137,"What is the role of Summit Hospitality 115, LLC in the agreement?",SUBSIDIARY,1,0,0
137,"What is the role of Summit Hospitality 117, LLC in the agreement?",SUBSIDIARY,1,0,0
137,"What is the role of Summit Hospitality 118, LLC in the agreement?",SUBSIDIARY,1,0,0
137,"What is the role of Summit Hospitality 119, LLC in the agreement?",SUBSIDIARY,1,0,0
137,"What is the role of Summit Hospitality 121, LLC in the agreement?",SUBSIDIARY,1,0,0
137,"What is the role of Summit Hospitality 122, LLC in the agreement?",SUBSIDIARY,1,0,0
137,"What is the role of Summit Hospitality 123, LLC in the agreement?",SUBSIDIARY,1,0,0
137,"What is the role of Summit Hospitality 130, LLC in the agreement?",SUBSIDIARY,1,0,0
137,"What is the role of Summit Hospitality 17, LLC in the agreement?",SUBSIDIARY,1,0,0
137,"What is the role of Summit Hospitality 18, LLC in the agreement?",SUBSIDIARY,1,0,0
137,"What is the role of Summit Hospitality I, LLC in the agreement?",SUBSIDIARY,1,0,0
137,"What is the role of Summit Hospitality XII, LLC in the agreement?",SUBSIDIARY,1,0,0
137,What is the role of ROYAL BANK OF CANADA in the agreement?,Lender,1,0,0
137,What is the role of Regions Bank in the agreement?,Lender,1,0,0
137,What is the role of U.S. BANK NATIONAL ASSOCIATION in the agreement?,Lender,1,0,0
136,What is the role of B2R FINANCE L.P in the agreement?,Lender,1,0,0
136,What is the role of AHR FIRST BORROWER LLC in the agreement?,Borrower,1,0,0
136,"What is the role of AHR FIRST BORROWER LLC, in the agreement?",BORROWER,1,0,0
136,What is the role of B2R FINANCE L.P. in the agreement?,LENDER%3A,1,0,0
136,What is the role of B2R Finance L.P. in the agreement?,Lender,1,0,0
122,"What is the role of WELLS FARGO BANK, NATIONAL ASSOCIATION in the agreement?",Lender,1,0,0
122,What is the role of AON CORPORATION in the agreement?,Borrowers,1,0,0
122,What is the role of AON PLC in the agreement?,Borrowers,1,0,0
122,What is the role of AUSTRALIA AND NEW ZEALAND BANK GROUP LIMITED in the agreement?,Lender,1,0,0
122,"What is the role of HSBC BANK USA, N.A. in the agreement?",Lender,1,0,0
122,"What is the role of ING BANK N.V., in the agreement?",Lender,1,0,0
122,"What is the role of MORGAN STANLEY BANK, N.A. in the agreement?",Lender,1,0,0
122,What is the role of NATIONAL AUSTRALIA BANK LIMITED in the agreement?,Lender,1,0,0
122,What is the role of THE BANK OF NEW YORK MELLON in the agreement?,Lender,1,0,0
122,What is the role of AON UK LIMITED in the agreement?,Borrowers,1,0,0
122,What is the role of BANK OF MONTREAL in the agreement?,Lender,1,0,0
122,What is the role of BARCLAYS BANK PLC in the agreement?,Lender,1,0,0
122,What is the role of DEUTSCHE BANK AG in the agreement?,Lender,1,0,0
122,What is the role of BANK OF CHINA %28LUXEMBOURG%29 in the agreement?,Lender,1,0,0
122,What is the role of CREDIT SUISSE AG in the agreement?,Lender,1,0,0
122,"What is the role of JPMORGAN CHASE BANK, N.A in the agreement?",Lender,1,0,0
122,What is the role of THE BANK OF NOVA SCOTIA in the agreement?,Lender,1,0,0
122,What is the role of UNICREDIT BANK A.G. in the agreement?,Lender,1,0,0
37,"What is the role of EMPIRE DISPOSAL, INC. in the agreement?",Subsidiaries,1,0,0
37,What is the role of ENTECH ALASKA LLC in the agreement?,Subsidiaries,1,0,0
37,What is the role of ENVIRONMENTAL TRUST COMPANY in the agreement?,Subsidiaries,1,0,0
37,"What is the role of EVERGREEN DISPOSAL, INC. in the agreement?",Subsidiaries,1,0,0
37,What is the role of FINLEY-BUTTES LIMITED PARTNERSHIP in the agreement?,Subsidiaries,1,0,0
37,"What is the role of FINNEY COUNTY LANDFILL, INC in the agreement?",Subsidiaries,1,0,0
37,"What is the role of FORT ANN TRANSFER STATION, LLC in the agreement?",Subsidiaries,1,0,0
37,"What is the role of FRONT RANGE LANDFILL, INC. in the agreement?",Subsidiaries,1,0,0
37,"What is the role of GBUSA HOLDINGS, LLC in the agreement?",Subsidiaries,1,0,0
37,"What is the role of GOD BLESS THE USA, INCORPORATED in the agreement?",Subsidiaries,1,0,0
37,"What is the role of GREEN WASTE SOLUTIONS OF ALASKA, LLC in the agreement?",Subsidiaries,1,0,0
37,"What is the role of G %26 P DEVELOPMENT, INC. in the agreement?",Subsidiaries,1,0,0
37,"What is the role of HARDIN SANITATION, INC. in the agreement?",Subsidiaries,1,0,0
37,"What is the role of HAROLD LEMAY ENTERPRISES, INCORPORATED in the agreement?",Subsidiaries,1,0,0
37,"What is the role of HIGH DESERT SOLID WASTE FACILITY, INC. in the agreement?",Subsidiaries,1,0,0
37,"What is the role of HUDSON VALLEY WASTE HOLDING, INC. in the agreement?",Subsidiaries,1,0,0
37,"What is the role of ISLAND DISPOSAL, INC. in the agreement?",Subsidiaries,1,0,0
37,"What is the role of J BAR J LAND, INC. in the agreement?",Subsidiaries,1,0,0
37,"What is the role of LACASSINE HOLDINGS, L.L.C. in the agreement?",Subsidiaries,1,0,0
37,"What is the role of LAKESHORE DISPOSAL, INC in the agreement?",Subsidiaries,1,0,0
37,"What is the role of LAUREL RIDGE LANDFILL, L.L.C. in the agreement?",Subsidiaries,1,0,0
37,"What is the role of LEALCO, INC. in the agreement?",Subsidiaries,1,0,0
37,"What is the role of LFC, INC. in the agreement?",Subsidiaries,1,0,0
37,"What is the role of LIGHTNING BUTTE ENVIRONMENTAL, LLC in the agreement?",Subsidiaries,1,0,0
37,"What is the role of LOUISIANA RECLAMATION COMPANY, L.L.C. in the agreement?",Subsidiaries,1,0,0
37,"What is the role of MADERA DISPOSAL SYSTEMS, INC. in the agreement?",Subsidiaries,1,0,0
37,What is the role of MAMMOTH DISPOSAL COMPANY in the agreement?,Subsidiaries,1,0,0
37,"What is the role of MANAGEMENT ENVIRONMENTAL NATIONAL, INC. in the agreement?",Subsidiaries,1,0,0
37,"What is the role of MASON COUNTY GARBAGE CO., INC. in the agreement?",Subsidiaries,1,0,0
37,"What is the role of MBO, LLC in the agreement?",Subsidiaries,1,0,0
37,"What is the role of MDSI OF LA, INC. in the agreement?",Subsidiaries,1,0,0
37,What is the role of MILLENNIUM WASTE INCORPORATED in the agreement?,Subsidiaries,1,0,0
37,What is the role of MISSION COUNTRY DISPOSAL in the agreement?,Subsidiaries,1,0,0
37,What is the role of MORRO BAY GARBAGE SERVICE in the agreement?,Subsidiaries,1,0,0
37,"What is the role of MURREY%E2%80%99S DISPOSAL COMPANY, INC. in the agreement?",Subsidiaries,1,0,0
37,"What is the role of NEBRASKA ECOLOGY SYSTEMS, INC. in the agreement?",Subsidiaries,1,0,0
37,"What is the role of NOBLES COUNTY LANDFILL, INC. in the agreement?",Subsidiaries,1,0,0
37,"What is the role of NORTHWEST CONTAINER SERVICES, INC. in the agreement?",Subsidiaries,1,0,0
37,"What is the role of OKLAHOMA CITY WASTE DISPOSAL, INC. in the agreement?",Subsidiaries,1,0,0
37,"What is the role of OKLAHOMA LANDFILL HOLDINGS, INC. in the agreement?",Subsidiaries,1,0,0
37,"What is the role of OSAGE LANDFILL, INC. in the agreement?",Subsidiaries,1,0,0
37,"What is the role of PIERCE COUNTY RECYCLING, COMPOSTING AND DISPOSAL, LLC in the agreement?",Subsidiaries,1,0,0
37,"What is the role of POTRERO HILLS LANDFILL, INC. in the agreement?",Subsidiaries,1,0,0
37,"What is the role of PRAIRIE DISPOSAL, LLC in the agreement?",Subsidiaries,1,0,0
37,"What is the role of PRAIRIE LIQUIDS, LLC in the agreement?",Subsidiaries,1,0,0
37,"What is the role of PSI ENVIRONMENTAL SERVICES, INC. in the agreement?",Subsidiaries,1,0,0
37,"What is the role of PSI ENVIRONMENTAL SYSTEMS, INC. in the agreement?",Subsidiaries,1,0,0
37,"What is the role of R.A. BROWNRIGG INVESTMENTS, INC. in the agreement?",Subsidiaries,1,0,0
37,What is the role of R.J.C. TRUCKING CO. in the agreement?,Subsidiaries,1,0,0
37,"What is the role of R360 ARTESIA, LLC in the agreement?",Subsidiaries,1,0,0
37,"What is the role of R360 CLACO, LLC in the agreement?",Subsidiaries,1,0,0
37,"What is the role of R360 ENVIRONMENTAL SOLUTIONS, LLC in the agreement?",Subsidiaries,1,0,0
37,"What is the role of R360 ENVIRONMENTAL SOLUTIONS HOLDINGS, INC. in the agreement?",Subsidiaries,1,0,0
37,"What is the role of R360 ENVIRONMENTAL SOLUTIONS OF LOUISIANA, LLC in the agreement?",Subsidiaries,1,0,0
37,"What is the role of R360 ENVIRONMENTAL SOLUTIONS OF MISSISSIPPI, LLC in the agreement?",Subsidiaries,1,0,0
37,"What is the role of R360 ENVIRONMENTAL SOLUTIONS OF TEXAS, LLC in the agreement?",Subsidiaries,1,0,0
37,"What is the role of R360 ES HOLDINGS, INC. in the agreement?",Subsidiaries,1,0,0
37,"What is the role of R360 HITCHCOCK, LLC in the agreement?",Subsidiaries,1,0,0
37,"What is the role of R360 LOGISTICS, LLC in the agreement?",Subsidiaries,1,0,0
37,"What is the role of R360 OKLAHOMA, LLC in the agreement?",Subsidiaries,1,0,0
37,"What is the role of R360 PERMIAN BASIN, LLC in the agreement?",Subsidiaries,1,0,0
37,"What is the role of R360 RED BLUFF, LLC in the agreement?",Subsidiaries,1,0,0
37,"What is the role of R360 SHUTE CREEK, LLC in the agreement?",Subsidiaries,1,0,0
37,"What is the role of R360 SILO, LLC in the agreement?",Subsidiaries,1,0,0
37,"What is the role of R360 WILLISTON BASIN, LLC in the agreement?",Subsidiaries,1,0,0
37,"What is the role of RAILROAD AVENUE DISPOSAL, LLC in the agreement?",Subsidiaries,1,0,0
37,"What is the role of RED CARPET LANDFILL, INC. in the agreement?",Subsidiaries,1,0,0
37,"What is the role of RENSSELAER REGION LANDFILLS, INC. in the agreement?",Subsidiaries,1,0,0
37,What is the role of RH FINANCIAL CORPORATION in the agreement?,Subsidiaries,1,0,0
37,"What is the role of RICH VALLEY, LLC in the agreement?",Subsidiaries,1,0,0
37,"What is the role of RKS HOLDING, CORP. in the agreement?",Subsidiaries,1,0,0
37,"What is the role of S.A. DUNN %26 COMPANY, LLC in the agreement?",Subsidiaries,1,0,0
37,"What is the role of SANIPAC, INC. in the agreement?",Subsidiaries,1,0,0
37,What is the role of SAN LUIS GARBAGE COMPANY in the agreement?,Subsidiaries,1,0,0
37,What is the role of SCOTT SOLID WASTE DISPOSAL COMPANY in the agreement?,Subsidiaries,1,0,0
37,"What is the role of SCOTT WASTE SERVICES, LLC in the agreement?",Subsidiaries,1,0,0
37,"What is the role of SEABREEZE RECOVERY, INC in the agreement?",Subsidiaries,1,0,0
37,"What is the role of SECTION 18, LLC in the agreement?",Subsidiaries,1,0,0
37,What is the role of SEDALIA LAND COMPANY in the agreement?,Subsidiaries,1,0,0
37,"What is the role of SHALE GAS SERVICES, LLC in the agreement?",Subsidiaries,1,0,0
37,"What is the role of SIERRA HOLDING GROUP, LLC in the agreement?",Subsidiaries,1,0,0
37,"What is the role of SIERRA PROCESSING, LLC in the agreement?",Subsidiaries,1,0,0
37,What is the role of SILVER SPRINGS ORGANICS L.L.C. in the agreement?,Subsidiaries,1,0,0
37,"What is the role of SJ RECLAMATION, INC. in the agreement?",Subsidiaries,1,0,0
37,"What is the role of SKB %28AUSTIN%29 ENVIRONMENTAL, LLC in the agreement?",Subsidiaries,1,0,0
37,"What is the role of SKB ENVIRONMENTAL, INC. in the agreement?",Subsidiaries,1,0,0
37,"What is the role of SKB RECYCLING, LLC in the agreement?",Subsidiaries,1,0,0
37,"What is the role of SMOKY BUTTE ENVIRONMENTAL, LLC in the agreement?",Subsidiaries,1,0,0
37,"What is the role of SOUTH COUNTY SANITARY SERVICE, INC. in the agreement?",Subsidiaries,1,0,0
37,"What is the role of STERLING AVENUE PROPERTIES, LLC in the agreement?",Subsidiaries,1,0,0
37,What is the role of STUTZMAN REFUSE DISPOSAL INC. in the agreement?,Subsidiaries,1,0,0
37,"What is the role of TACOMA RECYCLING COMPANY, INC. in the agreement?",Subsidiaries,1,0,0
37,"What is the role of TENNESSEE WASTE MOVERS, INC. in the agreement?",Subsidiaries,1,0,0
37,"What is the role of THUNDER BUTTE ENVIRONMENTAL, LLC in the agreement?",Subsidiaries,1,0,0
37,"What is the role of US LIQUIDS OF LA, L.P. in the agreement?",Subsidiaries,1,0,0
37,"What is the role of VOORHEES SANITATION, L.L.C. in the agreement?",Subsidiaries,1,0,0
37,"What is the role of WASCO COUNTY LANDFILL, INC. in the agreement?",Subsidiaries,1,0,0
37,"What is the role of WASTE CONNECTIONS, INC. in the agreement?",BORROWERS,1,0,0
37,"What is the role of WASTE CONNECTIONS MANAGEMENT SERVICES, INC. in the agreement?",Subsidiaries,1,0,0
37,"What is the role of WASTE CONNECTIONS OF ALABAMA, INC. in the agreement?",Subsidiaries,1,0,0
37,"What is the role of WASTE CONNECTIONS OF ALASKA, INC. in the agreement?",Subsidiaries,1,0,0
37,"What is the role of WASTE CONNECTIONS OF ARIZONA, INC. in the agreement?",Subsidiaries,1,0,0
37,"What is the role of WASTE CONNECTIONS OF ARKANSAS, INC. in the agreement?",Subsidiaries,1,0,0
37,"What is the role of WASTE CONNECTIONS OF CALIFORNIA, INC. in the agreement?",Subsidiaries,1,0,0
37,"What is the role of WASTE CONNECTIONS OF COLORADO, INC. in the agreement?",Subsidiaries,1,0,0
37,"What is the role of WASTE CONNECTIONS OF GEORGIA, INC. in the agreement?",Subsidiaries,1,0,0
37,"What is the role of WASTE CONNECTIONS OF IDAHO, INC. in the agreement?",Subsidiaries,1,0,0
37,"What is the role of WASTE CONNECTIONS OF ILLINOIS, INC in the agreement?",Subsidiaries,1,0,0
37,"What is the role of WASTE CONNECTIONS OF IOWA, INC. in the agreement?",Subsidiaries,1,0,0
37,"What is the role of WASTE CONNECTIONS OF KANSAS, INC. in the agreement?",Subsidiaries,1,0,0
37,"What is the role of WASTE CONNECTIONS OF KENTUCKY, INC. in the agreement?",Subsidiaries,1,0,0
37,"What is the role of WASTE CONNECTIONS OF LEFLORE, LLC in the agreement?",Subsidiaries,1,0,0
37,"What is the role of WASTE CONNECTIONS OF LOUISIANA, INC. in the agreement?",Subsidiaries,1,0,0
37,"What is the role of WASTE CONNECTIONS OF MINNESOTA, INC. in the agreement?",Subsidiaries,1,0,0
37,"What is the role of WASTE CONNECTIONS OF MISSISSIPPI, INC in the agreement?",Subsidiaries,1,0,0
37,"What is the role of WASTE CONNECTIONS OF MISSISSIPPI DISPOSAL SERVICES, LLC in the agreement?",Subsidiaries,1,0,0
37,"What is the role of WASTE CONNECTIONS OF MONTANA, INC. in the agreement?",Subsidiaries,1,0,0
37,"What is the role of WASTE CONNECTIONS OF NEBRASKA, INC in the agreement?",Subsidiaries,1,0,0
37,"What is the role of WASTE CONNECTIONS OF NEW MEXICO, INC. in the agreement?",Subsidiaries,1,0,0
37,"What is the role of WASTE CONNECTIONS OF NORTH CAROLINA, INC in the agreement?",Subsidiaries,1,0,0
37,"What is the role of WASTE CONNECTIONS OF NORTH DAKOTA, INC. in the agreement?",Subsidiaries,1,0,0
37,"What is the role of WASTE CONNECTIONS OF OKLAHOMA, INC in the agreement?",Subsidiaries,1,0,0
37,"What is the role of WASTE CONNECTIONS OF OREGON, INC. in the agreement?",Subsidiaries,1,0,0
37,"What is the role of WASTE CONNECTIONS OF SOUTH CAROLINA, INC. in the agreement?",Subsidiaries,1,0,0
37,"What is the role of WASTE CONNECTIONS OF SOUTH DAKOTA, INC. in the agreement?",Subsidiaries,1,0,0
37,"What is the role of WASTE CONNECTIONS OF TENNESSEE, INC in the agreement?",Subsidiaries,1,0,0
37,"What is the role of WASTE CONNECTIONS OF TEXAS, LLC in the agreement?",Subsidiaries,1,0,0
37,"What is the role of WASTE CONNECTIONS OF THE CENTRAL VALLEY, INC. in the agreement?",Subsidiaries,1,0,0
37,"What is the role of WASTE CONNECTIONS OF UTAH, INC in the agreement?",Subsidiaries,1,0,0
37,"What is the role of WASTE CONNECTIONS OF WASHINGTON, INC in the agreement?",Subsidiaries,1,0,0
37,"What is the role of WASTE CONNECTIONS OF WYOMING, INC. in the agreement?",Subsidiaries,1,0,0
37,"What is the role of WASTE CONNECTIONS TRANSPORTATION COMPANY, INC. in the agreement?",Subsidiaries,1,0,0
37,"What is the role of WASTE REDUCTION SERVICES, L.L.C. in the agreement?",Subsidiaries,1,0,0
37,"What is the role of WASTE SERVICES OF N.E. MISSISSIPPI, INC. in the agreement?",Subsidiaries,1,0,0
37,"What is the role of WASTE SOLUTIONS GROUP OF SAN BENITO, LLC in the agreement?",Subsidiaries,1,0,0
37,"What is the role of WCI-WHITE OAKS LANDFILL, INC. in the agreement?",Subsidiaries,1,0,0
37,"What is the role of WCI AUSTIN LANDFILL, LLC in the agreement?",Subsidiaries,1,0,0
37,"What is the role of WEST BANK ENVIRONMENTAL SERVICES, INC in the agreement?",Subsidiaries,1,0,0
37,"What is the role of WEST COAST RECYCLING AND TRANSFER, INC. in the agreement?",Subsidiaries,1,0,0
37,"What is the role of WYOMING ENVIRONMENTAL SERVICES, INC. in the agreement?",Subsidiaries,1,0,0
37,"What is the role of YAKIMA WASTE SYSTEMS, INC. in the agreement?",Subsidiaries,1,0,0
23,What is the role of CREDIT AGRICOLE CORPORATE AND INVESTMENT BANK in the agreement?,Lender,1,0,0
23,"What is the role of CREDIT SUISSE AG, CAYMAN ISLANDS BRANCH in the agreement?",Lender,1,0,0
23,"What is the role of MORGAN STANLEY SENIOR FUNDING, INC in the agreement?",Lender,1,0,0
23,"What is the role of MUFG BANK, LTD in the agreement?",Lender,1,0,0
23,"What is the role of VIVINT SOLAR, INC in the agreement?",GUARANTOR,1,0,0
23,"What is the role of VIVINT SOLAR HOLDINGS, INC in the agreement?",GUARANTOR,1,0,0
23,"What is the role of VIVINT SOLAR OPERATIONS, LLC in the agreement?",GUARANTOR,1,0,0
23,What is the role of AEE SOLAR INC in the agreement?,GUARANTOR,1,0,0
23,What is the role of SUNRUN INC in the agreement?,BORROWER%3A,1,0,0
23,What is the role of SUNRUN INSTALLATION SERVICES INC in the agreement?,GUARANTOR,1,0,0
23,What is the role of SUNRUN SOUTH LLC in the agreement?,GUARANTOR,1,0,0
23,"What is the role of BANK OF AMERICA, N.A. in the agreement?",Lender,1,0,0
23,What is the role of CLEAN ENERGY EXPERTS LLC in the agreement?,GUARANTOR,1,0,0
23,"What is the role of VIVINT SOLAR DEVELOPER, LLC, in the agreement?",GUARANTOR,1,0,0
23,"What is the role of ROYAL BANK OF CANADA, in the agreement?",Lender,1,0,0
23,"What is the role of DEUTSCHE BANK AG, NEW YORK BRANCH, in the agreement?",Lender,1,0,0
35,What is the role of HESS OIL AND GAS HOLDINGS INC in the agreement?,Subsidiaries,1,0,0
35,What is the role of HESS OIL AND GAS HOLDINGS INC. in the agreement?,Subsidiary,1,0,0
35,What is the role of HESS CORPORATION in the agreement?,Borrower,1,0,0
21,What is the role of BGSL BIG SKY FUNDING LLC in the agreement?,Lender,1,0,0
21,"What is the role of BGSL BRECKENRIDGE FUNDING LLC, in the agreement?",Lender,1,0,0
21,"What is the role of BGSL JACKSON HOLE FUNDING LLC, in the agreement?",Lender,1,0,0
21,What is the role of BLACKSTONE HOLDINGS FINANCE CO. L.L.C. in the agreement?,Lender,1,0,0
21,What is the role of BLACKSTONE PRIVATE CREDIT FUND in the agreement?,Lender,1,0,0
21,What is the role of EMERALD DIRECT LENDING 1 LIMITED PARTNERSHIP in the agreement?,Lender,1,0,0
21,What is the role of EMERALD MURRAY STREET LP in the agreement?,Lender,1,0,0
21,What is the role of EMERALD SPRING STREET LP in the agreement?,Lender,1,0,0
21,What is the role of GN LOAN FUND LP in the agreement?,Lender,1,0,0
21,"What is the role of LD TOPCO, INC. in the agreement?","Holdings Topco,",1,0,0
21,"What is the role of LD LOWER HOLDINGS, INC. in the agreement?",Borrower,1,0,0
21,What is the role of BLACKSTONE SECURED LENDING FUND in the agreement?,Lender,1,0,0
21,What is the role of GOLDMAN SACHS BANK USA in the agreement?,Lender,1,0,0
108,What is the role of 3949 Lindell LLC in the agreement?,Borrower,1,0,0
108,What is the role of CV East Lansing MI LLC in the agreement?,Borrower,1,0,0
108,"What is the role of Carrollton Place, LLC in the agreement?",Borrower,1,0,0
108,What is the role of Cottages W. Lafayette IN LL in the agreement?,Borrower,1,0,0
108,"What is the role of Deloitte %26 Touche, LLP in the agreement?",accountants,1,0,0
108,What is the role of District on 5th Tuscon AZ LLC in the agreement?,Borrower,1,0,0
108,What is the role of EDR Austin LLC in the agreement?,Borrower,1,0,0
108,What is the role of EDR Berkeley LP in the agreement?,Borrower,1,0,0
108,"What is the role of EDR Carbondale, LLC in the agreement?",Borrower,1,0,0
108,What is the role of EDR Charlottesville Jefferson LLC in the agreement?,Borrower,1,0,0
108,What is the role of EDR Charlottesville LLC in the agreement?,Borrower,1,0,0
108,What is the role of EDR Charlottesville Wertland LLC in the agreement?,Borrower,1,0,0
108,What is the role of EDR Gainesville Limited Partnership in the agreement?,Borrower,1,0,0
108,What is the role of EDR Lawrence Limited Partnership in the agreement?,Borrower,1,0,0
108,What is the role of EDR Lexington I LLC in the agreement?,Borrower,1,0,0
108,What is the role of EDR Orlando Limited Partnership in the agreement?,Borrower,1,0,0
108,"What is the role of EDR Oxford, LLC in the agreement?",Borrower,1,0,0
108,"What is the role of EDR Statesboro, LLC in the agreement?",Borrower,1,0,0
108,"What is the role of EDR Syracuse, LL in the agreement?",Borrower,1,0,0
108,What is the role of EDR Syracuse Campus West LLC in the agreement?,Borrower,1,0,0
108,"What is the role of EDR Tallahassee I, LLC in the agreement?",Borrower,1,0,0
108,What is the role of EDR Tallahassee Limited Partnership in the agreement?,Borrower,1,0,0
108,What is the role of EDR Tampa Limited Partnership in the agreement?,Borrower,1,0,0
108,What is the role of East Edge Tuscaloosa LLC in the agreement?,Borrower,1,0,0
108,"What is the role of Education Realty Operating Partnership, LP in the agreement?",Borrower,1,0,0
108,What is the role of Province Kent OH LLC in the agreement?,Borrower,1,0,0
108,What is the role of REGIONS CAPITAL MARKETS in the agreement?,Arrangers,1,0,0
108,What is the role of The Province Greenville NC LP in the agreement?,Borrower,1,0,0
108,What is the role of University Village Towers LP in the agreement?,Borrower,1,0,0
108,"What is the role of Retreat at State College, LLC in the agreement?",Borrower,1,0,0
134,What is the role of GUARANTORS PARTY in the agreement?,Guarantors,1,0,0
134,"What is the role of SB GAMING, LLC in the agreement?",Guarantor,1,0,0
134,"What is the role of UNION GAMING ADVISORS, LLC, in the agreement?",Documentation Agent,1,0,0
134,"What is the role of STOCKBRIDGE%2FSBE HOLDINGS, LLC in the agreement?",Borrower,1,0,0
120,What is the role of EQUITY COMMONWEALTH in the agreement?,Borrower,1,0,0
121,What is the role of REGAL-BELOIT CORPORATION in the agreement?,LENDER,1,0,0
135,What is the role of BMO HARRIS BANK N.A. in the agreement?,Lender,1,0,0
135,"What is the role of CANADIAN IMPERIAL BANK OF COMMERCE, NEW YORK BRANCH, in the agreement?",Lender,1,0,0
135,What is the role of COMPASS BANK in the agreement?,Lender,1,0,0
135,What is the role of REGIONS BANK in the agreement?,Lender,1,0,0
135,What is the role of SUNTRUST BANK in the agreement?,Lender,1,0,0
135,What is the role of THE BANK OF NOVA SCOTIA in the agreement?,Lender,1,0,0
135,"What is the role of BANK OF AMERICA, N.A., in the agreement?",Administrative Agent,1,0,0
135,What is the role of BARCLAYS BANK PLC in the agreement?,Lender,1,0,0
135,"What is the role of PLAINS ALL AMERICAN PIPELINE, L.P., in the agreement?",Borrower,1,0,0
135,"What is the role of PNC BANK, NATIONAL ASSOCIATION in the agreement?",Lender,1,0,0
135,What is the role of SOCI%C3%89T%C3%89 G%C3%89N%C3%89RALE in the agreement?,Lender,1,0,0
135,What is the role of SUMITOMO MITSUI BANKING CORPORATION in the agreement?,Lender,1,0,0
135,"What is the role of THE BANK OF TOKYO-MITSUBISHI UFJ, LTD. in the agreement?",Lender,1,0,0
135,What is the role of U.S. BANK NATIONAL ASSOCIATION in the agreement?,Lender,1,0,0
135,What is the role of ROYAL BANK OF CANADA in the agreement?,Lender,1,0,0
135,"What is the role of UBS AG, STAMFORD BRANCH in the agreement?",Lender,1,0,0
135,What is the role of DNB CAPITAL LLC in the agreement?,Lender,1,0,0
135,What is the role of BNP PARIBAS in the agreement?,Lender,1,0,0
135,What is the role of BRANCH BANKING AND TRUST COMPANY in the agreement?,Lender,1,0,0
135,What is the role of ING CAPITAL LLC in the agreement?,Lender,1,0,0
135,What is the role of DEUTSCHE BANK AG NEW YORK BRANCH in the agreement?,Lender,1,0,0
135,"What is the role of MORGAN STANLEY BANK, N.A. in the agreement?",Lender,1,0,0
135,"What is the role of PLAINS ALL AMERICAN PIPELINE, L.P. in the agreement?",Borrower,1,0,0
109,What is the role of Liberated Syndication Inc. in the agreement?,Borrowers,1,0,0
109,What is the role of First Commonwealth Bank in the agreement?,Bank,1,0,0
34,"What is the role of Michigan Electric Transmission Company, LLC in the agreement?",Borrower,1,0,0
34,"What is the role of MICHIGAN ELECTRIC TRANSMISSION COMPANY, LLC in the agreement?",Borrower,1,0,0
18,What is the role of BLACK CREEK DIVERSIFIED PROPERTY OPERATING PARTNERSHIP LP in the agreement?,Borrower,1,0,0
18,"What is the role of MUFG UNION BANK, N.A in the agreement?",Lender,1,0,0
18,"What is the role of RAYMOND JAMES BANK, N.A. in the agreement?",Lender,1,0,0
30,"What is the role of BANK OF AMERICA, N.A in the agreement?",LENDERS,1,0,0
30,What is the role of EDGETECH HOLDING CO in the agreement?,GUARANTORS,1,0,0
30,"What is the role of MIKRON INDUSTRIES, INC. in the agreement?",GUARANTORS,1,0,0
30,What is the role of MIKRON WASHINGTON LLC in the agreement?,GUARANTORS,1,0,0
30,What is the role of NICHOLS ALUMINUM-ALABAMA LLC in the agreement?,GUARANTORS,1,0,0
30,What is the role of NICHOLS ALUMINUM LLC in the agreement?,GUARANTORS,1,0,0
30,What is the role of QUANEX BUILDING PRODUCTS CORPORATION in the agreement?,BORROWER,1,0,0
30,What is the role of QUANEX HOMESHIELD LLC in the agreement?,GUARANTORS,1,0,0
30,"What is the role of QUANEX IG SYSTEMS, INC. in the agreement?",GUARANTORS,1,0,0
30,What is the role of QUANEX SCREENS LLC in the agreement?,GUARANTORS,1,0,0
30,"What is the role of QUANEX SERVICES, INC. in the agreement?",GUARANTORS,1,0,0
30,"What is the role of TRUSEAL TECHNOLOGIES, Inc. in the agreement?",GUARANTORS,1,0,0
30,What is the role of Edgetech Holding Co in the agreement?,SUBSIDIARIES,1,0,0
30,"What is the role of Mikron Industries, Inc in the agreement?",SUBSIDIARIES,1,0,0
30,What is the role of Mikron Washington LLC in the agreement?,SUBSIDIARIES,1,0,0
30,What is the role of Nichols Aluminum-Alabama LLC in the agreement?,SUBSIDIARIES,1,0,0
30,What is the role of Nichols Aluminum LLC in the agreement?,SUBSIDIARIES,1,0,0
30,What is the role of Quanex Homeshield LLC in the agreement?,SUBSIDIARIES,1,0,0
30,"What is the role of Quanex IG Systems, Inc in the agreement?",SUBSIDIARIES,1,0,0
30,What is the role of Quanex Screens LLC in the agreement?,SUBSIDIARIES,1,0,0
30,"What is the role of Quanex Services, Inc in the agreement?",SUBSIDIARIES,1,0,0
30,"What is the role of Truseal Technologies, Inc in the agreement?",SUBSIDIARIES,1,0,0
24,"What is the role of COLUMBIA PROPERTY TRUST OPERATING PARTNERSHIP, L.P. in the agreement?",Borrower,1,0,0
24,"What is the role of COLUMBIA PROPERTY TRUST OPERATING PARTNERSHIP, L.P. in the agreement?",BORROWER,1,0,0
24,"What is the role of TD BANK, N. A. in the agreement?",Lender,1,0,0
24,"What is the role of Columbia Property Trust Operating Partnership, L.P. in the agreement?",Borrower,1,0,0
24,What is the role of SUMITOMO MITSUI BANKING CORPORATION in the agreement?,Lender,1,0,0
24,What is the role of WELLS FARGO BANK NATIONALASSOCIATION in the agreement?,Lender,1,0,0
24,What is the role of King %26 Spalding LLP in the agreement?,Borrower,1,0,0
24,What is the role of PNC BANK NATIONAL ASSOCIATION in the agreement?,Lender,1,0,0
131,What is the role of BCRED MAROON PEAK FUNDING LLC in the agreement?,Borrower,1,0,0
131,"What is the role of MORGAN STANLEY BANK, N.A. in the agreement?",Lender,1,0,0
131,What is the role of U.S. BANK NATIONAL ASSOCIATION in the agreement?,Collateral Agent,1,0,0
125,What is the role of PUBLIC SERVICE COMPANY OF NEW MEXICO in the agreement?,BORROWER,1,0,0
125,"What is the role of BANK OF AMERICA, N.A. in the agreement?",Lender,1,0,0
119,"What is the role of VAALCO GABON %28ETAME%29, INC in the agreement?",Borrower,1,0,0
118,"What is the role of POST HOLDINGS, INC. in the agreement?",BORROWER,1,0,0
124,What is the role of BRANCH BANKING in the agreement?,Documentation Agents,1,0,0
124,"What is the role of CITIZENS BANK, N.A in the agreement?",Lender,1,0,0
124,"What is the role of MERRILL LYNCH, PIERCE, FENNER %26 SMITH, INC in the agreement?",Bookrunners,1,0,0
124,What is the role of TRUST COMPANY in the agreement?,Documentation Agents,1,0,0
124,What is the role of WELLS FARGO BANK in the agreement?,Documentation Agents,1,0,0
124,What is the role of BRANCH BANKING %26 TRUST COMPANY in the agreement?,Lender,1,0,0
124,"What is the role of MONRO MUFFLER BRAKE, INC in the agreement?",Borrower,1,0,0
124,"What is the role of WELLS FARGO BANK, N.A. in the agreement?",Lender,1,0,0
124,"What is the role of FIRST NIAGARA BANK, N.A., in the agreement?",Lender,1,0,0
124,What is the role of CITIBANK N.A. in the agreement?,Lender,1,0,0
130,"What is the role of MURPHY USA, INC. in the agreement?",Borrower,1,0,0
130,What is the role of REGIONS BANK in the agreement?,LENDER,1,0,0
130,What is the role of TRUIST BANK in the agreement?,LENDER,1,0,0
130,"What is the role of WELLS FARGO BANK, NATIONAL ASSOCIATION in the agreement?",LENDER,1,0,0
130,"What is the role of 591 Beverage, Inc. in the agreement?",Subsidiary,1,0,0
130,"What is the role of 864 Beverage, Inc. in the agreement?",Subsidiary,1,0,0
130,"What is the role of 864 Holdings, Inc. in the agreement?",Subsidiary,1,0,0
130,What is the role of El Dorado Properties LLC in the agreement?,Subsidiary,1,0,0
130,What is the role of HANCOCK WHITNEY BANK in the agreement?,LENDER,1,0,0
130,"What is the role of Hankinson Holding, LLC in the agreement?",Subsidiary,1,0,0
130,"What is the role of MURPHY OIL USA, INC. in the agreement?",Borrower,1,0,0
130,What is the role of Murphy Oil TradingCompany%28Eastern%29 in the agreement?,Subsidiary,1,0,0
130,"What is the role of Murphy Oil USA, Inc. in the agreement?",Subsidiary,1,0,0
130,What is the role of Murphy USA in the agreement?,Guarantor,1,0,0
130,"What is the role of Murphy USA NJ, Inc. in the agreement?",Subsidiary,1,0,0
130,"What is the role of QuickChek Realty, L.L.C. in the agreement?",Subsidiary,1,0,0
130,What is the role of QuickChek Realty Urban Renewal LLC in the agreement?,Subsidiary,1,0,0
130,What is the role of Quick Chek Corporation in the agreement?,Subsidiary,1,0,0
130,What is the role of Spur Oil Corporation in the agreement?,Subsidiary,1,0,0
130,What is the role of Superior Crude Trading Company in the agreement?,Subsidiary,1,0,0
130,What is the role of The Griffin LLC Arkansas in the agreement?,Subsidiary,1,0,0
130,"What is the role of FIFTH THIRD BANK, NATIONAL ASSOCIATION in the agreement?",LENDER,1,0,0
130,"What is the role of UMB BANK, N.A. in the agreement?",LENDER,1,0,0
130,What is the role of BANCORPSOUTH BANK in the agreement?,LENDER,1,0,0
25,What is the role of FIVE OAKS ACQUISITION CORP. in the agreement?,Guarantor,1,0,0
25,"What is the role of FIVE OAKS ACQUISITION CORP. AND HUNT CMT EQUITY, LLC in the agreement?",Guarantors,1,0,0
25,What is the role of Five Oaks Acquisition Corp. in the agreement?,Guarantors,1,0,0
25,"What is the role of HUNT COMPANIES FINANCE TRUST, INC in the agreement?",Borrower,1,0,0
25,"What is the role of HUNT COMPANIES FINANCE TRUST, INC. in the agreement?",Borrower,1,0,0
25,"What is the role of Hunt CMT Equity, LLC in the agreement?",Guarantors,1,0,0
25,"What is the role of Hunt Companies Finance Trust, Inc. in the agreement?",Borrower,1,0,0
25,"What is the role of HUNT CMT EQUITY, LLC in the agreement?",Guarantor,1,0,0
19,"What is the role of BMO Harris Bank, N.A. in the agreement?",Lender,1,0,0
19,What is the role of Casey%E2%80%99s Marketing Company in the agreement?,Subsidiary,1,0,0
19,What is the role of Casey%E2%80%99s Retail Company in the agreement?,Subsidiary,1,0,0
19,What is the role of Casey%E2%80%99s Services Company in the agreement?,Subsidiary,1,0,0
19,What is the role of GOLDMAN SACHS BANK in the agreement?,Lender,1,0,0
19,"What is the role of CASEY%E2%80%99S GENERAL STORES, INC. in the agreement?",Borrower,1,0,0
19,"What is the role of UMB Bank, n.a. in the agreement?",Lender,1,0,0
19,"What is the role of WELLS FARGO BANK, NATIONAL ASSOCIATION in the agreement?",Lender,1,0,0
19,"What is the role of CO%C3%96PERATIEVE RABOBANK U.A., NEW YORK in the agreement?",Lender,1,0,0
19,"What is the role of MUFG Bank, Ltd. in the agreement?",Lender,1,0,0
27,"What is the role of AF V ENERGY I HOLDINGS, L.P. in the agreement?",Lender,1,0,0
27,"What is the role of GASTAR MIDCO HOLDINGS LLC, in the agreement?",Borrower,1,0,0
27,What is the role of GASTAR MIDCO HOLDINGS LLC in the agreement?,BORROWER,1,0,0
27,What is the role of Gastar Midco Holdings LLC in the agreement?,Borrower,1,0,0
27,"What is the role of AF V Energy I Holdings, L.P. in the agreement?",Lender,1,0,0
33,"What is the role of PLY GEM HOLDINGS, INC. in the agreement?",Parent,1,0,0
33,What is the role of UBS Securities LLC in the agreement?,Documentation Agent,1,0,0
33,"What is the role of PLY GEM INDUSTRIES, INC., in the agreement?",Borrower,1,0,0
126,What is the role of CREDIT AGRICOLE CORPORATE AND INVESTMENT BANK in the agreement?,Lenders,1,0,0
126,"What is the role of PNC BANK, NATIONAL ASSOCIATION in the agreement?",Lenders,1,0,0
126,What is the role of THE BANK OF NOVA SCOTIA in the agreement?,Lenders,1,0,0
126,What is the role of U.S. BANK NATIONAL ASSOCIATION in the agreement?,Lenders,1,0,0
126,"What is the role of BANK OF CHINA, NEW YORK BRANCH in the agreement?",Lenders,1,0,0
126,"What is the role of Citibank, N.A. in the agreement?",Agent,1,0,0
126,What is the role of JABIL INC. in the agreement?,Borrower,1,0,0
126,What is the role of STANDARD CHARTERED BANK in the agreement?,Lenders,1,0,0
126,What is the role of DBS BANK LTD in the agreement?,Lenders,1,0,0
126,"What is the role of INDUSTRIAL AND COMMERCIAL BANK OF CHINA LIMITED, NEW YORK BRANCH in the agreement?",Lenders,1,0,0
126,"What is the role of BANCO SANTANDER, S.A., NEW YORK BRANCH in the agreement?",Lenders,1,0,0
126,"What is the role of HSBC BANK USA, NATIONAL ASSOCIATION in the agreement?",Lenders,1,0,0
126,"What is the role of WELLS FARGO BANK, NATIONAL ASSOCIATION in the agreement?",Lenders,1,0,0
132,"What is the role of ASSETMARK, INC. in the agreement?",Guarantors,1,0,0
132,"What is the role of ASSETMARK FINANCIAL, INC. in the agreement?",Guarantors,1,0,0
132,"What is the role of ASSETMARK RETIREMENT SERVICES, INC. in the agreement?",Guarantors,1,0,0
132,"What is the role of GLOBAL FINANCIAL ADVISORY, LLC in the agreement?",Guarantors,1,0,0
132,"What is the role of GLOBAL FINANCIAL PRIVATE CAPITAL, INC. in the agreement?",Guarantors,1,0,0
132,What is the role of GOLDMAN SACHS BANK USA in the agreement?,Lender,1,0,0
132,"What is the role of WBI OBS FINANCIAL, INC. in the agreement?",Guarantors,1,0,0
132,"What is the role of WELLS FARGO BANK, N.A. in the agreement?",Lender,1,0,0
132,"What is the role of ASSETMARK FINANCIAL HOLDINGS, INC. in the agreement?",Borrower,1,0,0
132,"What is the role of JPMORGAN CHASE BANK, N.A. in the agreement?",Lender,1,0,0
132,"What is the role of OBS FINANCIAL SERVICES, INC. in the agreement?",Guarantors,1,0,0
132,"What is the role of OBS HOLDINGS, INC. in the agreement?",Guarantors,1,0,0
132,What is the role of U.S. BANK NATIONAL ASSOCIATION in the agreement?,Lender,1,0,0
132,What is the role of BANK OF MONTREAL in the agreement?,Lender,1,0,0
132,"What is the role of CREDIT SUISSE AG, NEW YORK BRANCH in the agreement?",Lender,1,0,0
133,What is the role of Delaware corporation in the agreement?,Borrower,1,0,0
133,What is the role of FENNER %26 SMITH in the agreement?,Syndication Agent,1,0,0
133,What is the role of MERRILL LYNCH in the agreement?,Syndication Agent,1,0,0
133,What is the role of PIERCE in the agreement?,Syndication Agent,1,0,0
133,"What is the role of ZULILY, INC in the agreement?",Borrower,1,0,0
133,"What is the role of BANK OF AMERICA, N.A. in the agreement?",Lender,1,0,0
133,"What is the role of ZULILY, INC. in the agreement?",Borrower,1,0,0
127,What is the role of BIOGEN INC. in the agreement?,BORROWER,1,0,0
32,What is the role of BNP Paribas %28Canada%29 in the agreement?,Lenders,1,0,0
32,What is the role of Barclays Bank PLC in the agreement?,Lenders,1,0,0
32,What is the role of CHC HELICOPTER HOLDING S.%C3%80 R.L. in the agreement?,Holdco,1,0,0
32,What is the role of HSBC Bank Canada in the agreement?,Lenders,1,0,0
32,"What is the role of JPMorgan Chase Bank, N.A in the agreement?",Lenders,1,0,0
32,What is the role of Royal Bank of Canada in the agreement?,Lenders,1,0,0
32,What is the role of The Standard Bank of South Africa Limited in the agreement?,Lenders,1,0,0
32,What is the role of UBS Limited in the agreement?,Lenders,1,0,0
32,"What is the role of Wells Fargo Bank, N.A in the agreement?",Lenders,1,0,0
32,What is the role of 6922767 HOLDING S.%C3%80 R.L. in the agreement?,The Company,1,0,0
32,What is the role of CHC Den Helder B.V. in the agreement?,Subsidiaries,1,0,0
32,What is the role of CHC Global Operations %282008%29 Inc in the agreement?,Subsidiaries,1,0,0
26,What is the role of BNP Paribas in the agreement?,Lender,1,0,0
26,"What is the role of PNC Bank, National Association in the agreement?",Lender,1,0,0
26,What is the role of THE BANK OF NOVA SCOTIA in the agreement?,Lender,1,0,0
26,"What is the role of WELLS FARGO BANK, NATIONAL ASSOCIATION in the agreement?",Lender,1,0,0
26,What is the role of BMO HARRIS BANK N.A. in the agreement?,Lender,1,0,0
26,What is the role of BRISTOL-MYERS SQUIBB COMPANY in the agreement?,LENDERS,1,0,0
26,"What is the role of CREDIT SUISSE AG, in the agreement?",Lender,1,0,0
26,What is the role of Credit Agricole Corporate and Investment Bank in the agreement?,Lender,1,0,0
26,"What is the role of HSBC Bank USA, N.A in the agreement?",Lender,1,0,0
26,"What is the role of MORGAN STANLEY BANK, N.A. in the agreement?",Lender,1,0,0
26,"What is the role of MORGAN STANLEY SENIOR FUNDING, INC in the agreement?",Lender,1,0,0
26,"What is the role of Mizuho Bank, Ltd in the agreement?",Lender,1,0,0
26,What is the role of Soci%C3%A9t%C3%A9 G%C3%A9n%C3%A9rale in the agreement?,Lender,1,0,0
26,What is the role of SunTrust Bank in the agreement?,Lender,1,0,0
26,What is the role of The Northern Trust Company in the agreement?,Lender,1,0,0
26,What is the role of U.S. Bank National Association in the agreement?,Lender,1,0,0
26,What is the role of BANCO BILBAO VIZCAYA ARGENTARIA in the agreement?,Lender,1,0,0
26,What is the role of Commerzbank AG in the agreement?,Lender,1,0,0
26,What is the role of Standard Chartered Bank in the agreement?,Lender,1,0,0
26,What is the role of Sumitomo Mitsui Banking Corporation in the agreement?,Lender,1,0,0
26,What is the role of UniCredit Bank AG in the agreement?,Lender,1,0,0
26,What is the role of City National Bank in the agreement?,Lender,1,0,0
26,What is the role of Cayman Islands Brank in the agreement?,Lender,1,0,0
26,What is the role of DEUTSCHE BANK in the agreement?,Lender,1,0,0
26,What is the role of THE BANK OF NEW YORK MELLON in the agreement?,Lender,1,0,0
26,"What is the role of Santander Bank, N.A in the agreement?",Lender,1,0,0
