document_number,question,answer,num_hops,num_set_operations,multiple_answer_dimension
17,"What company is the Grantor and Pledgor but not the CollateralWilmington Trust, National AssociationAgent in the agreement?","ExGen Renewables IV, LLC",1,3,0
17,What company is the Arranger and Bookrunner but not the Collateral Agent in the agreement?,"MORGAN STANLEY SENIOR FUNDING, INC.",1,3,0
17,What company is the Arranger and Bookrunner but not the Depositary Bank in the agreement?,"MORGAN STANLEY SENIOR FUNDING, INC.",1,3,0
17,What company is the Arranger and Bookrunner but not the Pledgor in the agreement?,"MORGAN STANLEY SENIOR FUNDING, INC.",1,3,0
17,"What company is the Arranger and Bookrunner but not the CollateralWilmington Trust, National AssociationAgent in the agreement?","MORGAN STANLEY SENIOR FUNDING, INC.",1,3,0
17,What company is the Arranger and Documentation Agent but not the Collateral Agent in the agreement?,"MORGAN STANLEY SENIOR FUNDING, INC.",1,3,0
17,What company is the Arranger and Documentation Agent but not the Depositary Bank in the agreement?,"MORGAN STANLEY SENIOR FUNDING, INC.",1,3,0
17,What company is the Arranger and Documentation Agent but not the Pledgor in the agreement?,"MORGAN STANLEY SENIOR FUNDING, INC.",1,3,0
17,"What company is the Arranger and Documentation Agent but not the CollateralWilmington Trust, National AssociationAgent in the agreement?","MORGAN STANLEY SENIOR FUNDING, INC.",1,3,0
17,"What company is the Arranger and Syndication Agent, but not the Collateral Agent in the agreement?","MORGAN STANLEY SENIOR FUNDING, INC.",1,3,0
17,"What company is the Arranger and Syndication Agent, but not the Depositary Bank in the agreement?","MORGAN STANLEY SENIOR FUNDING, INC.",1,3,0
17,"What company is the Arranger and Syndication Agent, but not the Pledgor in the agreement?","MORGAN STANLEY SENIOR FUNDING, INC.",1,3,0
17,"What company is the Arranger and Syndication Agent, but not the CollateralWilmington Trust, National AssociationAgent in the agreement?","MORGAN STANLEY SENIOR FUNDING, INC.",1,3,0
17,What company is the Bookrunner and Documentation Agent but not the Collateral Agent in the agreement?,"MORGAN STANLEY SENIOR FUNDING, INC.",1,3,0
17,What company is the Bookrunner and Documentation Agent but not the Depositary Bank in the agreement?,"MORGAN STANLEY SENIOR FUNDING, INC.",1,3,0
17,What company is the Bookrunner and Documentation Agent but not the Pledgor in the agreement?,"MORGAN STANLEY SENIOR FUNDING, INC.",1,3,0
17,"What company is the Bookrunner and Documentation Agent but not the CollateralWilmington Trust, National AssociationAgent in the agreement?","MORGAN STANLEY SENIOR FUNDING, INC.",1,3,0
17,"What company is the Bookrunner and Syndication Agent, but not the Collateral Agent in the agreement?","MORGAN STANLEY SENIOR FUNDING, INC.",1,3,0
17,"What company is the Bookrunner and Syndication Agent, but not the Depositary Bank in the agreement?","MORGAN STANLEY SENIOR FUNDING, INC.",1,3,0
17,"What company is the Bookrunner and Syndication Agent, but not the Pledgor in the agreement?","MORGAN STANLEY SENIOR FUNDING, INC.",1,3,0
17,"What company is the Bookrunner and Syndication Agent, but not the CollateralWilmington Trust, National AssociationAgent in the agreement?","MORGAN STANLEY SENIOR FUNDING, INC.",1,3,0
17,"What company is the Documentation Agent and Syndication Agent, but not the Collateral Agent in the agreement?","MORGAN STANLEY SENIOR FUNDING, INC.",1,3,0
17,"What company is the Documentation Agent and Syndication Agent, but not the Depositary Bank in the agreement?","MORGAN STANLEY SENIOR FUNDING, INC.",1,3,0
17,"What company is the Documentation Agent and Syndication Agent, but not the Pledgor in the agreement?","MORGAN STANLEY SENIOR FUNDING, INC.",1,3,0
17,"What company is the Documentation Agent and Syndication Agent, but not the CollateralWilmington Trust, National AssociationAgent in the agreement?","MORGAN STANLEY SENIOR FUNDING, INC.",1,3,0
17,What company is the Collateral Agent and Depositary Bank but not the Pledgor in the agreement?,"WILMINGTON TRUST, NATIONAL ASSOCIATION",1,3,0
17,"What company is the Collateral Agent and Depositary Bank but not the CollateralWilmington Trust, National AssociationAgent in the agreement?","WILMINGTON TRUST, NATIONAL ASSOCIATION",1,3,0
102,What company is the BORROWERS and BORROWER but not the Agent in the agreement?,DIGIRAD CORPORATION,1,3,0
102,What company is the BORROWERS and BORROWER but not the Arranger in the agreement?,DIGIRAD CORPORATION,1,3,0
102,What company is the BORROWERS and BORROWER but not the Book Runner in the agreement?,DIGIRAD CORPORATION,1,3,0
102,What company is the BORROWERS and BORROWER but not the Lender in the agreement?,DIGIRAD CORPORATION,1,3,0
102,What company is the BORROWERS and BORROWER but not the Runner in the agreement?,DIGIRAD CORPORATION,1,3,0
102,What company is the BORROWERS and Borrower but not the Agent in the agreement?,DIGIRAD CORPORATION,1,3,0
102,What company is the BORROWERS and Borrower but not the Arranger in the agreement?,DIGIRAD CORPORATION,1,3,0
102,What company is the BORROWERS and Borrower but not the Book Runner in the agreement?,DIGIRAD CORPORATION,1,3,0
102,What company is the BORROWERS and Borrower but not the Lender in the agreement?,DIGIRAD CORPORATION,1,3,0
102,What company is the BORROWERS and Borrower but not the Runner in the agreement?,DIGIRAD CORPORATION,1,3,0
102,What company is the BORROWER and Borrower but not the Agent in the agreement?,DIGIRAD CORPORATION,1,3,0
102,What company is the BORROWER and Borrower but not the Arranger in the agreement?,DIGIRAD CORPORATION,1,3,0
102,What company is the BORROWER and Borrower but not the Book Runner in the agreement?,DIGIRAD CORPORATION,1,3,0
102,What company is the BORROWER and Borrower but not the Lender in the agreement?,DIGIRAD CORPORATION,1,3,0
102,What company is the BORROWER and Borrower but not the Runner in the agreement?,DIGIRAD CORPORATION,1,3,0
102,"Who are the Esq.s of the company associated with 695 Town Center Drive, 17th Floor Costa Mesa, CA 92626?","Adam Finerman, Katherine Bell",3,0,1
102,"Who is both the Chief Financial Officer and President of the company associated with 1048 Industrial Court, Suite E Suwanee, GA 30024?",Jeffry R. Keyes,3,1,0
117,What companies are the Agent but not the Bookrunner in the agreement?,"BANK OF AMERICA, N.A., WELLS FARGO BANK, NATIONAL ASSOCIATION",1,2,1
117,What companies are the Agent but not the Arranger in the agreement?,"BANK OF AMERICA, N.A., WELLS FARGO BANK, NATIONAL ASSOCIATION",1,2,1
117,What companies are the Lender but not the Bookrunner in the agreement?,"BANK OF AMERICA, N.A., HSBC BANK USA, NATIONAL ASSOCIATION, ROYAL BANK OF CANADA, WELLS FARGO BANK, NATIONAL ASSOCIATION",1,2,1
117,What companies are the Lender but not the Arranger in the agreement?,"BANK OF AMERICA, N.A., HSBC BANK USA, NATIONAL ASSOCIATION, ROYAL BANK OF CANADA, WELLS FARGO BANK, NATIONAL ASSOCIATION",1,2,1
117,What company is the Agent and Bookrunner but not the Borrower in the agreement?,"JPMORGAN CHASE BANK, N.A.",1,3,0
117,What company is the Lender and Bookrunner but not the Borrower in the agreement?,"JPMORGAN CHASE BANK, N.A.",1,3,0
117,What company is the Bookrunner but not the Borrower or Arranger in the agreement?,"BOFA SECURITIES, INC.",1,3,0
117,What company is the Bookrunner but not the Borrower or Administrative Agent in the agreement?,"BOFA SECURITIES, INC.",1,3,0
117,What company is the Bookrunner but not the Arranger or Administrative Agent in the agreement?,"BOFA SECURITIES, INC.",1,3,0
117,Who is both the Chief Financial Officer and Executive Vice President of the company which is the Borrower in the agreement?,Jim A. Swanson,3,1,0
103,What company is the Agent and Lender but not the Borrower in the agreement?,BOTTICELLI LLC,1,3,0
103,What company is the Agent and Lender but not the Guarantor in the agreement?,BOTTICELLI LLC,1,3,0
103,What company is the Agent and Lender but not the Administrative Agent in the agreement?,BOTTICELLI LLC,1,3,0
103,What company is the Agent and Lender but not the Borrowers in the agreement?,BOTTICELLI LLC,1,3,0
103,What company is the Agent and Lender but not the Collateral Agent in the agreement?,BOTTICELLI LLC,1,3,0
16,What company is the Lender but not the BORROWER or Term Agent in the agreement?,CRYSTAL FINANCIAL SPV LLC,1,3,0
16,Who is the Senior Managing Directo of the company which is both the Lender and the Term Agent in the agreement?,Christopher A. Arnold,3,1,0
16,Who is the Senior Managing Director of the company which is both the Lender and the Term Agent in the agreement?,Christopher A. Arnold,3,1,0
16,Who is both the Chief Executive Officer and President of the company which is the BORROWER in the agreement?,Ian W. Estus,3,1,0
28,What companies are the Lender but not the Agent in the agreement?,"AKIN GUMP STRAUSS HAUER %26 FELD LLP, BIOPHARMA CREDIT INVESTMENTS V %28MASTER%29 LP, PHARMAKON ADVISORS LP",1,2,1
28,Who is both the CEO and Managing Member of the company which is the Lender in the agreement?,Pedro Gonzalez de Cosio,3,1,0
28,Who is both the Chief Executive Officer and President of the company which is the Borrower in the agreement?,Joseph Ciaffoni,3,1,0
28,Who is both the CEO and Managing Member of the company which is the Agent in the agreement?,Pedro Gonzalez de Cosio,3,1,0
28,"Who is both the CEO and Managing Member of the company associated with Cayman Corporate Centre, 27 Hospital Road,George Town, Grand Cayman KY1-9008?",Pedro Gonzalez de Cosio,3,1,0
28,"Who is both the CEO and Managing Member of the company associated with 110 East 59th Street, %233300 %09New York, NY 10022?",Pedro Gonzalez de Cosio,3,1,0
28,"Who is both the CEO and Managing Member of the company associated with 110 East 59th Street, %233300New York, NY 10022?",Pedro Gonzalez de Cosio,3,1,0
129,What company is the Arranger and Bookrunner but not the Agent in the agreement?,J.P. MORGAN SECURITIES LLC,1,3,0
129,What company is the Arranger and Bookrunner but not the Issuing Bank in the agreement?,J.P. MORGAN SECURITIES LLC,1,3,0
129,What company is the Arranger and Bookrunner but not the Borrower in the agreement?,J.P. MORGAN SECURITIES LLC,1,3,0
129,What company is the Agent and Issuing Bank but not the Borrower in the agreement?,"JPMORGAN CHASE BANK, N.A.",1,3,0
129,Who is the Authorized Officer of the company which is both the Agent and the Issuing Bank in the agreement?,Elizabeth A. Jordan,3,1,0
115,What are the positions held by Melanie Housey Hart but not by Jennifer M. Neil?,"Assistant Secretary, Chief Accounting Officer, President, Treasurer",1,2,1
115,"Who are the Assistant Secretary, Chief Accounting Officer, Chief Legal Officer, President, Treasurer, and Vice President of the company which is the Borrower in the agreement?","Jennifer M. Neil, Melanie Housey Hart",3,0,1
101,What company is the BORROWER and Borrower but not the LENDER in the agreement?,"FOUNDATION HEALTHCARE, INC.",1,3,0
101,What company is the BORROWER and Borrower but not the AGENT in the agreement?,"FOUNDATION HEALTHCARE, INC.",1,3,0
101,What company is the BORROWER and Borrower but not the Agent in the agreement?,"FOUNDATION HEALTHCARE, INC.",1,3,0
101,What company is the BORROWER and Borrower but not the Arranger in the agreement?,"FOUNDATION HEALTHCARE, INC.",1,3,0
101,What company is the BORROWER and Borrower but not the L%2FC Issuer in the agreement?,"FOUNDATION HEALTHCARE, INC.",1,3,0
101,What company is the BORROWER and Borrower but not the Runner in the agreement?,"FOUNDATION HEALTHCARE, INC.",1,3,0
101,What company is the LENDER but not the L%2FC Issuer or Arranger in the agreement?,LEGACYTEXAS BANK,1,3,0
101,What company is the LENDER but not the L%2FC Issuer or Runner in the agreement?,LEGACYTEXAS BANK,1,3,0
101,What company is the LENDER but not the L%2FC Issuer or AGENT in the agreement?,LEGACYTEXAS BANK,1,3,0
101,What company is the LENDER but not the L%2FC Issuer or Agent in the agreement?,LEGACYTEXAS BANK,1,3,0
101,What company is the LENDER but not the Arranger or Runner in the agreement?,LEGACYTEXAS BANK,1,3,0
101,What company is the LENDER but not the Arranger or AGENT in the agreement?,LEGACYTEXAS BANK,1,3,0
101,What company is the LENDER but not the Arranger or Agent in the agreement?,LEGACYTEXAS BANK,1,3,0
101,What company is the LENDER but not the Runner or AGENT in the agreement?,LEGACYTEXAS BANK,1,3,0
101,What company is the LENDER but not the Runner or Agent in the agreement?,LEGACYTEXAS BANK,1,3,0
101,What company is the LENDER but not the AGENT or Agent in the agreement?,LEGACYTEXAS BANK,1,3,0
101,Who is the CEO of the company which is both the BORROWER and the Borrower in the agreement?,Stanton M. Nelson,3,1,0
100,What companies are the Agent but not the Lender in the agreement?,"BANK OF THE WEST, FIFTH THIRD BANK, JPMORGAN CHASE BANK, N.A., MUFG UNION BANK, N.A., Wells Fargo Bank, National Association",1,2,1
100,What company is the Arranger and Bookrunner but not the Borrower in the agreement?,"WELLS FARGO SECURITIES, LLC",1,3,0
100,Who is the Vice President of the company which is both the Lender and the Agent in the agreement?,Min Park,3,1,0
100,Who is the VP%2FRelationship Manager of the company which is both the Lender and the Agent in the agreement?,Ray Aguilar,3,1,0
100,Who is the Vice President%2FRelationship Manager of the company which is both the Lender and the Agent in the agreement?,Ray Aguilar,3,1,0
100,Who is both the Chief Financial Officer and Executive Vice President of the company which is the Borrower in the agreement?,Peter Kuipers,3,1,0
100,Who is both the Chief Legal and Administrative Officer and Vice President of the company which is the Borrower in the agreement?,Dan Johnston,3,1,0
100,"Who is both the Chief Legal and Administrative Officer and Vice President of the company associated with 590 E. Middlefield RoadMountain View, CA 94043-4008?",Dan Johnston,3,1,0
114,What company is the AGENT and Agent but not the GUARANTORS in the agreement?,MIDCAP FINANCIAL TRUST,1,3,0
114,What company is the AGENT and Agent but not the BORROWERS in the agreement?,MIDCAP FINANCIAL TRUST,1,3,0
114,What company is the AGENT and Agent but not the Borrower in the agreement?,MIDCAP FINANCIAL TRUST,1,3,0
114,What company is the AGENT and LENDER but not the GUARANTORS in the agreement?,MIDCAP FINANCIAL TRUST,1,3,0
114,What company is the AGENT and LENDER but not the BORROWERS in the agreement?,MIDCAP FINANCIAL TRUST,1,3,0
114,What company is the AGENT and LENDER but not the Borrower in the agreement?,MIDCAP FINANCIAL TRUST,1,3,0
114,What company is the AGENT and Lender but not the GUARANTORS in the agreement?,MIDCAP FINANCIAL TRUST,1,3,0
114,What company is the AGENT and Lender but not the BORROWERS in the agreement?,MIDCAP FINANCIAL TRUST,1,3,0
114,What company is the AGENT and Lender but not the Borrower in the agreement?,MIDCAP FINANCIAL TRUST,1,3,0
114,What company is the Agent and LENDER but not the GUARANTORS in the agreement?,MIDCAP FINANCIAL TRUST,1,3,0
114,What company is the Agent and LENDER but not the BORROWERS in the agreement?,MIDCAP FINANCIAL TRUST,1,3,0
114,What company is the Agent and LENDER but not the Borrower in the agreement?,MIDCAP FINANCIAL TRUST,1,3,0
114,What company is the Agent and Lender but not the GUARANTORS in the agreement?,MIDCAP FINANCIAL TRUST,1,3,0
114,What company is the Agent and Lender but not the BORROWERS in the agreement?,MIDCAP FINANCIAL TRUST,1,3,0
114,What company is the Agent and Lender but not the Borrower in the agreement?,MIDCAP FINANCIAL TRUST,1,3,0
114,What company is the LENDER and Lender but not the GUARANTORS in the agreement?,MIDCAP FINANCIAL TRUST,1,3,0
114,What company is the LENDER and Lender but not the BORROWERS in the agreement?,MIDCAP FINANCIAL TRUST,1,3,0
114,What company is the LENDER and Lender but not the Borrower in the agreement?,MIDCAP FINANCIAL TRUST,1,3,0
128,What company is the arranger and joint lead arranger but not the Agent in the agreement?,"BofA Securities, Inc.",1,3,0
128,What company is the arranger and bookrunners but not the Agent in the agreement?,"BofA Securities, Inc.",1,3,0
128,What company is the arranger and joint bookrunners but not the Agent in the agreement?,"BofA Securities, Inc.",1,3,0
128,What company is the joint lead arranger and bookrunners but not the Agent in the agreement?,"BofA Securities, Inc.",1,3,0
128,What company is the joint lead arranger and joint bookrunners but not the Agent in the agreement?,"BofA Securities, Inc.",1,3,0
128,What company is the bookrunners and joint bookrunners but not the Agent in the agreement?,"BofA Securities, Inc.",1,3,0
128,Who is both the Director and Market Manager of the company where Gill Skala is employed?,Leni Preciado,3,1,0
128,Who is both the Director and Market Manager of the company where Mario De Luca is employed?,Leni Preciado,3,1,0
29,"What roles does PNC BANK, NATIONAL ASSOCIATION have in the agreement which are not the roles of PNC Bank, National Association?","Issuing Bank, Lender",1,2,1
29,What company is the Agent and Issuing Bank but not the agent in the agreement?,"PNC BANK, NATIONAL ASSOCIATION",1,3,0
29,What company is the Agent and Issuing Bank but not the administrative agent in the agreement?,"PNC BANK, NATIONAL ASSOCIATION",1,3,0
29,What company is the Agent and Lender but not the agent in the agreement?,"PNC BANK, NATIONAL ASSOCIATION",1,3,0
29,What company is the Agent and Lender but not the administrative agent in the agreement?,"PNC BANK, NATIONAL ASSOCIATION",1,3,0
29,What company is the Issuing Bank and Lender but not the agent in the agreement?,"PNC BANK, NATIONAL ASSOCIATION",1,3,0
29,What company is the Issuing Bank and Lender but not the administrative agent in the agreement?,"PNC BANK, NATIONAL ASSOCIATION",1,3,0
29,"What company is the Agent but not the administrative agent, or administrative borrower in the agreement?","PNC BANK, NATIONAL ASSOCIATION",1,3,0
29,"What company is the Agent but not the administrative agent, or agent in the agreement?","PNC BANK, NATIONAL ASSOCIATION",1,3,0
29,"What company is the Agent but not the administrative agent, or administrative agent in the agreement?","PNC BANK, NATIONAL ASSOCIATION",1,3,0
29,What company is the Agent but not the administrative borrower or agent in the agreement?,"PNC BANK, NATIONAL ASSOCIATION",1,3,0
29,What company is the Agent but not the administrative borrower or administrative agent in the agreement?,"PNC BANK, NATIONAL ASSOCIATION",1,3,0
29,What company is the Agent but not the agent or administrative agent in the agreement?,"PNC BANK, NATIONAL ASSOCIATION",1,3,0
15,"Who are the Executive Directors of the company associated with 1285 Avenue of the AmericasNew York, New York 10019?","Jared Randall, Racquel A.C. Small",3,0,1
39,What company is the ARRANGER and BOOKRUNNER but not the Agent in the agreement?,PNC CAPITAL MARKETS LLC,1,3,0
39,What company is the ARRANGER and BOOKRUNNER but not the Lender in the agreement?,PNC CAPITAL MARKETS LLC,1,3,0
39,Who is the Senior Vice President of the company which is both the Lender and the Agent in the agreement?,James Foley,3,1,0
39,Who is the Vice President of the company which is both the Lender and the Agent in the agreement?,David B. Thayer,3,1,0
11,"What company is the Initial Lender and Administrative Agent but not the Borrower, in the agreement?","JPMORGAN CHASE BANK, N.A",1,3,0
11,"Who is both the Treasurer and Vice President of the company which is the Borrower, in the agreement?",John J. Tus,3,1,0
11,Who is both the Treasurer and Vice President of the company where Carolyn Kee is employed?,John J. Tus,3,1,0
11,Who is both the Treasurer and Vice President of the company where Virginia Cosenza is employed?,John J. Tus,3,1,0
11,"What is the address of the loan and agency services group, office of the company which is both the Initial Lender and Administrative Agent in the agreement?","Floor 3, Ops 2500 Stanton Christiana Rd.Newark, DE 19713",3,1,0
110,What companies are the Arrangers but not the Agent in the agreement?,"BARCLAYS BANK PLC, JPMORGAN CHASE BANK, N.A., MERRILL LYNCH, PIERCE, FENNER %26 SMITH INCORPORATED, THE BANK OF TOKYO-MITSUBISHI UFJ, LTD., WELLS FARGO SECURITIES, LLC",1,2,1
110,What companies are the Bookrunners but not the Agent in the agreement?,"JPMORGAN CHASE BANK, N.A., MERRILL LYNCH, PIERCE, FENNER %26 SMITH INCORPORATED, THE BANK OF TOKYO-MITSUBISHI UFJ, LTD., WELLS FARGO SECURITIES, LLC",1,2,1
110,What company is the Arrangers but not the Bookrunners or Agent in the agreement?,BARCLAYS BANK PLC,1,3,0
110,Who are the Directors of the company where Houssem Daly is employed?,"Alan Dawson, Alia Qaddumi, Brendan Heneghan, David L. Berger, Kenneth Chin, Sydney G. Dennis",3,0,1
110,Who is the Executive Director of the company which is both the Bookrunners and the Arrangers in the agreement?,Dave Katz,3,1,0
138,"What roles does PNC BANK, NATIONAL ASSOCIATION have in the agreement which are not the roles of U.S. BANK, NATIONAL ASSOCIATION?","Administrative Agent, Lender",1,2,1
138,What company is the Administrative Agent and Agent but not the Joint Lead Arrangers in the agreement?,"PNC BANK, NATIONAL ASSOCIATION",1,3,0
138,What company is the Administrative Agent and Agent but not the Borrower in the agreement?,"PNC BANK, NATIONAL ASSOCIATION",1,3,0
138,What company is the Administrative Agent and Agent but not the BORROWER in the agreement?,"PNC BANK, NATIONAL ASSOCIATION",1,3,0
138,What company is the Administrative Agent and Agent but not the Joint Bookrunners in the agreement?,"PNC BANK, NATIONAL ASSOCIATION",1,3,0
138,What company is the Administrative Agent and Agent but not the GUARANTORS in the agreement?,"PNC BANK, NATIONAL ASSOCIATION",1,3,0
138,What company is the Administrative Agent and Lender but not the Joint Lead Arrangers in the agreement?,"PNC BANK, NATIONAL ASSOCIATION",1,3,0
138,What company is the Administrative Agent and Lender but not the Borrower in the agreement?,"PNC BANK, NATIONAL ASSOCIATION",1,3,0
138,What company is the Administrative Agent and Lender but not the BORROWER in the agreement?,"PNC BANK, NATIONAL ASSOCIATION",1,3,0
138,What company is the Administrative Agent and Lender but not the Joint Bookrunners in the agreement?,"PNC BANK, NATIONAL ASSOCIATION",1,3,0
138,What company is the Administrative Agent and Lender but not the GUARANTORS in the agreement?,"PNC BANK, NATIONAL ASSOCIATION",1,3,0
138,What company is the Agent and Lender but not the Joint Lead Arrangers in the agreement?,"PNC BANK, NATIONAL ASSOCIATION",1,3,0
138,What company is the Agent and Lender but not the Borrower in the agreement?,"PNC BANK, NATIONAL ASSOCIATION",1,3,0
138,What company is the Agent and Lender but not the BORROWER in the agreement?,"PNC BANK, NATIONAL ASSOCIATION",1,3,0
138,What company is the Agent and Lender but not the Joint Bookrunners in the agreement?,"PNC BANK, NATIONAL ASSOCIATION",1,3,0
138,What company is the Agent and Lender but not the GUARANTORS in the agreement?,"PNC BANK, NATIONAL ASSOCIATION",1,3,0
138,What company is the Agent and Joint Bookrunners but not the GUARANTORS in the agreement?,"U.S. BANK, NATIONAL ASSOCIATION",1,3,0
138,What company is the Agent but not the Administrative Agent or Joint Lead Arrangers in the agreement?,"U.S. BANK, NATIONAL ASSOCIATION",1,3,0
138,What company is the Agent but not the Administrative Agent or Borrower in the agreement?,"U.S. BANK, NATIONAL ASSOCIATION",1,3,0
138,What company is the Agent but not the Administrative Agent or BORROWER in the agreement?,"U.S. BANK, NATIONAL ASSOCIATION",1,3,0
138,What company is the Agent but not the Administrative Agent or GUARANTORS in the agreement?,"U.S. BANK, NATIONAL ASSOCIATION",1,3,0
138,What company is the Agent but not the Joint Lead Arrangers or Joint Bookrunners in the agreement?,"PNC BANK, NATIONAL ASSOCIATION",1,3,0
138,What company is the Agent but not the Borrower or Joint Bookrunners in the agreement?,"PNC BANK, NATIONAL ASSOCIATION",1,3,0
138,What company is the Agent but not the BORROWER or Joint Bookrunners in the agreement?,"PNC BANK, NATIONAL ASSOCIATION",1,3,0
138,What company is the Agent but not the Joint Bookrunners or GUARANTORS in the agreement?,"PNC BANK, NATIONAL ASSOCIATION",1,3,0
139,What companies are the joint lead arrangers but not the joint bookrunners in the agreement?,"Citigroup Global Markets Inc., Pierce",1,2,1
139,What is the position held by Michael King but not by Michael Vondriska or Ronnie Glenn?,Authorized Signatory,1,3,0
139,What is the position held by Michael King but not by Savo Bozic or Sheldon Pinto?,Vice President,1,3,0
139,What is the position held by Michael King and Michael Vondriska but not by Savo Bozic?,Vice President,1,3,0
139,What is the position held by Michael King and Ronnie Glenn but not by Savo Bozic?,Vice President,1,3,0
139,What company is the Borrower and LENDERS but not the joint lead arrangers in the agreement?,CROWN CASTLE INTERNATIONAL CORP,1,3,0
139,What company is the Borrower and LENDERS but not the joint bookrunners in the agreement?,CROWN CASTLE INTERNATIONAL CORP,1,3,0
139,What company is the Borrower and LENDERS but not the agency in the agreement?,CROWN CASTLE INTERNATIONAL CORP,1,3,0
139,What company is the Borrower and LENDERS but not the rating agency in the agreement?,CROWN CASTLE INTERNATIONAL CORP,1,3,0
139,What company is the Borrower and LENDERS but not the Joint Bookrunners in the agreement?,CROWN CASTLE INTERNATIONAL CORP,1,3,0
139,What company is the Borrower and LENDERS but not the Joint Lead Arrangers in the agreement?,CROWN CASTLE INTERNATIONAL CORP,1,3,0
139,What company is the Borrower and LENDERS but not the Administrative Agent in the agreement?,CROWN CASTLE INTERNATIONAL CORP,1,3,0
139,What company is the Borrower and LENDERS but not the rating agency in the agreement?,CROWN CASTLE INTERNATIONAL CORP,1,3,0
139,What company is the Joint Bookrunners and Joint Lead Arrangers but not the Administrative Agent in the agreement?,"J.P. MORGAN SECURITIES LLC,MERRILL LYNCH, PIERCE, FENNER %26 SMITH INCORPORATED,CITIGROUP GLOBAL MARKETS INC.,CR%C3%89DIT AGRICOLE CORPORATE AND INVESTMENT BANK,MIZUHO BANK, LTD.,RBC CAPITAL MARKETS",1,3,0
139,What company is the Joint Bookrunners and Joint Lead Arrangers but not the rating agency in the agreement?,"J.P. MORGAN SECURITIES LLC,MERRILL LYNCH, PIERCE, FENNER %26 SMITH INCORPORATED,CITIGROUP GLOBAL MARKETS INC.,CR%C3%89DIT AGRICOLE CORPORATE AND INVESTMENT BANK,MIZUHO BANK, LTD.,RBC CAPITAL MARKETS",1,3,0
139,Who is both the Authorized Signatory and Vice President of the company which is the Lender in the agreement?,Michael King,3,1,0
139,Who is both the Treasurer and Senior Vice President of the company where Shivani Agarwal is employed?,Jay A. Brown,3,1,0
139,Who is both the Vice President and Authorized Signatory of the company where Eric Ridgway is employed?,Michael King,3,1,0
139,Who is both the Vice President and Authorized Signatory of the company where Lennie Blakeslee is employed?,Michael King,3,1,0
139,Who is both the Vice President and Authorized Signatory of the company where Michael Vondriska is employed?,Michael King,3,1,0
139,Who is both the Vice President and Authorized Signatory of the company where Ronnie Glenn is employed?,Michael King,3,1,0
111,What roles does NATIONAL AUSTRALIA BANK LIMITED have in the agreement which are not the roles of SUNTRUST BANK?,"Arrangers, Bookrunners",1,2,1
111,"What roles does NATIONAL AUSTRALIA BANK LIMITED have in the agreement which are not the roles of WELLS FARGO BANK, NATIONAL ASSOCIATION?","Arrangers, Bookrunners",1,2,1
111,What companies are the Arrangers but not the Lender in the agreement?,"SUNTRUST ROBINSON HUMPHREY, INC., WELLS FARGO SECURITIES, LLC",1,2,1
111,What companies are the Bookrunners but not the Lender in the agreement?,"SUNTRUST ROBINSON HUMPHREY, INC., WELLS FARGO SECURITIES, LLC",1,2,1
111,What companies are the Lender but not the Agent in the agreement?,"BARCLAYS BANK PLC, HSBC BANK BERMUDA LIMITED, JPMORGAN CHASE BANK, N.A, NATIONAL AUSTRALIA BANK LIMITED, THE BANK OF NOVA SCOTIA",1,2,1
111,What companies are the Lender but not the Administrative Agent in the agreement?,"BARCLAYS BANK PLC, HSBC BANK BERMUDA LIMITED, JPMORGAN CHASE BANK, N.A, NATIONAL AUSTRALIA BANK LIMITED, SUNTRUST BANK, THE BANK OF NOVA SCOTIA",1,2,1
111,What company is the Arrangers and Lender but not the Agent in the agreement?,NATIONAL AUSTRALIA BANK LIMITED,1,3,0
111,What company is the Arrangers and Lender but not the Administrative Agent in the agreement?,NATIONAL AUSTRALIA BANK LIMITED,1,3,0
111,What company is the Bookrunners and Lender but not the Agent in the agreement?,NATIONAL AUSTRALIA BANK LIMITED,1,3,0
111,What company is the Bookrunners and Lender but not the Administrative Agent in the agreement?,NATIONAL AUSTRALIA BANK LIMITED,1,3,0
111,What company is the Lender and Agent but not the Administrative Agent in the agreement?,SUNTRUST BANK,1,3,0
111,What company is the Guarantors but not the Guarantor or Borrower in the agreement?,KENMARE HOLDINGS LTD.,1,3,0
111,What company is the Guarantors but not the Guarantor or Bookrunners in the agreement?,KENMARE HOLDINGS LTD.,1,3,0
111,What company is the Guarantors but not the Guarantor or Arrangers in the agreement?,KENMARE HOLDINGS LTD.,1,3,0
111,What company is the Guarantors but not the Guarantor or Lender in the agreement?,KENMARE HOLDINGS LTD.,1,3,0
111,What company is the Guarantors but not the Guarantor or Agent in the agreement?,KENMARE HOLDINGS LTD.,1,3,0
111,What company is the Guarantors but not the Guarantor or Administrative Agent in the agreement?,KENMARE HOLDINGS LTD.,1,3,0
10,What company is the Administrative Agent and Issuing Bank but not the Borrower in the agreement?,"ROYAL BANK OF CANADA,",1,3,0
10,"Who are the Authorized Signatory and Manager, Agency of the company which is the Administrative Agent in the agreement?","Alex Figueroa, Susan Khokher",3,0,1
10,"Who are the Authorized Signatory and Manager, Agency of the company which is the Issuing Bank in the agreement?","Alex Figueroa, Susan Khokher",3,0,1
10,"Who is the Manager, Agency of the company which is both the Administrative Agent and the Issuing Bank in the agreement?",Susan Khokher,3,1,0
10,Who is the Authorized Signatory of the company which is both the Administrative Agent and the Issuing Bank in the agreement?,Alex Figueroa,3,1,0
10,Who is both the Chief Financial Officer and Treasuruer of the company which is the Borrower in the agreement?,Terence F. Sullivan,3,1,0
10,"Who is both the Chief Financial Officer and Treasuruer of the company associated with 4900 Tiedeman Road 4th FloorBrooklyn, OH 44144?",Terence F. Sullivan,3,1,0
38,What company is the Lender and Agent but not the Administrative Agent in the agreement?,"JPMORGAN CHASE BANK, N.A.,",1,3,0
38,Who are the Directors of the company where Houssem Daly is employed?,"Diego Medina, J. Frazell, Kenneth Chin, Sherwin Brandford, Sriram Chandrasekaran",3,0,1
38,Who is the Executive Director of the company which is both the Lender and the Agent in the agreement?,Dave Katz,3,1,0
12,What company is the Lender and Administrative Agent but not the Borrower in the agreement?,"MIZUHO BANK, LTD.,",1,3,0
12,"Who are both Directors and Managing Directors of UNICREDIT BANK AG, NEW YORK BRANCH,?","J. Casey Cosgrove, Jack Lonker, Luca Balestra, Thilo Huber, Thomas Foley",2,1,1
12,"Who are the Executive Vice President,, General Counsel, Global Chief Administrative Officer, Global Treasurer, Senior Manager, Global Treasury, and Senior Vice President of the company which is the Borrower in the agreement?","Aidan Clare, Marco Pagni%3B, Sara La Berg",3,0,1
12,"Who are the Vice President, Global Treasurys of the company associated with 108 Wilmot RoadDeerfield, IL 60015?","Gr%C3%A1inne Kelly, John Devlin",3,0,1
12,Who are the Directors of the company where Luca Balestra is employed?,"J. Casey Cosgrove, Jack Lonker, Thilo Huber",3,0,1
12,Who are the Managing Directors of the company where J. Casey Cosgrove is employed?,"Luca Balestra, Thomas Foley",3,0,1
12,Who are the Managing Directors of the company where Jack Lonker is employed?,"Luca Balestra, Thomas Foley",3,0,1
12,Who are the Directors of the company where Thomas Foley is employed?,"J. Casey Cosgrove, Jack Lonker, Thilo Huber",3,0,1
12,Who are the Managing Directors of the company where Thilo Huber is employed?,"Luca Balestra, Thomas Foley",3,0,1
12,"Who are the Vice President, Global Treasurys of the company where Aidan Clare is employed?","Gr%C3%A1inne Kelly, John Devlin",3,0,1
12,"Who are the Vice President, Global Treasurys of the company where Sara La Berg is employed?","Gr%C3%A1inne Kelly, John Devlin",3,0,1
12,"Who are the Vice President, Global Treasurys of the company where Marco Pagni%3B is employed?","Gr%C3%A1inne Kelly, John Devlin",3,0,1
12,Who is both the Global Treasurer and Senior Vice President of the company which is the Borrower in the agreement?,Aidan Clare,3,1,0
12,"Who is both the Global Treasurer and Senior Vice President of the company associated with 108 Wilmot RoadDeerfield, IL 60015?",Aidan Clare,3,1,0
12,Who is both the Senior Vice President and Global Treasurer of the company where Gr%C3%A1inne Kelly is employed?,Aidan Clare,3,1,0
12,Who is both the Senior Vice President and Global Treasurer of the company where John Devlin is employed?,Aidan Clare,3,1,0
12,Who is both the Senior Vice President and Global Treasurer of the company where Sara La Berg is employed?,Aidan Clare,3,1,0
12,"Who is both the Executive Vice President, and General Counsel of the company where Gr%C3%A1inne Kelly is employed?",Marco Pagni%3B,3,1,0
12,"Who is both the Executive Vice President, and General Counsel of the company where John Devlin is employed?",Marco Pagni%3B,3,1,0
12,"Who is both the Executive Vice President, and General Counsel of the company where Sara La Berg is employed?",Marco Pagni%3B,3,1,0
107,What roles does Barclays Bank PLC have in the agreement which are not the roles of BARCLAYS BANK PLC?,"Arrangers, administrative agent, collateral agent, documentation agent",1,2,1
107,What companies are the Grantor but not the Guarantor in the agreement?,"OCELOT MERGER SUB, INC., OPEN TEXT CANADA LTD.",1,2,1
107,What companies are the Grantor but not the Borrower in the agreement?,"EASYLINK SERVICES INTERNATIONAL CORPORATION, EASYLINK SERVICES USA, INC., OPEN TEXT CANADA LTD., OPEN TEXT CORPORATION, OPEN TEXT HOLDINGS, INC., OPEN TEXT INC., OPEN TEXT ULC, OPEN TEXT USA INC., XPEDITE SYSTEMS, LLC",1,2,1
107,What company is the Agent and Arrangers but not the arrangers in the agreement?,Barclays Bank PLC,1,3,0
107,What company is the Agent and Arrangers but not the bookrunners in the agreement?,Barclays Bank PLC,1,3,0
107,What company is the Agent and Arrangers but not the joint bookrunners in the agreement?,Barclays Bank PLC,1,3,0
107,What company is the Agent and Arrangers but not the Grantor in the agreement?,Barclays Bank PLC,1,3,0
107,What company is the Agent and Arrangers but not the Guarantor in the agreement?,Barclays Bank PLC,1,3,0
107,What company is the Agent and Arrangers but not the Borrower in the agreement?,Barclays Bank PLC,1,3,0
107,What company is the Agent and Arrangers but not the agents in the agreement?,Barclays Bank PLC,1,3,0
107,What company is the Agent and Arrangers but not the Bookrunner in the agreement?,Barclays Bank PLC,1,3,0
107,What company is the Agent and Arrangers but not the trustee in the agreement?,Barclays Bank PLC,1,3,0
107,What company is the Agent and Arrangers but not the collateral trustee in the agreement?,Barclays Bank PLC,1,3,0
107,What company is the Agent and Arrangers but not the Arranger in the agreement?,Barclays Bank PLC,1,3,0
107,What company is the Agent and Arrangers but not the Lender in the agreement?,Barclays Bank PLC,1,3,0
107,What company is the Agent and Arrangers but not the Borrower%3A in the agreement?,Barclays Bank PLC,1,3,0
107,What company is the Agent and Arrangers but not the guarantors in the agreement?,Barclays Bank PLC,1,3,0
107,What company is the Agent and agent but not the arrangers in the agreement?,Barclays Bank PLC,1,3,0
107,What company is the Agent and agent but not the bookrunners in the agreement?,Barclays Bank PLC,1,3,0
107,What company is the Agent and agent but not the joint bookrunners in the agreement?,Barclays Bank PLC,1,3,0
107,What company is the Agent and agent but not the Grantor in the agreement?,Barclays Bank PLC,1,3,0
107,What company is the Agent and agent but not the Guarantor in the agreement?,Barclays Bank PLC,1,3,0
107,What company is the Agent and agent but not the Borrower in the agreement?,Barclays Bank PLC,1,3,0
107,What company is the Agent and agent but not the agents in the agreement?,Barclays Bank PLC,1,3,0
107,What company is the Agent and agent but not the Bookrunner in the agreement?,Barclays Bank PLC,1,3,0
107,What company is the Agent and agent but not the trustee in the agreement?,Barclays Bank PLC,1,3,0
107,What company is the Agent and agent but not the collateral trustee in the agreement?,Barclays Bank PLC,1,3,0
107,What company is the Agent and agent but not the Arranger in the agreement?,Barclays Bank PLC,1,3,0
107,What company is the Agent and agent but not the Lender in the agreement?,Barclays Bank PLC,1,3,0
107,What company is the Agent and agent but not the Borrower%3A in the agreement?,Barclays Bank PLC,1,3,0
107,What company is the Agent and agent but not the guarantors in the agreement?,Barclays Bank PLC,1,3,0
107,What company is the Agent and administrative agent but not the arrangers in the agreement?,Barclays Bank PLC,1,3,0
107,What company is the Agent and administrative agent but not the bookrunners in the agreement?,Barclays Bank PLC,1,3,0
107,What company is the Agent and administrative agent but not the joint bookrunners in the agreement?,Barclays Bank PLC,1,3,0
107,What company is the Agent and administrative agent but not the Grantor in the agreement?,Barclays Bank PLC,1,3,0
107,What company is the Agent and administrative agent but not the Guarantor in the agreement?,Barclays Bank PLC,1,3,0
107,What company is the Agent and administrative agent but not the Borrower in the agreement?,Barclays Bank PLC,1,3,0
107,What company is the Agent and administrative agent but not the agents in the agreement?,Barclays Bank PLC,1,3,0
107,What company is the Agent and administrative agent but not the Bookrunner in the agreement?,Barclays Bank PLC,1,3,0
107,What company is the Agent and administrative agent but not the trustee in the agreement?,Barclays Bank PLC,1,3,0
107,What company is the Agent and administrative agent but not the collateral trustee in the agreement?,Barclays Bank PLC,1,3,0
107,What company is the Agent and administrative agent but not the Arranger in the agreement?,Barclays Bank PLC,1,3,0
107,What company is the Agent and administrative agent but not the Lender in the agreement?,Barclays Bank PLC,1,3,0
107,What company is the Agent and administrative agent but not the Borrower%3A in the agreement?,Barclays Bank PLC,1,3,0
107,What company is the Agent and administrative agent but not the guarantors in the agreement?,Barclays Bank PLC,1,3,0
107,What company is the Agent and collateral agent but not the arrangers in the agreement?,Barclays Bank PLC,1,3,0
107,What company is the Agent and collateral agent but not the bookrunners in the agreement?,Barclays Bank PLC,1,3,0
107,What company is the Agent and collateral agent but not the joint bookrunners in the agreement?,Barclays Bank PLC,1,3,0
107,What company is the Agent and collateral agent but not the Grantor in the agreement?,Barclays Bank PLC,1,3,0
107,What company is the Agent and collateral agent but not the Guarantor in the agreement?,Barclays Bank PLC,1,3,0
107,What company is the Agent and collateral agent but not the Borrower in the agreement?,Barclays Bank PLC,1,3,0
107,What company is the Agent and collateral agent but not the agents in the agreement?,Barclays Bank PLC,1,3,0
107,What company is the Agent and collateral agent but not the Bookrunner in the agreement?,Barclays Bank PLC,1,3,0
107,What company is the Agent and collateral agent but not the trustee in the agreement?,Barclays Bank PLC,1,3,0
107,What company is the Agent and collateral agent but not the collateral trustee in the agreement?,Barclays Bank PLC,1,3,0
107,What company is the Agent and collateral agent but not the Arranger in the agreement?,Barclays Bank PLC,1,3,0
107,What company is the Agent and collateral agent but not the Lender in the agreement?,Barclays Bank PLC,1,3,0
107,What company is the Agent and collateral agent but not the Borrower%3A in the agreement?,Barclays Bank PLC,1,3,0
107,What company is the Agent and collateral agent but not the guarantors in the agreement?,Barclays Bank PLC,1,3,0
107,What company is the Agent and documentation agent but not the arrangers in the agreement?,Barclays Bank PLC,1,3,0
107,What company is the Agent and documentation agent but not the bookrunners in the agreement?,Barclays Bank PLC,1,3,0
107,What company is the Agent and documentation agent but not the joint bookrunners in the agreement?,Barclays Bank PLC,1,3,0
107,What company is the Agent and documentation agent but not the Grantor in the agreement?,Barclays Bank PLC,1,3,0
107,What company is the Agent and documentation agent but not the Guarantor in the agreement?,Barclays Bank PLC,1,3,0
107,What company is the Agent and documentation agent but not the Borrower in the agreement?,Barclays Bank PLC,1,3,0
107,What company is the Agent and documentation agent but not the agents in the agreement?,Barclays Bank PLC,1,3,0
107,What company is the Agent and documentation agent but not the Bookrunner in the agreement?,Barclays Bank PLC,1,3,0
107,What company is the Agent and documentation agent but not the trustee in the agreement?,Barclays Bank PLC,1,3,0
107,What company is the Agent and documentation agent but not the collateral trustee in the agreement?,Barclays Bank PLC,1,3,0
107,What company is the Agent and documentation agent but not the Arranger in the agreement?,Barclays Bank PLC,1,3,0
107,What company is the Agent and documentation agent but not the Lender in the agreement?,Barclays Bank PLC,1,3,0
107,What company is the Agent and documentation agent but not the Borrower%3A in the agreement?,Barclays Bank PLC,1,3,0
107,What company is the Agent and documentation agent but not the guarantors in the agreement?,Barclays Bank PLC,1,3,0
107,What company is the Agent and Arranger but not the Borrower%3A in the agreement?,BARCLAYS BANK PLC,1,3,0
107,What company is the Agent and Arranger but not the guarantors in the agreement?,BARCLAYS BANK PLC,1,3,0
107,What company is the Agent and Lender but not the Borrower%3A in the agreement?,BARCLAYS BANK PLC,1,3,0
107,What company is the Agent and Lender but not the guarantors in the agreement?,BARCLAYS BANK PLC,1,3,0
107,What company is the Arrangers and agent but not the arrangers in the agreement?,Barclays Bank PLC,1,3,0
107,What company is the Arrangers and agent but not the bookrunners in the agreement?,Barclays Bank PLC,1,3,0
107,What company is the Arrangers and agent but not the joint bookrunners in the agreement?,Barclays Bank PLC,1,3,0
107,What company is the Arrangers and agent but not the Grantor in the agreement?,Barclays Bank PLC,1,3,0
107,What company is the Arrangers and agent but not the Guarantor in the agreement?,Barclays Bank PLC,1,3,0
107,What company is the Arrangers and agent but not the Borrower in the agreement?,Barclays Bank PLC,1,3,0
107,What company is the Arrangers and agent but not the agents in the agreement?,Barclays Bank PLC,1,3,0
107,What company is the Arrangers and agent but not the Bookrunner in the agreement?,Barclays Bank PLC,1,3,0
107,What company is the Arrangers and agent but not the trustee in the agreement?,Barclays Bank PLC,1,3,0
107,What company is the Arrangers and agent but not the collateral trustee in the agreement?,Barclays Bank PLC,1,3,0
107,What company is the Arrangers and agent but not the Arranger in the agreement?,Barclays Bank PLC,1,3,0
107,What company is the Arrangers and agent but not the Lender in the agreement?,Barclays Bank PLC,1,3,0
107,What company is the Arrangers and agent but not the Borrower%3A in the agreement?,Barclays Bank PLC,1,3,0
107,What company is the Arrangers and agent but not the guarantors in the agreement?,Barclays Bank PLC,1,3,0
107,What company is the Arrangers and administrative agent but not the arrangers in the agreement?,Barclays Bank PLC,1,3,0
107,What company is the Arrangers and administrative agent but not the bookrunners in the agreement?,Barclays Bank PLC,1,3,0
107,What company is the Arrangers and administrative agent but not the joint bookrunners in the agreement?,Barclays Bank PLC,1,3,0
107,What company is the Arrangers and administrative agent but not the Grantor in the agreement?,Barclays Bank PLC,1,3,0
107,What company is the Arrangers and administrative agent but not the Guarantor in the agreement?,Barclays Bank PLC,1,3,0
107,What company is the Arrangers and administrative agent but not the Borrower in the agreement?,Barclays Bank PLC,1,3,0
107,What company is the Arrangers and administrative agent but not the agents in the agreement?,Barclays Bank PLC,1,3,0
107,What company is the Arrangers and administrative agent but not the Bookrunner in the agreement?,Barclays Bank PLC,1,3,0
107,What company is the Arrangers and administrative agent but not the trustee in the agreement?,Barclays Bank PLC,1,3,0
107,What company is the Arrangers and administrative agent but not the collateral trustee in the agreement?,Barclays Bank PLC,1,3,0
107,What company is the Arrangers and administrative agent but not the Arranger in the agreement?,Barclays Bank PLC,1,3,0
107,What company is the Arrangers and administrative agent but not the Lender in the agreement?,Barclays Bank PLC,1,3,0
107,What company is the Arrangers and administrative agent but not the Borrower%3A in the agreement?,Barclays Bank PLC,1,3,0
107,What company is the Arrangers and administrative agent but not the guarantors in the agreement?,Barclays Bank PLC,1,3,0
107,What company is the Arrangers and collateral agent but not the arrangers in the agreement?,Barclays Bank PLC,1,3,0
107,What company is the Arrangers and collateral agent but not the bookrunners in the agreement?,Barclays Bank PLC,1,3,0
107,What company is the Arrangers and collateral agent but not the joint bookrunners in the agreement?,Barclays Bank PLC,1,3,0
107,What company is the Arrangers and collateral agent but not the Grantor in the agreement?,Barclays Bank PLC,1,3,0
107,What company is the Arrangers and collateral agent but not the Guarantor in the agreement?,Barclays Bank PLC,1,3,0
107,What company is the Arrangers and collateral agent but not the Borrower in the agreement?,Barclays Bank PLC,1,3,0
107,What company is the Arrangers and collateral agent but not the agents in the agreement?,Barclays Bank PLC,1,3,0
107,What company is the Arrangers and collateral agent but not the Bookrunner in the agreement?,Barclays Bank PLC,1,3,0
107,What company is the Arrangers and collateral agent but not the trustee in the agreement?,Barclays Bank PLC,1,3,0
107,What company is the Arrangers and collateral agent but not the collateral trustee in the agreement?,Barclays Bank PLC,1,3,0
107,What company is the Arrangers and collateral agent but not the Arranger in the agreement?,Barclays Bank PLC,1,3,0
107,What company is the Arrangers and collateral agent but not the Lender in the agreement?,Barclays Bank PLC,1,3,0
107,What company is the Arrangers and collateral agent but not the Borrower%3A in the agreement?,Barclays Bank PLC,1,3,0
107,What company is the Arrangers and collateral agent but not the guarantors in the agreement?,Barclays Bank PLC,1,3,0
107,What company is the Arrangers and documentation agent but not the arrangers in the agreement?,Barclays Bank PLC,1,3,0
107,What company is the Arrangers and documentation agent but not the bookrunners in the agreement?,Barclays Bank PLC,1,3,0
107,What company is the Arrangers and documentation agent but not the joint bookrunners in the agreement?,Barclays Bank PLC,1,3,0
107,What company is the Arrangers and documentation agent but not the Grantor in the agreement?,Barclays Bank PLC,1,3,0
107,What company is the Arrangers and documentation agent but not the Guarantor in the agreement?,Barclays Bank PLC,1,3,0
107,What company is the Arrangers and documentation agent but not the Borrower in the agreement?,Barclays Bank PLC,1,3,0
107,What company is the Arrangers and documentation agent but not the agents in the agreement?,Barclays Bank PLC,1,3,0
107,What company is the Arrangers and documentation agent but not the Bookrunner in the agreement?,Barclays Bank PLC,1,3,0
107,What company is the Arrangers and documentation agent but not the trustee in the agreement?,Barclays Bank PLC,1,3,0
107,What company is the Arrangers and documentation agent but not the collateral trustee in the agreement?,Barclays Bank PLC,1,3,0
107,What company is the Arrangers and documentation agent but not the Arranger in the agreement?,Barclays Bank PLC,1,3,0
107,What company is the Arrangers and documentation agent but not the Lender in the agreement?,Barclays Bank PLC,1,3,0
107,What company is the Arrangers and documentation agent but not the Borrower%3A in the agreement?,Barclays Bank PLC,1,3,0
107,What company is the Arrangers and documentation agent but not the guarantors in the agreement?,Barclays Bank PLC,1,3,0
107,What company is the Grantor and Borrower but not the agents in the agreement?,"OCELOT MERGER SUB, INC.",1,3,0
107,What company is the Grantor and Borrower but not the Bookrunner in the agreement?,"OCELOT MERGER SUB, INC.",1,3,0
107,What company is the Grantor and Borrower but not the trustee in the agreement?,"OCELOT MERGER SUB, INC.",1,3,0
107,What company is the Grantor and Borrower but not the collateral trustee in the agreement?,"OCELOT MERGER SUB, INC.",1,3,0
107,What company is the Grantor and Borrower but not the Arranger in the agreement?,"OCELOT MERGER SUB, INC.",1,3,0
107,What company is the Grantor and Borrower but not the Lender in the agreement?,"OCELOT MERGER SUB, INC.",1,3,0
107,What company is the Grantor and Borrower but not the Borrower%3A in the agreement?,"OCELOT MERGER SUB, INC.",1,3,0
107,What company is the Grantor and Borrower but not the guarantors in the agreement?,"OCELOT MERGER SUB, INC.",1,3,0
107,What company is the trustee and collateral trustee but not the Arranger in the agreement?,Wilmington Trust FSB,1,3,0
107,What company is the trustee and collateral trustee but not the Lender in the agreement?,Wilmington Trust FSB,1,3,0
107,What company is the trustee and collateral trustee but not the Borrower%3A in the agreement?,Wilmington Trust FSB,1,3,0
107,What company is the trustee and collateral trustee but not the guarantors in the agreement?,Wilmington Trust FSB,1,3,0
107,What company is the Arranger and Lender but not the Borrower%3A in the agreement?,BARCLAYS BANK PLC,1,3,0
107,What company is the Arranger and Lender but not the guarantors in the agreement?,BARCLAYS BANK PLC,1,3,0
107,"What company is the Arrangers but not the documentation agent or administrative agent, in the agreement?",RBC Capital Markets,1,3,0
107,What company is the Arrangers but not the documentation agent or Agent in the agreement?,RBC Capital Markets,1,3,0
107,What company is the Arrangers but not the documentation agent or administrative borrower in the agreement?,RBC Capital Markets,1,3,0
107,What company is the Arrangers but not the documentation agent or agent in the agreement?,RBC Capital Markets,1,3,0
107,What company is the Arrangers but not the documentation agent or collateral trustee in the agreement?,RBC Capital Markets,1,3,0
107,What company is the Arrangers but not the documentation agent or collateral agent in the agreement?,RBC Capital Markets,1,3,0
107,What company is the Arrangers but not the documentation agent or administrative agent in the agreement?,RBC Capital Markets,1,3,0
107,What company is the Arrangers but not the documentation agent or joint bookrunner in the agreement?,RBC Capital Markets,1,3,0
107,What company is the Arrangers but not the documentation agent or bookrunners in the agreement?,RBC Capital Markets,1,3,0
107,What company is the Arrangers but not the documentation agent or arrangers in the agreement?,RBC Capital Markets,1,3,0
107,What company is the Arrangers but not the documentation agent or joint bookrunners in the agreement?,RBC Capital Markets,1,3,0
107,What company is the Arrangers but not the documentation agent or joint book manager in the agreement?,RBC Capital Markets,1,3,0
107,What company is the Arrangers but not the documentation agent or lead arranger in the agreement?,RBC Capital Markets,1,3,0
107,What company is the Arrangers but not the documentation agent or lead bookrunner in the agreement?,RBC Capital Markets,1,3,0
107,What company is the Arrangers but not the documentation agent or joint lead arranger in the agreement?,RBC Capital Markets,1,3,0
107,What company is the Arrangers but not the documentation agent or joint book runner in the agreement?,RBC Capital Markets,1,3,0
107,What company is the Arrangers but not the documentation agent or Guarantor in the agreement?,RBC Capital Markets,1,3,0
107,What company is the Arrangers but not the documentation agent or Grantor in the agreement?,RBC Capital Markets,1,3,0
107,What company is the Arrangers but not the documentation agent or Borrower in the agreement?,RBC Capital Markets,1,3,0
107,What company is the Arrangers but not the documentation agent or co-syndication agent in the agreement?,RBC Capital Markets,1,3,0
107,What company is the Arrangers but not the documentation agent or agents in the agreement?,RBC Capital Markets,1,3,0
107,What company is the Arrangers but not the documentation agent or Bookrunner in the agreement?,RBC Capital Markets,1,3,0
107,What company is the Arrangers but not the documentation agent or trustee in the agreement?,RBC Capital Markets,1,3,0
107,What company is the Arrangers but not the documentation agent or Arranger in the agreement?,RBC Capital Markets,1,3,0
107,What company is the Arrangers but not the documentation agent or Lender in the agreement?,RBC Capital Markets,1,3,0
107,What company is the Arrangers but not the documentation agent or Borrower%3A in the agreement?,RBC Capital Markets,1,3,0
107,What company is the Arrangers but not the documentation agent or guarantors in the agreement?,RBC Capital Markets,1,3,0
107,"What company is the Arrangers but not the administrative agent, or Agent in the agreement?",RBC Capital Markets,1,3,0
107,"What company is the Arrangers but not the administrative agent, or administrative borrower in the agreement?",RBC Capital Markets,1,3,0
107,"What company is the Arrangers but not the administrative agent, or agent in the agreement?",RBC Capital Markets,1,3,0
107,"What company is the Arrangers but not the administrative agent, or collateral trustee in the agreement?",RBC Capital Markets,1,3,0
107,"What company is the Arrangers but not the administrative agent, or collateral agent in the agreement?",RBC Capital Markets,1,3,0
107,"What company is the Arrangers but not the administrative agent, or administrative agent in the agreement?",RBC Capital Markets,1,3,0
107,"What company is the Arrangers but not the administrative agent, or joint bookrunner in the agreement?",RBC Capital Markets,1,3,0
107,"What company is the Arrangers but not the administrative agent, or bookrunners in the agreement?",RBC Capital Markets,1,3,0
107,"What company is the Arrangers but not the administrative agent, or arrangers in the agreement?",RBC Capital Markets,1,3,0
107,"What company is the Arrangers but not the administrative agent, or joint bookrunners in the agreement?",RBC Capital Markets,1,3,0
107,"What company is the Arrangers but not the administrative agent, or joint book manager in the agreement?",RBC Capital Markets,1,3,0
107,"What company is the Arrangers but not the administrative agent, or lead arranger in the agreement?",RBC Capital Markets,1,3,0
107,"What company is the Arrangers but not the administrative agent, or lead bookrunner in the agreement?",RBC Capital Markets,1,3,0
107,"What company is the Arrangers but not the administrative agent, or joint lead arranger in the agreement?",RBC Capital Markets,1,3,0
107,"What company is the Arrangers but not the administrative agent, or joint book runner in the agreement?",RBC Capital Markets,1,3,0
107,"What company is the Arrangers but not the administrative agent, or Guarantor in the agreement?",RBC Capital Markets,1,3,0
107,"What company is the Arrangers but not the administrative agent, or Grantor in the agreement?",RBC Capital Markets,1,3,0
107,"What company is the Arrangers but not the administrative agent, or Borrower in the agreement?",RBC Capital Markets,1,3,0
107,"What company is the Arrangers but not the administrative agent, or co-syndication agent in the agreement?",RBC Capital Markets,1,3,0
107,"What company is the Arrangers but not the administrative agent, or agents in the agreement?",RBC Capital Markets,1,3,0
107,"What company is the Arrangers but not the administrative agent, or Bookrunner in the agreement?",RBC Capital Markets,1,3,0
107,"What company is the Arrangers but not the administrative agent, or trustee in the agreement?",RBC Capital Markets,1,3,0
107,"What company is the Arrangers but not the administrative agent, or Arranger in the agreement?",RBC Capital Markets,1,3,0
107,"What company is the Arrangers but not the administrative agent, or Lender in the agreement?",RBC Capital Markets,1,3,0
107,"What company is the Arrangers but not the administrative agent, or Borrower%3A in the agreement?",RBC Capital Markets,1,3,0
107,"What company is the Arrangers but not the administrative agent, or guarantors in the agreement?",RBC Capital Markets,1,3,0
107,What company is the Arrangers but not the Agent or administrative borrower in the agreement?,RBC Capital Markets,1,3,0
107,What company is the Arrangers but not the Agent or agent in the agreement?,RBC Capital Markets,1,3,0
107,What company is the Arrangers but not the Agent or collateral trustee in the agreement?,RBC Capital Markets,1,3,0
107,What company is the Arrangers but not the Agent or collateral agent in the agreement?,RBC Capital Markets,1,3,0
107,What company is the Arrangers but not the Agent or administrative agent in the agreement?,RBC Capital Markets,1,3,0
107,What company is the Arrangers but not the Agent or joint bookrunner in the agreement?,RBC Capital Markets,1,3,0
107,What company is the Arrangers but not the Agent or bookrunners in the agreement?,RBC Capital Markets,1,3,0
107,What company is the Arrangers but not the Agent or arrangers in the agreement?,RBC Capital Markets,1,3,0
107,What company is the Arrangers but not the Agent or joint bookrunners in the agreement?,RBC Capital Markets,1,3,0
107,What company is the Arrangers but not the Agent or joint book manager in the agreement?,RBC Capital Markets,1,3,0
107,What company is the Arrangers but not the Agent or lead arranger in the agreement?,RBC Capital Markets,1,3,0
107,What company is the Arrangers but not the Agent or lead bookrunner in the agreement?,RBC Capital Markets,1,3,0
107,What company is the Arrangers but not the Agent or joint lead arranger in the agreement?,RBC Capital Markets,1,3,0
107,What company is the Arrangers but not the Agent or joint book runner in the agreement?,RBC Capital Markets,1,3,0
107,What company is the Arrangers but not the Agent or Guarantor in the agreement?,RBC Capital Markets,1,3,0
107,What company is the Arrangers but not the Agent or Grantor in the agreement?,RBC Capital Markets,1,3,0
107,What company is the Arrangers but not the Agent or Borrower in the agreement?,RBC Capital Markets,1,3,0
107,What company is the Arrangers but not the Agent or co-syndication agent in the agreement?,RBC Capital Markets,1,3,0
107,What company is the Arrangers but not the Agent or agents in the agreement?,RBC Capital Markets,1,3,0
107,What company is the Arrangers but not the Agent or Bookrunner in the agreement?,RBC Capital Markets,1,3,0
107,What company is the Arrangers but not the Agent or trustee in the agreement?,RBC Capital Markets,1,3,0
107,What company is the Arrangers but not the Agent or Arranger in the agreement?,RBC Capital Markets,1,3,0
107,What company is the Arrangers but not the Agent or Lender in the agreement?,RBC Capital Markets,1,3,0
107,What company is the Arrangers but not the Agent or Borrower%3A in the agreement?,RBC Capital Markets,1,3,0
107,What company is the Arrangers but not the Agent or guarantors in the agreement?,RBC Capital Markets,1,3,0
107,What company is the Arrangers but not the administrative borrower or agent in the agreement?,RBC Capital Markets,1,3,0
107,What company is the Arrangers but not the administrative borrower or collateral trustee in the agreement?,RBC Capital Markets,1,3,0
107,What company is the Arrangers but not the administrative borrower or collateral agent in the agreement?,RBC Capital Markets,1,3,0
107,What company is the Arrangers but not the administrative borrower or administrative agent in the agreement?,RBC Capital Markets,1,3,0
107,What company is the Arrangers but not the administrative borrower or joint bookrunner in the agreement?,RBC Capital Markets,1,3,0
107,What company is the Arrangers but not the administrative borrower or bookrunners in the agreement?,RBC Capital Markets,1,3,0
107,What company is the Arrangers but not the administrative borrower or arrangers in the agreement?,RBC Capital Markets,1,3,0
107,What company is the Arrangers but not the administrative borrower or joint bookrunners in the agreement?,RBC Capital Markets,1,3,0
107,What company is the Arrangers but not the administrative borrower or joint book manager in the agreement?,RBC Capital Markets,1,3,0
107,What company is the Arrangers but not the administrative borrower or lead arranger in the agreement?,RBC Capital Markets,1,3,0
107,What company is the Arrangers but not the administrative borrower or lead bookrunner in the agreement?,RBC Capital Markets,1,3,0
107,What company is the Arrangers but not the administrative borrower or joint lead arranger in the agreement?,RBC Capital Markets,1,3,0
107,What company is the Arrangers but not the administrative borrower or joint book runner in the agreement?,RBC Capital Markets,1,3,0
107,What company is the Arrangers but not the administrative borrower or Guarantor in the agreement?,RBC Capital Markets,1,3,0
107,What company is the Arrangers but not the administrative borrower or Grantor in the agreement?,RBC Capital Markets,1,3,0
107,What company is the Arrangers but not the administrative borrower or Borrower in the agreement?,RBC Capital Markets,1,3,0
107,What company is the Arrangers but not the administrative borrower or co-syndication agent in the agreement?,RBC Capital Markets,1,3,0
107,What company is the Arrangers but not the administrative borrower or agents in the agreement?,RBC Capital Markets,1,3,0
107,What company is the Arrangers but not the administrative borrower or Bookrunner in the agreement?,RBC Capital Markets,1,3,0
107,What company is the Arrangers but not the administrative borrower or trustee in the agreement?,RBC Capital Markets,1,3,0
107,What company is the Arrangers but not the administrative borrower or Arranger in the agreement?,RBC Capital Markets,1,3,0
107,What company is the Arrangers but not the administrative borrower or Lender in the agreement?,RBC Capital Markets,1,3,0
107,What company is the Arrangers but not the administrative borrower or Borrower%3A in the agreement?,RBC Capital Markets,1,3,0
107,What company is the Arrangers but not the administrative borrower or guarantors in the agreement?,RBC Capital Markets,1,3,0
107,What company is the Arrangers but not the agent or collateral trustee in the agreement?,RBC Capital Markets,1,3,0
107,What company is the Arrangers but not the agent or collateral agent in the agreement?,RBC Capital Markets,1,3,0
107,What company is the Arrangers but not the agent or administrative agent in the agreement?,RBC Capital Markets,1,3,0
107,What company is the Arrangers but not the agent or joint bookrunner in the agreement?,RBC Capital Markets,1,3,0
107,What company is the Arrangers but not the agent or bookrunners in the agreement?,RBC Capital Markets,1,3,0
107,What company is the Arrangers but not the agent or arrangers in the agreement?,RBC Capital Markets,1,3,0
107,What company is the Arrangers but not the agent or joint bookrunners in the agreement?,RBC Capital Markets,1,3,0
107,What company is the Arrangers but not the agent or joint book manager in the agreement?,RBC Capital Markets,1,3,0
107,What company is the Arrangers but not the agent or lead arranger in the agreement?,RBC Capital Markets,1,3,0
107,What company is the Arrangers but not the agent or lead bookrunner in the agreement?,RBC Capital Markets,1,3,0
107,What company is the Arrangers but not the agent or joint lead arranger in the agreement?,RBC Capital Markets,1,3,0
107,What company is the Arrangers but not the agent or joint book runner in the agreement?,RBC Capital Markets,1,3,0
107,What company is the Arrangers but not the agent or Guarantor in the agreement?,RBC Capital Markets,1,3,0
107,What company is the Arrangers but not the agent or Grantor in the agreement?,RBC Capital Markets,1,3,0
107,What company is the Arrangers but not the agent or Borrower in the agreement?,RBC Capital Markets,1,3,0
107,What company is the Arrangers but not the agent or co-syndication agent in the agreement?,RBC Capital Markets,1,3,0
107,What company is the Arrangers but not the agent or agents in the agreement?,RBC Capital Markets,1,3,0
107,What company is the Arrangers but not the agent or Bookrunner in the agreement?,RBC Capital Markets,1,3,0
107,What company is the Arrangers but not the agent or trustee in the agreement?,RBC Capital Markets,1,3,0
107,What company is the Arrangers but not the agent or Arranger in the agreement?,RBC Capital Markets,1,3,0
107,What company is the Arrangers but not the agent or Lender in the agreement?,RBC Capital Markets,1,3,0
107,What company is the Arrangers but not the agent or Borrower%3A in the agreement?,RBC Capital Markets,1,3,0
107,What company is the Arrangers but not the agent or guarantors in the agreement?,RBC Capital Markets,1,3,0
107,What company is the Arrangers but not the collateral trustee or collateral agent in the agreement?,RBC Capital Markets,1,3,0
107,What company is the Arrangers but not the collateral trustee or administrative agent in the agreement?,RBC Capital Markets,1,3,0
107,What company is the Arrangers but not the collateral trustee or joint bookrunner in the agreement?,RBC Capital Markets,1,3,0
107,What company is the Arrangers but not the collateral trustee or bookrunners in the agreement?,RBC Capital Markets,1,3,0
107,What company is the Arrangers but not the collateral trustee or arrangers in the agreement?,RBC Capital Markets,1,3,0
107,What company is the Arrangers but not the collateral trustee or joint bookrunners in the agreement?,RBC Capital Markets,1,3,0
107,What company is the Arrangers but not the collateral trustee or joint book manager in the agreement?,RBC Capital Markets,1,3,0
107,What company is the Arrangers but not the collateral trustee or lead arranger in the agreement?,RBC Capital Markets,1,3,0
107,What company is the Arrangers but not the collateral trustee or lead bookrunner in the agreement?,RBC Capital Markets,1,3,0
107,What company is the Arrangers but not the collateral trustee or joint lead arranger in the agreement?,RBC Capital Markets,1,3,0
107,What company is the Arrangers but not the collateral trustee or joint book runner in the agreement?,RBC Capital Markets,1,3,0
107,What company is the Arrangers but not the collateral trustee or Guarantor in the agreement?,RBC Capital Markets,1,3,0
107,What company is the Arrangers but not the collateral trustee or Grantor in the agreement?,RBC Capital Markets,1,3,0
107,What company is the Arrangers but not the collateral trustee or Borrower in the agreement?,RBC Capital Markets,1,3,0
107,What company is the Arrangers but not the collateral trustee or co-syndication agent in the agreement?,RBC Capital Markets,1,3,0
107,What company is the Arrangers but not the collateral trustee or agents in the agreement?,RBC Capital Markets,1,3,0
107,What company is the Arrangers but not the collateral trustee or Bookrunner in the agreement?,RBC Capital Markets,1,3,0
107,What company is the Arrangers but not the collateral trustee or trustee in the agreement?,RBC Capital Markets,1,3,0
107,What company is the Arrangers but not the collateral trustee or Arranger in the agreement?,RBC Capital Markets,1,3,0
107,What company is the Arrangers but not the collateral trustee or Lender in the agreement?,RBC Capital Markets,1,3,0
107,What company is the Arrangers but not the collateral trustee or Borrower%3A in the agreement?,RBC Capital Markets,1,3,0
107,What company is the Arrangers but not the collateral trustee or guarantors in the agreement?,RBC Capital Markets,1,3,0
107,What company is the Arrangers but not the collateral agent or administrative agent in the agreement?,RBC Capital Markets,1,3,0
107,What company is the Arrangers but not the collateral agent or joint bookrunner in the agreement?,RBC Capital Markets,1,3,0
107,What company is the Arrangers but not the collateral agent or bookrunners in the agreement?,RBC Capital Markets,1,3,0
107,What company is the Arrangers but not the collateral agent or arrangers in the agreement?,RBC Capital Markets,1,3,0
107,What company is the Arrangers but not the collateral agent or joint bookrunners in the agreement?,RBC Capital Markets,1,3,0
107,What company is the Arrangers but not the collateral agent or joint book manager in the agreement?,RBC Capital Markets,1,3,0
107,What company is the Arrangers but not the collateral agent or lead arranger in the agreement?,RBC Capital Markets,1,3,0
107,What company is the Arrangers but not the collateral agent or lead bookrunner in the agreement?,RBC Capital Markets,1,3,0
107,What company is the Arrangers but not the collateral agent or joint lead arranger in the agreement?,RBC Capital Markets,1,3,0
107,What company is the Arrangers but not the collateral agent or joint book runner in the agreement?,RBC Capital Markets,1,3,0
107,What company is the Arrangers but not the collateral agent or Guarantor in the agreement?,RBC Capital Markets,1,3,0
107,What company is the Arrangers but not the collateral agent or Grantor in the agreement?,RBC Capital Markets,1,3,0
107,What company is the Arrangers but not the collateral agent or Borrower in the agreement?,RBC Capital Markets,1,3,0
107,What company is the Arrangers but not the collateral agent or co-syndication agent in the agreement?,RBC Capital Markets,1,3,0
107,What company is the Arrangers but not the collateral agent or agents in the agreement?,RBC Capital Markets,1,3,0
107,What company is the Arrangers but not the collateral agent or Bookrunner in the agreement?,RBC Capital Markets,1,3,0
107,What company is the Arrangers but not the collateral agent or trustee in the agreement?,RBC Capital Markets,1,3,0
107,What company is the Arrangers but not the collateral agent or Arranger in the agreement?,RBC Capital Markets,1,3,0
107,What company is the Arrangers but not the collateral agent or Lender in the agreement?,RBC Capital Markets,1,3,0
107,What company is the Arrangers but not the collateral agent or Borrower%3A in the agreement?,RBC Capital Markets,1,3,0
107,What company is the Arrangers but not the collateral agent or guarantors in the agreement?,RBC Capital Markets,1,3,0
107,What company is the Arrangers but not the administrative agent or joint bookrunner in the agreement?,RBC Capital Markets,1,3,0
107,What company is the Arrangers but not the administrative agent or bookrunners in the agreement?,RBC Capital Markets,1,3,0
107,What company is the Arrangers but not the administrative agent or arrangers in the agreement?,RBC Capital Markets,1,3,0
107,What company is the Arrangers but not the administrative agent or joint bookrunners in the agreement?,RBC Capital Markets,1,3,0
107,What company is the Arrangers but not the administrative agent or joint book manager in the agreement?,RBC Capital Markets,1,3,0
107,What company is the Arrangers but not the administrative agent or lead arranger in the agreement?,RBC Capital Markets,1,3,0
107,What company is the Arrangers but not the administrative agent or lead bookrunner in the agreement?,RBC Capital Markets,1,3,0
107,What company is the Arrangers but not the administrative agent or joint lead arranger in the agreement?,RBC Capital Markets,1,3,0
107,What company is the Arrangers but not the administrative agent or joint book runner in the agreement?,RBC Capital Markets,1,3,0
107,What company is the Arrangers but not the administrative agent or Guarantor in the agreement?,RBC Capital Markets,1,3,0
107,What company is the Arrangers but not the administrative agent or Grantor in the agreement?,RBC Capital Markets,1,3,0
107,What company is the Arrangers but not the administrative agent or Borrower in the agreement?,RBC Capital Markets,1,3,0
107,What company is the Arrangers but not the administrative agent or co-syndication agent in the agreement?,RBC Capital Markets,1,3,0
107,What company is the Arrangers but not the administrative agent or agents in the agreement?,RBC Capital Markets,1,3,0
107,What company is the Arrangers but not the administrative agent or Bookrunner in the agreement?,RBC Capital Markets,1,3,0
107,What company is the Arrangers but not the administrative agent or trustee in the agreement?,RBC Capital Markets,1,3,0
107,What company is the Arrangers but not the administrative agent or Arranger in the agreement?,RBC Capital Markets,1,3,0
107,What company is the Arrangers but not the administrative agent or Lender in the agreement?,RBC Capital Markets,1,3,0
107,What company is the Arrangers but not the administrative agent or Borrower%3A in the agreement?,RBC Capital Markets,1,3,0
107,What company is the Arrangers but not the administrative agent or guarantors in the agreement?,RBC Capital Markets,1,3,0
107,What company is the Agent but not the administrative borrower or agent in the agreement?,BARCLAYS BANK PLC,1,3,0
107,What company is the Agent but not the administrative borrower or collateral trustee in the agreement?,BARCLAYS BANK PLC,1,3,0
107,What company is the Agent but not the administrative borrower or collateral agent in the agreement?,BARCLAYS BANK PLC,1,3,0
107,What company is the Agent but not the administrative borrower or administrative agent in the agreement?,BARCLAYS BANK PLC,1,3,0
107,What company is the Agent but not the administrative borrower or joint bookrunner in the agreement?,BARCLAYS BANK PLC,1,3,0
107,What company is the Agent but not the administrative borrower or bookrunners in the agreement?,BARCLAYS BANK PLC,1,3,0
107,What company is the Agent but not the administrative borrower or arrangers in the agreement?,BARCLAYS BANK PLC,1,3,0
107,What company is the Agent but not the administrative borrower or joint bookrunners in the agreement?,BARCLAYS BANK PLC,1,3,0
107,What company is the Agent but not the administrative borrower or joint book manager in the agreement?,BARCLAYS BANK PLC,1,3,0
107,What company is the Agent but not the administrative borrower or lead arranger in the agreement?,BARCLAYS BANK PLC,1,3,0
107,What company is the Agent but not the administrative borrower or lead bookrunner in the agreement?,BARCLAYS BANK PLC,1,3,0
107,What company is the Agent but not the administrative borrower or joint lead arranger in the agreement?,BARCLAYS BANK PLC,1,3,0
107,What company is the Agent but not the administrative borrower or joint book runner in the agreement?,BARCLAYS BANK PLC,1,3,0
107,What company is the Agent but not the administrative borrower or Guarantor in the agreement?,BARCLAYS BANK PLC,1,3,0
107,What company is the Agent but not the administrative borrower or Grantor in the agreement?,BARCLAYS BANK PLC,1,3,0
107,What company is the Agent but not the administrative borrower or Borrower in the agreement?,BARCLAYS BANK PLC,1,3,0
107,What company is the Agent but not the administrative borrower or co-syndication agent in the agreement?,BARCLAYS BANK PLC,1,3,0
107,What company is the Agent but not the administrative borrower or agents in the agreement?,BARCLAYS BANK PLC,1,3,0
107,What company is the Agent but not the administrative borrower or Bookrunner in the agreement?,BARCLAYS BANK PLC,1,3,0
107,What company is the Agent but not the administrative borrower or trustee in the agreement?,BARCLAYS BANK PLC,1,3,0
107,What company is the Agent but not the administrative borrower or Borrower%3A in the agreement?,BARCLAYS BANK PLC,1,3,0
107,What company is the Agent but not the administrative borrower or guarantors in the agreement?,BARCLAYS BANK PLC,1,3,0
107,What company is the Agent but not the agent or collateral trustee in the agreement?,BARCLAYS BANK PLC,1,3,0
107,What company is the Agent but not the agent or collateral agent in the agreement?,BARCLAYS BANK PLC,1,3,0
107,What company is the Agent but not the agent or administrative agent in the agreement?,BARCLAYS BANK PLC,1,3,0
107,What company is the Agent but not the agent or joint bookrunner in the agreement?,BARCLAYS BANK PLC,1,3,0
107,What company is the Agent but not the agent or bookrunners in the agreement?,BARCLAYS BANK PLC,1,3,0
107,What company is the Agent but not the agent or arrangers in the agreement?,BARCLAYS BANK PLC,1,3,0
107,What company is the Agent but not the agent or joint bookrunners in the agreement?,BARCLAYS BANK PLC,1,3,0
107,What company is the Agent but not the agent or joint book manager in the agreement?,BARCLAYS BANK PLC,1,3,0
107,What company is the Agent but not the agent or lead arranger in the agreement?,BARCLAYS BANK PLC,1,3,0
107,What company is the Agent but not the agent or lead bookrunner in the agreement?,BARCLAYS BANK PLC,1,3,0
107,What company is the Agent but not the agent or joint lead arranger in the agreement?,BARCLAYS BANK PLC,1,3,0
107,What company is the Agent but not the agent or joint book runner in the agreement?,BARCLAYS BANK PLC,1,3,0
107,What company is the Agent but not the agent or Guarantor in the agreement?,BARCLAYS BANK PLC,1,3,0
107,What company is the Agent but not the agent or Grantor in the agreement?,BARCLAYS BANK PLC,1,3,0
107,What company is the Agent but not the agent or Borrower in the agreement?,BARCLAYS BANK PLC,1,3,0
107,What company is the Agent but not the agent or co-syndication agent in the agreement?,BARCLAYS BANK PLC,1,3,0
107,What company is the Agent but not the agent or agents in the agreement?,BARCLAYS BANK PLC,1,3,0
107,What company is the Agent but not the agent or Bookrunner in the agreement?,BARCLAYS BANK PLC,1,3,0
107,What company is the Agent but not the agent or trustee in the agreement?,BARCLAYS BANK PLC,1,3,0
107,What company is the Agent but not the agent or Borrower%3A in the agreement?,BARCLAYS BANK PLC,1,3,0
107,What company is the Agent but not the agent or guarantors in the agreement?,BARCLAYS BANK PLC,1,3,0
107,What company is the Agent but not the collateral trustee or collateral agent in the agreement?,BARCLAYS BANK PLC,1,3,0
107,What company is the Agent but not the collateral trustee or administrative agent in the agreement?,BARCLAYS BANK PLC,1,3,0
107,What company is the Agent but not the collateral trustee or joint bookrunner in the agreement?,BARCLAYS BANK PLC,1,3,0
107,What company is the Agent but not the collateral trustee or bookrunners in the agreement?,BARCLAYS BANK PLC,1,3,0
107,What company is the Agent but not the collateral trustee or arrangers in the agreement?,BARCLAYS BANK PLC,1,3,0
107,What company is the Agent but not the collateral trustee or joint bookrunners in the agreement?,BARCLAYS BANK PLC,1,3,0
107,What company is the Agent but not the collateral trustee or joint book manager in the agreement?,BARCLAYS BANK PLC,1,3,0
107,What company is the Agent but not the collateral trustee or lead arranger in the agreement?,BARCLAYS BANK PLC,1,3,0
107,What company is the Agent but not the collateral trustee or lead bookrunner in the agreement?,BARCLAYS BANK PLC,1,3,0
107,What company is the Agent but not the collateral trustee or joint lead arranger in the agreement?,BARCLAYS BANK PLC,1,3,0
107,What company is the Agent but not the collateral trustee or joint book runner in the agreement?,BARCLAYS BANK PLC,1,3,0
107,What company is the Agent but not the collateral trustee or Guarantor in the agreement?,BARCLAYS BANK PLC,1,3,0
107,What company is the Agent but not the collateral trustee or Grantor in the agreement?,BARCLAYS BANK PLC,1,3,0
107,What company is the Agent but not the collateral trustee or Borrower in the agreement?,BARCLAYS BANK PLC,1,3,0
107,What company is the Agent but not the collateral trustee or co-syndication agent in the agreement?,BARCLAYS BANK PLC,1,3,0
107,What company is the Agent but not the collateral trustee or agents in the agreement?,BARCLAYS BANK PLC,1,3,0
107,What company is the Agent but not the collateral trustee or Bookrunner in the agreement?,BARCLAYS BANK PLC,1,3,0
107,What company is the Agent but not the collateral trustee or trustee in the agreement?,BARCLAYS BANK PLC,1,3,0
107,What company is the Agent but not the collateral trustee or Borrower%3A in the agreement?,BARCLAYS BANK PLC,1,3,0
107,What company is the Agent but not the collateral trustee or guarantors in the agreement?,BARCLAYS BANK PLC,1,3,0
107,What company is the Agent but not the collateral agent or administrative agent in the agreement?,BARCLAYS BANK PLC,1,3,0
107,What company is the Agent but not the collateral agent or joint bookrunner in the agreement?,BARCLAYS BANK PLC,1,3,0
107,What company is the Agent but not the collateral agent or bookrunners in the agreement?,BARCLAYS BANK PLC,1,3,0
107,What company is the Agent but not the collateral agent or arrangers in the agreement?,BARCLAYS BANK PLC,1,3,0
107,What company is the Agent but not the collateral agent or joint bookrunners in the agreement?,BARCLAYS BANK PLC,1,3,0
107,What company is the Agent but not the collateral agent or joint book manager in the agreement?,BARCLAYS BANK PLC,1,3,0
107,What company is the Agent but not the collateral agent or lead arranger in the agreement?,BARCLAYS BANK PLC,1,3,0
107,What company is the Agent but not the collateral agent or lead bookrunner in the agreement?,BARCLAYS BANK PLC,1,3,0
107,What company is the Agent but not the collateral agent or joint lead arranger in the agreement?,BARCLAYS BANK PLC,1,3,0
107,What company is the Agent but not the collateral agent or joint book runner in the agreement?,BARCLAYS BANK PLC,1,3,0
107,What company is the Agent but not the collateral agent or Guarantor in the agreement?,BARCLAYS BANK PLC,1,3,0
107,What company is the Agent but not the collateral agent or Grantor in the agreement?,BARCLAYS BANK PLC,1,3,0
107,What company is the Agent but not the collateral agent or Borrower in the agreement?,BARCLAYS BANK PLC,1,3,0
107,What company is the Agent but not the collateral agent or co-syndication agent in the agreement?,BARCLAYS BANK PLC,1,3,0
107,What company is the Agent but not the collateral agent or agents in the agreement?,BARCLAYS BANK PLC,1,3,0
107,What company is the Agent but not the collateral agent or Bookrunner in the agreement?,BARCLAYS BANK PLC,1,3,0
107,What company is the Agent but not the collateral agent or trustee in the agreement?,BARCLAYS BANK PLC,1,3,0
107,What company is the Agent but not the collateral agent or Borrower%3A in the agreement?,BARCLAYS BANK PLC,1,3,0
107,What company is the Agent but not the collateral agent or guarantors in the agreement?,BARCLAYS BANK PLC,1,3,0
107,What company is the Agent but not the administrative agent or joint bookrunner in the agreement?,BARCLAYS BANK PLC,1,3,0
107,What company is the Agent but not the administrative agent or bookrunners in the agreement?,BARCLAYS BANK PLC,1,3,0
107,What company is the Agent but not the administrative agent or arrangers in the agreement?,BARCLAYS BANK PLC,1,3,0
107,What company is the Agent but not the administrative agent or joint bookrunners in the agreement?,BARCLAYS BANK PLC,1,3,0
107,What company is the Agent but not the administrative agent or joint book manager in the agreement?,BARCLAYS BANK PLC,1,3,0
107,What company is the Agent but not the administrative agent or lead arranger in the agreement?,BARCLAYS BANK PLC,1,3,0
107,What company is the Agent but not the administrative agent or lead bookrunner in the agreement?,BARCLAYS BANK PLC,1,3,0
107,What company is the Agent but not the administrative agent or joint lead arranger in the agreement?,BARCLAYS BANK PLC,1,3,0
107,What company is the Agent but not the administrative agent or joint book runner in the agreement?,BARCLAYS BANK PLC,1,3,0
107,What company is the Agent but not the administrative agent or Guarantor in the agreement?,BARCLAYS BANK PLC,1,3,0
107,What company is the Agent but not the administrative agent or Grantor in the agreement?,BARCLAYS BANK PLC,1,3,0
107,What company is the Agent but not the administrative agent or Borrower in the agreement?,BARCLAYS BANK PLC,1,3,0
107,What company is the Agent but not the administrative agent or co-syndication agent in the agreement?,BARCLAYS BANK PLC,1,3,0
107,What company is the Agent but not the administrative agent or agents in the agreement?,BARCLAYS BANK PLC,1,3,0
107,What company is the Agent but not the administrative agent or Bookrunner in the agreement?,BARCLAYS BANK PLC,1,3,0
107,What company is the Agent but not the administrative agent or trustee in the agreement?,BARCLAYS BANK PLC,1,3,0
107,What company is the Agent but not the administrative agent or Borrower%3A in the agreement?,BARCLAYS BANK PLC,1,3,0
107,What company is the Agent but not the administrative agent or guarantors in the agreement?,BARCLAYS BANK PLC,1,3,0
107,What company is the Agent but not the joint bookrunner or Arranger in the agreement?,Barclays Bank PLC,1,3,0
107,What company is the Agent but not the joint bookrunner or Lender in the agreement?,Barclays Bank PLC,1,3,0
107,What company is the Agent but not the bookrunners or Arranger in the agreement?,Barclays Bank PLC,1,3,0
107,What company is the Agent but not the bookrunners or Lender in the agreement?,Barclays Bank PLC,1,3,0
107,What company is the Agent but not the arrangers or Arranger in the agreement?,Barclays Bank PLC,1,3,0
107,What company is the Agent but not the arrangers or Lender in the agreement?,Barclays Bank PLC,1,3,0
107,What company is the Agent but not the joint bookrunners or Arranger in the agreement?,Barclays Bank PLC,1,3,0
107,What company is the Agent but not the joint bookrunners or Lender in the agreement?,Barclays Bank PLC,1,3,0
107,What company is the Agent but not the joint book manager or Arranger in the agreement?,Barclays Bank PLC,1,3,0
107,What company is the Agent but not the joint book manager or Lender in the agreement?,Barclays Bank PLC,1,3,0
107,What company is the Agent but not the lead arranger or Arranger in the agreement?,Barclays Bank PLC,1,3,0
107,What company is the Agent but not the lead arranger or Lender in the agreement?,Barclays Bank PLC,1,3,0
107,What company is the Agent but not the lead bookrunner or Arranger in the agreement?,Barclays Bank PLC,1,3,0
107,What company is the Agent but not the lead bookrunner or Lender in the agreement?,Barclays Bank PLC,1,3,0
107,What company is the Agent but not the joint lead arranger or Arranger in the agreement?,Barclays Bank PLC,1,3,0
107,What company is the Agent but not the joint lead arranger or Lender in the agreement?,Barclays Bank PLC,1,3,0
107,What company is the Agent but not the joint book runner or Arranger in the agreement?,Barclays Bank PLC,1,3,0
107,What company is the Agent but not the joint book runner or Lender in the agreement?,Barclays Bank PLC,1,3,0
107,What company is the Agent but not the Guarantor or Arranger in the agreement?,Barclays Bank PLC,1,3,0
107,What company is the Agent but not the Guarantor or Lender in the agreement?,Barclays Bank PLC,1,3,0
107,What company is the Agent but not the Grantor or Arranger in the agreement?,Barclays Bank PLC,1,3,0
107,What company is the Agent but not the Grantor or Lender in the agreement?,Barclays Bank PLC,1,3,0
107,What company is the Agent but not the Borrower or Arranger in the agreement?,Barclays Bank PLC,1,3,0
107,What company is the Agent but not the Borrower or Lender in the agreement?,Barclays Bank PLC,1,3,0
107,What company is the Agent but not the co-syndication agent or Arranger in the agreement?,Barclays Bank PLC,1,3,0
107,What company is the Agent but not the co-syndication agent or Lender in the agreement?,Barclays Bank PLC,1,3,0
107,What company is the Agent but not the agents or Arranger in the agreement?,Barclays Bank PLC,1,3,0
107,What company is the Agent but not the agents or Lender in the agreement?,Barclays Bank PLC,1,3,0
107,What company is the Agent but not the Bookrunner or Arranger in the agreement?,Barclays Bank PLC,1,3,0
107,What company is the Agent but not the Bookrunner or Lender in the agreement?,Barclays Bank PLC,1,3,0
107,What company is the Agent but not the trustee or Arranger in the agreement?,Barclays Bank PLC,1,3,0
107,What company is the Agent but not the trustee or Lender in the agreement?,Barclays Bank PLC,1,3,0
107,What company is the Agent but not the Arranger or Lender in the agreement?,Barclays Bank PLC,1,3,0
107,What company is the Agent but not the Arranger or Borrower%3A in the agreement?,Barclays Bank PLC,1,3,0
107,What company is the Agent but not the Arranger or guarantors in the agreement?,Barclays Bank PLC,1,3,0
107,What company is the Agent but not the Lender or Borrower%3A in the agreement?,Barclays Bank PLC,1,3,0
107,What company is the Agent but not the Lender or guarantors in the agreement?,Barclays Bank PLC,1,3,0
107,What company is the collateral trustee but not the administrative agent or joint bookrunner in the agreement?,Wilmington Trust FSB,1,3,0
107,What company is the collateral trustee but not the administrative agent or bookrunners in the agreement?,Wilmington Trust FSB,1,3,0
107,What company is the collateral trustee but not the administrative agent or arrangers in the agreement?,Wilmington Trust FSB,1,3,0
107,What company is the collateral trustee but not the administrative agent or joint bookrunners in the agreement?,Wilmington Trust FSB,1,3,0
107,What company is the collateral trustee but not the administrative agent or joint book manager in the agreement?,Wilmington Trust FSB,1,3,0
107,What company is the collateral trustee but not the administrative agent or lead arranger in the agreement?,Wilmington Trust FSB,1,3,0
107,What company is the collateral trustee but not the administrative agent or lead bookrunner in the agreement?,Wilmington Trust FSB,1,3,0
107,What company is the collateral trustee but not the administrative agent or joint lead arranger in the agreement?,Wilmington Trust FSB,1,3,0
107,What company is the collateral trustee but not the administrative agent or joint book runner in the agreement?,Wilmington Trust FSB,1,3,0
107,What company is the collateral trustee but not the administrative agent or Guarantor in the agreement?,Wilmington Trust FSB,1,3,0
107,What company is the collateral trustee but not the administrative agent or Grantor in the agreement?,Wilmington Trust FSB,1,3,0
107,What company is the collateral trustee but not the administrative agent or Borrower in the agreement?,Wilmington Trust FSB,1,3,0
107,What company is the collateral trustee but not the administrative agent or co-syndication agent in the agreement?,Wilmington Trust FSB,1,3,0
107,What company is the collateral trustee but not the administrative agent or agents in the agreement?,Wilmington Trust FSB,1,3,0
107,What company is the collateral trustee but not the administrative agent or Bookrunner in the agreement?,Wilmington Trust FSB,1,3,0
107,What company is the collateral trustee but not the administrative agent or Arranger in the agreement?,Wilmington Trust FSB,1,3,0
107,What company is the collateral trustee but not the administrative agent or Lender in the agreement?,Wilmington Trust FSB,1,3,0
107,What company is the collateral trustee but not the administrative agent or Borrower%3A in the agreement?,Wilmington Trust FSB,1,3,0
107,What company is the collateral trustee but not the administrative agent or guarantors in the agreement?,Wilmington Trust FSB,1,3,0
107,What company is the collateral agent but not the administrative agent or joint bookrunner in the agreement?,Wilmington Trust FSB,1,3,0
107,What company is the collateral agent but not the administrative agent or bookrunners in the agreement?,Wilmington Trust FSB,1,3,0
107,What company is the collateral agent but not the administrative agent or arrangers in the agreement?,Wilmington Trust FSB,1,3,0
107,What company is the collateral agent but not the administrative agent or joint bookrunners in the agreement?,Wilmington Trust FSB,1,3,0
107,What company is the collateral agent but not the administrative agent or joint book manager in the agreement?,Wilmington Trust FSB,1,3,0
107,What company is the collateral agent but not the administrative agent or lead arranger in the agreement?,Wilmington Trust FSB,1,3,0
107,What company is the collateral agent but not the administrative agent or lead bookrunner in the agreement?,Wilmington Trust FSB,1,3,0
107,What company is the collateral agent but not the administrative agent or joint lead arranger in the agreement?,Wilmington Trust FSB,1,3,0
107,What company is the collateral agent but not the administrative agent or joint book runner in the agreement?,Wilmington Trust FSB,1,3,0
107,What company is the collateral agent but not the administrative agent or Guarantor in the agreement?,Wilmington Trust FSB,1,3,0
107,What company is the collateral agent but not the administrative agent or Grantor in the agreement?,Wilmington Trust FSB,1,3,0
107,What company is the collateral agent but not the administrative agent or Borrower in the agreement?,Wilmington Trust FSB,1,3,0
107,What company is the collateral agent but not the administrative agent or co-syndication agent in the agreement?,Wilmington Trust FSB,1,3,0
107,What company is the collateral agent but not the administrative agent or agents in the agreement?,Wilmington Trust FSB,1,3,0
107,What company is the collateral agent but not the administrative agent or Bookrunner in the agreement?,Wilmington Trust FSB,1,3,0
107,What company is the collateral agent but not the administrative agent or Arranger in the agreement?,Wilmington Trust FSB,1,3,0
107,What company is the collateral agent but not the administrative agent or Lender in the agreement?,Wilmington Trust FSB,1,3,0
107,What company is the collateral agent but not the administrative agent or Borrower%3A in the agreement?,Wilmington Trust FSB,1,3,0
107,What company is the collateral agent but not the administrative agent or guarantors in the agreement?,Wilmington Trust FSB,1,3,0
107,Who is the Assistant Treasurer of the company which is both the Guarantor and the Grantor in the agreement?,Paul McFeeters,3,1,0
107,Who is the Chief Administrative Officer of the company which is both the Guarantor and the Grantor in the agreement?,Paul McFeeters,3,1,0
107,Who is the Chief Executive Officer of the company which is both the Guarantor and the Grantor in the agreement?,Paul McFeeters,3,1,0
107,Who is the Chief Financial Officer of the company which is both the Guarantor and the Grantor in the agreement?,Paul McFeeters,3,1,0
107,Who is the President of the company which is both the Guarantor and the Grantor in the agreement?,Paul McFeeters,3,1,0
107,Who is the Treasurer of the company which is both the Guarantor and the Grantor in the agreement?,Paul McFeeters,3,1,0
107,Who is the Vice President of the company which is both the Guarantor and the Grantor in the agreement?,Paul McFeeters,3,1,0
113,Who is the Manager of the company which is both the BORROWERS and the Borrowers in the agreement?,Sonja K. McClelland,3,1,0
113,Who is the Managing Director A and Authorized Representative of the company which is both the BORROWERS and the Borrowers in the agreement?,Sonja K. McClelland,3,1,0
113,Who is the Secretary%2FTreasurer of the company which is both the BORROWERS and the Borrowers in the agreement?,Sonja K. McClelland,3,1,0
113,Who is the Chief Executive Officer of the company which is both the BORROWERS and the Borrowers in the agreement?,Michael Doar,3,1,0
112,"What roles does JPMORGAN CHASE BANK, N.A. have in the agreement which are not the roles of MERRILL LYNCH, PIERCE, FENNER %26 SMITH INCORPORATED?","Administrative Agent, Agent, Lender",1,2,1
112,What company is the Agent and Lender but not the Arrangers in the agreement?,"BANK OF AMERICA, N.A.",1,3,0
112,What company is the Agent and Lender but not the Bookrunners in the agreement?,"BANK OF AMERICA, N.A.",1,3,0
112,What company is the Agent and Lender but not the Administrative Agent in the agreement?,"BANK OF AMERICA, N.A.",1,3,0
112,What company is the Arrangers and Bookrunners but not the Administrative Agent in the agreement?,"MERRILL LYNCH, PIERCE, FENNER %26 SMITH INCORPORATED",1,3,0
112,What company is the Lender but not the Agent or Borrower in the agreement?,"CITIZENS BANK, N.A.,",1,3,0
112,What company is the Lender but not the Agent or Arrangers in the agreement?,"CITIZENS BANK, N.A.,",1,3,0
112,What company is the Lender but not the Agent or Bookrunners in the agreement?,"CITIZENS BANK, N.A.,",1,3,0
112,What company is the Lender but not the Agent or Administrative Agent in the agreement?,"CITIZENS BANK, N.A.,",1,3,0
112,What company is the Agent but not the Borrower or Arrangers in the agreement?,"BANK OF AMERICA, N.A.",1,3,0
112,What company is the Agent but not the Borrower or Bookrunners in the agreement?,"BANK OF AMERICA, N.A.",1,3,0
112,What company is the Agent but not the Borrower or Administrative Agent in the agreement?,"BANK OF AMERICA, N.A.",1,3,0
112,What company is the Agent but not the Arrangers or Bookrunners in the agreement?,"BANK OF AMERICA, N.A.",1,3,0
112,What company is the Agent but not the Arrangers or Administrative Agent in the agreement?,"BANK OF AMERICA, N.A.",1,3,0
112,What company is the Agent but not the Bookrunners or Administrative Agent in the agreement?,"BANK OF AMERICA, N.A.",1,3,0
112,Who is the Senior Vice President of the company which is both the Lender and the Agent in the agreement?,Robert C. Megan,3,1,0
106,"What roles does BARCLAYS BANK PLC have in the agreement which are not the roles of CITIGROUP GLOBAL MARKETS, INC.?","Arrangers, Lender",1,2,1
106,What roles does BARCLAYS BANK PLC have in the agreement which are not the roles of UBS SECURITIES LLC?,"Arranger, Bookrunner, Lender",1,2,1
106,"What roles does BARCLAYS BANK PLC have in the agreement which are not the roles of UBS SECURITIES LLC,?","Arrangers, Bookrunners, Lender",1,2,1
106,What roles does BARCLAYS BANK PLC have in the agreement which are not the roles of ROYAL BANK OF CANADA?,"Arranger, Arrangers, Bookrunner, Bookrunners",1,2,1
106,"What roles does CITIGROUP GLOBAL MARKETS, INC. have in the agreement which are not the roles of UBS SECURITIES LLC?","Arranger, Bookrunner",1,2,1
106,What roles does DEUTSCHE BANK SECURITIES INC. have in the agreement which are not the roles of UBS SECURITIES LLC?,"Arranger, Bookrunner",1,2,1
106,"What roles does DEUTSCHE BANK SECURITIES INC. have in the agreement which are not the roles of UBS SECURITIES LLC,?","Arrangers, Bookrunners",1,2,1
106,What roles does GOLDMAN SACHS BANK USA have in the agreement which are not the roles of UBS SECURITIES LLC?,"Arranger, Bookrunner, Lender",1,2,1
106,"What roles does GOLDMAN SACHS BANK USA have in the agreement which are not the roles of UBS SECURITIES LLC,?","Arrangers, Bookrunners, Lender",1,2,1
106,What roles does GOLDMAN SACHS BANK USA have in the agreement which are not the roles of ROYAL BANK OF CANADA?,"Arranger, Arrangers, Bookrunner, Bookrunners",1,2,1
106,What roles does RBC CAPITAL MARKETS have in the agreement which are not the roles of UBS SECURITIES LLC?,"Arranger, Bookrunner",1,2,1
106,"What roles does RBC CAPITAL MARKETS have in the agreement which are not the roles of UBS SECURITIES LLC,?","Arrangers, Bookrunners",1,2,1
106,What companies are the Lender but not the Arranger in the agreement?,"CITIBANK, N.A., DEUTSCHE BANK TRUST COMPANY AMERICAS, ROYAL BANK OF CANADA, UBS AG, STAMFORD BRANCH",1,2,1
106,What companies are the Lender but not the Arrangers in the agreement?,"CITIBANK, N.A., DEUTSCHE BANK TRUST COMPANY AMERICAS, ROYAL BANK OF CANADA, UBS AG, STAMFORD BRANCH",1,2,1
106,What companies are the Lender but not the Bookrunner in the agreement?,"CITIBANK, N.A., DEUTSCHE BANK TRUST COMPANY AMERICAS, ROYAL BANK OF CANADA, UBS AG, STAMFORD BRANCH",1,2,1
106,What companies are the Lender but not the Bookrunners in the agreement?,"CITIBANK, N.A., DEUTSCHE BANK TRUST COMPANY AMERICAS, ROYAL BANK OF CANADA, UBS AG, STAMFORD BRANCH",1,2,1
106,What companies are the Lender but not the Agent in the agreement?,"BARCLAYS BANK PLC, CITIBANK, N.A., DEUTSCHE BANK TRUST COMPANY AMERICAS, GOLDMAN SACHS BANK USA, UBS AG, STAMFORD BRANCH",1,2,1
106,What companies are the Arranger but not the Arrangers in the agreement?,"CITIGROUP GLOBAL MARKETS, INC., UBS SECURITIES LLC,",1,2,1
106,What is the position held by Kirkwood Roland but not by Lana Gifas or Marcus M. Tarkington?,Vice President,1,3,0
106,What is the position held by Kirkwood Roland but not by Michael Getz or Vanessa A. Kurbatskiy?,Director,1,3,0
106,What is the position held by Kirkwood Roland and Lana Gifas but not by Michael Getz?,Director,1,3,0
106,What is the position held by Kirkwood Roland and Marcus M. Tarkington but not by Michael Getz?,Director,1,3,0
106,What company is the Lender and Agent but not the COUNSEL in the agreement?,ROYAL BANK OF CANADA,1,3,0
106,What company is the Lender and Agent but not the Holdings in the agreement?,ROYAL BANK OF CANADA,1,3,0
106,What company is the Lender and Agent but not the Intermediate Holdings in the agreement?,ROYAL BANK OF CANADA,1,3,0
106,What company is the Arranger and Bookrunner but not the Bookrunners in the agreement?,"UBS SECURITIES LLC,",1,3,0
106,What company is the Trustee and Agent but not the COUNSEL in the agreement?,Royal Bank of Canada,1,3,0
106,What company is the Trustee and Agent but not the Holdings in the agreement?,Royal Bank of Canada,1,3,0
106,What company is the Trustee and Agent but not the Intermediate Holdings in the agreement?,Royal Bank of Canada,1,3,0
106,What company is the Arrangers but not the Bookrunner or Arranger in the agreement?,UBS SECURITIES LLC,1,3,0
106,What company is the Arrangers but not the Bookrunner or Trustee in the agreement?,UBS SECURITIES LLC,1,3,0
106,What company is the Arrangers but not the Bookrunner or parent borrower in the agreement?,UBS SECURITIES LLC,1,3,0
106,What company is the Arrangers but not the Bookrunner or parent guarantor in the agreement?,UBS SECURITIES LLC,1,3,0
106,What company is the Arrangers but not the Bookrunner or Agent in the agreement?,UBS SECURITIES LLC,1,3,0
106,What company is the Arrangers but not the Bookrunner or COUNSEL in the agreement?,UBS SECURITIES LLC,1,3,0
106,What company is the Arrangers but not the Bookrunner or Intermediate Holdings in the agreement?,UBS SECURITIES LLC,1,3,0
106,What company is the Arrangers but not the Bookrunner or Holdings in the agreement?,UBS SECURITIES LLC,1,3,0
106,What company is the Arrangers but not the Arranger or Trustee in the agreement?,UBS SECURITIES LLC,1,3,0
106,What company is the Arrangers but not the Arranger or parent borrower in the agreement?,UBS SECURITIES LLC,1,3,0
106,What company is the Arrangers but not the Arranger or parent guarantor in the agreement?,UBS SECURITIES LLC,1,3,0
106,What company is the Arrangers but not the Arranger or Agent in the agreement?,UBS SECURITIES LLC,1,3,0
106,What company is the Arrangers but not the Arranger or COUNSEL in the agreement?,UBS SECURITIES LLC,1,3,0
106,What company is the Arrangers but not the Arranger or Intermediate Holdings in the agreement?,UBS SECURITIES LLC,1,3,0
106,What company is the Arrangers but not the Arranger or Holdings in the agreement?,UBS SECURITIES LLC,1,3,0
106,What company is the Bookrunner but not the Bookrunners or Trustee in the agreement?,"UBS SECURITIES LLC,",1,3,0
106,What company is the Bookrunner but not the Bookrunners or parent borrower in the agreement?,"UBS SECURITIES LLC,",1,3,0
106,What company is the Bookrunner but not the Bookrunners or parent guarantor in the agreement?,"UBS SECURITIES LLC,",1,3,0
106,What company is the Bookrunner but not the Bookrunners or Agent in the agreement?,"UBS SECURITIES LLC,",1,3,0
106,What company is the Bookrunner but not the Bookrunners or COUNSEL in the agreement?,"UBS SECURITIES LLC,",1,3,0
106,What company is the Bookrunner but not the Bookrunners or Intermediate Holdings in the agreement?,"UBS SECURITIES LLC,",1,3,0
106,What company is the Bookrunner but not the Bookrunners or Holdings in the agreement?,"UBS SECURITIES LLC,",1,3,0
106,What company is the Arranger but not the Bookrunners or Trustee in the agreement?,"UBS SECURITIES LLC,",1,3,0
106,What company is the Arranger but not the Bookrunners or parent borrower in the agreement?,"UBS SECURITIES LLC,",1,3,0
106,What company is the Arranger but not the Bookrunners or parent guarantor in the agreement?,"UBS SECURITIES LLC,",1,3,0
106,What company is the Arranger but not the Bookrunners or Agent in the agreement?,"UBS SECURITIES LLC,",1,3,0
106,What company is the Arranger but not the Bookrunners or COUNSEL in the agreement?,"UBS SECURITIES LLC,",1,3,0
106,What company is the Arranger but not the Bookrunners or Intermediate Holdings in the agreement?,"UBS SECURITIES LLC,",1,3,0
106,What company is the Arranger but not the Bookrunners or Holdings in the agreement?,"UBS SECURITIES LLC,",1,3,0
106,What company is the Trustee but not the parent borrower or Agent in the agreement?,"Credit Suisse AG, Cayman Islands Branch",1,3,0
106,What company is the Trustee but not the parent guarantor or Agent in the agreement?,"Credit Suisse AG, Cayman Islands Branch",1,3,0
106,What company is the Trustee but not the Agent or COUNSEL in the agreement?,"Credit Suisse AG, Cayman Islands Branch",1,3,0
106,What company is the Trustee but not the Agent or Intermediate Holdings in the agreement?,"Credit Suisse AG, Cayman Islands Branch",1,3,0
106,What company is the Trustee but not the Agent or Holdings in the agreement?,"Credit Suisse AG, Cayman Islands Branch",1,3,0
106,Who are the Authorized Signatorys of the company where Ann Hurley is employed?,"Robert Ehudin, Thomas Casey",3,0,1
106,Who is the Executive Vice President of the company which is both the Intermediate Holdings and the Holdings in the agreement?,Clint C. Freeland,3,1,0
106,Who is the Chief Financial Officer of the company which is both the Intermediate Holdings and the Holdings in the agreement?,Clint C. Freeland,3,1,0
106,"Who is the Manager, Agency of the company which is both the Lender and the Agent in the agreement?",Ann Hurley,3,1,0
106,Who is both the Director and Vice President of the company where Michael Getz is employed?,Kirkwood Roland,3,1,0
106,Who is both the Director and Vice President of the company where Vanessa A. Kurbatskiy is employed?,Kirkwood Roland,3,1,0
13,"Who is both the Chief Financial Officer and Executive Vice President of the company which is the Borrower, in the agreement?",Tracy D. Jackson,3,1,0
60,What companies are the agents but not the arrangers in the agreement?,"Bank of America, N.A., Fifth Third Bank, National Association, Goldman Sachs Bank USA, JPMorgan Chase Bank, N.A, PNC Bank, National Association, Regions Bank, TD Bank, N.A., Wells Fargo Bank, National Association",1,2,1
60,What companies are the agents but not the joint bookrunners in the agreement?,"Bank of America, N.A., Fifth Third Bank, National Association, Goldman Sachs Bank USA, JPMorgan Chase Bank, N.A, Mizuho Bank, Ltd., PNC Bank, National Association, Regions Bank, TD Bank, N.A., Wells Fargo Bank, National Association",1,2,1
60,What company is the agents and arrangers but not the bookrunners in the agreement?,"Mizuho Bank, Ltd.",1,3,0
60,What company is the agents and arrangers but not the joint bookrunners in the agreement?,"Mizuho Bank, Ltd.",1,3,0
60,What company is the bookrunners but not the arrangers or lead arranger in the agreement?,PNC Capital Markets LLC,1,3,0
60,What company is the bookrunners but not the arrangers or lead bookrunner in the agreement?,PNC Capital Markets LLC,1,3,0
60,What company is the bookrunners but not the arrangers or Agent in the agreement?,PNC Capital Markets LLC,1,3,0
60,What company is the bookrunners but not the arrangers or agency in the agreement?,PNC Capital Markets LLC,1,3,0
60,What company is the bookrunners but not the arrangers or Borrower in the agreement?,PNC Capital Markets LLC,1,3,0
60,What company is the bookrunners but not the arrangers or Holdings in the agreement?,PNC Capital Markets LLC,1,3,0
60,What company is the bookrunners but not the lead arranger or lead bookrunner in the agreement?,PNC Capital Markets LLC,1,3,0
60,What company is the bookrunners but not the lead arranger or Agent in the agreement?,PNC Capital Markets LLC,1,3,0
60,What company is the bookrunners but not the lead arranger or agency in the agreement?,PNC Capital Markets LLC,1,3,0
60,What company is the bookrunners but not the lead arranger or Borrower in the agreement?,PNC Capital Markets LLC,1,3,0
60,What company is the bookrunners but not the lead arranger or Holdings in the agreement?,PNC Capital Markets LLC,1,3,0
60,What company is the bookrunners but not the lead bookrunner or Agent in the agreement?,PNC Capital Markets LLC,1,3,0
60,What company is the bookrunners but not the lead bookrunner or agency in the agreement?,PNC Capital Markets LLC,1,3,0
60,What company is the bookrunners but not the lead bookrunner or Borrower in the agreement?,PNC Capital Markets LLC,1,3,0
60,What company is the bookrunners but not the lead bookrunner or Holdings in the agreement?,PNC Capital Markets LLC,1,3,0
60,What company is the arrangers but not the joint bookrunner or joint bookrunners in the agreement?,"Mizuho Bank, Ltd.",1,3,0
60,What company is the arrangers but not the joint bookrunner or joint book manager in the agreement?,"Mizuho Bank, Ltd.",1,3,0
60,What company is the arrangers but not the joint bookrunner or joint book runner in the agreement?,"Mizuho Bank, Ltd.",1,3,0
60,What company is the arrangers but not the joint bookrunner or joint lead arranger in the agreement?,"Mizuho Bank, Ltd.",1,3,0
60,What company is the arrangers but not the joint bookrunner or Agent in the agreement?,"Mizuho Bank, Ltd.",1,3,0
60,What company is the arrangers but not the joint bookrunner or agency in the agreement?,"Mizuho Bank, Ltd.",1,3,0
60,What company is the arrangers but not the joint bookrunner or Borrower in the agreement?,"Mizuho Bank, Ltd.",1,3,0
60,What company is the arrangers but not the joint bookrunner or Holdings in the agreement?,"Mizuho Bank, Ltd.",1,3,0
60,What company is the arrangers but not the joint bookrunners or joint book manager in the agreement?,"Mizuho Bank, Ltd.",1,3,0
60,What company is the arrangers but not the joint bookrunners or joint book runner in the agreement?,"Mizuho Bank, Ltd.",1,3,0
60,What company is the arrangers but not the joint bookrunners or joint lead arranger in the agreement?,"Mizuho Bank, Ltd.",1,3,0
60,What company is the arrangers but not the joint bookrunners or Agent in the agreement?,"Mizuho Bank, Ltd.",1,3,0
60,What company is the arrangers but not the joint bookrunners or agency in the agreement?,"Mizuho Bank, Ltd.",1,3,0
60,What company is the arrangers but not the joint bookrunners or Borrower in the agreement?,"Mizuho Bank, Ltd.",1,3,0
60,What company is the arrangers but not the joint bookrunners or Holdings in the agreement?,"Mizuho Bank, Ltd.",1,3,0
60,What company is the arrangers but not the joint book manager or joint book runner in the agreement?,"Mizuho Bank, Ltd.",1,3,0
60,What company is the arrangers but not the joint book manager or joint lead arranger in the agreement?,"Mizuho Bank, Ltd.",1,3,0
60,What company is the arrangers but not the joint book manager or Agent in the agreement?,"Mizuho Bank, Ltd.",1,3,0
60,What company is the arrangers but not the joint book manager or agency in the agreement?,"Mizuho Bank, Ltd.",1,3,0
60,What company is the arrangers but not the joint book manager or Borrower in the agreement?,"Mizuho Bank, Ltd.",1,3,0
60,What company is the arrangers but not the joint book manager or Holdings in the agreement?,"Mizuho Bank, Ltd.",1,3,0
60,What company is the arrangers but not the joint book runner or joint lead arranger in the agreement?,"Mizuho Bank, Ltd.",1,3,0
60,What company is the arrangers but not the joint book runner or Agent in the agreement?,"Mizuho Bank, Ltd.",1,3,0
60,What company is the arrangers but not the joint book runner or agency in the agreement?,"Mizuho Bank, Ltd.",1,3,0
60,What company is the arrangers but not the joint book runner or Borrower in the agreement?,"Mizuho Bank, Ltd.",1,3,0
60,What company is the arrangers but not the joint book runner or Holdings in the agreement?,"Mizuho Bank, Ltd.",1,3,0
60,What company is the arrangers but not the joint lead arranger or Agent in the agreement?,"Mizuho Bank, Ltd.",1,3,0
60,What company is the arrangers but not the joint lead arranger or agency in the agreement?,"Mizuho Bank, Ltd.",1,3,0
60,What company is the arrangers but not the joint lead arranger or Borrower in the agreement?,"Mizuho Bank, Ltd.",1,3,0
60,What company is the arrangers but not the joint lead arranger or Holdings in the agreement?,"Mizuho Bank, Ltd.",1,3,0
60,What company is the joint bookrunner but not the lead arranger or lead bookrunner in the agreement?,PNC Capital Markets LLC,1,3,0
60,What company is the joint bookrunner but not the lead arranger or Agent in the agreement?,PNC Capital Markets LLC,1,3,0
60,What company is the joint bookrunner but not the lead arranger or agency in the agreement?,PNC Capital Markets LLC,1,3,0
60,What company is the joint bookrunner but not the lead arranger or Borrower in the agreement?,PNC Capital Markets LLC,1,3,0
60,What company is the joint bookrunner but not the lead arranger or Holdings in the agreement?,PNC Capital Markets LLC,1,3,0
60,What company is the joint bookrunner but not the lead bookrunner or Agent in the agreement?,PNC Capital Markets LLC,1,3,0
60,What company is the joint bookrunner but not the lead bookrunner or agency in the agreement?,PNC Capital Markets LLC,1,3,0
60,What company is the joint bookrunner but not the lead bookrunner or Borrower in the agreement?,PNC Capital Markets LLC,1,3,0
60,What company is the joint bookrunner but not the lead bookrunner or Holdings in the agreement?,PNC Capital Markets LLC,1,3,0
60,What company is the joint bookrunners but not the lead arranger or lead bookrunner in the agreement?,PNC Capital Markets LLC,1,3,0
60,What company is the joint bookrunners but not the lead arranger or Agent in the agreement?,PNC Capital Markets LLC,1,3,0
60,What company is the joint bookrunners but not the lead arranger or agency in the agreement?,PNC Capital Markets LLC,1,3,0
60,What company is the joint bookrunners but not the lead arranger or Borrower in the agreement?,PNC Capital Markets LLC,1,3,0
60,What company is the joint bookrunners but not the lead arranger or Holdings in the agreement?,PNC Capital Markets LLC,1,3,0
60,What company is the joint bookrunners but not the lead bookrunner or Agent in the agreement?,PNC Capital Markets LLC,1,3,0
60,What company is the joint bookrunners but not the lead bookrunner or agency in the agreement?,PNC Capital Markets LLC,1,3,0
60,What company is the joint bookrunners but not the lead bookrunner or Borrower in the agreement?,PNC Capital Markets LLC,1,3,0
60,What company is the joint bookrunners but not the lead bookrunner or Holdings in the agreement?,PNC Capital Markets LLC,1,3,0
60,What company is the joint book manager but not the lead arranger or lead bookrunner in the agreement?,PNC Capital Markets LLC,1,3,0
60,What company is the joint book manager but not the lead arranger or Agent in the agreement?,PNC Capital Markets LLC,1,3,0
60,What company is the joint book manager but not the lead arranger or agency in the agreement?,PNC Capital Markets LLC,1,3,0
60,What company is the joint book manager but not the lead arranger or Borrower in the agreement?,PNC Capital Markets LLC,1,3,0
60,What company is the joint book manager but not the lead arranger or Holdings in the agreement?,PNC Capital Markets LLC,1,3,0
60,What company is the joint book manager but not the lead bookrunner or Agent in the agreement?,PNC Capital Markets LLC,1,3,0
60,What company is the joint book manager but not the lead bookrunner or agency in the agreement?,PNC Capital Markets LLC,1,3,0
60,What company is the joint book manager but not the lead bookrunner or Borrower in the agreement?,PNC Capital Markets LLC,1,3,0
60,What company is the joint book manager but not the lead bookrunner or Holdings in the agreement?,PNC Capital Markets LLC,1,3,0
60,What company is the joint book runner but not the lead arranger or lead bookrunner in the agreement?,PNC Capital Markets LLC,1,3,0
60,What company is the joint book runner but not the lead arranger or Agent in the agreement?,PNC Capital Markets LLC,1,3,0
60,What company is the joint book runner but not the lead arranger or agency in the agreement?,PNC Capital Markets LLC,1,3,0
60,What company is the joint book runner but not the lead arranger or Borrower in the agreement?,PNC Capital Markets LLC,1,3,0
60,What company is the joint book runner but not the lead arranger or Holdings in the agreement?,PNC Capital Markets LLC,1,3,0
60,What company is the joint book runner but not the lead bookrunner or Agent in the agreement?,PNC Capital Markets LLC,1,3,0
60,What company is the joint book runner but not the lead bookrunner or agency in the agreement?,PNC Capital Markets LLC,1,3,0
60,What company is the joint book runner but not the lead bookrunner or Borrower in the agreement?,PNC Capital Markets LLC,1,3,0
60,What company is the joint book runner but not the lead bookrunner or Holdings in the agreement?,PNC Capital Markets LLC,1,3,0
60,What company is the lead arranger but not the joint lead arranger or Agent in the agreement?,"Mizuho Bank, Ltd.",1,3,0
60,What company is the lead arranger but not the joint lead arranger or agency in the agreement?,"Mizuho Bank, Ltd.",1,3,0
60,What company is the lead arranger but not the joint lead arranger or Borrower in the agreement?,"Mizuho Bank, Ltd.",1,3,0
60,What company is the lead arranger but not the joint lead arranger or Holdings in the agreement?,"Mizuho Bank, Ltd.",1,3,0
60,What company is the lead bookrunner but not the joint lead arranger or Agent in the agreement?,"Mizuho Bank, Ltd.",1,3,0
60,What company is the lead bookrunner but not the joint lead arranger or agency in the agreement?,"Mizuho Bank, Ltd.",1,3,0
60,What company is the lead bookrunner but not the joint lead arranger or Borrower in the agreement?,"Mizuho Bank, Ltd.",1,3,0
60,What company is the lead bookrunner but not the joint lead arranger or Holdings in the agreement?,"Mizuho Bank, Ltd.",1,3,0
60,Who are the Managing Directors of the company where Caroline Smith is employed?,"Harry Yergey, Michael Maguire, Patrick Hartweger",3,0,1
60,Who is both the Senior Vice President and Treasurer of the company which is the Holdings in the agreement?,Marc H. Crown,3,1,0
74,Who is the Senior Vice President of the company which is both the Administrative Agent and the LC Issuer in the agreement?,Jeff Kalinowski,3,1,0
48,"Who are the Corporate Secretary, Treasurer, Vice President %E2%80%93 Law %26 Assistant, and Vice President %E2%80%93 US Law of the company which is the Borrower in the agreement?","Chris Kaitson, Jonathan Rose",3,0,1
48,Who is both the Corporate Secretary and Vice President %E2%80%93 US Law of the company where Jonathan Rose is employed?,Chris Kaitson,3,1,0
149,Who is both the Executive Vice President and Secretary of the company which is the Borrower in the agreement?,Seth Burroughs,3,1,0
161,What companies are the JOINT-LEAD ARRANGERS but not the Lender in the agreement?,"BMO CAPITAL MARKETS, KEYBANC CAPITAL MARKETS INC., TRUIST SECURITIES, INC.",1,2,1
161,What company is the CO-SYNDICATION AGENTS and JOINT-LEAD ARRANGERS but not the Lender in the agreement?,BMO CAPITAL MARKETS,1,3,0
161,What company is the JOINT-LEAD ARRANGERS and Lender but not the LENDERS in the agreement?,THE HUNTINGTON NATIONAL BANK,1,3,0
161,What company is the JOINT-LEAD ARRANGERS and Lender but not the Lenders in the agreement?,THE HUNTINGTON NATIONAL BANK,1,3,0
161,What company is the JOINT-LEAD ARRANGERS and Lender but not the BORROWER in the agreement?,THE HUNTINGTON NATIONAL BANK,1,3,0
161,What company is the LENDERS and Lenders but not the BORROWER in the agreement?,KEYBANK NATIONAL ASSOCIATION,1,3,0
161,What company is the CO-SYNDICATION AGENTS but not the JOINT-LEAD ARRANGERS or LENDERS in the agreement?,TRUIST BANK,1,3,0
161,What company is the CO-SYNDICATION AGENTS but not the JOINT-LEAD ARRANGERS or Lenders in the agreement?,TRUIST BANK,1,3,0
161,What company is the CO-SYNDICATION AGENTS but not the JOINT-LEAD ARRANGERS or BORROWER in the agreement?,TRUIST BANK,1,3,0
161,What company is the CO-SYNDICATION AGENTS but not the Lender or LENDERS in the agreement?,BMO CAPITAL MARKETS,1,3,0
161,What company is the CO-SYNDICATION AGENTS but not the Lender or Lenders in the agreement?,BMO CAPITAL MARKETS,1,3,0
161,What company is the CO-SYNDICATION AGENTS but not the Lender or BORROWER in the agreement?,BMO CAPITAL MARKETS,1,3,0
160,"What roles does BARCLAYS BANK PLC have in the agreement which are not the roles of BOFA SECURITIES, INC?","Administrative Agent, Issuing Bank",1,2,1
160,"What roles does BARCLAYS BANK PLC have in the agreement which are not the roles of MORGAN STANLEY SENIOR FUNDING, INC?","Administrative Agent, Issuing Bank",1,2,1
160,"What roles does BARCLAYS BANK PLC have in the agreement which are not the roles of JPMORGAN CHASE BANK, N.A.?","Administrative Agent, Joint Bookrunners",1,2,1
160,What companies are the Issuing Bank but not the Joint Bookrunners in the agreement?,"BANK OF AMERICA, N.A., CITIBANK, N.A., JPMORGAN CHASE BANK, N.A., MORGAN STANLEY BANK, N.A., MUFG BANK, LTD., TRUIST BANK",1,2,1
160,What companies are the Issuing Bank but not the Joint Lead Arrangers in the agreement?,"BANK OF AMERICA, N.A., CITIBANK, N.A., MORGAN STANLEY BANK, N.A., MUFG BANK, LTD., TRUIST BANK",1,2,1
160,What is the position held by Robert G. Shaw but not by Joseph Siri or Martin Corrigan?,Managing Director,1,3,0
160,What company is the Issuing Bank and Administrative Agent but not the Borrower in the agreement?,BARCLAYS BANK PLC,1,3,0
160,What company is the Issuing Bank and Joint Bookrunners but not the Borrower in the agreement?,BARCLAYS BANK PLC,1,3,0
160,What company is the Administrative Agent and Joint Bookrunners but not the Borrower in the agreement?,BARCLAYS BANK PLC,1,3,0
160,What company is the Administrative Agent and Joint Lead Arrangers but not the Borrower in the agreement?,BARCLAYS BANK PLC,1,3,0
160,What company is the Joint Lead Arrangers but not the Joint Bookrunners or Administrative Agent in the agreement?,"JPMORGAN CHASE BANK, N.A.",1,3,0
160,What company is the Joint Lead Arrangers but not the Joint Bookrunners or Borrower in the agreement?,"JPMORGAN CHASE BANK, N.A.",1,3,0
160,Who is the Authorized Officer of the company which is both the Joint Lead Arrangers and the Issuing Bank in the agreement?,Helen D. Davis,3,1,0
148,What companies are the Lender but not the Administrative Agent in the agreement?,"BARCLAYS BANK Plc, BNP PARIBAS, HSBC BANK USA, JPMORGAN CHASE BANK, MORGAN STANLEY BANK, MUFG UNION BANK, NATIONAL WESTMINSTER BANK PLC, PNC BANK, TD BANK, THE BANK OF NOVA SCOTIA, THE NORTHERN TRUST COMPANY, TRUIST BANK, U.S. BANK NATIONAL ASSOCIATION, WELLS FARGO BANK",1,2,1
148,What companies are the Lender but not the Co-Syndication Agents in the agreement?,"BANK OF AMERICA, BARCLAYS BANK Plc, HSBC BANK USA, JPMORGAN CHASE BANK, MORGAN STANLEY BANK, MUFG UNION BANK, NATIONAL WESTMINSTER BANK PLC, PNC BANK, THE BANK OF NOVA SCOTIA, THE NORTHERN TRUST COMPANY, TRUIST BANK, U.S. BANK NATIONAL ASSOCIATION, WELLS FARGO BANK",1,2,1
148,What companies are the Lender but not the Documentation Agents in the agreement?,"BANK OF AMERICA, BARCLAYS BANK Plc, BNP PARIBAS, HSBC BANK USA, JPMORGAN CHASE BANK, MORGAN STANLEY BANK, MUFG UNION BANK, PNC BANK, TD BANK, THE NORTHERN TRUST COMPANY, TRUIST BANK, WELLS FARGO BANK",1,2,1
148,What company is the Lender and Administrative Agent but not the Co-Syndication Agents in the agreement?,BANK OF AMERICA,1,3,0
148,What company is the Lender and Administrative Agent but not the Joint Lead Arrangers in the agreement?,BANK OF AMERICA,1,3,0
148,What company is the Lender and Administrative Agent but not the Documentation Agents in the agreement?,BANK OF AMERICA,1,3,0
148,What company is the Lender and Administrative Agent but not the Joint Bookrunners in the agreement?,BANK OF AMERICA,1,3,0
148,What company is the Lender and Administrative Agent but not the Borrowers in the agreement?,BANK OF AMERICA,1,3,0
148,What company is the Joint Lead Arrangers and Joint Bookrunners but not the Borrowers in the agreement?,"WELLS FARGO SECURITIES, LLC",1,3,0
148,What company is the Joint Lead Arrangers but not the Documentation Agents or Joint Bookrunners in the agreement?,BNP PARIBAS SECURITIES CORP,1,3,0
148,What company is the Joint Lead Arrangers but not the Joint Bookrunners or Borrowers in the agreement?,BNP PARIBAS SECURITIES CORP,1,3,0
148,Who are both Directors and Vice Presidents of BANK OF AMERICA?,"Craig Malloy, Jonathan Eady, Karim Remtoula, Katherine Bass, Liliana Claar, Meng Zhang, Mukesh Singh, Rumesha Ahmed, Todd Kennedy, Will Hicks",2,1,1
148,Who are the Directors of the company where Meng Zhang is employed?,"Craig Malloy, Jonathan Eady, Katherine Bass, Mukesh Singh, Todd Kennedy",3,0,1
148,Who are the Vice Presidents of the company where Todd Kennedy is employed?,"Karim Remtoula, Liliana Claar, Meng Zhang, Rumesha Ahmed, Will Hicks",3,0,1
148,Who are the Directors of the company where Liliana Claar is employed?,"Craig Malloy, Jonathan Eady, Katherine Bass, Mukesh Singh, Todd Kennedy",3,0,1
148,Who are the Vice Presidents of the company where Craig Malloy is employed?,"Karim Remtoula, Liliana Claar, Meng Zhang, Rumesha Ahmed, Will Hicks",3,0,1
148,Who are the Vice Presidents of the company where Mukesh Singh is employed?,"Karim Remtoula, Liliana Claar, Meng Zhang, Rumesha Ahmed, Will Hicks",3,0,1
148,Who are the Directors of the company where Karim Remtoula is employed?,"Craig Malloy, Jonathan Eady, Katherine Bass, Mukesh Singh, Todd Kennedy",3,0,1
148,Who are the Directors of the company where Will Hicks is employed?,"Craig Malloy, Jonathan Eady, Katherine Bass, Mukesh Singh, Todd Kennedy",3,0,1
148,Who are the Directors of the company where Rumesha Ahmed is employed?,"Craig Malloy, Jonathan Eady, Katherine Bass, Mukesh Singh, Todd Kennedy",3,0,1
148,Who are the Vice Presidents of the company where Katherine Bass is employed?,"Karim Remtoula, Liliana Claar, Meng Zhang, Rumesha Ahmed, Will Hicks",3,0,1
148,Who are the Vice Presidents of the company where Jonathan Eady is employed?,"Karim Remtoula, Liliana Claar, Meng Zhang, Rumesha Ahmed, Will Hicks",3,0,1
49,Who is both the Chief Executive and Chief Executive Officer of the company which is the GUARANTORS in the agreement?,Michael Buckley,3,1,0
75,What company is the Sole Bookrunner and Sole Lead Arranger but not the Borrower in the agreement?,J.P. MORGAN SECURITIES LLC,1,3,0
75,What company is the Sole Bookrunner and Sole Lead Arranger but not the Administrative Agent in the agreement?,J.P. MORGAN SECURITIES LLC,1,3,0
61,What is the position held by Jim Cahow but not by Liz Cheng or Marko Lukin?,Director,1,3,0
61,What is the position held by Jim Cahow and Liz Cheng but not by Ming K Chu?,Vice President,1,3,0
61,What is the position held by Jim Cahow and Marko Lukin but not by Ming K Chu?,Vice President,1,3,0
61,What company is the arranger and sole arranger but not the BORROWER in the agreement?,"BofA Securities, Inc.",1,3,0
61,What company is the arranger and sole arranger but not the Agent in the agreement?,"BofA Securities, Inc.",1,3,0
61,What company is the arranger and lead arranger but not the BORROWER in the agreement?,"BofA Securities, Inc.",1,3,0
61,What company is the arranger and lead arranger but not the Agent in the agreement?,"BofA Securities, Inc.",1,3,0
61,What company is the arranger and bookrunner but not the BORROWER in the agreement?,"BofA Securities, Inc.",1,3,0
61,What company is the arranger and bookrunner but not the Agent in the agreement?,"BofA Securities, Inc.",1,3,0
61,What company is the arranger and sole bookrunner but not the BORROWER in the agreement?,"BofA Securities, Inc.",1,3,0
61,What company is the arranger and sole bookrunner but not the Agent in the agreement?,"BofA Securities, Inc.",1,3,0
61,What company is the arranger and lead bookrunner but not the BORROWER in the agreement?,"BofA Securities, Inc.",1,3,0
61,What company is the arranger and lead bookrunner but not the Agent in the agreement?,"BofA Securities, Inc.",1,3,0
61,What company is the sole arranger and lead arranger but not the BORROWER in the agreement?,"BofA Securities, Inc.",1,3,0
61,What company is the sole arranger and lead arranger but not the Agent in the agreement?,"BofA Securities, Inc.",1,3,0
61,What company is the sole arranger and bookrunner but not the BORROWER in the agreement?,"BofA Securities, Inc.",1,3,0
61,What company is the sole arranger and bookrunner but not the Agent in the agreement?,"BofA Securities, Inc.",1,3,0
61,What company is the sole arranger and sole bookrunner but not the BORROWER in the agreement?,"BofA Securities, Inc.",1,3,0
61,What company is the sole arranger and sole bookrunner but not the Agent in the agreement?,"BofA Securities, Inc.",1,3,0
61,What company is the sole arranger and lead bookrunner but not the BORROWER in the agreement?,"BofA Securities, Inc.",1,3,0
61,What company is the sole arranger and lead bookrunner but not the Agent in the agreement?,"BofA Securities, Inc.",1,3,0
61,What company is the lead arranger and bookrunner but not the BORROWER in the agreement?,"BofA Securities, Inc.",1,3,0
61,What company is the lead arranger and bookrunner but not the Agent in the agreement?,"BofA Securities, Inc.",1,3,0
61,What company is the lead arranger and sole bookrunner but not the BORROWER in the agreement?,"BofA Securities, Inc.",1,3,0
61,What company is the lead arranger and sole bookrunner but not the Agent in the agreement?,"BofA Securities, Inc.",1,3,0
61,What company is the lead arranger and lead bookrunner but not the BORROWER in the agreement?,"BofA Securities, Inc.",1,3,0
61,What company is the lead arranger and lead bookrunner but not the Agent in the agreement?,"BofA Securities, Inc.",1,3,0
61,What company is the bookrunner and sole bookrunner but not the BORROWER in the agreement?,"BofA Securities, Inc.",1,3,0
61,What company is the bookrunner and sole bookrunner but not the Agent in the agreement?,"BofA Securities, Inc.",1,3,0
61,What company is the bookrunner and lead bookrunner but not the BORROWER in the agreement?,"BofA Securities, Inc.",1,3,0
61,What company is the bookrunner and lead bookrunner but not the Agent in the agreement?,"BofA Securities, Inc.",1,3,0
61,What company is the sole bookrunner and lead bookrunner but not the BORROWER in the agreement?,"BofA Securities, Inc.",1,3,0
61,What company is the sole bookrunner and lead bookrunner but not the Agent in the agreement?,"BofA Securities, Inc.",1,3,0
61,Who is the Director of the company which is both the Lender and the Agent in the agreement?,Jim Cahow,3,1,0
61,"Who is both the Treasurer and Vice President, Tax %26 Treasury of the company which is the BORROWER in the agreement?",Brian L. Shytle,3,1,0
61,Who is both the Director and Vice President of the company where Amanuel Assefa is employed?,Jim Cahow,3,1,0
61,Who is both the Director and Vice President of the company where Bridgett J. Manduk-Mowry is employed?,Jim Cahow,3,1,0
61,Who is both the Director and Vice President of the company where Christopher Shafto is employed?,Jim Cahow,3,1,0
61,Who is both the Director and Vice President of the company where Liz Cheng is employed?,Jim Cahow,3,1,0
61,Who is both the Director and Vice President of the company where Marko Lukin is employed?,Jim Cahow,3,1,0
77,What roles does MUFG UNION BANK have in the agreement which are not the roles of SUNTRUST BANK?,"Joint Lead Arrangers, oint Bookrunners",1,2,1
77,What roles does MUFG UNION BANK have in the agreement which are not the roles of SUNTRUST ROBINSON HUMPHREY?,"Co-Syndication Agent, Lender",1,2,1
77,What roles does MUFG UNION BANK have in the agreement which are not the roles of U.S. BANK NATIONAL ASSOCIATION?,"Co-Syndication Agent, Joint Lead Arrangers, oint Bookrunners",1,2,1
77,"What roles does MUFG UNION BANK have in the agreement which are not the roles of WELLS FARGO SECURITIES, LLC?","Co-Syndication Agent, Lender",1,2,1
77,What roles does MUFG UNION BANK have in the agreement which are not the roles of GOLDMAN SACHS BANK USA?,"Co-Syndication Agent, Joint Lead Arrangers, oint Bookrunners",1,2,1
77,What roles does MUFG UNION BANK have in the agreement which are not the roles of JPMORGAN CHASE BANK?,"Co-Syndication Agent, Joint Lead Arrangers, oint Bookrunners",1,2,1
77,"What roles does MUFG UNION BANK have in the agreement which are not the roles of WELLS FARGO BANK, NATIONAL ASSOCIATION?","Joint Lead Arrangers, oint Bookrunners",1,2,1
77,"What roles does JPMORGAN CHASE BANK have in the agreement which are not the roles of WELLS FARGO BANK, NATIONAL ASSOCIATION?","Administrative Agent, Issuing Bank",1,2,1
77,What companies are the Co-Syndication Agent but not the Joint Lead Arrangers in the agreement?,"BANK OF AMERICA, SUNTRUST BANK, WELLS FARGO BANK, NATIONAL ASSOCIATION",1,2,1
77,What companies are the Co-Syndication Agent but not the oint Bookrunners in the agreement?,"BANK OF AMERICA, SUNTRUST BANK, WELLS FARGO BANK, NATIONAL ASSOCIATION",1,2,1
77,What companies are the Lender but not the Joint Lead Arrangers in the agreement?,"BANK OF AMERICA, CADENCE BANK, GOLDMAN SACHS BANK USA, HANCOCK BANK, JPMORGAN CHASE BANK, SUNTRUST BANK, U.S. BANK NATIONAL ASSOCIATION, WELLS FARGO BANK, NATIONAL ASSOCIATION",1,2,1
77,What companies are the Lender but not the oint Bookrunners in the agreement?,"BANK OF AMERICA, CADENCE BANK, GOLDMAN SACHS BANK USA, HANCOCK BANK, JPMORGAN CHASE BANK, SUNTRUST BANK, U.S. BANK NATIONAL ASSOCIATION, WELLS FARGO BANK, NATIONAL ASSOCIATION",1,2,1
77,What companies are the Lender but not the Co-Documentation Agent in the agreement?,"BANK OF AMERICA, CADENCE BANK, HANCOCK BANK, JPMORGAN CHASE BANK, MUFG UNION BANK, SUNTRUST BANK, WELLS FARGO BANK, NATIONAL ASSOCIATION",1,2,1
77,What company is the Co-Syndication Agent and Joint Lead Arrangers but not the Co-Documentation Agent in the agreement?,MUFG UNION BANK,1,3,0
77,What company is the Co-Syndication Agent and Joint Lead Arrangers but not the Borrower in the agreement?,MUFG UNION BANK,1,3,0
77,What company is the Co-Syndication Agent and Joint Lead Arrangers but not the Administrative Agent in the agreement?,MUFG UNION BANK,1,3,0
77,What company is the Co-Syndication Agent and Joint Lead Arrangers but not the Issuing Bank in the agreement?,MUFG UNION BANK,1,3,0
77,What company is the Co-Syndication Agent and oint Bookrunners but not the Co-Documentation Agent in the agreement?,MUFG UNION BANK,1,3,0
77,What company is the Co-Syndication Agent and oint Bookrunners but not the Borrower in the agreement?,MUFG UNION BANK,1,3,0
77,What company is the Co-Syndication Agent and oint Bookrunners but not the Administrative Agent in the agreement?,MUFG UNION BANK,1,3,0
77,What company is the Co-Syndication Agent and oint Bookrunners but not the Issuing Bank in the agreement?,MUFG UNION BANK,1,3,0
77,What company is the Lender and Joint Lead Arrangers but not the Co-Documentation Agent in the agreement?,MUFG UNION BANK,1,3,0
77,What company is the Lender and Joint Lead Arrangers but not the Borrower in the agreement?,MUFG UNION BANK,1,3,0
77,What company is the Lender and Joint Lead Arrangers but not the Administrative Agent in the agreement?,MUFG UNION BANK,1,3,0
77,What company is the Lender and Joint Lead Arrangers but not the Issuing Bank in the agreement?,MUFG UNION BANK,1,3,0
77,What company is the Lender and oint Bookrunners but not the Co-Documentation Agent in the agreement?,MUFG UNION BANK,1,3,0
77,What company is the Lender and oint Bookrunners but not the Borrower in the agreement?,MUFG UNION BANK,1,3,0
77,What company is the Lender and oint Bookrunners but not the Administrative Agent in the agreement?,MUFG UNION BANK,1,3,0
77,What company is the Lender and oint Bookrunners but not the Issuing Bank in the agreement?,MUFG UNION BANK,1,3,0
77,Who is the Authorized Signatory of the company which is both the Lender and the Co-Documentation Agent in the agreement?,Rebecca Kratz,3,1,0
63,What company is the Lender and Agent but not the LC Issuer in the agreement?,U.S. BANK NATIONAL ASSOCIATION,1,3,0
63,What company is the Lender and Agent but not the legal counsel in the agreement?,U.S. BANK NATIONAL ASSOCIATION,1,3,0
63,What company is the Lender but not the Borrower or Agent in the agreement?,"FARM CREDIT MID-AMERICA, PCA",1,3,0
63,What company is the Lender but not the Agent or LC Issuer in the agreement?,"FARM CREDIT MID-AMERICA, PCA",1,3,0
63,What company is the Lender but not the Agent or legal counsel in the agreement?,"FARM CREDIT MID-AMERICA, PCA",1,3,0
88,What company is the Agent and Issuing Bank but not the liability company in the agreement?,MUFG UNION BANK,1,3,0
88,What company is the Agent and Lender but not the liability company in the agreement?,MUFG UNION BANK,1,3,0
88,What company is the Agent and Swing Line Lender but not the liability company in the agreement?,MUFG UNION BANK,1,3,0
88,What company is the Issuing Bank and Lender but not the liability company in the agreement?,MUFG UNION BANK,1,3,0
88,What company is the Issuing Bank and Swing Line Lender but not the liability company in the agreement?,MUFG UNION BANK,1,3,0
88,What company is the Lender and Swing Line Lender but not the liability company in the agreement?,MUFG UNION BANK,1,3,0
88,Who is both the Chief Financial Officer and President of the company which is the liability company in the agreement?,R. Scott Turicchi,3,1,0
88,"Who is both the Chief Financial Officer and President of the company associated with 6922 Hollywood Blvd., Suite 500Los Angeles, CA 90028?",R. Scott Turicchi,3,1,0
162,What company is the Administrative Agent and Joint Bookrunners but not the Lender in the agreement?,"CITIBANK, N.A",1,3,0
162,What company is the Administrative Agent and Joint Bookrunners but not the Guarantor in the agreement?,"CITIBANK, N.A",1,3,0
162,What company is the Administrative Agent and Joint Bookrunners but not the Borrower in the agreement?,"CITIBANK, N.A",1,3,0
162,What company is the Administrative Agent and Joint Bookrunners but not the Holdings in the agreement?,"CITIBANK, N.A",1,3,0
162,What company is the Administrative Agent and Joint Lead Arrangers but not the Lender in the agreement?,"CITIBANK, N.A",1,3,0
162,What company is the Administrative Agent and Joint Lead Arrangers but not the Guarantor in the agreement?,"CITIBANK, N.A",1,3,0
162,What company is the Administrative Agent and Joint Lead Arrangers but not the Borrower in the agreement?,"CITIBANK, N.A",1,3,0
162,What company is the Administrative Agent and Joint Lead Arrangers but not the Holdings in the agreement?,"CITIBANK, N.A",1,3,0
162,What company is the Joint Lead Arrangers but not the Administrative Agent or Lender in the agreement?,"WELLS FARGO SECURITIES, LLC",1,3,0
162,What company is the Joint Lead Arrangers but not the Administrative Agent or Guarantor in the agreement?,"WELLS FARGO SECURITIES, LLC",1,3,0
162,What company is the Joint Lead Arrangers but not the Administrative Agent or Borrower in the agreement?,"WELLS FARGO SECURITIES, LLC",1,3,0
162,What company is the Joint Lead Arrangers but not the Administrative Agent or Holdings in the agreement?,"WELLS FARGO SECURITIES, LLC",1,3,0
162,Who is both the Corporate Secretary and President of the company which is the Guarantor in the agreement?,Mark D. Andrews,3,1,0
162,Who is both the President and Secretary of the company which is the Guarantor in the agreement?,Michael J. Niedermaier,3,1,0
89,What is the position held by Charles P. Holden and James B. Pekarek but not by Sabir Hashmy?,Chief Financial Officer,1,3,0
89,"Who are the CFOs of the company associated with 6625 West 78th Street, Suite 300Minneapolis, MN 55439?","James Pekarek, Matthew McCabe",3,0,1
89,Who are the CFOs of the company where Lee Neumann is employed?,"James Pekarek, Matthew McCabe",3,0,1
89,Who is both the Managing Director and Chief Financial Officer of the company where James B. Pekarek is employed?,Charles P. Holden,3,1,0
89,Who is both the Treasurer and SVP of the company where James Pekarek is employed?,Lee Neumann,3,1,0
89,Who is both the Treasurer and SVP of the company where Matthew McCabe is employed?,Lee Neumann,3,1,0
62,What company is the Arranger and Bookrunner but not the Lender in the agreement?,TD SECURITIES %28USA%29 LLC,1,3,0
62,What company is the Arranger but not the Agent or Bookrunner in the agreement?,TD Securities %28USA%29 LLC,1,3,0
62,What company is the Arranger but not the Borrower or Bookrunner in the agreement?,TD Securities %28USA%29 LLC,1,3,0
62,What company is the Arranger but not the Bookrunner or Lender in the agreement?,TD Securities %28USA%29 LLC,1,3,0
62,Who is the Managing Director of the company which is both the Bookrunner and the Arranger in the agreement?,Pradeep Mehra,3,1,0
62,Who is both the Chief Financial Officer and Senior Vice President of the company which is the Borrower in the agreement?,Gretchen L. Holloway,3,1,0
8,What companies are the Arrangers but not the Arranger in the agreement?,"FENNER %26 SMITH INCORPORATED, MERRILL LYNCH, PIERCE",1,2,1
8,What companies are the Bookrunners but not the Arranger in the agreement?,"FENNER %26 SMITH INCORPORATED, MERRILL LYNCH, PIERCE",1,2,1
8,What company is the Arrangers and Arranger but not the Borrower in the agreement?,"WELLS FARGO SECURITIES, LLC",1,3,0
8,What company is the Arrangers and Arranger but not the Lender in the agreement?,"WELLS FARGO SECURITIES, LLC",1,3,0
8,What company is the Arrangers and Arranger but not the Agent in the agreement?,"WELLS FARGO SECURITIES, LLC",1,3,0
8,What company is the Bookrunners and Arranger but not the Borrower in the agreement?,"WELLS FARGO SECURITIES, LLC",1,3,0
8,What company is the Bookrunners and Arranger but not the Lender in the agreement?,"WELLS FARGO SECURITIES, LLC",1,3,0
8,What company is the Bookrunners and Arranger but not the Agent in the agreement?,"WELLS FARGO SECURITIES, LLC",1,3,0
8,What company is the Lender and Agent but not the Bookrunner in the agreement?,"WELLS FARGO BANK, NATIONAL ASSOCIATION",1,3,0
8,What company is the Arranger but not the Borrower or Bookrunner in the agreement?,"MERRILL LYNCH, PIERCE, FENNER %26 SMITH INCORPORATED",1,3,0
8,What company is the Arranger but not the Agent or Bookrunner in the agreement?,"MERRILL LYNCH, PIERCE, FENNER %26 SMITH INCORPORATED",1,3,0
8,What company is the Arranger but not the Lender or Bookrunner in the agreement?,"MERRILL LYNCH, PIERCE, FENNER %26 SMITH INCORPORATED",1,3,0
8,What company is the Agent but not the Lender or Bookrunner in the agreement?,"Wells Fargo Bank, National Association",1,3,0
72,What company is the Syndication Agents and Arrangers but not the Administrative Agent in the agreement?,GOLDMAN SACHS BANK USA,1,3,0
72,What company is the Syndication Agents and Arrangers but not the Initial Borrower in the agreement?,GOLDMAN SACHS BANK USA,1,3,0
72,What company is the Syndication Agents and Book Runners but not the Administrative Agent in the agreement?,GOLDMAN SACHS BANK USA,1,3,0
72,What company is the Syndication Agents and Book Runners but not the Initial Borrower in the agreement?,GOLDMAN SACHS BANK USA,1,3,0
72,What company is the Syndication Agents but not the Arrangers or Book Runners in the agreement?,"WELLS FARGO BANK, NATIONAL ASSOCIATION",1,3,0
72,What company is the Syndication Agents but not the Arrangers or Administrative Agent in the agreement?,"WELLS FARGO BANK, NATIONAL ASSOCIATION",1,3,0
72,What company is the Syndication Agents but not the Arrangers or Initial Borrower in the agreement?,"WELLS FARGO BANK, NATIONAL ASSOCIATION",1,3,0
72,What company is the Syndication Agents but not the Book Runners or Administrative Agent in the agreement?,"WELLS FARGO BANK, NATIONAL ASSOCIATION",1,3,0
72,What company is the Syndication Agents but not the Book Runners or Initial Borrower in the agreement?,"WELLS FARGO BANK, NATIONAL ASSOCIATION",1,3,0
72,Who is the Managing Director of the company which is both the Arrangers and the Book Runners in the agreement?,Kay Reedy,3,1,0
72,Who is the Assistant Vice President of the company which is both the Arrangers and the Book Runners in the agreement?,John Summers,3,1,0
72,Who is both the Treasurer and Vice President of the company which is the Initial Borrower in the agreement?,Craig A. Douglas,3,1,0
72,"Who is both the Treasurer and Vice President of the company associated with 1000 Stanley DriveNew Britain, Connecticut 06053?",Craig A. Douglas,3,1,0
72,What is the address of the uk branch office of the company which is both the Arrangers and Book Runners in the agreement?,"25 Canada SquareCanary WharfLondon, England E14 5LB",3,1,0
66,"What roles does MUFG Bank, Ltd. have in the agreement which are not the roles of Wells Fargo Bank, National Association?","Agents, arrangers, joint bookrunners",1,2,1
66,What companies are the Lender but not the Agents in the agreement?,"BARCLAYS BANK PLC, Bank of America, N.A., Bank of theWest, CAPITAL ONE, NATIONAL ASSOCIATION, Citibank N.A., DNB CAPITAL LLC, HSBC Bank USA, National Association, JPMORGAN CHASE BANK, N.A., KEYBANK, NATIONAL ASSOCIATION, PNC BANK, NATIONAL ASSOCIATION, Silicon Valley Bank, The Huntington National Bank, U.S. BANK NATIONAL ASSOCIATION, WELLS FARGO BANK, NATIONAL ASSOCIATION, Wells Fargo Bank, National Association",1,2,1
66,What companies are the Lender but not the arrangers in the agreement?,"BARCLAYS BANK PLC, Bank of America, N.A., Bank of theWest, CAPITAL ONE, NATIONAL ASSOCIATION, Citibank N.A., DNB CAPITAL LLC, HSBC Bank USA, National Association, JPMORGAN CHASE BANK, N.A., KEYBANK, NATIONAL ASSOCIATION, PNC BANK, NATIONAL ASSOCIATION, Silicon Valley Bank, The Huntington National Bank, U.S. BANK NATIONAL ASSOCIATION, WELLS FARGO BANK, NATIONAL ASSOCIATION, Wells Fargo Bank, National Association",1,2,1
66,What companies are the Lender but not the joint bookrunners in the agreement?,"BARCLAYS BANK PLC, Bank of America, N.A., Bank of theWest, CAPITAL ONE, NATIONAL ASSOCIATION, Citibank N.A., DNB CAPITAL LLC, HSBC Bank USA, National Association, JPMORGAN CHASE BANK, N.A., KEYBANK, NATIONAL ASSOCIATION, PNC BANK, NATIONAL ASSOCIATION, Silicon Valley Bank, The Huntington National Bank, U.S. BANK NATIONAL ASSOCIATION, WELLS FARGO BANK, NATIONAL ASSOCIATION, Wells Fargo Bank, National Association",1,2,1
66,What company is the Lender and Agents but not the legal counsel in the agreement?,"MUFG Bank, Ltd.",1,3,0
66,What company is the Lender and Agents but not the Revolver in the agreement?,"MUFG Bank, Ltd.",1,3,0
66,What company is the Lender and Agents but not the Borrower in the agreement?,"MUFG Bank, Ltd.",1,3,0
66,What company is the Lender and Agents but not the Agent in the agreement?,"MUFG Bank, Ltd.",1,3,0
66,What company is the Lender and arrangers but not the legal counsel in the agreement?,"MUFG Bank, Ltd.",1,3,0
66,What company is the Lender and arrangers but not the Revolver in the agreement?,"MUFG Bank, Ltd.",1,3,0
66,What company is the Lender and arrangers but not the Borrower in the agreement?,"MUFG Bank, Ltd.",1,3,0
66,What company is the Lender and arrangers but not the Agent in the agreement?,"MUFG Bank, Ltd.",1,3,0
66,What company is the Lender and bookrunners but not the legal counsel in the agreement?,"MUFG Bank, Ltd.",1,3,0
66,What company is the Lender and bookrunners but not the Revolver in the agreement?,"MUFG Bank, Ltd.",1,3,0
66,What company is the Lender and bookrunners but not the Borrower in the agreement?,"MUFG Bank, Ltd.",1,3,0
66,What company is the Lender and bookrunners but not the Agent in the agreement?,"MUFG Bank, Ltd.",1,3,0
66,What company is the Lender and joint bookrunners but not the legal counsel in the agreement?,"MUFG Bank, Ltd.",1,3,0
66,What company is the Lender and joint bookrunners but not the Revolver in the agreement?,"MUFG Bank, Ltd.",1,3,0
66,What company is the Lender and joint bookrunners but not the Borrower in the agreement?,"MUFG Bank, Ltd.",1,3,0
66,What company is the Lender and joint bookrunners but not the Agent in the agreement?,"MUFG Bank, Ltd.",1,3,0
66,What company is the Lender and Revolver but not the Borrower in the agreement?,Citibank N.A.,1,3,0
66,What company is the Lender and Revolver but not the Agent in the agreement?,Citibank N.A.,1,3,0
66,What company is the Agents but not the joint lead arranger or joint book runner in the agreement?,KeyBanc Capital Markets,1,3,0
66,What company is the Agents but not the joint lead arranger or legal counsel in the agreement?,KeyBanc Capital Markets,1,3,0
66,What company is the Agents but not the joint lead arranger or Revolver in the agreement?,KeyBanc Capital Markets,1,3,0
66,What company is the Agents but not the joint lead arranger or Borrower in the agreement?,KeyBanc Capital Markets,1,3,0
66,What company is the Agents but not the joint lead arranger or Agent in the agreement?,KeyBanc Capital Markets,1,3,0
66,What company is the Agents but not the joint book runner or legal counsel in the agreement?,KeyBanc Capital Markets,1,3,0
66,What company is the Agents but not the joint book runner or Revolver in the agreement?,KeyBanc Capital Markets,1,3,0
66,What company is the Agents but not the joint book runner or Borrower in the agreement?,KeyBanc Capital Markets,1,3,0
66,What company is the Agents but not the joint book runner or Agent in the agreement?,KeyBanc Capital Markets,1,3,0
66,Who is the Authorized Signer of the company which is both the Lender and the Revolver in the agreement?,James Riley,3,1,0
66,Who is both the Director and SVP of the company which is the Lender in the agreement?,Ronnie Glenn,3,1,0
66,Who is both the CFO and Treasurer of the company which is the Borrower in the agreement?,Brian M. Bonnell,3,1,0
99,What roles does CO%C3%96PERATIEVE CENTRALE RAIFFEISEN-BOERENLEENBANK B.A. have in the agreement which are not the roles of REGIONS BANK?,"Arrangers, Bookrunners",1,2,1
99,What roles does CO%C3%96PERATIEVE CENTRALE RAIFFEISEN-BOERENLEENBANK B.A. have in the agreement which are not the roles of SUNTRUST BANK?,"Arrangers, Bookrunners",1,2,1
99,"What roles does CO%C3%96PERATIEVE CENTRALE RAIFFEISEN-BOERENLEENBANK B.A. have in the agreement which are not the roles of THE BANK OF TOKYO-MITSUBISHI UFJ, LTD.?","Arrangers, Bookrunners",1,2,1
99,"What roles does CO%C3%96PERATIEVE CENTRALE RAIFFEISEN-BOERENLEENBANK B.A. have in the agreement which are not the roles of WELLS FARGO BANK, NATIONAL ASSOCIATION?","Arrangers, Bookrunners",1,2,1
99,What roles does RABOBANK NEDERLAND have in the agreement which are not the roles of REGIONS BANK?,"Arrangers, Bookrunners",1,2,1
99,What roles does RABOBANK NEDERLAND have in the agreement which are not the roles of SUNTRUST BANK?,"Arrangers, Bookrunners",1,2,1
99,"What roles does RABOBANK NEDERLAND have in the agreement which are not the roles of THE BANK OF TOKYO-MITSUBISHI UFJ, LTD.?","Arrangers, Bookrunners",1,2,1
99,"What roles does RABOBANK NEDERLAND have in the agreement which are not the roles of WELLS FARGO BANK, NATIONAL ASSOCIATION?","Arrangers, Bookrunners",1,2,1
99,What companies are the Lender but not the Agent in the agreement?,"AVENUE BANK, BANK OF AMERICA, BRANCH BANKING AND TRUST COMPANY, CO%C3%96PERATIEVE CENTRALE RAIFFEISEN-BOERENLEENBANK B.A. %C2%93RABOBANK, FIFTH THIRD BANK, FIRST TENNESSEE BANK NATIONAL ASSOCIATION, GREENSTONE FARM CREDIT SERVICES, PINNACLE BANK, PNC BANK, NATIONAL ASSOCIATION, SYNOVUS BANK, US BANK, NATIONAL ASSOCIATION",1,2,1
99,What companies are the Agent but not the Arrangers in the agreement?,"BANK OF AMERICA, N.A, REGIONS BANK, SUNTRUST BANK, THE BANK OF TOKYO-MITSUBISHI UFJ, LTD., US BANK NATIONAL ASSOCIATION, WELLS FARGO BANK, NATIONAL ASSOCIATION",1,2,1
99,What companies are the Agent but not the Bookrunners in the agreement?,"BANK OF AMERICA, N.A, REGIONS BANK, SUNTRUST BANK, THE BANK OF TOKYO-MITSUBISHI UFJ, LTD., US BANK NATIONAL ASSOCIATION, WELLS FARGO BANK, NATIONAL ASSOCIATION",1,2,1
99,What is the position held by Doug Couvillion but not by Nick Flanagan or S. Victoria Harvey?,Treasurer,1,3,0
99,What company is the Lender and Bank but not the AdministrativeAgent in the agreement?,"WELLS FARGO BANK, NATIONAL ASSOCIATION",1,3,0
99,What company is the Agent and Bank but not the AdministrativeAgent in the agreement?,"WELLS FARGO BANK, NATIONAL ASSOCIATION",1,3,0
99,Who is the Authorized Signatory of the company which is both the Lender and the Agent in the agreement?,Christine Howatt,3,1,0
99,Who is both the Chief Manager and President of the company which is the Guarantor in the agreement?,Nick Flanagan,3,1,0
99,Who is both the President and Treasurer of the company which is the Guarantor in the agreement?,Doug Couvillion,3,1,0
99,Who is both the President and Treasurer of the company where S. Victoria Harvey is employed?,Doug Couvillion,3,1,0
167,"What company is the Administrative Agent and L%2FC Issuer but not the Lender, in the agreement?","BANK OF AMERICA, N.A",1,3,0
167,"What company is the Administrative Agent and Swingline Lender but not the Lender, in the agreement?","BANK OF AMERICA, N.A",1,3,0
167,"What company is the L%2FC Issuer and Swingline Lender but not the Lender, in the agreement?","BANK OF AMERICA, N.A",1,3,0
167,What company is the Sole Book Manager and Sole Lead Arranger but not the Borrower in the agreement?,BANK OF AMERICA MERRILL LYNCH,1,3,0
167,What company is the Sole Book Manager and Sole Lead Arranger but not the BORROWER in the agreement?,BANK OF AMERICA MERRILL LYNCH,1,3,0
167,"What company is the Sole Book Manager and Sole Lead Arranger but not the Lender, in the agreement?",BANK OF AMERICA MERRILL LYNCH,1,3,0
167,"What company is the L%2FC Issuer but not the Sole Book Manager or Lender, in the agreement?","BANK OF AMERICA, N.A",1,3,0
167,"What company is the L%2FC Issuer but not the Sole Lead Arranger or Lender, in the agreement?","BANK OF AMERICA, N.A",1,3,0
167,"What company is the L%2FC Issuer but not the Borrower or Lender, in the agreement?","BANK OF AMERICA, N.A",1,3,0
167,"What company is the L%2FC Issuer but not the BORROWER or Lender, in the agreement?","BANK OF AMERICA, N.A",1,3,0
167,"What company is the Swingline Lender but not the Sole Book Manager or Lender, in the agreement?","BANK OF AMERICA, N.A",1,3,0
167,"What company is the Swingline Lender but not the Sole Lead Arranger or Lender, in the agreement?","BANK OF AMERICA, N.A",1,3,0
167,"What company is the Swingline Lender but not the Borrower or Lender, in the agreement?","BANK OF AMERICA, N.A",1,3,0
167,"What company is the Swingline Lender but not the BORROWER or Lender, in the agreement?","BANK OF AMERICA, N.A",1,3,0
167,"What company is the Administrative Agent but not the Sole Book Manager or Lender, in the agreement?","BANK OF AMERICA, N.A",1,3,0
167,"What company is the Administrative Agent but not the Sole Lead Arranger or Lender, in the agreement?","BANK OF AMERICA, N.A",1,3,0
167,"What company is the Administrative Agent but not the Borrower or Lender, in the agreement?","BANK OF AMERICA, N.A",1,3,0
167,"What company is the Administrative Agent but not the BORROWER or Lender, in the agreement?","BANK OF AMERICA, N.A",1,3,0
98,What company is the ADMINISTRATIVE%09 %09%09 %09%09 %09AGENT %26 LENDER and Agent but not the BORROWER in the agreement?,BANK OF AMERICA,1,3,0
98,What company is the ADMINISTRATIVE%09 %09%09 %09%09 %09AGENT %26 LENDER and Agent but not the Borrower in the agreement?,BANK OF AMERICA,1,3,0
98,What company is the ADMINISTRATIVE%09 %09%09 %09%09 %09AGENT %26 LENDER and Agent but not the Arrangers in the agreement?,BANK OF AMERICA,1,3,0
98,What company is the ADMINISTRATIVE%09 %09%09 %09%09 %09AGENT %26 LENDER and Agent but not the Book Managers in the agreement?,BANK OF AMERICA,1,3,0
98,What company is the ADMINISTRATIVE%09 %09%09 %09%09 %09AGENT %26 LENDER and Agent but not the LENDERS in the agreement?,BANK OF AMERICA,1,3,0
98,What company is the ADMINISTRATIVE%09 %09%09 %09%09 %09AGENT %26 LENDER and L%2FC Issuer but not the BORROWER in the agreement?,BANK OF AMERICA,1,3,0
98,What company is the ADMINISTRATIVE%09 %09%09 %09%09 %09AGENT %26 LENDER and L%2FC Issuer but not the Borrower in the agreement?,BANK OF AMERICA,1,3,0
98,What company is the ADMINISTRATIVE%09 %09%09 %09%09 %09AGENT %26 LENDER and L%2FC Issuer but not the Arrangers in the agreement?,BANK OF AMERICA,1,3,0
98,What company is the ADMINISTRATIVE%09 %09%09 %09%09 %09AGENT %26 LENDER and L%2FC Issuer but not the Book Managers in the agreement?,BANK OF AMERICA,1,3,0
98,What company is the ADMINISTRATIVE%09 %09%09 %09%09 %09AGENT %26 LENDER and L%2FC Issuer but not the LENDERS in the agreement?,BANK OF AMERICA,1,3,0
98,What company is the ADMINISTRATIVE%09 %09%09 %09%09 %09AGENT %26 LENDER and Lender but not the BORROWER in the agreement?,BANK OF AMERICA,1,3,0
98,What company is the ADMINISTRATIVE%09 %09%09 %09%09 %09AGENT %26 LENDER and Lender but not the Borrower in the agreement?,BANK OF AMERICA,1,3,0
98,What company is the ADMINISTRATIVE%09 %09%09 %09%09 %09AGENT %26 LENDER and Lender but not the Arrangers in the agreement?,BANK OF AMERICA,1,3,0
98,What company is the ADMINISTRATIVE%09 %09%09 %09%09 %09AGENT %26 LENDER and Lender but not the Book Managers in the agreement?,BANK OF AMERICA,1,3,0
98,What company is the ADMINISTRATIVE%09 %09%09 %09%09 %09AGENT %26 LENDER and Lender but not the LENDERS in the agreement?,BANK OF AMERICA,1,3,0
98,What company is the BORROWER and Borrower but not the Arrangers in the agreement?,"CITRIX SYSTEMS, INC.",1,3,0
98,What company is the BORROWER and Borrower but not the Book Managers in the agreement?,"CITRIX SYSTEMS, INC.",1,3,0
98,What company is the BORROWER and Borrower but not the LENDERS in the agreement?,"CITRIX SYSTEMS, INC.",1,3,0
166,What companies are the Bookrunners but not the Lead Arrangers in the agreement?,"BARCLAYS BANK PLC, CITIGROUP GLOBAL MARKETS ASIA LIMITED, ING BANK N.V., SINGAPORE BRANCH, KOTAK MAHINDRA BANK LIMITED, STANDARD CHARTERED BANK, STATE BANK OF INDIA, THE BANK OF TOKYO-MITSUBISHI UFJ, LTD.",1,2,1
166,What companies are the Bookrunners but not the Lender in the agreement?,"CITIGROUP GLOBAL MARKETS ASIA LIMITED, ICICI BANK LIMITED, ING BANK N.V., SINGAPORE BRANCH",1,2,1
166,What company is the Guarantor and Mortgagor but not the Borrower in the agreement?,NOVELIS CORPORATION,1,3,0
166,What company is the Guarantor and Mortgagor but not the Lender in the agreement?,NOVELIS CORPORATION,1,3,0
166,What company is the Guarantor and Mortgagor but not the administrative agent in the agreement?,NOVELIS CORPORATION,1,3,0
166,What company is the Guarantor and Mortgagor but not the collateral agent in the agreement?,NOVELIS CORPORATION,1,3,0
166,What company is the Guarantor and Mortgagor but not the Administrative Agent in the agreement?,NOVELIS CORPORATION,1,3,0
166,What company is the Guarantor and Mortgagor but not the Collateral Agent in the agreement?,NOVELIS CORPORATION,1,3,0
166,What company is the Bookrunners and Lead Arrangers but not the Lender in the agreement?,ICICI BANK LIMITED,1,3,0
166,What company is the administrative agent and collateral agent but not the Administrative Agent in the agreement?,Standard Chartered Bank,1,3,0
166,What company is the administrative agent and collateral agent but not the Collateral Agent in the agreement?,Standard Chartered Bank,1,3,0
166,What company is the Lead Arrangers but not the Mortgagor or Lender in the agreement?,ICICI BANK LIMITED,1,3,0
166,What company is the Lead Arrangers but not the Borrower or Lender in the agreement?,ICICI BANK LIMITED,1,3,0
166,What company is the Lead Arrangers but not the Lender or collateral agent in the agreement?,ICICI BANK LIMITED,1,3,0
166,What company is the Lead Arrangers but not the Lender or administrative agent in the agreement?,ICICI BANK LIMITED,1,3,0
166,What company is the Lead Arrangers but not the Lender or Collateral Agent in the agreement?,ICICI BANK LIMITED,1,3,0
166,What company is the Lead Arrangers but not the Lender or Administrative Agent in the agreement?,ICICI BANK LIMITED,1,3,0
166,"Who are the Head CRC, Legal Counsel, and Manager, CRC of the company which is the Collateral Agent in the agreement?","James Perkins, Simon Williams, Valdeep Singh",3,0,1
166,"Who are the Head CRC, Legal Counsel, and Manager, CRC of the company which is the Administrative Agent in the agreement?","James Perkins, Simon Williams, Valdeep Singh",3,0,1
166,Who is the Assistant Vice Presiden of the company which is both the Bookrunners and the Lender in the agreement?,Mark Pope,3,1,0
166,Who is the SVP %28Credit Administration%29 of the company which is both the Bookrunners and the Lender in the agreement?,R. Srinivasa Sekaran,3,1,0
166,Who is the General Manager of the company which is both the Bookrunners and the Lender in the agreement?,Suguru Hattori,3,1,0
166,Who is the Joint Managing Director of the company which is both the Bookrunners and the Lender in the agreement?,Dipak Gupta,3,1,0
166,Who is the Senior Executive Vice President of the company which is both the Bookrunners and the Lender in the agreement?,Rajeev Mohan,3,1,0
166,What is the address of the zonal office office of the company which is both the Bookrunners and Lender in the agreement?,Dubai UAE,3,1,0
166,What is the address of the corporate office office of the company which is both the Bookrunners and Lender in the agreement?,"Two Alliance Center, 3560 Lenox Road, Suite 2000, Atlanta, GA 30326, USA",3,1,0
67,"What is the role and subrole that COHERUS INTERMEDIATE CORP. and INTEKRIN THERAPEUTICS INC. share in the agreement that is not held by COHERUS BIOSCIENCES, INC.?",additional credit party,1,3,0
67,What company is the Credit Party and Borrower but not the legal counsel in the agreement?,"COHERUS BIOSCIENCES, INC.",1,3,0
67,What company is the Credit Party but not the additional credit party or Issuer in the agreement?,"COHERUS BIOSCIENCES, INC.",1,3,0
67,What company is the Credit Party but not the additional credit party or Investor in the agreement?,"COHERUS BIOSCIENCES, INC.",1,3,0
67,What company is the Credit Party but not the additional credit party or Agent in the agreement?,"COHERUS BIOSCIENCES, INC.",1,3,0
67,What company is the Credit Party but not the additional credit party or legal counsel in the agreement?,"COHERUS BIOSCIENCES, INC.",1,3,0
67,Who is the President of the company which is both the Credit Party and the additional credit party in the agreement?,Michael Fleming,3,1,0
67,Who is the CEO of the company which is both the Credit Party and the Borrower in the agreement?,Dennis M. Lanfear,3,1,0
67,Who is both the CEO and Managing Member of the company which is the Agent in the agreement?,Pedro Gonzalez de Cosio,3,1,0
73,"What roles does BANK OF AMERICA have in the agreement which are not the roles of SUNTRUST ROBINSON HUMPHREY, INC?","Administrative Agent, Collateral Agent, L%2FC Issuer, Swing Line Lender",1,2,1
73,What roles does BANK OF AMERICA have in the agreement which are not the roles of BARCLAYS BANK PLC?,"Administrative Agent, Collateral Agent, L%2FC Issuer, Swing Line Lender",1,2,1
73,"What roles does BANK OF AMERICA have in the agreement which are not the roles of WELLS FARGO SECURITIES, LLC?","Administrative Agent, Collateral Agent, L%2FC Issuer, Swing Line Lender",1,2,1
73,What roles does BANK OF AMERICA have in the agreement which are not the roles of CREDIT SUISSE SECURITIES %28USA%29 LLC?,"Administrative Agent, Collateral Agent, L%2FC Issuer, Swing Line Lender",1,2,1
73,What roles does BANK OF AMERICA have in the agreement which are not the roles of DEUTSCHE BANK SECURITIES INC?,"Administrative Agent, Collateral Agent, L%2FC Issuer, Swing Line Lender",1,2,1
73,What company is the Administrative Agent and Collateral Agent but not the Co-Managers in the agreement?,BANK OF AMERICA,1,3,0
73,What company is the Administrative Agent and Collateral Agent but not the Borrower in the agreement?,BANK OF AMERICA,1,3,0
73,What company is the Administrative Agent and Collateral Agent but not the Holding Company in the agreement?,BANK OF AMERICA,1,3,0
73,What company is the Administrative Agent and Collateral Agent but not the Lender in the agreement?,BANK OF AMERICA,1,3,0
73,What company is the Administrative Agent and Joint Bookrunners but not the Co-Managers in the agreement?,BANK OF AMERICA,1,3,0
73,What company is the Administrative Agent and Joint Bookrunners but not the Borrower in the agreement?,BANK OF AMERICA,1,3,0
73,What company is the Administrative Agent and Joint Bookrunners but not the Holding Company in the agreement?,BANK OF AMERICA,1,3,0
73,What company is the Administrative Agent and Joint Bookrunners but not the Lender in the agreement?,BANK OF AMERICA,1,3,0
73,What company is the Administrative Agent and Joint Lead Arrangers but not the Co-Managers in the agreement?,BANK OF AMERICA,1,3,0
73,What company is the Administrative Agent and Joint Lead Arrangers but not the Borrower in the agreement?,BANK OF AMERICA,1,3,0
73,What company is the Administrative Agent and Joint Lead Arrangers but not the Holding Company in the agreement?,BANK OF AMERICA,1,3,0
73,What company is the Administrative Agent and Joint Lead Arrangers but not the Lender in the agreement?,BANK OF AMERICA,1,3,0
73,What company is the Administrative Agent and L%2FC Issuer but not the Co-Managers in the agreement?,BANK OF AMERICA,1,3,0
73,What company is the Administrative Agent and L%2FC Issuer but not the Borrower in the agreement?,BANK OF AMERICA,1,3,0
73,What company is the Administrative Agent and L%2FC Issuer but not the Holding Company in the agreement?,BANK OF AMERICA,1,3,0
73,What company is the Administrative Agent and L%2FC Issuer but not the Lender in the agreement?,BANK OF AMERICA,1,3,0
73,What company is the Administrative Agent and Swing Line Lender but not the Co-Managers in the agreement?,BANK OF AMERICA,1,3,0
73,What company is the Administrative Agent and Swing Line Lender but not the Borrower in the agreement?,BANK OF AMERICA,1,3,0
73,What company is the Administrative Agent and Swing Line Lender but not the Holding Company in the agreement?,BANK OF AMERICA,1,3,0
73,What company is the Administrative Agent and Swing Line Lender but not the Lender in the agreement?,BANK OF AMERICA,1,3,0
73,What company is the Collateral Agent and Joint Bookrunners but not the Co-Managers in the agreement?,BANK OF AMERICA,1,3,0
73,What company is the Collateral Agent and Joint Bookrunners but not the Borrower in the agreement?,BANK OF AMERICA,1,3,0
73,What company is the Collateral Agent and Joint Bookrunners but not the Holding Company in the agreement?,BANK OF AMERICA,1,3,0
73,What company is the Collateral Agent and Joint Bookrunners but not the Lender in the agreement?,BANK OF AMERICA,1,3,0
73,What company is the Collateral Agent and Joint Lead Arrangers but not the Co-Managers in the agreement?,BANK OF AMERICA,1,3,0
73,What company is the Collateral Agent and Joint Lead Arrangers but not the Borrower in the agreement?,BANK OF AMERICA,1,3,0
73,What company is the Collateral Agent and Joint Lead Arrangers but not the Holding Company in the agreement?,BANK OF AMERICA,1,3,0
73,What company is the Collateral Agent and Joint Lead Arrangers but not the Lender in the agreement?,BANK OF AMERICA,1,3,0
73,What company is the Collateral Agent and L%2FC Issuer but not the Co-Managers in the agreement?,BANK OF AMERICA,1,3,0
73,What company is the Collateral Agent and L%2FC Issuer but not the Borrower in the agreement?,BANK OF AMERICA,1,3,0
73,What company is the Collateral Agent and L%2FC Issuer but not the Holding Company in the agreement?,BANK OF AMERICA,1,3,0
73,What company is the Collateral Agent and L%2FC Issuer but not the Lender in the agreement?,BANK OF AMERICA,1,3,0
73,What company is the Collateral Agent and Swing Line Lender but not the Co-Managers in the agreement?,BANK OF AMERICA,1,3,0
73,What company is the Collateral Agent and Swing Line Lender but not the Borrower in the agreement?,BANK OF AMERICA,1,3,0
73,What company is the Collateral Agent and Swing Line Lender but not the Holding Company in the agreement?,BANK OF AMERICA,1,3,0
73,What company is the Collateral Agent and Swing Line Lender but not the Lender in the agreement?,BANK OF AMERICA,1,3,0
73,What company is the Joint Bookrunners and L%2FC Issuer but not the Co-Managers in the agreement?,BANK OF AMERICA,1,3,0
73,What company is the Joint Bookrunners and L%2FC Issuer but not the Borrower in the agreement?,BANK OF AMERICA,1,3,0
73,What company is the Joint Bookrunners and L%2FC Issuer but not the Holding Company in the agreement?,BANK OF AMERICA,1,3,0
73,What company is the Joint Bookrunners and L%2FC Issuer but not the Lender in the agreement?,BANK OF AMERICA,1,3,0
73,What company is the Joint Bookrunners and Swing Line Lender but not the Co-Managers in the agreement?,BANK OF AMERICA,1,3,0
73,What company is the Joint Bookrunners and Swing Line Lender but not the Borrower in the agreement?,BANK OF AMERICA,1,3,0
73,What company is the Joint Bookrunners and Swing Line Lender but not the Holding Company in the agreement?,BANK OF AMERICA,1,3,0
73,What company is the Joint Bookrunners and Swing Line Lender but not the Lender in the agreement?,BANK OF AMERICA,1,3,0
73,What company is the Joint Lead Arrangers and L%2FC Issuer but not the Co-Managers in the agreement?,BANK OF AMERICA,1,3,0
73,What company is the Joint Lead Arrangers and L%2FC Issuer but not the Borrower in the agreement?,BANK OF AMERICA,1,3,0
73,What company is the Joint Lead Arrangers and L%2FC Issuer but not the Holding Company in the agreement?,BANK OF AMERICA,1,3,0
73,What company is the Joint Lead Arrangers and L%2FC Issuer but not the Lender in the agreement?,BANK OF AMERICA,1,3,0
73,What company is the Joint Lead Arrangers and Swing Line Lender but not the Co-Managers in the agreement?,BANK OF AMERICA,1,3,0
73,What company is the Joint Lead Arrangers and Swing Line Lender but not the Borrower in the agreement?,BANK OF AMERICA,1,3,0
73,What company is the Joint Lead Arrangers and Swing Line Lender but not the Holding Company in the agreement?,BANK OF AMERICA,1,3,0
73,What company is the Joint Lead Arrangers and Swing Line Lender but not the Lender in the agreement?,BANK OF AMERICA,1,3,0
73,What company is the L%2FC Issuer and Swing Line Lender but not the Co-Managers in the agreement?,BANK OF AMERICA,1,3,0
73,What company is the L%2FC Issuer and Swing Line Lender but not the Borrower in the agreement?,BANK OF AMERICA,1,3,0
73,What company is the L%2FC Issuer and Swing Line Lender but not the Holding Company in the agreement?,BANK OF AMERICA,1,3,0
73,What company is the L%2FC Issuer and Swing Line Lender but not the Lender in the agreement?,BANK OF AMERICA,1,3,0
73,Who is the Assistant Vice President of the company which is both the Joint Lead Arrangers and the Joint Bookrunners in the agreement?,Christopher M. Aitkin,3,1,0
73,Who is the Director of the company which is both the Joint Lead Arrangers and the Joint Bookrunners in the agreement?,Lindsey McGraw,3,1,0
9,"What roles does BARCLAYS BANK PLC have in the agreement which are not the roles of JPMORGAN CHASE BANK, N.A.?","Arranger, Bookrunner",1,2,1
9,What companies are the Agent but not the Lender in the agreement?,"BANK OF AMERICA, N.A, Barclays Bank PLC, CITIBANK, N.A, JPMORGAN CHASE BANK, THE ROYAL BANK OF SCOTLAND",1,2,1
9,What companies are the Agent but not the Arrangers in the agreement?,"BANK OF AMERICA, N.A, BARCLAYS BANK PLC, CITIBANK, N.A, JPMORGAN CHASE BANK, JPMORGAN CHASE BANK, N.A., THE ROYAL BANK OF SCOTLAND",1,2,1
9,What companies are the Agent but not the Arranger in the agreement?,"BANK OF AMERICA, N.A, Barclays Bank PLC, CITIBANK, N.A, JPMORGAN CHASE BANK, JPMORGAN CHASE BANK, N.A., THE ROYAL BANK OF SCOTLAND",1,2,1
9,What companies are the Agent but not the Bookrunner in the agreement?,"BANK OF AMERICA, N.A, Barclays Bank PLC, CITIBANK, N.A, JPMORGAN CHASE BANK, JPMORGAN CHASE BANK, N.A., THE ROYAL BANK OF SCOTLAND",1,2,1
9,What companies are the Lender but not the Arranger in the agreement?,"BANK OF AMERICA, N.A., BRANCH BANKING AND TRUST COMPANY, CITIBANK, N.A., CREDIT SUISSE AG, CAYMAN ISLANDS BRANCH, GOLDMAN SACHS BANK USA, JPMORGAN CHASE BANK, N.A., JPMorgan Chase Bank, N.A., ROYAL BANK OF CANADA, THE ROYAL BANK OF SCOTLAND plc",1,2,1
9,What companies are the Lender but not the Bookrunner in the agreement?,"BANK OF AMERICA, N.A., BRANCH BANKING AND TRUST COMPANY, CITIBANK, N.A., CREDIT SUISSE AG, CAYMAN ISLANDS BRANCH, GOLDMAN SACHS BANK USA, JPMORGAN CHASE BANK, N.A., JPMorgan Chase Bank, N.A., ROYAL BANK OF CANADA, THE ROYAL BANK OF SCOTLAND plc",1,2,1
9,What company is the Agent and Lender but not the Arranger in the agreement?,"JPMORGAN CHASE BANK, N.A.",1,3,0
9,What company is the Agent and Lender but not the Bookrunner in the agreement?,"JPMORGAN CHASE BANK, N.A.",1,3,0
9,What company is the Agent and Arrangers but not the Borrower in the agreement?,Barclays Bank PLC,1,3,0
9,What company is the Agent and Arrangers but not the Arranger in the agreement?,Barclays Bank PLC,1,3,0
9,What company is the Agent and Arrangers but not the Bookrunner in the agreement?,Barclays Bank PLC,1,3,0
9,"Who are the Senior Vice Presidents of the company associated with 1011 Warrenville Road%09  %09  %09Suite 600%09  %09  %09Lisle, IL 60532?","Eric Searls, Jonathan M. Phillips, Mark E. Newman",3,0,1
9,"Who are the Senior Vice Presidents of the company associated with 500 Stanton Christiana Road, Ops 2, Floor 3%09  %09  %09Newark, Delaware 19713-2107?","Eric Searls, Jonathan M. Phillips, Mark E. Newman",3,0,1
9,Who are the Senior Vice Presidents of the company where Denise R. Cade is employed?,"Eric Searls, Jonathan M. Phillips, Mark E. Newman",3,0,1
9,Who is the Executive Director of the company which is both the Lender and the Agent in the agreement?,Peter Predun,3,1,0
9,Who is both the Treasurer and Senior Vice President of the company where Eric Searls is employed?,Mark E. Newman,3,1,0
9,Who is both the Treasurer and Senior Vice President of the company where Jonathan M. Phillips is employed?,Mark E. Newman,3,1,0
59,What companies are the Lender but not the Arrangers in the agreement?,"ABN AMRO CAPITAL USA LLC, ARVEST BANK, BANK OF AMERICA, N.A., BANK OF THE WEST, BMO HARRIS BANK N.A., BOKF, N.A., BRANCH BANKING AND TRUST COMPANY, CITIBANK, N.A., FARM CREDIT MID-AMERICA, PCA, FIFTH THIRD BANK, FIRST NATIONAL BANK OF OMAHA, G%C3%89N%C3%89RALE, JPMORGAN CHASE BANK, N.A., PNC BANK, NATIONAL ASSOCIATION, THE BANK OF NOVA SCOTIA, U.S. BANK NATIONAL ASSOCIATION",1,2,1
59,What companies are the agents but not the Arrangers in the agreement?,"ABN AMRO Capital LLC, BMO Harris Bank N.A., Bank of America, N.A., Branch Banking and Trust Company, Citibank, N.A.",1,2,1
59,What company is the Lender and Arrangers but not the Agent in the agreement?,U.S. Bank,1,3,0
59,What company is the Lender and Arrangers but not the LC Issuer in the agreement?,U.S. Bank,1,3,0
59,What company is the Lender and Arrangers but not the legal counsel in the agreement?,U.S. Bank,1,3,0
59,What company is the Lender and Arrangers but not the Borrower in the agreement?,U.S. Bank,1,3,0
59,What company is the Lender and Agent but not the LC Issuer in the agreement?,U.S. BANK NATIONAL ASSOCIATION,1,3,0
59,What company is the Lender and Agent but not the legal counsel in the agreement?,U.S. BANK NATIONAL ASSOCIATION,1,3,0
59,What company is the Lender and Agent but not the Borrower in the agreement?,U.S. BANK NATIONAL ASSOCIATION,1,3,0
65,What company is the Lender and Agent but not the Borrower in the agreement?,"CITIZENS BANK, N.A.",1,3,0
65,What company is the Lender and Issuer but not the Borrower in the agreement?,"CITIZENS BANK, N.A.",1,3,0
65,What company is the Agent and Issuer but not the Borrower in the agreement?,"CITIZENS BANK, N.A.",1,3,0
71,What company is the Arranger and Bookrunner but not the Borrower in the agreement?,BANK OF AMERICA MERRILL LYNCH,1,3,0
71,Who is the Sr. Vice President of the company which is both the Bookrunner and the Arranger in the agreement?,Ryan Maples,3,1,0
71,Who is both the Chief Financial Officer and Senior Executive Vice President of the company which is the Borrower in the agreement?,Paul M. Todd,3,1,0
164,"What roles does U.S. BANK NATIONAL ASSOCIATION have in the agreement which are not the roles of SUNTRUST ROBINSON HUMPHREY, INC?","ADMINISTRATIVE AGENT, LC Issuer, Lender",1,2,1
164,What roles does U.S. BANK NATIONAL ASSOCIATION have in the agreement which are not the roles of TRUIST BANK?,"ADMINISTRATIVE AGENT, JOINT BOOK RUNNERS, LC Issuer",1,2,1
164,What roles does U.S. BANK NATIONAL ASSOCIATION have in the agreement which are not the roles of REGIONS BANK?,"ADMINISTRATIVE AGENT, JOINT BOOK RUNNERS, LC Issuer",1,2,1
164,What companies are the Lender but not the JOINT BOOK RUNNERS in the agreement?,"ARVEST BANK, COMERICA BANK, COMMERCE BANK, FIFTH THIRD BANK, REGIONS BANK, TRUIST BANK",1,2,1
164,What companies are the Lender but not the SYNDICATION AGENTS in the agreement?,"ARVEST BANK, COMERICA BANK, COMMERCE BANK, FIFTH THIRD BANK, U.S. BANK NATIONAL ASSOCIATION",1,2,1
164,What company is the LC Issuer and Lender but not the LEAD ARRANGERS in the agreement?,U.S. BANK NATIONAL ASSOCIATION,1,3,0
164,What company is the LC Issuer and Lender but not the SYNDICATION AGENTS in the agreement?,U.S. BANK NATIONAL ASSOCIATION,1,3,0
164,What company is the LC Issuer and Lender but not the THE LENDERS in the agreement?,U.S. BANK NATIONAL ASSOCIATION,1,3,0
164,What company is the LC Issuer and ADMINISTRATIVE AGENT but not the LEAD ARRANGERS in the agreement?,U.S. BANK NATIONAL ASSOCIATION,1,3,0
164,What company is the LC Issuer and ADMINISTRATIVE AGENT but not the SYNDICATION AGENTS in the agreement?,U.S. BANK NATIONAL ASSOCIATION,1,3,0
164,What company is the LC Issuer and ADMINISTRATIVE AGENT but not the THE LENDERS in the agreement?,U.S. BANK NATIONAL ASSOCIATION,1,3,0
164,What company is the LC Issuer and JOINT BOOK RUNNERS but not the LEAD ARRANGERS in the agreement?,U.S. BANK NATIONAL ASSOCIATION,1,3,0
164,What company is the LC Issuer and JOINT BOOK RUNNERS but not the SYNDICATION AGENTS in the agreement?,U.S. BANK NATIONAL ASSOCIATION,1,3,0
164,What company is the LC Issuer and JOINT BOOK RUNNERS but not the THE LENDERS in the agreement?,U.S. BANK NATIONAL ASSOCIATION,1,3,0
164,What company is the Lender and ADMINISTRATIVE AGENT but not the LEAD ARRANGERS in the agreement?,U.S. BANK NATIONAL ASSOCIATION,1,3,0
164,What company is the Lender and ADMINISTRATIVE AGENT but not the SYNDICATION AGENTS in the agreement?,U.S. BANK NATIONAL ASSOCIATION,1,3,0
164,What company is the Lender and ADMINISTRATIVE AGENT but not the THE LENDERS in the agreement?,U.S. BANK NATIONAL ASSOCIATION,1,3,0
164,What company is the Lender and JOINT BOOK RUNNERS but not the LEAD ARRANGERS in the agreement?,U.S. BANK NATIONAL ASSOCIATION,1,3,0
164,What company is the Lender and JOINT BOOK RUNNERS but not the SYNDICATION AGENTS in the agreement?,U.S. BANK NATIONAL ASSOCIATION,1,3,0
164,What company is the Lender and JOINT BOOK RUNNERS but not the THE LENDERS in the agreement?,U.S. BANK NATIONAL ASSOCIATION,1,3,0
164,What company is the ADMINISTRATIVE AGENT and JOINT BOOK RUNNERS but not the LEAD ARRANGERS in the agreement?,U.S. BANK NATIONAL ASSOCIATION,1,3,0
164,What company is the ADMINISTRATIVE AGENT and JOINT BOOK RUNNERS but not the SYNDICATION AGENTS in the agreement?,U.S. BANK NATIONAL ASSOCIATION,1,3,0
164,What company is the ADMINISTRATIVE AGENT and JOINT BOOK RUNNERS but not the THE LENDERS in the agreement?,U.S. BANK NATIONAL ASSOCIATION,1,3,0
164,What company is the JOINT BOOK RUNNERS and LEAD ARRANGERS but not the SYNDICATION AGENTS in the agreement?,"SUNTRUST ROBINSON HUMPHREY, INC",1,3,0
164,What company is the JOINT BOOK RUNNERS and LEAD ARRANGERS but not the THE LENDERS in the agreement?,"SUNTRUST ROBINSON HUMPHREY, INC",1,3,0
164,What company is the JOINT BOOK RUNNERS but not the Lender or LEAD ARRANGERS in the agreement?,REGIONS CAPITAL MARKETS,1,3,0
164,What company is the JOINT BOOK RUNNERS but not the ADMINISTRATIVE AGENT or LEAD ARRANGERS in the agreement?,REGIONS CAPITAL MARKETS,1,3,0
164,What company is the JOINT BOOK RUNNERS but not the LC Issuer or LEAD ARRANGERS in the agreement?,REGIONS CAPITAL MARKETS,1,3,0
164,Who is the Officer of the company which is both the Lender and the SYNDICATION AGENTS in the agreement?,Tyler Tirpak,3,1,0
170,What companies are the Agent but not the Lender in the agreement?,"CITIBANK, GOLDMAN SACHS BANK USA,JPMORGAN CHASE BANK, N.A.,THE BANK OF NOVA SCOTIA,U.S. BANK NATIONAL ASSOCIATION, WELLS FARGO BANK",1,2,1
170,What company is the Administrative Agent and Swing Line Lender but not the Agent in the agreement?,BANK OF AMERICA,1,3,0
170,What company is the Administrative Agent and Swing Line Lender but not the Lender in the agreement?,BANK OF AMERICA,1,3,0
170,What company is the Administrative Agent and Swing Line Lender but not the Book Manager in the agreement?,BANK OF AMERICA,1,3,0
170,What company is the Administrative Agent and Swing Line Lender but not the Lead Arranger in the agreement?,BANK OF AMERICA,1,3,0
170,What company is the Administrative Agent and Swing Line Lender but not the Borrower in the agreement?,BANK OF AMERICA,1,3,0
170,What company is the Administrative Agent and Swing Line Lender but not the L%2FC Issuer in the agreement?,BANK OF AMERICA,1,3,0
170,Who is the Assistant Vice President of the company which is both the Lender and the Agent in the agreement?,Mark D. Rodgers,3,1,0
170,Who is both the treasurer and vice president of the company which is the Borrower in the agreement?,Richard Lautch,3,1,0
158,What company is the Administrative Agent and L%2FC Issuer but not the Bookrunner in the agreement?,"BANK OF AMERICA, N.A.,",1,3,0
158,What company is the Administrative Agent and L%2FC Issuer but not the Lead Arranger in the agreement?,"BANK OF AMERICA, N.A.,",1,3,0
158,What company is the Administrative Agent and L%2FC Issuer but not the Borrowers in the agreement?,"BANK OF AMERICA, N.A.,",1,3,0
158,What company is the Administrative Agent and L%2FC Issuer but not the Borrower in the agreement?,"BANK OF AMERICA, N.A.,",1,3,0
158,What company is the Administrative Agent and L%2FC Issuer but not the Lender in the agreement?,"BANK OF AMERICA, N.A.,",1,3,0
158,What company is the Administrative Agent and Swingline Lender but not the Bookrunner in the agreement?,"BANK OF AMERICA, N.A.,",1,3,0
158,What company is the Administrative Agent and Swingline Lender but not the Lead Arranger in the agreement?,"BANK OF AMERICA, N.A.,",1,3,0
158,What company is the Administrative Agent and Swingline Lender but not the Borrowers in the agreement?,"BANK OF AMERICA, N.A.,",1,3,0
158,What company is the Administrative Agent and Swingline Lender but not the Borrower in the agreement?,"BANK OF AMERICA, N.A.,",1,3,0
158,What company is the Administrative Agent and Swingline Lender but not the Lender in the agreement?,"BANK OF AMERICA, N.A.,",1,3,0
158,What company is the L%2FC Issuer and Swingline Lender but not the Bookrunner in the agreement?,"BANK OF AMERICA, N.A.,",1,3,0
158,What company is the L%2FC Issuer and Swingline Lender but not the Lead Arranger in the agreement?,"BANK OF AMERICA, N.A.,",1,3,0
158,What company is the L%2FC Issuer and Swingline Lender but not the Borrowers in the agreement?,"BANK OF AMERICA, N.A.,",1,3,0
158,What company is the L%2FC Issuer and Swingline Lender but not the Borrower in the agreement?,"BANK OF AMERICA, N.A.,",1,3,0
158,What company is the L%2FC Issuer and Swingline Lender but not the Lender in the agreement?,"BANK OF AMERICA, N.A.,",1,3,0
158,What company is the Bookrunner and Lead Arranger but not the Borrowers in the agreement?,"BOFA SECURITIES, INC.,",1,3,0
158,What company is the Bookrunner and Lead Arranger but not the Borrower in the agreement?,"BOFA SECURITIES, INC.,",1,3,0
158,What company is the Bookrunner and Lead Arranger but not the Lender in the agreement?,"BOFA SECURITIES, INC.,",1,3,0
159,What company is the Lenders and borrower but not the Company in the agreement?,"MSIF FUNDING, LLC",1,3,0
159,What company is the Lenders and borrower but not the Administrative Agent in the agreement?,"MSIF FUNDING, LLC",1,3,0
159,What company is the Lenders and borrower but not the Lender in the agreement?,"MSIF FUNDING, LLC",1,3,0
159,What company is the Lenders and borrower but not the Collateral Administrator in the agreement?,"MSIF FUNDING, LLC",1,3,0
159,What company is the Lenders and borrower but not the Collateral Agent in the agreement?,"MSIF FUNDING, LLC",1,3,0
159,What company is the Lenders and borrower but not the Securities Intermediary in the agreement?,"MSIF FUNDING, LLC",1,3,0
159,What company is the Administrative Agent and Lender but not the Collateral Administrator in the agreement?,JPMORGAN CHASE BANK,1,3,0
159,What company is the Administrative Agent and Lender but not the Collateral Agent in the agreement?,JPMORGAN CHASE BANK,1,3,0
159,What company is the Administrative Agent and Lender but not the Securities Intermediary in the agreement?,JPMORGAN CHASE BANK,1,3,0
159,Who is the Authorized Signatory of the company which is both the Lender and the Administrative Agent in the agreement?,James Greenfield,3,1,0
165,What companies are the Lender but not the Documentation Agents in the agreement?,"BANK OF AMERICA, N.A, BANK OF THE WEST, BARCLAYS BANK PLC, COOPERATIEVE RABOBANK U.A., NEW YORK BRANCH, HSBC BANK USA, N.A, JPMORGAN CHASE BANK, N.A, MIZUHO BANK, LTD., ROYAL BANK OF CANADA, SUNTRUST BANK, THE BANK OF NOVA SCOTIA, U.S. BANK NATIONAL ASSOCIATION",1,2,1
165,What company is the Administrative Agent and Lender but not the Documentation Agents in the agreement?,"BANK OF AMERICA, N.A",1,3,0
165,What company is the Administrative Agent and Lender but not the Joint Lead Arrangers in the agreement?,"BANK OF AMERICA, N.A",1,3,0
165,What company is the Administrative Agent and Lender but not the Joint Bookrunners in the agreement?,"BANK OF AMERICA, N.A",1,3,0
165,What company is the Administrative Agent and Lender but not the Syndication Agent in the agreement?,"BANK OF AMERICA, N.A",1,3,0
165,What company is the Administrative Agent and Lender but not the Company in the agreement?,"BANK OF AMERICA, N.A",1,3,0
165,What company is the Administrative Agent and Lender but not the Lenders in the agreement?,"BANK OF AMERICA, N.A",1,3,0
165,What company is the Lender and Syndication Agent but not the Company in the agreement?,"JPMORGAN CHASE BANK, N.A",1,3,0
165,What company is the Lender and Syndication Agent but not the Lenders in the agreement?,"JPMORGAN CHASE BANK, N.A",1,3,0
165,What company is the Documentation Agents and Joint Bookrunners but not the Syndication Agent in the agreement?,"MIZUHO BANK, LTD",1,3,0
165,What company is the Documentation Agents and Joint Bookrunners but not the Company in the agreement?,"MIZUHO BANK, LTD",1,3,0
165,What company is the Documentation Agents and Joint Bookrunners but not the Lenders in the agreement?,"MIZUHO BANK, LTD",1,3,0
165,"Who are the Corporate Secretary, General Counsel, Investor Relations Officer, Treasurer, and Vice President of the company which is the Company in the agreement?","Colleen Batcheler, Johan Nystedt",3,0,1
165,"Who are the Corporate Secretary, General Counsel, Investor Relations Officer, Treasurer, and Vice President of the company which is the Lenders in the agreement?","Colleen Batcheler, Johan Nystedt",3,0,1
165,Who are the Vice Presidents of the company where Peter Duncan is employed?,"Bridgett J. Manduk Mowry, Brigitte M. Sinclair, Pacella Lehane, Ryan Zimmerman",3,0,1
165,Who is the Executive Director of the company which is both the Lender and the Syndication Agent in the agreement?,Tony Young,3,1,0
165,Who is the Corporate Secretary of the company which is both the Company and the Lenders in the agreement?,Colleen Batcheler,3,1,0
165,Who is the General Counsel of the company which is both the Company and the Lenders in the agreement?,Colleen Batcheler,3,1,0
165,Who is the Investor Relations Officer of the company which is both the Company and the Lenders in the agreement?,Johan Nystedt,3,1,0
165,Who is the Treasurer of the company which is both the Company and the Lenders in the agreement?,Johan Nystedt,3,1,0
165,Who is the Vice President of the company which is both the Company and the Lenders in the agreement?,Johan Nystedt,3,1,0
165,"Who is both the Corporate Secretary and General Counsel of the company associated with 222 Merchandise Mart Plaza, Suite 1300Chicago, IL 60654?",Colleen Batcheler,3,1,0
165,What is the address of the agency management office of the company which is both the Lender and Administrative Agent in the agreement?,"Mail Code%3A CA5-705-04-09555 California Street, 4th FloorSan Francisco, CA 94104",3,1,0
64,What company is the agent and syndication agent but not the bookrunners in the agreement?,Goldman Sachs Lending Partners LLC,1,3,0
64,What company is the agent and syndication agent but not the joint bookrunners in the agreement?,Goldman Sachs Lending Partners LLC,1,3,0
64,What company is the agent and syndication agent but not the Borrower in the agreement?,Goldman Sachs Lending Partners LLC,1,3,0
64,What company is the agent and syndication agent but not the Agent in the agreement?,Goldman Sachs Lending Partners LLC,1,3,0
64,What company is the agent and arrangers but not the bookrunners in the agreement?,Goldman Sachs Lending Partners LLC,1,3,0
64,What company is the agent and arrangers but not the joint bookrunners in the agreement?,Goldman Sachs Lending Partners LLC,1,3,0
64,What company is the agent and arrangers but not the Borrower in the agreement?,Goldman Sachs Lending Partners LLC,1,3,0
64,What company is the agent and arrangers but not the Agent in the agreement?,Goldman Sachs Lending Partners LLC,1,3,0
64,What company is the syndication agent and arrangers but not the bookrunners in the agreement?,Goldman Sachs Lending Partners LLC,1,3,0
64,What company is the syndication agent and arrangers but not the joint bookrunners in the agreement?,Goldman Sachs Lending Partners LLC,1,3,0
64,What company is the syndication agent and arrangers but not the Borrower in the agreement?,Goldman Sachs Lending Partners LLC,1,3,0
64,What company is the syndication agent and arrangers but not the Agent in the agreement?,Goldman Sachs Lending Partners LLC,1,3,0
64,"What company is the arrangers but not the syndication agent, or agent in the agreement?","Morgan Stanley Senior Funding, Inc.",1,3,0
64,"What company is the arrangers but not the syndication agent, or syndication agent in the agreement?","Morgan Stanley Senior Funding, Inc.",1,3,0
64,"What company is the arrangers but not the syndication agent, or bookrunners in the agreement?","Morgan Stanley Senior Funding, Inc.",1,3,0
64,"What company is the arrangers but not the syndication agent, or joint bookrunner in the agreement?","Morgan Stanley Senior Funding, Inc.",1,3,0
64,"What company is the arrangers but not the syndication agent, or joint bookrunners in the agreement?","Morgan Stanley Senior Funding, Inc.",1,3,0
64,"What company is the arrangers but not the syndication agent, or joint book manager in the agreement?","Morgan Stanley Senior Funding, Inc.",1,3,0
64,"What company is the arrangers but not the syndication agent, or joint lead arranger in the agreement?","Morgan Stanley Senior Funding, Inc.",1,3,0
64,"What company is the arrangers but not the syndication agent, or joint book runner in the agreement?","Morgan Stanley Senior Funding, Inc.",1,3,0
64,"What company is the arrangers but not the syndication agent, or Borrower in the agreement?","Morgan Stanley Senior Funding, Inc.",1,3,0
64,"What company is the arrangers but not the syndication agent, or Agent in the agreement?","Morgan Stanley Senior Funding, Inc.",1,3,0
64,What company is the arrangers but not the agent or syndication agent in the agreement?,"Morgan Stanley Senior Funding, Inc.",1,3,0
64,What company is the arrangers but not the agent or bookrunners in the agreement?,"Morgan Stanley Senior Funding, Inc.",1,3,0
64,What company is the arrangers but not the agent or joint bookrunner in the agreement?,"Morgan Stanley Senior Funding, Inc.",1,3,0
64,What company is the arrangers but not the agent or joint bookrunners in the agreement?,"Morgan Stanley Senior Funding, Inc.",1,3,0
64,What company is the arrangers but not the agent or joint book manager in the agreement?,"Morgan Stanley Senior Funding, Inc.",1,3,0
64,What company is the arrangers but not the agent or joint lead arranger in the agreement?,"Morgan Stanley Senior Funding, Inc.",1,3,0
64,What company is the arrangers but not the agent or joint book runner in the agreement?,"Morgan Stanley Senior Funding, Inc.",1,3,0
64,What company is the arrangers but not the agent or Borrower in the agreement?,"Morgan Stanley Senior Funding, Inc.",1,3,0
64,What company is the arrangers but not the agent or Agent in the agreement?,"Morgan Stanley Senior Funding, Inc.",1,3,0
64,What company is the arrangers but not the syndication agent or bookrunners in the agreement?,"Morgan Stanley Senior Funding, Inc.",1,3,0
64,What company is the arrangers but not the syndication agent or joint bookrunner in the agreement?,"Morgan Stanley Senior Funding, Inc.",1,3,0
64,What company is the arrangers but not the syndication agent or joint bookrunners in the agreement?,"Morgan Stanley Senior Funding, Inc.",1,3,0
64,What company is the arrangers but not the syndication agent or joint book manager in the agreement?,"Morgan Stanley Senior Funding, Inc.",1,3,0
64,What company is the arrangers but not the syndication agent or joint lead arranger in the agreement?,"Morgan Stanley Senior Funding, Inc.",1,3,0
64,What company is the arrangers but not the syndication agent or joint book runner in the agreement?,"Morgan Stanley Senior Funding, Inc.",1,3,0
64,What company is the arrangers but not the syndication agent or Borrower in the agreement?,"Morgan Stanley Senior Funding, Inc.",1,3,0
64,What company is the arrangers but not the syndication agent or Agent in the agreement?,"Morgan Stanley Senior Funding, Inc.",1,3,0
64,What company is the lead arranger but not the agent or syndication agent in the agreement?,"Morgan Stanley Senior Funding, Inc.",1,3,0
64,What company is the lead arranger but not the agent or bookrunners in the agreement?,"Morgan Stanley Senior Funding, Inc.",1,3,0
64,What company is the lead arranger but not the agent or joint bookrunner in the agreement?,"Morgan Stanley Senior Funding, Inc.",1,3,0
64,What company is the lead arranger but not the agent or joint bookrunners in the agreement?,"Morgan Stanley Senior Funding, Inc.",1,3,0
64,What company is the lead arranger but not the agent or joint book manager in the agreement?,"Morgan Stanley Senior Funding, Inc.",1,3,0
64,What company is the lead arranger but not the agent or joint lead arranger in the agreement?,"Morgan Stanley Senior Funding, Inc.",1,3,0
64,What company is the lead arranger but not the agent or joint book runner in the agreement?,"Morgan Stanley Senior Funding, Inc.",1,3,0
64,What company is the lead arranger but not the agent or Borrower in the agreement?,"Morgan Stanley Senior Funding, Inc.",1,3,0
64,What company is the lead arranger but not the agent or Agent in the agreement?,"Morgan Stanley Senior Funding, Inc.",1,3,0
64,What company is the lead arranger but not the syndication agent or bookrunners in the agreement?,"Morgan Stanley Senior Funding, Inc.",1,3,0
64,What company is the lead arranger but not the syndication agent or joint bookrunner in the agreement?,"Morgan Stanley Senior Funding, Inc.",1,3,0
64,What company is the lead arranger but not the syndication agent or joint bookrunners in the agreement?,"Morgan Stanley Senior Funding, Inc.",1,3,0
64,What company is the lead arranger but not the syndication agent or joint book manager in the agreement?,"Morgan Stanley Senior Funding, Inc.",1,3,0
64,What company is the lead arranger but not the syndication agent or joint lead arranger in the agreement?,"Morgan Stanley Senior Funding, Inc.",1,3,0
64,What company is the lead arranger but not the syndication agent or joint book runner in the agreement?,"Morgan Stanley Senior Funding, Inc.",1,3,0
64,What company is the lead arranger but not the syndication agent or Borrower in the agreement?,"Morgan Stanley Senior Funding, Inc.",1,3,0
64,What company is the lead arranger but not the syndication agent or Agent in the agreement?,"Morgan Stanley Senior Funding, Inc.",1,3,0
64,What company is the lead bookrunner but not the syndication agent or bookrunners in the agreement?,"Morgan Stanley Senior Funding, Inc.",1,3,0
64,What company is the lead bookrunner but not the syndication agent or joint bookrunner in the agreement?,"Morgan Stanley Senior Funding, Inc.",1,3,0
64,What company is the lead bookrunner but not the syndication agent or joint bookrunners in the agreement?,"Morgan Stanley Senior Funding, Inc.",1,3,0
64,What company is the lead bookrunner but not the syndication agent or joint book manager in the agreement?,"Morgan Stanley Senior Funding, Inc.",1,3,0
64,What company is the lead bookrunner but not the syndication agent or joint lead arranger in the agreement?,"Morgan Stanley Senior Funding, Inc.",1,3,0
64,What company is the lead bookrunner but not the syndication agent or joint book runner in the agreement?,"Morgan Stanley Senior Funding, Inc.",1,3,0
64,What company is the lead bookrunner but not the syndication agent or Borrower in the agreement?,"Morgan Stanley Senior Funding, Inc.",1,3,0
64,What company is the lead bookrunner but not the syndication agent or Agent in the agreement?,"Morgan Stanley Senior Funding, Inc.",1,3,0
58,Who is both the Chief Executive Officer and President of the company which is the GUARANTORS in the agreement?,Dennis M. Lanfear,3,1,0
58,Who is both the President and Chief Executive Officer of the company where Michael Fleming is employed?,Dennis M. Lanfear,3,1,0
41,"What roles does CITIZENS BANK, N.A. have in the agreement which are not the roles of BMO Harris Bank N.A.?","lead arranger, lead bookrunner",1,2,1
41,"What company is the Agent, and LC Issuer but not the Agent in the agreement?",BMO HARRIS BANK,1,3,0
41,"What company is the Agent, and LC Issuer but not the Lender in the agreement?",BMO HARRIS BANK,1,3,0
41,"What company is the Agent, and LC Issuer but not the arranger in the agreement?",BMO HARRIS BANK,1,3,0
41,"What company is the Agent, and LC Issuer but not the lead arranger in the agreement?",BMO HARRIS BANK,1,3,0
41,"What company is the Agent, and LC Issuer but not the bookrunner in the agreement?",BMO HARRIS BANK,1,3,0
41,"What company is the Agent, and LC Issuer but not the lead bookrunner in the agreement?",BMO HARRIS BANK,1,3,0
41,"What company is the Agent, and LC Issuer but not the Agent. in the agreement?",BMO HARRIS BANK,1,3,0
41,"What company is the Agent, and LC Issuer but not the Borrower in the agreement?",BMO HARRIS BANK,1,3,0
41,What company is the LC Issuer and Agent but not the arranger in the agreement?,BMO Harris Bank N.A.,1,3,0
41,What company is the LC Issuer and Agent but not the lead arranger in the agreement?,BMO Harris Bank N.A.,1,3,0
41,What company is the LC Issuer and Agent but not the bookrunner in the agreement?,BMO Harris Bank N.A.,1,3,0
41,What company is the LC Issuer and Agent but not the lead bookrunner in the agreement?,BMO Harris Bank N.A.,1,3,0
41,What company is the LC Issuer and Agent but not the Agent. in the agreement?,BMO Harris Bank N.A.,1,3,0
41,What company is the LC Issuer and Agent but not the Borrower in the agreement?,BMO Harris Bank N.A.,1,3,0
41,What company is the LC Issuer and Lender but not the arranger in the agreement?,BMO Harris Bank N.A.,1,3,0
41,What company is the LC Issuer and Lender but not the lead arranger in the agreement?,BMO Harris Bank N.A.,1,3,0
41,What company is the LC Issuer and Lender but not the bookrunner in the agreement?,BMO Harris Bank N.A.,1,3,0
41,What company is the LC Issuer and Lender but not the lead bookrunner in the agreement?,BMO Harris Bank N.A.,1,3,0
41,What company is the LC Issuer and Lender but not the Agent. in the agreement?,BMO Harris Bank N.A.,1,3,0
41,What company is the LC Issuer and Lender but not the Borrower in the agreement?,BMO Harris Bank N.A.,1,3,0
41,What company is the Lender and arranger but not the Agent. in the agreement?,"CITIZENS BANK, N.A.",1,3,0
41,What company is the Lender and arranger but not the Borrower in the agreement?,"CITIZENS BANK, N.A.",1,3,0
41,What company is the Lender and lead arranger but not the Agent. in the agreement?,"CITIZENS BANK, N.A.",1,3,0
41,What company is the Lender and lead arranger but not the Borrower in the agreement?,"CITIZENS BANK, N.A.",1,3,0
41,What company is the Lender and bookrunner but not the Agent. in the agreement?,"CITIZENS BANK, N.A.",1,3,0
41,What company is the Lender and bookrunner but not the Borrower in the agreement?,"CITIZENS BANK, N.A.",1,3,0
41,What company is the Lender and lead bookrunner but not the Agent. in the agreement?,"CITIZENS BANK, N.A.",1,3,0
41,What company is the Lender and lead bookrunner but not the Borrower in the agreement?,"CITIZENS BANK, N.A.",1,3,0
41,What company is the arranger and lead arranger but not the Agent. in the agreement?,"CITIZENS BANK, N.A.",1,3,0
41,What company is the arranger and lead arranger but not the Borrower in the agreement?,"CITIZENS BANK, N.A.",1,3,0
41,What company is the arranger and bookrunner but not the Agent. in the agreement?,"CITIZENS BANK, N.A.",1,3,0
41,What company is the arranger and bookrunner but not the Borrower in the agreement?,"CITIZENS BANK, N.A.",1,3,0
41,What company is the arranger and lead bookrunner but not the Agent. in the agreement?,"CITIZENS BANK, N.A.",1,3,0
41,What company is the arranger and lead bookrunner but not the Borrower in the agreement?,"CITIZENS BANK, N.A.",1,3,0
41,What company is the lead arranger and bookrunner but not the Agent. in the agreement?,"CITIZENS BANK, N.A.",1,3,0
41,What company is the lead arranger and bookrunner but not the Borrower in the agreement?,"CITIZENS BANK, N.A.",1,3,0
41,What company is the lead arranger and lead bookrunner but not the Agent. in the agreement?,"CITIZENS BANK, N.A.",1,3,0
41,What company is the lead arranger and lead bookrunner but not the Borrower in the agreement?,"CITIZENS BANK, N.A.",1,3,0
41,What company is the bookrunner and lead bookrunner but not the Agent. in the agreement?,"CITIZENS BANK, N.A.",1,3,0
41,What company is the bookrunner and lead bookrunner but not the Borrower in the agreement?,"CITIZENS BANK, N.A.",1,3,0
41,"What company is the LC Issuer but not the Agent, or lead arranger in the agreement?",BMO Harris Bank N.A.,1,3,0
41,"What company is the LC Issuer but not the Agent, or lead bookrunner in the agreement?",BMO Harris Bank N.A.,1,3,0
41,"What company is the LC Issuer but not the Agent, or arranger in the agreement?",BMO Harris Bank N.A.,1,3,0
41,"What company is the LC Issuer but not the Agent, or bookrunner in the agreement?",BMO Harris Bank N.A.,1,3,0
41,"What company is the LC Issuer but not the Agent, or Agent. in the agreement?",BMO Harris Bank N.A.,1,3,0
41,"What company is the LC Issuer but not the Agent, or Borrower in the agreement?",BMO Harris Bank N.A.,1,3,0
41,What company is the LC Issuer but not the Lender or Agent in the agreement?,BMO HARRIS BANK,1,3,0
41,What company is the LC Issuer but not the Lender or lead arranger in the agreement?,BMO HARRIS BANK,1,3,0
41,What company is the LC Issuer but not the Lender or lead bookrunner in the agreement?,BMO HARRIS BANK,1,3,0
41,What company is the LC Issuer but not the Lender or arranger in the agreement?,BMO HARRIS BANK,1,3,0
41,What company is the LC Issuer but not the Lender or bookrunner in the agreement?,BMO HARRIS BANK,1,3,0
41,What company is the LC Issuer but not the Lender or Agent. in the agreement?,BMO HARRIS BANK,1,3,0
41,What company is the LC Issuer but not the Lender or Borrower in the agreement?,BMO HARRIS BANK,1,3,0
41,What company is the LC Issuer but not the Agent or lead arranger in the agreement?,BMO HARRIS BANK,1,3,0
41,What company is the LC Issuer but not the Agent or lead bookrunner in the agreement?,BMO HARRIS BANK,1,3,0
41,What company is the LC Issuer but not the Agent or arranger in the agreement?,BMO HARRIS BANK,1,3,0
41,What company is the LC Issuer but not the Agent or bookrunner in the agreement?,BMO HARRIS BANK,1,3,0
41,What company is the LC Issuer but not the Agent or Agent. in the agreement?,BMO HARRIS BANK,1,3,0
41,What company is the LC Issuer but not the Agent or Borrower in the agreement?,BMO HARRIS BANK,1,3,0
41,"Who are the Senior Vice Presidents of the company associated with 100 Franklin StreetBoston, MA 02110?","Ann M. Meade, David Nussbaum, Deborah A. Colony, Marc J. Lubelczyk, Marina E. Grossi, Mitchell B. Feldman",3,0,1
41,Who is both the General Counsel and Senior Vice President of the company which is the Borrower in the agreement?,Martin H. Dodd,3,1,0
7,What company is the Administrative Agent and L%2FC Issuer but not the Borrower in the agreement?,MUTUAL OF OMAHA BANK,1,3,0
7,What company is the Administrative Agent and Lender but not the Borrower in the agreement?,MUTUAL OF OMAHA BANK,1,3,0
7,What company is the L%2FC Issuer and Lender but not the Borrower in the agreement?,MUTUAL OF OMAHA BANK,1,3,0
55,Who is both the Chief and Executive Vice President of the company which is the Borrower in the agreement?,J. Larry Sorsby,3,1,0
69,What company is the SUBSIDIARY GUARANTORS%3A and GUARANTORS but not the Agent in the agreement?,"MVP REAL ESTATE HOLDINGS, LLC",1,3,0
69,What company is the SUBSIDIARY GUARANTORS%3A and GUARANTORS but not the BORROWER in the agreement?,"MVP REAL ESTATE HOLDINGS, LLC",1,3,0
69,What company is the SUBSIDIARY GUARANTORS%3A and GUARANTORS but not the Borrower in the agreement?,"MVP REAL ESTATE HOLDINGS, LLC",1,3,0
69,What company is the SUBSIDIARY GUARANTORS%3A and GUARANTORS but not the PARENT GUARANTOR in the agreement?,"MVP REAL ESTATE HOLDINGS, LLC",1,3,0
69,What company is the BORROWER and Borrower but not the PARENT GUARANTOR in the agreement?,"MVP REIT II OPERATING PARTNERSHIP, LP",1,3,0
69,Who is both the Chief Executive Officer and Manager of the company which is the SUBSIDIARY GUARANTORS%3A in the agreement?,Michael Shustek,3,1,0
82,What companies are the Lender but not the Co-Documentation Agent in the agreement?,"BANK OF AMERICA, BARCLAYS BANK PLC, JPMORGAN CHASE BANK, PNC BANK, NATIONAL ASSOCIATION, TD BANK, THE BANK OF TOKYO-MITSUBISHI UFJ, LTD, THE NORTHERN TRUST COMPANY, U.S. BANK NATIONAL ASSOCIATION, WELLS FARGO BANK, NATIONAL ASSOCIATION",1,2,1
82,What is the position held by David C. Francisco but not by David M. Crane or Jennifer Hwang?,Treasurer,1,3,0
82,What is the position held by David C. Francisco but not by David M. Crane or John L. Healy?,Treasurer,1,3,0
82,What is the position held by David C. Francisco but not by David M. Crane or Vanessa A. Kurbatskiy?,Treasurer,1,3,0
82,What is the position held by David C. Francisco but not by Jennifer Hwang or John L. Healy?,Treasurer,1,3,0
82,What is the position held by David C. Francisco but not by Jennifer Hwang or Vanessa A. Kurbatskiy?,Treasurer,1,3,0
82,What is the position held by David C. Francisco but not by John L. Healy or Vanessa A. Kurbatskiy?,Treasurer,1,3,0
82,What company is the Lender and Administrative Agent but not the Borrower in the agreement?,JPMORGAN CHASE BANK,1,3,0
82,"What company is the Lender and Swingline Lender, but not the Borrower in the agreement?",JPMORGAN CHASE BANK,1,3,0
82,"What company is the Administrative Agent and Swingline Lender, but not the Borrower in the agreement?",JPMORGAN CHASE BANK,1,3,0
82,Who is both the Treasurer and Vice President of the company which is the Borrower in the agreement?,David C. Francisco,3,1,0
82,Who is both the Treasurer and Vice President of the company associated with 04-2052042?,David C. Francisco,3,1,0
168,What company is the Syndication Agent and LENDER but not the Agent in the agreement?,"BANK OF AMERICA, N.A.",1,3,0
168,What company is the Syndication Agent and LENDER but not the Lender in the agreement?,"BANK OF AMERICA, N.A.",1,3,0
168,What company is the Book Runners and Lead Arrangers but not the Administrative Agent in the agreement?,"BOFA SECURITIES, INC.",1,3,0
168,What company is the Book Runners and Administrative Agent but not the Borrower in the agreement?,CITIBANK,1,3,0
168,What company is the Book Runners and Administrative Agent but not the LENDER in the agreement?,CITIBANK,1,3,0
168,What company is the Book Runners and Administrative Agent but not the Agent in the agreement?,CITIBANK,1,3,0
168,What company is the Book Runners and Administrative Agent but not the Lender in the agreement?,CITIBANK,1,3,0
168,What company is the Lead Arrangers and Administrative Agent but not the Borrower in the agreement?,CITIBANK,1,3,0
168,What company is the Lead Arrangers and Administrative Agent but not the LENDER in the agreement?,CITIBANK,1,3,0
168,What company is the Lead Arrangers and Administrative Agent but not the Agent in the agreement?,CITIBANK,1,3,0
168,What company is the Lead Arrangers and Administrative Agent but not the Lender in the agreement?,CITIBANK,1,3,0
168,What company is the Syndication Agent but not the Book Runners or LENDER in the agreement?,BANK OF AMERICA,1,3,0
168,What company is the Syndication Agent but not the Lead Arrangers or LENDER in the agreement?,BANK OF AMERICA,1,3,0
168,What company is the Syndication Agent but not the Lenders or LENDER in the agreement?,BANK OF AMERICA,1,3,0
168,What company is the Syndication Agent but not the Administrative Agent or LENDER in the agreement?,BANK OF AMERICA,1,3,0
168,What company is the Syndication Agent but not the Borrower or LENDER in the agreement?,BANK OF AMERICA,1,3,0
168,What company is the Syndication Agent but not the LENDER or Lender in the agreement?,BANK OF AMERICA,1,3,0
168,What company is the Syndication Agent but not the LENDER or Agent in the agreement?,BANK OF AMERICA,1,3,0
168,What company is the Book Runners but not the Lenders or Administrative Agent in the agreement?,"BOFA SECURITIES, INC.",1,3,0
168,What company is the Book Runners but not the Administrative Agent or Borrower in the agreement?,"BOFA SECURITIES, INC.",1,3,0
168,What company is the Book Runners but not the Administrative Agent or LENDER in the agreement?,"BOFA SECURITIES, INC.",1,3,0
168,What company is the Book Runners but not the Administrative Agent or Lender in the agreement?,"BOFA SECURITIES, INC.",1,3,0
168,What company is the Book Runners but not the Administrative Agent or Agent in the agreement?,"BOFA SECURITIES, INC.",1,3,0
168,What company is the Lead Arrangers but not the Lenders or Administrative Agent in the agreement?,"BOFA SECURITIES, INC.",1,3,0
168,What company is the Lead Arrangers but not the Administrative Agent or Borrower in the agreement?,"BOFA SECURITIES, INC.",1,3,0
168,What company is the Lead Arrangers but not the Administrative Agent or LENDER in the agreement?,"BOFA SECURITIES, INC.",1,3,0
168,What company is the Lead Arrangers but not the Administrative Agent or Lender in the agreement?,"BOFA SECURITIES, INC.",1,3,0
168,What company is the Lead Arrangers but not the Administrative Agent or Agent in the agreement?,"BOFA SECURITIES, INC.",1,3,0
168,Who is the Director of the company which is both the Syndication Agent and the LENDER in the agreement?,Michael Contreras,3,1,0
168,Who is the Vice President of the company which is both the Lender and the Agent in the agreement?,Carolyn A. Kee,3,1,0
168,Who is both the Treasurer and Vice President of the company which is the Borrower in the agreement?,Robert T. Paternostro,3,1,0
168,"Who is both the Treasurer and Vice President of the company associated with 1000 Stanley DriveNew Britain, Connecticut 06053?",Robert T. Paternostro,3,1,0
96,"What roles does BOKF, NA dba BANK OF ALBUQUERQUE have in the agreement which are not the roles of BOKF, NA DBA BANK OF ALBUQUERQUE?","Arrangers, Book Managers",1,2,1
96,What company is the Agent and Arrangers but not the LENDERS in the agreement?,"BOKF, NA dba BANK OF ALBUQUERQUE",1,3,0
96,What company is the Agent and Book Managers but not the LENDERS in the agreement?,"BOKF, NA dba BANK OF ALBUQUERQUE",1,3,0
96,What company is the Arrangers and Book Managers but not the LENDERS in the agreement?,"BOKF, NA dba BANK OF ALBUQUERQUE",1,3,0
96,What company is the Arrangers and LENDERS but not the Borrower in the agreement?,U.S. BANK NATIONAL ASSOCIATION,1,3,0
96,What company is the Arrangers and LENDERS but not the BORROWER in the agreement?,U.S. BANK NATIONAL ASSOCIATION,1,3,0
96,What company is the Arrangers and LENDERS but not the Administrative Agent in the agreement?,U.S. BANK NATIONAL ASSOCIATION,1,3,0
96,What company is the Book Managers and LENDERS but not the Borrower in the agreement?,U.S. BANK NATIONAL ASSOCIATION,1,3,0
96,What company is the Book Managers and LENDERS but not the BORROWER in the agreement?,U.S. BANK NATIONAL ASSOCIATION,1,3,0
96,What company is the Book Managers and LENDERS but not the Administrative Agent in the agreement?,U.S. BANK NATIONAL ASSOCIATION,1,3,0
96,What company is the Borrower and BORROWER but not the Administrative Agent in the agreement?,PUBLIC SERVICE COMPANY OF NEW MEXICO,1,3,0
96,What company is the Book Managers but not the LENDERS or Borrower in the agreement?,"BOKF, NA dba BANK OF ALBUQUERQUE",1,3,0
96,What company is the Book Managers but not the LENDERS or BORROWER in the agreement?,"BOKF, NA dba BANK OF ALBUQUERQUE",1,3,0
96,What company is the Book Managers but not the LENDERS or Administrative Agent in the agreement?,"BOKF, NA dba BANK OF ALBUQUERQUE",1,3,0
96,What company is the Arrangers but not the LENDERS or Borrower in the agreement?,"BOKF, NA dba BANK OF ALBUQUERQUE",1,3,0
96,What company is the Arrangers but not the LENDERS or BORROWER in the agreement?,"BOKF, NA dba BANK OF ALBUQUERQUE",1,3,0
96,What company is the Arrangers but not the LENDERS or Administrative Agent in the agreement?,"BOKF, NA dba BANK OF ALBUQUERQUE",1,3,0
96,What company is the Agent but not the LENDERS or Borrower in the agreement?,"BOKF, NA dba BANK OF ALBUQUERQUE",1,3,0
96,What company is the Agent but not the LENDERS or BORROWER in the agreement?,"BOKF, NA dba BANK OF ALBUQUERQUE",1,3,0
96,What company is the Agent but not the LENDERS or Administrative Agent in the agreement?,"BOKF, NA dba BANK OF ALBUQUERQUE",1,3,0
96,What company is the Borrower but not the BORROWER or Administrative Agent in the agreement?,Public Service Company of New Mexico,1,3,0
96,Who is the SVP of the company which is both the LENDERS and the Agent in the agreement?,John M. Valentine,3,1,0
140,What companies are the Borrower but not the IntermediateCo in the agreement?,"AIROPCO 1ASL BERMUDA LTD., AIROPCO 1ET BERMUDA LTD., AIROPCO 1JT BERMUDA LTD., AIROPCO I SD IRELAND DAC, AIROPCO II KO IRELAND DAC, AIROPCO II ME IRELAND DAC, WWTAI AIROPCO 1 BERMUDA LTD., WWTAI AIROPCO BPA IRELAND LIMITED, WWTAI AIROPCO II DAC, WWTAI FINANCE LTD, WWTAI FINANCE LTD.",1,2,1
140,What is the position held by Demetrios Tserpelis but not by Sean McKinley or Tony Traynor?,Authorized Signatory,1,3,0
140,What is the position held by Demetrios Tserpelis and Sean McKinley but not by William Graham?,Director,1,3,0
140,What is the position held by Demetrios Tserpelis and Tony Traynor but not by William Graham?,Director,1,3,0
140,What company is the Borrower and IntermediateCo but not the Lead Arranger in the agreement?,Fortress Transportation and Infrastructure Investors LLC,1,3,0
140,What company is the Borrower and IntermediateCo but not the Lead Bookrunner in the agreement?,Fortress Transportation and Infrastructure Investors LLC,1,3,0
140,What company is the Borrower and IntermediateCo but not the Agent in the agreement?,Fortress Transportation and Infrastructure Investors LLC,1,3,0
140,What company is the Borrower and IntermediateCo but not the lead arranger in the agreement?,Fortress Transportation and Infrastructure Investors LLC,1,3,0
140,What company is the Borrower and IntermediateCo but not the lead bookrunner in the agreement?,Fortress Transportation and Infrastructure Investors LLC,1,3,0
140,What company is the Borrower and IntermediateCo but not the Guarantor in the agreement?,Fortress Transportation and Infrastructure Investors LLC,1,3,0
140,What company is the Borrower and IntermediateCo but not the Administrative Agent in the agreement?,Fortress Transportation and Infrastructure Investors LLC,1,3,0
140,What company is the Borrower and IntermediateCo but not the Arranger in the agreement?,Fortress Transportation and Infrastructure Investors LLC,1,3,0
140,What company is the Borrower and IntermediateCo but not the Lender in the agreement?,Fortress Transportation and Infrastructure Investors LLC,1,3,0
140,What company is the Lead Arranger and Lead Bookrunner but not the Agent in the agreement?,"MORGAN STANLEY SENIOR FUNDING, INC",1,3,0
140,What company is the Lead Arranger and Lead Bookrunner but not the lead arranger in the agreement?,"MORGAN STANLEY SENIOR FUNDING, INC",1,3,0
140,What company is the Lead Arranger and Lead Bookrunner but not the lead bookrunner in the agreement?,"MORGAN STANLEY SENIOR FUNDING, INC",1,3,0
140,What company is the Lead Arranger and Lead Bookrunner but not the Guarantor in the agreement?,"MORGAN STANLEY SENIOR FUNDING, INC",1,3,0
140,What company is the Lead Arranger and Lead Bookrunner but not the Administrative Agent in the agreement?,"MORGAN STANLEY SENIOR FUNDING, INC",1,3,0
140,What company is the Lead Arranger and Lead Bookrunner but not the Arranger in the agreement?,"MORGAN STANLEY SENIOR FUNDING, INC",1,3,0
140,What company is the Lead Arranger and Lead Bookrunner but not the Lender in the agreement?,"MORGAN STANLEY SENIOR FUNDING, INC",1,3,0
140,What company is the Agent and lead arranger but not the Guarantor in the agreement?,"Morgan Stanley Senior Funding, Inc.",1,3,0
140,What company is the Agent and lead arranger but not the Administrative Agent in the agreement?,"Morgan Stanley Senior Funding, Inc.",1,3,0
140,What company is the Agent and lead arranger but not the Arranger in the agreement?,"Morgan Stanley Senior Funding, Inc.",1,3,0
140,What company is the Agent and lead arranger but not the Lender in the agreement?,"Morgan Stanley Senior Funding, Inc.",1,3,0
140,What company is the Agent and lead bookrunner but not the Guarantor in the agreement?,"Morgan Stanley Senior Funding, Inc.",1,3,0
140,What company is the Agent and lead bookrunner but not the Administrative Agent in the agreement?,"Morgan Stanley Senior Funding, Inc.",1,3,0
140,What company is the Agent and lead bookrunner but not the Arranger in the agreement?,"Morgan Stanley Senior Funding, Inc.",1,3,0
140,What company is the Agent and lead bookrunner but not the Lender in the agreement?,"Morgan Stanley Senior Funding, Inc.",1,3,0
140,What company is the lead arranger and lead bookrunner but not the Guarantor in the agreement?,"Morgan Stanley Senior Funding, Inc.",1,3,0
140,What company is the lead arranger and lead bookrunner but not the Administrative Agent in the agreement?,"Morgan Stanley Senior Funding, Inc.",1,3,0
140,What company is the lead arranger and lead bookrunner but not the Arranger in the agreement?,"Morgan Stanley Senior Funding, Inc.",1,3,0
140,What company is the lead arranger and lead bookrunner but not the Lender in the agreement?,"Morgan Stanley Senior Funding, Inc.",1,3,0
140,Who is both the Director and Authorized Signatory of the company where Sean McKinley is employed?,Demetrios Tserpelis,3,1,0
140,Who is both the Director and Authorized Signatory of the company where Tony Traynor is employed?,Demetrios Tserpelis,3,1,0
155,What are the positions held by Patrick Foley but not by Michael Pope?,"Chief Financial Officer, Director, Statutory Director",1,2,1
155,What company is the BORROWER and Borrower but not the GUARANTORS in the agreement?,BOXLIGHT CORPORATION,1,3,0
155,What company is the BORROWER and Borrower but not the AGENT in the agreement?,BOXLIGHT CORPORATION,1,3,0
155,What company is the BORROWER and Borrower but not the COLLATERAL AGENT in the agreement?,BOXLIGHT CORPORATION,1,3,0
155,What company is the BORROWER and Borrower but not the Administrative Agent in the agreement?,BOXLIGHT CORPORATION,1,3,0
155,What company is the BORROWER and Borrower but not the Collateral Agent in the agreement?,BOXLIGHT CORPORATION,1,3,0
155,What company is the BORROWER and Borrower but not the LENDERS in the agreement?,BOXLIGHT CORPORATION,1,3,0
155,What company is the BORROWER and Borrower but not the Lenders in the agreement?,BOXLIGHT CORPORATION,1,3,0
155,What company is the AGENT and COLLATERAL AGENT but not the Administrative Agent in the agreement?,"WHITEHAWK CAPITAL PARTNERS, LP",1,3,0
155,What company is the AGENT and COLLATERAL AGENT but not the Collateral Agent in the agreement?,"WHITEHAWK CAPITAL PARTNERS, LP",1,3,0
155,What company is the AGENT and COLLATERAL AGENT but not the LENDERS in the agreement?,"WHITEHAWK CAPITAL PARTNERS, LP",1,3,0
155,What company is the AGENT and COLLATERAL AGENT but not the Lenders in the agreement?,"WHITEHAWK CAPITAL PARTNERS, LP",1,3,0
155,What company is the Administrative Agent and Collateral Agent but not the LENDERS in the agreement?,WHITEHAWK CAPITAL PARTNERS LP,1,3,0
155,What company is the Administrative Agent and Collateral Agent but not the Lenders in the agreement?,WHITEHAWK CAPITAL PARTNERS LP,1,3,0
155,Who is the Authorized Signatory of the company which is both the LENDERS and the Lenders in the agreement?,Harry Chung,3,1,0
141,What company is the Lender and Agent but not the Book Runner in the agreement?,"PNC BANK, NATIONAL ASSOCIATION",1,3,0
141,What company is the Lender and Agent but not the Lead Arranger in the agreement?,"PNC BANK, NATIONAL ASSOCIATION",1,3,0
141,What company is the Lender and Agent but not the arranger in the agreement?,"PNC BANK, NATIONAL ASSOCIATION",1,3,0
141,What company is the Lender and Agent but not the lead arranger in the agreement?,"PNC BANK, NATIONAL ASSOCIATION",1,3,0
141,What company is the Lender and Agent but not the book runner in the agreement?,"PNC BANK, NATIONAL ASSOCIATION",1,3,0
141,What company is the Lender and Agent but not the Borrower in the agreement?,"PNC BANK, NATIONAL ASSOCIATION",1,3,0
141,What company is the Lender and Agent but not the Parent in the agreement?,"PNC BANK, NATIONAL ASSOCIATION",1,3,0
141,What company is the Lender and Agent but not the BORROWER in the agreement?,"PNC BANK, NATIONAL ASSOCIATION",1,3,0
141,What company is the Book Runner and Lead Arranger but not the arranger in the agreement?,PNC CAPITAL MARKETS LLC,1,3,0
141,What company is the Book Runner and Lead Arranger but not the lead arranger in the agreement?,PNC CAPITAL MARKETS LLC,1,3,0
141,What company is the Book Runner and Lead Arranger but not the book runner in the agreement?,PNC CAPITAL MARKETS LLC,1,3,0
141,What company is the Book Runner and Lead Arranger but not the Borrower in the agreement?,PNC CAPITAL MARKETS LLC,1,3,0
141,What company is the Book Runner and Lead Arranger but not the Parent in the agreement?,PNC CAPITAL MARKETS LLC,1,3,0
141,What company is the Book Runner and Lead Arranger but not the BORROWER in the agreement?,PNC CAPITAL MARKETS LLC,1,3,0
141,What company is the arranger and lead arranger but not the Borrower in the agreement?,PNC Capital Markets LLC,1,3,0
141,What company is the arranger and lead arranger but not the Parent in the agreement?,PNC Capital Markets LLC,1,3,0
141,What company is the arranger and lead arranger but not the BORROWER in the agreement?,PNC Capital Markets LLC,1,3,0
141,What company is the arranger and book runner but not the Borrower in the agreement?,PNC Capital Markets LLC,1,3,0
141,What company is the arranger and book runner but not the Parent in the agreement?,PNC Capital Markets LLC,1,3,0
141,What company is the arranger and book runner but not the BORROWER in the agreement?,PNC Capital Markets LLC,1,3,0
141,What company is the lead arranger and book runner but not the Borrower in the agreement?,PNC Capital Markets LLC,1,3,0
141,What company is the lead arranger and book runner but not the Parent in the agreement?,PNC Capital Markets LLC,1,3,0
141,What company is the lead arranger and book runner but not the BORROWER in the agreement?,PNC Capital Markets LLC,1,3,0
169,"What roles does GOLDMAN SACHS BANK USA have in the agreement which are not the roles of MERRILL, LYNCH, PIERCE, FENNER %26 SMITH INCORPORATED?","Agent, Arranger, Documentation Agent",1,2,1
169,What companies are the Agent but not the Book Runners in the agreement?,"BANK OF AMERICA, N.A., CO%C3%96PERATIEVE CENTRALE RAIFFEISEN %E2%80%93 BOERENLEENBANK B.A.,%22RABOBANK NEDERLAND%22, NEW YORK BRANCH, GOLDMAN SACHS BANK USA",1,2,1
169,What companies are the Lender but not the Arranger in the agreement?,"BANK OF AMERICA, N.A., BARCLAYS BANK PLC, MERRILL, LYNCH, PIERCE, FENNER %26 SMITH INCORPORATED",1,2,1
169,What companies are the Lender but not the Book Runners in the agreement?,"BANK OF AMERICA, N.A., BARCLAYS BANK PLC, CO%C3%96PERATIEVE CENTRALE RAIFFEISEN %E2%80%93 BOERENLEENBANK B.A.,%22RABOBANK NEDERLAND%22, NEW YORK BRANCH, GOLDMAN SACHS BANK USA",1,2,1
169,What companies are the Arranger but not the Book Runners in the agreement?,"CO%C3%96PERATIEVE CENTRALE RAIFFEISEN %E2%80%93 BOERENLEENBANK B.A.,%22RABOBANK NEDERLAND%22, NEW YORK BRANCH, GOLDMAN SACHS BANK USA",1,2,1
169,What company is the Agent and Lender but not the Arranger in the agreement?,"BANK OF AMERICA, N.A.",1,3,0
169,What company is the Agent and Documentation Agent but not the Book Runners in the agreement?,GOLDMAN SACHS BANK USA,1,3,0
169,What company is the Agent and Documentation Agent but not the Borrower in the agreement?,GOLDMAN SACHS BANK USA,1,3,0
169,What company is the Agent and Documentation Agent but not the Administrative Agent in the agreement?,GOLDMAN SACHS BANK USA,1,3,0
169,What company is the Agent and Documentation Agent but not the Book Runner in the agreement?,GOLDMAN SACHS BANK USA,1,3,0
169,What company is the Agent and Book Runners but not the Borrower in the agreement?,"WELLS FARGO BANK, NATIONAL ASSOCIATION",1,3,0
169,What company is the Lender and Documentation Agent but not the Book Runners in the agreement?,GOLDMAN SACHS BANK USA,1,3,0
169,What company is the Lender and Documentation Agent but not the Borrower in the agreement?,GOLDMAN SACHS BANK USA,1,3,0
169,What company is the Lender and Documentation Agent but not the Administrative Agent in the agreement?,GOLDMAN SACHS BANK USA,1,3,0
169,What company is the Lender and Documentation Agent but not the Book Runner in the agreement?,GOLDMAN SACHS BANK USA,1,3,0
169,What company is the Lender and Book Runners but not the Administrative Agent in the agreement?,"MERRILL, LYNCH, PIERCE, FENNER %26 SMITH INCORPORATED",1,3,0
169,What company is the Lender and Book Runners but not the Book Runner in the agreement?,"MERRILL, LYNCH, PIERCE, FENNER %26 SMITH INCORPORATED",1,3,0
169,What company is the Arranger and Documentation Agent but not the Book Runners in the agreement?,GOLDMAN SACHS BANK USA,1,3,0
169,What company is the Arranger and Documentation Agent but not the Borrower in the agreement?,GOLDMAN SACHS BANK USA,1,3,0
169,What company is the Arranger and Documentation Agent but not the Administrative Agent in the agreement?,GOLDMAN SACHS BANK USA,1,3,0
169,What company is the Arranger and Documentation Agent but not the Book Runner in the agreement?,GOLDMAN SACHS BANK USA,1,3,0
169,What company is the Arranger and Book Runners but not the Borrower in the agreement?,"WELLS FARGO BANK, NATIONAL ASSOCIATION",1,3,0
169,What company is the Lender but not the Agent or Book Runners in the agreement?,BARCLAYS BANK PLC,1,3,0
169,What company is the Agent but not the BORROWER or Arranger in the agreement?,"BANK OF AMERICA, N.A.",1,3,0
169,What company is the Agent but not the Parent or Arranger in the agreement?,"BANK OF AMERICA, N.A.",1,3,0
169,What company is the Agent but not the Borrowers or Arranger in the agreement?,"BANK OF AMERICA, N.A.",1,3,0
169,What company is the Agent but not the Lead Arrangers or Arranger in the agreement?,"BANK OF AMERICA, N.A.",1,3,0
169,What company is the Agent but not the Arranger or Documentation Agent in the agreement?,"BANK OF AMERICA, N.A.",1,3,0
169,What company is the Agent but not the Arranger or Book Runners in the agreement?,"BANK OF AMERICA, N.A.",1,3,0
169,What company is the Agent but not the Arranger or Borrower in the agreement?,"BANK OF AMERICA, N.A.",1,3,0
169,What company is the Agent but not the Arranger or Book Runner in the agreement?,"BANK OF AMERICA, N.A.",1,3,0
169,What company is the Agent but not the Arranger or Administrative Agent in the agreement?,"BANK OF AMERICA, N.A.",1,3,0
169,What company is the Arranger but not the Documentation Agent or Book Runners in the agreement?,"CO%C3%96PERATIEVE CENTRALE RAIFFEISEN %E2%80%93 BOERENLEENBANK B.A.,%22RABOBANK NEDERLAND%22, NEW YORK BRANCH",1,3,0
169,What company is the Arranger but not the Documentation Agent or Book Runner in the agreement?,"CO%C3%96PERATIEVE CENTRALE RAIFFEISEN %E2%80%93 BOERENLEENBANK B.A.,%22RABOBANK NEDERLAND%22, NEW YORK BRANCH",1,3,0
169,What company is the Arranger but not the Documentation Agent or Administrative Agent in the agreement?,"CO%C3%96PERATIEVE CENTRALE RAIFFEISEN %E2%80%93 BOERENLEENBANK B.A.,%22RABOBANK NEDERLAND%22, NEW YORK BRANCH",1,3,0
169,What company is the Book Runners but not the Borrower or Book Runner in the agreement?,"MERRILL, LYNCH, PIERCE, FENNER %26 SMITH INCORPORATED",1,3,0
169,What company is the Book Runners but not the Borrower or Administrative Agent in the agreement?,"MERRILL, LYNCH, PIERCE, FENNER %26 SMITH INCORPORATED",1,3,0
169,What company is the Book Runners but not the Book Runner or Administrative Agent in the agreement?,"MERRILL, LYNCH, PIERCE, FENNER %26 SMITH INCORPORATED",1,3,0
97,What company is the AGENT and Agent but not the Administrative  Agent in the agreement?,GENERAL ELECTRIC CAPITAL CORPORATION,1,3,0
97,What company is the AGENT and LENDER but not the Administrative  Agent in the agreement?,GENERAL ELECTRIC CAPITAL CORPORATION,1,3,0
97,What company is the AGENT and Lender but not the Administrative  Agent in the agreement?,GENERAL ELECTRIC CAPITAL CORPORATION,1,3,0
97,What company is the Agent and LENDER but not the Administrative  Agent in the agreement?,GENERAL ELECTRIC CAPITAL CORPORATION,1,3,0
97,What company is the Agent and Lender but not the Administrative  Agent in the agreement?,GENERAL ELECTRIC CAPITAL CORPORATION,1,3,0
97,What company is the LENDER and Lender but not the Administrative  Agent in the agreement?,GENERAL ELECTRIC CAPITAL CORPORATION,1,3,0
97,Who are the Chief Counsel- %09 %09HFS Real Estate and Managing Director of the company which is the Administrative  Agent in the agreement?,"Diana Pennington, Jeffrey M. Muchmore",3,0,1
83,What companies are the Lender but not the Administrative Agent in the agreement?,"AMERICAN SAVINGS BANK, F.S.B., BANCO DE CREDITO E INVERSIONES, BANK OF AMERICA, BANK OF CHINA, BANK OF TAIWAN, BANK OF THE WEST, BANNER BANK, BNP PARIBAS, BRANCH BANKING AND TRUST COMPANY, CHANG HWA COMMERCIAL BANK, LTD, CITIBAN, COMERICA BANK, COMPASS BANK, CTBC BANK CO., LTD, DBS BANK LTD, FIFTH THIRD BANK, FIRST HAWAIIAN BANK, HSBC BANK PLC, HSBC BANK USA, NATIONAL ASSOCIATION, HUA NAN COMMERCIAL BANK, HUA NAN COMMERCIAL BANK, LTD, KEYBANK NATIONAL ASSOCIATION, LAND BANK OF TAIWANLOS ANGELES BRANCH, MANUFACTURERS BANK, MEGA INTERNATIONAL COMMERCIAL BANK CO., LTD. LOS ANGELES BRANCH, MIZUHO BANK, LTD, PNC BANK NATIONAL ASSOCIATION, ROYAL BANK OF CANADA, SABADELL UNITED BANK, STANDARD CHARTERED BANK, SUMITOMO MITSUI BANKING CORP, SUNTRUST BANK, TAIPEI FUBON COMMERCIAL BANK CO., LTD, TAIWAN COOPERATIVE BANK, LTD, TD BANK, THE BANK OF EAST ASIA, LTD, THE BANK OF NOVA SCOTIA, THE BANK OF TOKYO-MITSUBISHI UFJ, LTD, THE NORTHERN TRUST COMPANY, U.S. BANK NATIONAL ASSOCIATION, WELLS FARGO BANK,NATIONAL ASSOCIATION",1,2,1
83,What company is the Lender and Administrative Agent but not the Cayman Borrower%3A in the agreement?,"JPMorgan Chase Bank, N.A.",1,3,0
83,What company is the Lender and Administrative Agent but not the US Borrower in the agreement?,"JPMorgan Chase Bank, N.A.",1,3,0
83,What company is the Lender and Administrative Agent but not the Cayman Borrower in the agreement?,"JPMorgan Chase Bank, N.A.",1,3,0
83,What company is the Lender and L%2FC Issuer but not the Cayman Borrower%3A in the agreement?,"JPMorgan Chase Bank, N.A.",1,3,0
83,What company is the Lender and L%2FC Issuer but not the US Borrower in the agreement?,"JPMorgan Chase Bank, N.A.",1,3,0
83,What company is the Lender and L%2FC Issuer but not the Cayman Borrower in the agreement?,"JPMorgan Chase Bank, N.A.",1,3,0
83,What company is the Guarantor and Holdings but not the Administrative Agent in the agreement?,WESTERN DIGITAL CORPORATION,1,3,0
83,What company is the Guarantor and Holdings but not the L%2FC Issuer in the agreement?,WESTERN DIGITAL CORPORATION,1,3,0
83,What company is the Guarantor and Holdings but not the Cayman Borrower%3A in the agreement?,WESTERN DIGITAL CORPORATION,1,3,0
83,What company is the Guarantor and Holdings but not the US Borrower in the agreement?,WESTERN DIGITAL CORPORATION,1,3,0
83,What company is the Guarantor and Holdings but not the Cayman Borrower in the agreement?,WESTERN DIGITAL CORPORATION,1,3,0
83,What company is the Administrative Agent and L%2FC Issuer but not the Cayman Borrower%3A in the agreement?,"JPMorgan Chase Bank, N.A.",1,3,0
83,What company is the Administrative Agent and L%2FC Issuer but not the US Borrower in the agreement?,"JPMorgan Chase Bank, N.A.",1,3,0
83,What company is the Administrative Agent and L%2FC Issuer but not the Cayman Borrower in the agreement?,"JPMorgan Chase Bank, N.A.",1,3,0
83,What company is the Cayman Borrower%3A and US Borrower but not the Cayman Borrower in the agreement?,"WESTERN DIGITAL TECHNOLOGIES, INC",1,3,0
83,What company is the Administrative Agent but not the L%2FC Issuer or US Borrower in the agreement?,JPMORGAN CHASE BANK,1,3,0
83,What company is the Administrative Agent but not the L%2FC Issuer or Cayman Borrower%3A in the agreement?,JPMORGAN CHASE BANK,1,3,0
83,What company is the Administrative Agent but not the L%2FC Issuer or Cayman Borrower in the agreement?,JPMORGAN CHASE BANK,1,3,0
83,"Who are both Chief Financial Officers and Senior Vice Presidents of WESTERN DIGITAL TECHNOLOGIES, INC?","Andrew Hietala, Michael Dixon, Michael Ray, Rita E. Dillon, Steve Levi, Steve Ryan, Tim Leyden, Timothy Leyden",2,1,1
83,"Who are the Vice Presidents of the company associated with 3355 Michelson DriveSuite 100Irvine, CA 92612?","Charles De Clapiers, Elizabeth Willi, Jeannette Lu, Johnetta Bush, Joseph Carrillo, Mark C. Skrzynski, Maureen P. Maroney, Rian DuBach, Richard J. Ameny Jr., Sandy Lee, Shibani Faehnle, Susan Takeda",3,0,1
83,Who are the Chief Financial Officers of the company where Steve Ryan is employed?,"Tim Leyden, Timothy Leyden",3,0,1
83,Who are the Chief Financial Officers of the company where Andrew Hietala is employed?,"Tim Leyden, Timothy Leyden",3,0,1
83,Who are the Chief Financial Officers of the company where Michael Ray is employed?,"Tim Leyden, Timothy Leyden",3,0,1
83,Who are the Senior Vice Presidents of the company where Tim Leyden is employed?,"Andrew Hietala, Michael Dixon, Michael Ray, Rita E. Dillon, Steve Levi, Steve Ryan",3,0,1
83,Who are the Chief Financial Officers of the company where Michael Dixon is employed?,"Tim Leyden, Timothy Leyden",3,0,1
83,Who are the Chief Financial Officers of the company where Steve Levi is employed?,"Tim Leyden, Timothy Leyden",3,0,1
83,Who are the Senior Vice Presidents of the company where Timothy Leyden is employed?,"Andrew Hietala, Michael Dixon, Michael Ray, Rita E. Dillon, Steve Levi, Steve Ryan",3,0,1
83,Who are the Chief Financial Officers of the company where Rita E. Dillon is employed?,"Tim Leyden, Timothy Leyden",3,0,1
83,Who is the General Counsel of the company which is both the US Borrower and the Cayman Borrower%3A in the agreement?,Michael Ray,3,1,0
83,Who is the Secretary of the company which is both the US Borrower and the Cayman Borrower%3A in the agreement?,Michael Ray,3,1,0
83,Who is both the Secretary and Senior Vice President of the company where Andrew Hietala is employed?,Michael Ray,3,1,0
83,Who is both the Secretary and Senior Vice President of the company where Michael Dixon is employed?,Michael Ray,3,1,0
83,Who is both the Secretary and Senior Vice President of the company where Rita E. Dillon is employed?,Michael Ray,3,1,0
83,Who is both the Secretary and Senior Vice President of the company where Steve Levi is employed?,Michael Ray,3,1,0
83,Who is both the Secretary and Senior Vice President of the company where Steve Ryan is employed?,Michael Ray,3,1,0
83,Who is both the Secretary and Senior Vice President of the company where Tim Leyden is employed?,Michael Ray,3,1,0
83,Who is both the Secretary and Senior Vice President of the company where Timothy Leyden is employed?,Michael Ray,3,1,0
68,What companies are the Agent but not the Issuer in the agreement?,"BANK OF MONTREAL, CITIZENS BANK, N.A., REGIONS BANK",1,2,1
68,What companies are the Lender but not the Issuer in the agreement?,"BANK OF MONTREAL, CAPITAL ONE, NATIONAL ASSOCIATION, CITIZENS BANK, N.A., FIRST FINANCIAL BANK, N.A., REGIONS BANK",1,2,1
6,Who is both the Deputy Branch Manager and Vice President of the company which is the Lender in the agreement?,Ying Chen,3,1,0
54,"Who are the Managing Directors of the company associated with c%2Fo Blackstone Real Estate Advisors L.P., 345 Park Avenue, New York, New York 10154?","Chuckie Reddy, Jonathan Olsen",3,0,1
54,Who is both the Managing Director and Senior Vice President of the company which is the Borrower in the agreement?,Jonathan Olsen,3,1,0
54,"Who is both the Managing Director and Senior Vice President of the company associated with c%2Fo Blackstone Real Estate Advisors L.P., 345 Park Avenue, New York, New York 10154?",Jonathan Olsen,3,1,0
54,Who is both the Managing Director and Senior Vice President of the company where Chuckie Reddy is employed?,Jonathan Olsen,3,1,0
40,"What company is the Agent and Issuing Bank but not the Agent, in the agreement?","JPMORGAN CHASE BANK, N.A",1,3,0
40,"What company is the Lender and Issuing Bank but not the Agent, in the agreement?","JPMORGAN CHASE BANK, N.A",1,3,0
40,Who is the First Vice President of the company which is both the Lender and the Agent in the agreement?,David Reading,3,1,0
56,What companies are the Lender but not the Agent in the agreement?,"BARCLAYS BANK PLC, GOLDMAN SACHS BANK, USA, MORGAN STANLEY BANK, N.A., NOMURA CORPORATE FUNDING AMERICAS, LLC, UBS AG, Stamford Branch",1,2,1
56,What company is the Lender and Agent but not the Borrower in the agreement?,"CREDIT SUISSE AG, CAYMAN ISLANDS BRANCH",1,3,0
56,"Who is both the Executive Vice President, General Counsel and Secretary of the company which is the Borrower in the agreement?",Paul M. Robinson,3,1,0
4,What company is the Bookrunner and Lead Arranger but not the Syndication Agent in the agreement?,GOLDMAN SACHS BANK USA,1,3,0
4,What company is the Bookrunner and Lead Arranger but not the Administrative Agent in the agreement?,.P. MORGAN SECURITIES LLC,1,3,0
4,What company is the Bookrunner and Lead Arranger but not the L%2FC Issuer in the agreement?,.P. MORGAN SECURITIES LLC,1,3,0
4,What company is the Bookrunner and Lead Arranger but not the Swing Line Lender in the agreement?,.P. MORGAN SECURITIES LLC,1,3,0
4,What company is the Bookrunner and Syndication Agent but not the Bookrunners in the agreement?,.P. MORGAN SECURITIES LLC,1,3,0
4,What company is the Bookrunner and Syndication Agent but not the Co-Documentation Agents in the agreement?,.P. MORGAN SECURITIES LLC,1,3,0
4,What company is the Bookrunner and Syndication Agent but not the Holdings in the agreement?,.P. MORGAN SECURITIES LLC,1,3,0
4,What company is the Bookrunner and Syndication Agent but not the Borrower in the agreement?,.P. MORGAN SECURITIES LLC,1,3,0
4,What company is the Bookrunner and Syndication Agent but not the Administrative Agent in the agreement?,.P. MORGAN SECURITIES LLC,1,3,0
4,What company is the Bookrunner and Syndication Agent but not the L%2FC Issuer in the agreement?,.P. MORGAN SECURITIES LLC,1,3,0
4,What company is the Bookrunner and Syndication Agent but not the Swing Line Lender in the agreement?,.P. MORGAN SECURITIES LLC,1,3,0
4,What company is the Lead Arranger and Syndication Agent but not the Bookrunners in the agreement?,.P. MORGAN SECURITIES LLC,1,3,0
4,What company is the Lead Arranger and Syndication Agent but not the Co-Documentation Agents in the agreement?,.P. MORGAN SECURITIES LLC,1,3,0
4,What company is the Lead Arranger and Syndication Agent but not the Holdings in the agreement?,.P. MORGAN SECURITIES LLC,1,3,0
4,What company is the Lead Arranger and Syndication Agent but not the Borrower in the agreement?,.P. MORGAN SECURITIES LLC,1,3,0
4,What company is the Lead Arranger and Syndication Agent but not the Administrative Agent in the agreement?,.P. MORGAN SECURITIES LLC,1,3,0
4,What company is the Lead Arranger and Syndication Agent but not the L%2FC Issuer in the agreement?,.P. MORGAN SECURITIES LLC,1,3,0
4,What company is the Lead Arranger and Syndication Agent but not the Swing Line Lender in the agreement?,.P. MORGAN SECURITIES LLC,1,3,0
4,What company is the Bookrunner but not the Syndication Agent or Bookrunners in the agreement?,GOLDMAN SACHS BANK USA,1,3,0
4,What company is the Bookrunner but not the Syndication Agent or Co-Documentation Agents in the agreement?,GOLDMAN SACHS BANK USA,1,3,0
4,What company is the Bookrunner but not the Syndication Agent or Holdings in the agreement?,GOLDMAN SACHS BANK USA,1,3,0
4,What company is the Bookrunner but not the Syndication Agent or Borrower in the agreement?,GOLDMAN SACHS BANK USA,1,3,0
4,What company is the Bookrunner but not the Bookrunners or L%2FC Issuer in the agreement?,.P. MORGAN SECURITIES LLC,1,3,0
4,What company is the Bookrunner but not the Bookrunners or Swing Line Lender in the agreement?,.P. MORGAN SECURITIES LLC,1,3,0
4,What company is the Bookrunner but not the Bookrunners or Administrative Agent in the agreement?,.P. MORGAN SECURITIES LLC,1,3,0
4,What company is the Bookrunner but not the Co-Documentation Agents or L%2FC Issuer in the agreement?,.P. MORGAN SECURITIES LLC,1,3,0
4,What company is the Bookrunner but not the Co-Documentation Agents or Swing Line Lender in the agreement?,.P. MORGAN SECURITIES LLC,1,3,0
4,What company is the Bookrunner but not the Co-Documentation Agents or Administrative Agent in the agreement?,.P. MORGAN SECURITIES LLC,1,3,0
4,What company is the Bookrunner but not the Holdings or L%2FC Issuer in the agreement?,.P. MORGAN SECURITIES LLC,1,3,0
4,What company is the Bookrunner but not the Holdings or Swing Line Lender in the agreement?,.P. MORGAN SECURITIES LLC,1,3,0
4,What company is the Bookrunner but not the Holdings or Administrative Agent in the agreement?,.P. MORGAN SECURITIES LLC,1,3,0
4,What company is the Bookrunner but not the Borrower or L%2FC Issuer in the agreement?,.P. MORGAN SECURITIES LLC,1,3,0
4,What company is the Bookrunner but not the Borrower or Swing Line Lender in the agreement?,.P. MORGAN SECURITIES LLC,1,3,0
4,What company is the Bookrunner but not the Borrower or Administrative Agent in the agreement?,.P. MORGAN SECURITIES LLC,1,3,0
4,What company is the Bookrunner but not the L%2FC Issuer or Swing Line Lender in the agreement?,.P. MORGAN SECURITIES LLC,1,3,0
4,What company is the Bookrunner but not the L%2FC Issuer or Administrative Agent in the agreement?,.P. MORGAN SECURITIES LLC,1,3,0
4,What company is the Bookrunner but not the Swing Line Lender or Administrative Agent in the agreement?,.P. MORGAN SECURITIES LLC,1,3,0
4,What company is the Lead Arranger but not the Bookrunners or L%2FC Issuer in the agreement?,.P. MORGAN SECURITIES LLC,1,3,0
4,What company is the Lead Arranger but not the Bookrunners or Swing Line Lender in the agreement?,.P. MORGAN SECURITIES LLC,1,3,0
4,What company is the Lead Arranger but not the Bookrunners or Administrative Agent in the agreement?,.P. MORGAN SECURITIES LLC,1,3,0
4,What company is the Lead Arranger but not the Co-Documentation Agents or L%2FC Issuer in the agreement?,.P. MORGAN SECURITIES LLC,1,3,0
4,What company is the Lead Arranger but not the Co-Documentation Agents or Swing Line Lender in the agreement?,.P. MORGAN SECURITIES LLC,1,3,0
4,What company is the Lead Arranger but not the Co-Documentation Agents or Administrative Agent in the agreement?,.P. MORGAN SECURITIES LLC,1,3,0
4,What company is the Lead Arranger but not the Holdings or L%2FC Issuer in the agreement?,.P. MORGAN SECURITIES LLC,1,3,0
4,What company is the Lead Arranger but not the Holdings or Swing Line Lender in the agreement?,.P. MORGAN SECURITIES LLC,1,3,0
4,What company is the Lead Arranger but not the Holdings or Administrative Agent in the agreement?,.P. MORGAN SECURITIES LLC,1,3,0
4,What company is the Lead Arranger but not the Borrower or L%2FC Issuer in the agreement?,.P. MORGAN SECURITIES LLC,1,3,0
4,What company is the Lead Arranger but not the Borrower or Swing Line Lender in the agreement?,.P. MORGAN SECURITIES LLC,1,3,0
4,What company is the Lead Arranger but not the Borrower or Administrative Agent in the agreement?,.P. MORGAN SECURITIES LLC,1,3,0
4,What company is the Lead Arranger but not the L%2FC Issuer or Swing Line Lender in the agreement?,.P. MORGAN SECURITIES LLC,1,3,0
4,What company is the Lead Arranger but not the L%2FC Issuer or Administrative Agent in the agreement?,.P. MORGAN SECURITIES LLC,1,3,0
4,What company is the Lead Arranger but not the Swing Line Lender or Administrative Agent in the agreement?,.P. MORGAN SECURITIES LLC,1,3,0
42,What companies are the Lender but not the Agent in the agreement?,"PNC BANK, NATIONAL ASSOCIATION, REGIONS BANK, TD BANK, N.A., WELLS FARGO BANK, NATIONALASSOCIATION",1,2,1
42,What company is the arranger and lead arranger but not the BORROWER in the agreement?,"Merrill Lynch, Pierce, Fenner %26 Smith",1,3,0
42,What company is the arranger and bookrunner but not the BORROWER in the agreement?,"Merrill Lynch, Pierce, Fenner %26 Smith",1,3,0
42,What company is the arranger and lead bookrunner but not the BORROWER in the agreement?,"Merrill Lynch, Pierce, Fenner %26 Smith",1,3,0
42,What company is the lead arranger and bookrunner but not the BORROWER in the agreement?,"Merrill Lynch, Pierce, Fenner %26 Smith",1,3,0
42,What company is the lead arranger and lead bookrunner but not the BORROWER in the agreement?,"Merrill Lynch, Pierce, Fenner %26 Smith",1,3,0
42,What company is the bookrunner and lead bookrunner but not the BORROWER in the agreement?,"Merrill Lynch, Pierce, Fenner %26 Smith",1,3,0
42,What company is the Agent but not the Lender or Guarantor in the agreement?,"WELLS FARGO BANK, N.A.",1,3,0
42,What company is the Agent but not the Lender or arranger in the agreement?,"WELLS FARGO BANK, N.A.",1,3,0
42,What company is the Agent but not the Lender or lead arranger in the agreement?,"WELLS FARGO BANK, N.A.",1,3,0
42,What company is the Agent but not the Lender or bookrunner in the agreement?,"WELLS FARGO BANK, N.A.",1,3,0
42,What company is the Agent but not the Lender or lead bookrunner in the agreement?,"WELLS FARGO BANK, N.A.",1,3,0
42,What company is the Agent but not the Lender or BORROWER in the agreement?,"WELLS FARGO BANK, N.A.",1,3,0
42,Who is both the Treasurer and Senior Vice President of the company where Alan Garson is employed?,Michael J. Bufano,3,1,0
95,What company is the Arranger and Book Manager but not the BORROWER in the agreement?,"MERRILL LYNCH, PIERCE, FENNER %26 SMITH INCORPORATED",1,3,0
95,What company is the Arranger and Book Manager but not the Borrower in the agreement?,"MERRILL LYNCH, PIERCE, FENNER %26 SMITH INCORPORATED",1,3,0
95,What company is the Arranger and Book Manager but not the AGENT in the agreement?,"MERRILL LYNCH, PIERCE, FENNER %26 SMITH INCORPORATED",1,3,0
95,What company is the Arranger and Book Manager but not the Agent in the agreement?,"MERRILL LYNCH, PIERCE, FENNER %26 SMITH INCORPORATED",1,3,0
95,What company is the Arranger and Book Manager but not the LENDER in the agreement?,"MERRILL LYNCH, PIERCE, FENNER %26 SMITH INCORPORATED",1,3,0
95,What company is the Arranger and Book Manager but not the Credit Parties in the agreement?,"MERRILL LYNCH, PIERCE, FENNER %26 SMITH INCORPORATED",1,3,0
95,What company is the Arranger and Book Manager but not the Administrative Agent in the agreement?,"MERRILL LYNCH, PIERCE, FENNER %26 SMITH INCORPORATED",1,3,0
95,What company is the BORROWER and Borrower but not the AGENT in the agreement?,"OMEGA HEALTHCARE INVESTORS, INC.",1,3,0
95,What company is the BORROWER and Borrower but not the Agent in the agreement?,"OMEGA HEALTHCARE INVESTORS, INC.",1,3,0
95,What company is the BORROWER and Borrower but not the LENDER in the agreement?,"OMEGA HEALTHCARE INVESTORS, INC.",1,3,0
95,What company is the BORROWER and Borrower but not the Credit Parties in the agreement?,"OMEGA HEALTHCARE INVESTORS, INC.",1,3,0
95,What company is the BORROWER and Borrower but not the Administrative Agent in the agreement?,"OMEGA HEALTHCARE INVESTORS, INC.",1,3,0
95,What company is the AGENT and Agent but not the Credit Parties in the agreement?,"BANK OF AMERICA, N.A.",1,3,0
95,What company is the AGENT and Agent but not the Administrative Agent in the agreement?,"BANK OF AMERICA, N.A.",1,3,0
95,What company is the AGENT and LENDER but not the Credit Parties in the agreement?,"BANK OF AMERICA, N.A.",1,3,0
95,What company is the AGENT and LENDER but not the Administrative Agent in the agreement?,"BANK OF AMERICA, N.A.",1,3,0
95,What company is the Agent and LENDER but not the Credit Parties in the agreement?,"BANK OF AMERICA, N.A.",1,3,0
95,What company is the Agent and LENDER but not the Administrative Agent in the agreement?,"BANK OF AMERICA, N.A.",1,3,0
95,"Who are the Vice Presidents of the company associated with 100 N. Tryon StreetMail Code%3A NC1 -007-17-11Charlotte, NC 28255?","Angela Lau, Yinghua Zhang",3,0,1
95,"Who are the Vice Presidents of the company associated with 101 North Tryon StreetMail Code%3A NC1-001-04-39Charlotte, North Carolina 28255-0001?","Angela Lau, Yinghua Zhang",3,0,1
95,"Who are the Vice Presidents of the company associated with 1455 Market StreetMail Code%3A CA5-701-05-19San Francisco, California 94103-1399?","Angela Lau, Yinghua Zhang",3,0,1
95,Who are the Vice Presidents of the company where Jean Hood is employed?,"Angela Lau, Yinghua Zhang",3,0,1
157,Who are the Owner of Record and Vice President of the company which is the SENIOR LENDER in the agreement?,"Jason Purser, Nicholas Nadolsky",3,0,1
143,What company is the LENDER and Documentation Agent but not the Sponsor in the agreement?,FIFTH THIRD BANK,1,3,0
143,What company is the LENDER and Documentation Agent but not the GUARANTORS in the agreement?,FIFTH THIRD BANK,1,3,0
143,What company is the LENDER and Documentation Agent but not the Borrower in the agreement?,FIFTH THIRD BANK,1,3,0
143,What company is the LENDER and Documentation Agent but not the Lender in the agreement?,FIFTH THIRD BANK,1,3,0
143,What company is the LENDER and Documentation Agent but not the Agent in the agreement?,FIFTH THIRD BANK,1,3,0
143,What company is the LENDER and Documentation Agent but not the BORROWER in the agreement?,FIFTH THIRD BANK,1,3,0
143,What company is the LENDER and Joint Book Runners but not the Sponsor in the agreement?,FIFTH THIRD BANK,1,3,0
143,What company is the LENDER and Joint Book Runners but not the GUARANTORS in the agreement?,FIFTH THIRD BANK,1,3,0
143,What company is the LENDER and Joint Book Runners but not the Borrower in the agreement?,FIFTH THIRD BANK,1,3,0
143,What company is the LENDER and Joint Book Runners but not the Lender in the agreement?,FIFTH THIRD BANK,1,3,0
143,What company is the LENDER and Joint Book Runners but not the Agent in the agreement?,FIFTH THIRD BANK,1,3,0
143,What company is the LENDER and Joint Book Runners but not the BORROWER in the agreement?,FIFTH THIRD BANK,1,3,0
143,What company is the LENDER and Joint Lead Arrangers but not the Sponsor in the agreement?,FIFTH THIRD BANK,1,3,0
143,What company is the LENDER and Joint Lead Arrangers but not the GUARANTORS in the agreement?,FIFTH THIRD BANK,1,3,0
143,What company is the LENDER and Joint Lead Arrangers but not the Borrower in the agreement?,FIFTH THIRD BANK,1,3,0
143,What company is the LENDER and Joint Lead Arrangers but not the Lender in the agreement?,FIFTH THIRD BANK,1,3,0
143,What company is the LENDER and Joint Lead Arrangers but not the Agent in the agreement?,FIFTH THIRD BANK,1,3,0
143,What company is the LENDER and Joint Lead Arrangers but not the BORROWER in the agreement?,FIFTH THIRD BANK,1,3,0
143,What company is the Documentation Agent and Joint Book Runners but not the Sponsor in the agreement?,FIFTH THIRD BANK,1,3,0
143,What company is the Documentation Agent and Joint Book Runners but not the GUARANTORS in the agreement?,FIFTH THIRD BANK,1,3,0
143,What company is the Documentation Agent and Joint Book Runners but not the Borrower in the agreement?,FIFTH THIRD BANK,1,3,0
143,What company is the Documentation Agent and Joint Book Runners but not the Lender in the agreement?,FIFTH THIRD BANK,1,3,0
143,What company is the Documentation Agent and Joint Book Runners but not the Agent in the agreement?,FIFTH THIRD BANK,1,3,0
143,What company is the Documentation Agent and Joint Book Runners but not the BORROWER in the agreement?,FIFTH THIRD BANK,1,3,0
143,What company is the Documentation Agent and Joint Lead Arrangers but not the Sponsor in the agreement?,FIFTH THIRD BANK,1,3,0
143,What company is the Documentation Agent and Joint Lead Arrangers but not the GUARANTORS in the agreement?,FIFTH THIRD BANK,1,3,0
143,What company is the Documentation Agent and Joint Lead Arrangers but not the Borrower in the agreement?,FIFTH THIRD BANK,1,3,0
143,What company is the Documentation Agent and Joint Lead Arrangers but not the Lender in the agreement?,FIFTH THIRD BANK,1,3,0
143,What company is the Documentation Agent and Joint Lead Arrangers but not the Agent in the agreement?,FIFTH THIRD BANK,1,3,0
143,What company is the Documentation Agent and Joint Lead Arrangers but not the BORROWER in the agreement?,FIFTH THIRD BANK,1,3,0
143,What company is the Joint Book Runners and Joint Lead Arrangers but not the Sponsor in the agreement?,FIFTH THIRD BANK,1,3,0
143,What company is the Joint Book Runners and Joint Lead Arrangers but not the GUARANTORS in the agreement?,FIFTH THIRD BANK,1,3,0
143,What company is the Joint Book Runners and Joint Lead Arrangers but not the Borrower in the agreement?,FIFTH THIRD BANK,1,3,0
143,What company is the Joint Book Runners and Joint Lead Arrangers but not the Lender in the agreement?,FIFTH THIRD BANK,1,3,0
143,What company is the Joint Book Runners and Joint Lead Arrangers but not the Agent in the agreement?,FIFTH THIRD BANK,1,3,0
143,What company is the Joint Book Runners and Joint Lead Arrangers but not the BORROWER in the agreement?,FIFTH THIRD BANK,1,3,0
143,Who is both the Chief Financial Officer and President of the company which is the GUARANTORS in the agreement?,Michael J. Skipworth,3,1,0
142,What companies are the Lender but not the Documentation Agents in the agreement?,"BANK OF AMERICA, N.A., BANK OF MONTREAL, CHICAGO BRANCH, BARCLAYS BANK PLC, CANADIAN IMPERIAL BANK OFCOMMERCE, NEW YORK BRANCH, CITIBANK, N.A., CREDIT AGRICOLE CORPORATE ANDINVESTMENT BANK., CREDIT SUISSE AG, TORONTO BRANCH, DEUTSCHE BANK AG NEW YORK BRANCH, EXPORT DEVELOPMENT CANADA, JPMORGAN CHASE BANK, N.A., MIZUHO BANK, LTD., NATIONAL BANK OF CANADA, NEW YORK BRANCH, ROYAL BANK OF CANADA, THE BANK OF NOVA SCOTIA, THE BANK OF TOKYO-MITSUBISHI UJF, LTD., THE TORONTO DOMINION BANK,NEW YORK BRANCH, WELLS FARGO BANK, NATIONAL ASSOCIATION",1,2,1
142,What company is the Lender and Documentation Agents but not the Borrower in the agreement?,HSBC BANK CANADA,1,3,0
142,What company is the Lender and Documentation Agents but not the Joint Lead Arranger in the agreement?,HSBC BANK CANADA,1,3,0
142,What company is the Lender and Documentation Agents but not the Sole Bookmanager in the agreement?,HSBC BANK CANADA,1,3,0
142,What company is the Lender and Documentation Agents but not the Agent in the agreement?,HSBC BANK CANADA,1,3,0
142,What company is the Lender and Documentation Agents but not the Guarantor in the agreement?,HSBC BANK CANADA,1,3,0
142,What company is the Lender and Agent but not the Guarantor in the agreement?,"JPMORGAN CHASE BANK, N.A.",1,3,0
142,What company is the Joint Lead Arranger and Sole Bookmanager but not the Agent in the agreement?,JPMORGAN CHASE BANK,1,3,0
142,What company is the Joint Lead Arranger and Sole Bookmanager but not the Guarantor in the agreement?,JPMORGAN CHASE BANK,1,3,0
142,"Who are both Directors and Managing Directors of CANADIAN IMPERIAL BANK OFCOMMERCE, NEW YORK BRANCH?","Anar Ramji, Brian L. Banke, Gordon Yip, James Campbell, James D. Weinstein, Jeff Ferrell, John S. McGill, Michael Linder, Michael Zeller, Ming K. Chu, Randy Geislinger, Rob MacKinnon",2,1,1
142,"Who are the Treasurer, Vice-President, Finance, and Vice-President, Law of the company which is the Guarantor in the agreement?","Christine R. Johnston, Joel E. Hunter",3,0,1
142,Who are the Corporate Secretarys of the company where Joel E. Hunter is employed?,"Christine R. Johnston, Jon A. Dobson",3,0,1
142,Who are the Managing Directors of the company where Brian L. Banke is employed?,"James D. Weinstein, Jeff Ferrell, Randy Geislinger, Rob MacKinnon",3,0,1
142,Who are the Managing Directors of the company where Anar Ramji is employed?,"James D. Weinstein, Jeff Ferrell, Randy Geislinger, Rob MacKinnon",3,0,1
142,Who are the Managing Directors of the company where Ming K. Chu is employed?,"James D. Weinstein, Jeff Ferrell, Randy Geislinger, Rob MacKinnon",3,0,1
142,Who are the Directors of the company where Jeff Ferrell is employed?,"Anar Ramji, Brian L. Banke, Gordon Yip, James Campbell, John S. McGill, Michael Linder, Michael Zeller, Ming K. Chu",3,0,1
142,Who are the Directors of the company where James D. Weinstein is employed?,"Anar Ramji, Brian L. Banke, Gordon Yip, James Campbell, John S. McGill, Michael Linder, Michael Zeller, Ming K. Chu",3,0,1
142,Who are the Managing Directors of the company where John S. McGill is employed?,"James D. Weinstein, Jeff Ferrell, Randy Geislinger, Rob MacKinnon",3,0,1
142,Who are the Managing Directors of the company where Michael Linder is employed?,"James D. Weinstein, Jeff Ferrell, Randy Geislinger, Rob MacKinnon",3,0,1
142,Who are the Directors of the company where Randy Geislinger is employed?,"Anar Ramji, Brian L. Banke, Gordon Yip, James Campbell, John S. McGill, Michael Linder, Michael Zeller, Ming K. Chu",3,0,1
142,Who are the Directors of the company where Rob MacKinnon is employed?,"Anar Ramji, Brian L. Banke, Gordon Yip, James Campbell, John S. McGill, Michael Linder, Michael Zeller, Ming K. Chu",3,0,1
142,Who are the Directors of the company where Richard Antl is employed?,"Anar Ramji, Brian L. Banke, Gordon Yip, James Campbell, John S. McGill, Michael Linder, Michael Zeller, Ming K. Chu",3,0,1
142,Who are the Managing Directors of the company where Richard Antl is employed?,"James D. Weinstein, Jeff Ferrell, Randy Geislinger, Rob MacKinnon",3,0,1
142,Who are the Managing Directors of the company where Gordon Yip is employed?,"James D. Weinstein, Jeff Ferrell, Randy Geislinger, Rob MacKinnon",3,0,1
142,Who are the Managing Directors of the company where Michael Zeller is employed?,"James D. Weinstein, Jeff Ferrell, Randy Geislinger, Rob MacKinnon",3,0,1
142,Who are the Managing Directors of the company where James Campbell is employed?,"James D. Weinstein, Jeff Ferrell, Randy Geislinger, Rob MacKinnon",3,0,1
142,"Who is the Director, Resources %26 Energy Group of the company which is both the Lender and the Documentation Agents in the agreement?",Jason Lang,3,1,0
142,Who is the Executive Director of the company which is both the Lender and the Agent in the agreement?,Juan J. Javellana,3,1,0
142,Who is both the Controller and Principal Financial Officer of the company which is the Borrower in the agreement?,Nathaniel A. Brown,3,1,0
142,"Who is both the Corporate Secretary and Vice-President, Law of the company which is the Guarantor in the agreement?",Christine R. Johnston,3,1,0
142,"Who is both the Treasurer and Vice-President, Finance of the company which is the Guarantor in the agreement?",Joel E. Hunter,3,1,0
142,"Who is both the Corporate Secretary and Vice-President, Law of the company where Jon A. Dobson is employed?",Christine R. Johnston,3,1,0
142,"Who is both the Treasurer and Vice-President, Finance of the company where Jon A. Dobson is employed?",Joel E. Hunter,3,1,0
156,What companies are the Lender but not the Joint Bookrunners in the agreement?,"Deutsche Bank AG, New York Branch, WELLS FARGO CAPITAL FINANCE CORPORATION CANADA",1,2,1
156,What companies are the Lender but not the Joint Lead Arrangers in the agreement?,"Deutsche Bank AG, New York Branch, WELLS FARGO CAPITAL FINANCE CORPORATION CANADA",1,2,1
156,What companies are the Issuing Bank but not the Joint Bookrunners in the agreement?,"JPMORGAN CHASE BANK, N.A., WELLS FARGO CAPITAL FINANCE CORPORATION CANADA",1,2,1
156,What companies are the Issuing Bank but not the Joint Lead Arrangers in the agreement?,"JPMORGAN CHASE BANK, N.A., WELLS FARGO CAPITAL FINANCE CORPORATION CANADA",1,2,1
156,What company is the Lender and Issuing Bank but not the Joint Bookrunners in the agreement?,WELLS FARGO CAPITAL FINANCE CORPORATION CANADA,1,3,0
156,What company is the Lender and Issuing Bank but not the Joint Lead Arrangers in the agreement?,WELLS FARGO CAPITAL FINANCE CORPORATION CANADA,1,3,0
156,What company is the Lender and Joint Bookrunners but not the bookrunners in the agreement?,"WELLS FARGO BANK, NATIONAL ASSOCIATION",1,3,0
156,What company is the Lender and Joint Bookrunners but not the Agent in the agreement?,BNP PARIBAS,1,3,0
156,What company is the Lender and Joint Bookrunners but not the Bookrunner in the agreement?,BNP PARIBAS,1,3,0
156,What company is the Lender and Joint Bookrunners but not the Lead Arranger in the agreement?,BNP PARIBAS,1,3,0
156,What company is the Lender and Joint Bookrunners but not the Security Agent in the agreement?,BNP PARIBAS,1,3,0
156,What company is the Lender and Joint Bookrunners but not the administrative agent in the agreement?,BNP PARIBAS,1,3,0
156,What company is the Lender and Joint Bookrunners but not the lead arrangers in the agreement?,BNP PARIBAS,1,3,0
156,What company is the Lender and Joint Lead Arrangers but not the bookrunners in the agreement?,"WELLS FARGO BANK, NATIONAL ASSOCIATION",1,3,0
156,What company is the Lender and Joint Lead Arrangers but not the Agent in the agreement?,BNP PARIBAS,1,3,0
156,What company is the Lender and Joint Lead Arrangers but not the Bookrunner in the agreement?,BNP PARIBAS,1,3,0
156,What company is the Lender and Joint Lead Arrangers but not the Lead Arranger in the agreement?,BNP PARIBAS,1,3,0
156,What company is the Lender and Joint Lead Arrangers but not the Security Agent in the agreement?,BNP PARIBAS,1,3,0
156,What company is the Lender and Joint Lead Arrangers but not the administrative agent in the agreement?,BNP PARIBAS,1,3,0
156,What company is the Lender and Joint Lead Arrangers but not the lead arrangers in the agreement?,BNP PARIBAS,1,3,0
156,What company is the Lender and bookrunners but not the Agent in the agreement?,BNP PARIBAS,1,3,0
156,What company is the Lender and bookrunners but not the Bookrunner in the agreement?,BNP PARIBAS,1,3,0
156,What company is the Lender and bookrunners but not the Lead Arranger in the agreement?,BNP PARIBAS,1,3,0
156,What company is the Lender and bookrunners but not the Security Agent in the agreement?,BNP PARIBAS,1,3,0
156,What company is the Lender and bookrunners but not the administrative agent in the agreement?,BNP PARIBAS,1,3,0
156,What company is the Lender and bookrunners but not the lead arrangers in the agreement?,BNP PARIBAS,1,3,0
156,What company is the Issuing Bank and Lende but not the Joint Bookrunners in the agreement?,"JPMORGAN CHASE BANK, N.A.",1,3,0
156,What company is the Issuing Bank and Lende but not the Joint Lead Arrangers in the agreement?,"JPMORGAN CHASE BANK, N.A.",1,3,0
156,What company is the Issuing Bank and Lende but not the bookrunners in the agreement?,"JPMORGAN CHASE BANK, N.A.",1,3,0
156,What company is the Issuing Bank and Lende but not the Agent in the agreement?,"JPMORGAN CHASE BANK, N.A.",1,3,0
156,What company is the Issuing Bank and Lende but not the Bookrunner in the agreement?,"JPMORGAN CHASE BANK, N.A.",1,3,0
156,What company is the Issuing Bank and Lende but not the Lead Arranger in the agreement?,"JPMORGAN CHASE BANK, N.A.",1,3,0
156,What company is the Issuing Bank and Lende but not the Security Agent in the agreement?,"JPMORGAN CHASE BANK, N.A.",1,3,0
156,What company is the Issuing Bank and Lende but not the administrative agent in the agreement?,"JPMORGAN CHASE BANK, N.A.",1,3,0
156,What company is the Issuing Bank and Lende but not the lead arrangers in the agreement?,"JPMORGAN CHASE BANK, N.A.",1,3,0
156,What company is the Issuing Bank and Joint Bookrunners but not the bookrunners in the agreement?,"WELLS FARGO BANK, NATIONAL ASSOCIATION",1,3,0
156,What company is the Issuing Bank and Joint Bookrunners but not the Agent in the agreement?,BNP PARIBAS,1,3,0
156,What company is the Issuing Bank and Joint Bookrunners but not the Bookrunner in the agreement?,BNP PARIBAS,1,3,0
156,What company is the Issuing Bank and Joint Bookrunners but not the Lead Arranger in the agreement?,BNP PARIBAS,1,3,0
156,What company is the Issuing Bank and Joint Bookrunners but not the Security Agent in the agreement?,BNP PARIBAS,1,3,0
156,What company is the Issuing Bank and Joint Bookrunners but not the administrative agent in the agreement?,BNP PARIBAS,1,3,0
156,What company is the Issuing Bank and Joint Bookrunners but not the lead arrangers in the agreement?,BNP PARIBAS,1,3,0
156,What company is the Issuing Bank and Joint Lead Arrangers but not the bookrunners in the agreement?,"WELLS FARGO BANK, NATIONAL ASSOCIATION",1,3,0
156,What company is the Issuing Bank and Joint Lead Arrangers but not the Agent in the agreement?,BNP PARIBAS,1,3,0
156,What company is the Issuing Bank and Joint Lead Arrangers but not the Bookrunner in the agreement?,BNP PARIBAS,1,3,0
156,What company is the Issuing Bank and Joint Lead Arrangers but not the Lead Arranger in the agreement?,BNP PARIBAS,1,3,0
156,What company is the Issuing Bank and Joint Lead Arrangers but not the Security Agent in the agreement?,BNP PARIBAS,1,3,0
156,What company is the Issuing Bank and Joint Lead Arrangers but not the administrative agent in the agreement?,BNP PARIBAS,1,3,0
156,What company is the Issuing Bank and Joint Lead Arrangers but not the lead arrangers in the agreement?,BNP PARIBAS,1,3,0
156,What company is the Issuing Bank and bookrunners but not the Agent in the agreement?,BNP PARIBAS,1,3,0
156,What company is the Issuing Bank and bookrunners but not the Bookrunner in the agreement?,BNP PARIBAS,1,3,0
156,What company is the Issuing Bank and bookrunners but not the Lead Arranger in the agreement?,BNP PARIBAS,1,3,0
156,What company is the Issuing Bank and bookrunners but not the Security Agent in the agreement?,BNP PARIBAS,1,3,0
156,What company is the Issuing Bank and bookrunners but not the administrative agent in the agreement?,BNP PARIBAS,1,3,0
156,What company is the Issuing Bank and bookrunners but not the lead arrangers in the agreement?,BNP PARIBAS,1,3,0
156,What company is the Joint Bookrunners and Joint Lead Arrangers but not the bookrunners in the agreement?,"WELLS FARGO BANK, NATIONAL ASSOCIATION",1,3,0
156,What company is the Joint Bookrunners and Joint Lead Arrangers but not the Agent in the agreement?,BNP PARIBAS,1,3,0
156,What company is the Joint Bookrunners and Joint Lead Arrangers but not the Bookrunner in the agreement?,BNP PARIBAS,1,3,0
156,What company is the Joint Bookrunners and Joint Lead Arrangers but not the Lead Arranger in the agreement?,BNP PARIBAS,1,3,0
156,What company is the Joint Bookrunners and Joint Lead Arrangers but not the Security Agent in the agreement?,BNP PARIBAS,1,3,0
156,What company is the Joint Bookrunners and Joint Lead Arrangers but not the administrative agent in the agreement?,BNP PARIBAS,1,3,0
156,What company is the Joint Bookrunners and Joint Lead Arrangers but not the lead arrangers in the agreement?,BNP PARIBAS,1,3,0
156,What company is the Joint Bookrunners and bookrunners but not the Agent in the agreement?,BNP PARIBAS,1,3,0
156,What company is the Joint Bookrunners and bookrunners but not the Bookrunner in the agreement?,BNP PARIBAS,1,3,0
156,What company is the Joint Bookrunners and bookrunners but not the Lead Arranger in the agreement?,BNP PARIBAS,1,3,0
156,What company is the Joint Bookrunners and bookrunners but not the Security Agent in the agreement?,BNP PARIBAS,1,3,0
156,What company is the Joint Bookrunners and bookrunners but not the administrative agent in the agreement?,BNP PARIBAS,1,3,0
156,What company is the Joint Bookrunners and bookrunners but not the lead arrangers in the agreement?,BNP PARIBAS,1,3,0
156,What company is the Joint Lead Arrangers and bookrunners but not the Agent in the agreement?,BNP PARIBAS,1,3,0
156,What company is the Joint Lead Arrangers and bookrunners but not the Bookrunner in the agreement?,BNP PARIBAS,1,3,0
156,What company is the Joint Lead Arrangers and bookrunners but not the Lead Arranger in the agreement?,BNP PARIBAS,1,3,0
156,What company is the Joint Lead Arrangers and bookrunners but not the Security Agent in the agreement?,BNP PARIBAS,1,3,0
156,What company is the Joint Lead Arrangers and bookrunners but not the administrative agent in the agreement?,BNP PARIBAS,1,3,0
156,What company is the Joint Lead Arrangers and bookrunners but not the lead arrangers in the agreement?,BNP PARIBAS,1,3,0
156,What company is the Lender but not the Lende or Issuing Bank in the agreement?,"Deutsche Bank AG, New York Branch",1,3,0
156,What company is the Lender but not the Issuing Bank or bookrunners in the agreement?,"Deutsche Bank AG, New York Branch",1,3,0
156,What company is the Lender but not the Issuing Bank or Joint Lead Arrangers in the agreement?,"Deutsche Bank AG, New York Branch",1,3,0
156,What company is the Lender but not the Issuing Bank or Joint Bookrunners in the agreement?,"Deutsche Bank AG, New York Branch",1,3,0
156,What company is the Lender but not the Issuing Bank or Bookrunner in the agreement?,"Deutsche Bank AG, New York Branch",1,3,0
156,What company is the Lender but not the Issuing Bank or Agent in the agreement?,"Deutsche Bank AG, New York Branch",1,3,0
156,What company is the Lender but not the Issuing Bank or administrative agent in the agreement?,"Deutsche Bank AG, New York Branch",1,3,0
156,What company is the Lender but not the Issuing Bank or lead arrangers in the agreement?,"Deutsche Bank AG, New York Branch",1,3,0
156,What company is the Lender but not the Issuing Bank or Security Agent in the agreement?,"Deutsche Bank AG, New York Branch",1,3,0
156,What company is the Lender but not the Issuing Bank or Lead Arranger in the agreement?,"Deutsche Bank AG, New York Branch",1,3,0
156,What company is the Joint Lead Arrangers but not the Bookrunner or Agent in the agreement?,BNP PARIBAS,1,3,0
156,What company is the Joint Lead Arrangers but not the Bookrunner or administrative agent in the agreement?,BNP PARIBAS,1,3,0
156,What company is the Joint Lead Arrangers but not the Bookrunner or lead arrangers in the agreement?,BNP PARIBAS,1,3,0
156,What company is the Joint Lead Arrangers but not the Bookrunner or Security Agent in the agreement?,BNP PARIBAS,1,3,0
156,What company is the Joint Lead Arrangers but not the Bookrunner or Lead Arranger in the agreement?,BNP PARIBAS,1,3,0
156,What company is the Joint Lead Arrangers but not the Agent or administrative agent in the agreement?,BNP PARIBAS,1,3,0
156,What company is the Joint Lead Arrangers but not the Agent or lead arrangers in the agreement?,BNP PARIBAS,1,3,0
156,What company is the Joint Lead Arrangers but not the Agent or Security Agent in the agreement?,BNP PARIBAS,1,3,0
156,What company is the Joint Lead Arrangers but not the Agent or Lead Arranger in the agreement?,BNP PARIBAS,1,3,0
156,What company is the Joint Lead Arrangers but not the administrative agent or lead arrangers in the agreement?,BNP PARIBAS,1,3,0
156,What company is the Joint Lead Arrangers but not the administrative agent or Security Agent in the agreement?,BNP PARIBAS,1,3,0
156,What company is the Joint Lead Arrangers but not the administrative agent or Lead Arranger in the agreement?,BNP PARIBAS,1,3,0
156,What company is the Joint Lead Arrangers but not the lead arrangers or Security Agent in the agreement?,BNP PARIBAS,1,3,0
156,What company is the Joint Lead Arrangers but not the lead arrangers or Lead Arranger in the agreement?,BNP PARIBAS,1,3,0
156,What company is the Joint Lead Arrangers but not the Security Agent or Lead Arranger in the agreement?,BNP PARIBAS,1,3,0
156,What company is the Joint Bookrunners but not the Bookrunner or Agent in the agreement?,BNP PARIBAS,1,3,0
156,What company is the Joint Bookrunners but not the Bookrunner or administrative agent in the agreement?,BNP PARIBAS,1,3,0
156,What company is the Joint Bookrunners but not the Bookrunner or lead arrangers in the agreement?,BNP PARIBAS,1,3,0
156,What company is the Joint Bookrunners but not the Bookrunner or Security Agent in the agreement?,BNP PARIBAS,1,3,0
156,What company is the Joint Bookrunners but not the Bookrunner or Lead Arranger in the agreement?,BNP PARIBAS,1,3,0
156,What company is the Joint Bookrunners but not the Agent or administrative agent in the agreement?,BNP PARIBAS,1,3,0
156,What company is the Joint Bookrunners but not the Agent or lead arrangers in the agreement?,BNP PARIBAS,1,3,0
156,What company is the Joint Bookrunners but not the Agent or Security Agent in the agreement?,BNP PARIBAS,1,3,0
156,What company is the Joint Bookrunners but not the Agent or Lead Arranger in the agreement?,BNP PARIBAS,1,3,0
156,What company is the Joint Bookrunners but not the administrative agent or lead arrangers in the agreement?,BNP PARIBAS,1,3,0
156,What company is the Joint Bookrunners but not the administrative agent or Security Agent in the agreement?,BNP PARIBAS,1,3,0
156,What company is the Joint Bookrunners but not the administrative agent or Lead Arranger in the agreement?,BNP PARIBAS,1,3,0
156,What company is the Joint Bookrunners but not the lead arrangers or Security Agent in the agreement?,BNP PARIBAS,1,3,0
156,What company is the Joint Bookrunners but not the lead arrangers or Lead Arranger in the agreement?,BNP PARIBAS,1,3,0
156,What company is the Joint Bookrunners but not the Security Agent or Lead Arranger in the agreement?,BNP PARIBAS,1,3,0
156,"Who are the Its Authorized Signatorys of the company associated with 1800 Century Park East, Suite 1100 %09Los Angeles, CA 90067?","Brian Lane, Patricia Del Busto",3,0,1
156,Who are the Directors of the company associated with UK?,"Guelay Mese, Henk Derksen",3,0,1
156,Who is the Executive Director of the company which is both the Lende and the Issuing Bank in the agreement?,Timothy Lee,3,1,0
156,Who is the Senior Vice President of the company which is both the Lender and the Issuing Bank in the agreement?,Carmela Massari,3,1,0
156,Who is both the Chief Financial Officer and Vice President of the company which is the BORROWERS in the agreement?,Henk Derksen,3,1,0
156,Who is both the Chief Financial Officer and Vice President of the company associated with U.S.?,Henk Derksen,3,1,0
156,Who is both the Director and Executive Vice President and Chief Financial Officer of the company where Guelay Mese is employed?,Henk Derksen,3,1,0
80,What company is the Lender and Swingline Lender but not the Sole Book Manager in the agreement?,"WELLS FARGO BANK, NATIONAL ASSOCIATION",1,3,0
80,What company is the Lender and Swingline Lender but not the BORROWER in the agreement?,"WELLS FARGO BANK, NATIONAL ASSOCIATION",1,3,0
80,What company is the Lender and Swingline Lender but not the GUARANTOR in the agreement?,"WELLS FARGO BANK, NATIONAL ASSOCIATION",1,3,0
80,What company is the Lender and Administrative Agent but not the Sole Book Manager in the agreement?,"WELLS FARGO BANK, NATIONAL ASSOCIATION",1,3,0
80,What company is the Lender and Administrative Agent but not the BORROWER in the agreement?,"WELLS FARGO BANK, NATIONAL ASSOCIATION",1,3,0
80,What company is the Lender and Administrative Agent but not the GUARANTOR in the agreement?,"WELLS FARGO BANK, NATIONAL ASSOCIATION",1,3,0
80,What company is the Lender and Issuing Lender but not the Sole Book Manager in the agreement?,"WELLS FARGO BANK, NATIONAL ASSOCIATION",1,3,0
80,What company is the Lender and Issuing Lender but not the BORROWER in the agreement?,"WELLS FARGO BANK, NATIONAL ASSOCIATION",1,3,0
80,What company is the Lender and Issuing Lender but not the GUARANTOR in the agreement?,"WELLS FARGO BANK, NATIONAL ASSOCIATION",1,3,0
80,What company is the Arrangers and Sole Book Manager but not the BORROWER in the agreement?,"WELLS FARGO SECURITIES, LLC",1,3,0
80,What company is the Arrangers and Sole Book Manager but not the GUARANTOR in the agreement?,"WELLS FARGO SECURITIES, LLC",1,3,0
80,What company is the Swingline Lender and Administrative Agent but not the Sole Book Manager in the agreement?,"WELLS FARGO BANK, NATIONAL ASSOCIATION",1,3,0
80,What company is the Swingline Lender and Administrative Agent but not the BORROWER in the agreement?,"WELLS FARGO BANK, NATIONAL ASSOCIATION",1,3,0
80,What company is the Swingline Lender and Administrative Agent but not the GUARANTOR in the agreement?,"WELLS FARGO BANK, NATIONAL ASSOCIATION",1,3,0
80,What company is the Swingline Lender and Issuing Lender but not the Sole Book Manager in the agreement?,"WELLS FARGO BANK, NATIONAL ASSOCIATION",1,3,0
80,What company is the Swingline Lender and Issuing Lender but not the BORROWER in the agreement?,"WELLS FARGO BANK, NATIONAL ASSOCIATION",1,3,0
80,What company is the Swingline Lender and Issuing Lender but not the GUARANTOR in the agreement?,"WELLS FARGO BANK, NATIONAL ASSOCIATION",1,3,0
80,What company is the Administrative Agent and Issuing Lender but not the Sole Book Manager in the agreement?,"WELLS FARGO BANK, NATIONAL ASSOCIATION",1,3,0
80,What company is the Administrative Agent and Issuing Lender but not the BORROWER in the agreement?,"WELLS FARGO BANK, NATIONAL ASSOCIATION",1,3,0
80,What company is the Administrative Agent and Issuing Lender but not the GUARANTOR in the agreement?,"WELLS FARGO BANK, NATIONAL ASSOCIATION",1,3,0
80,Who is both the Chief Financial Officer and Executive Vice President of the company which is the BORROWER in the agreement?,Michael E. McDevitt,3,1,0
94,"What roles does FIFTH THIRD BANK have in the agreement which are not the roles of PNC BANK, NATIONAL ASSOCIATION?","Arrangers, Bookrunners",1,2,1
94,"What roles does FIFTH THIRD BANK have in the agreement which are not the roles of NATIXIS, NEW YORK BRANCH?","Arrangers, Bookrunners",1,2,1
94,"What roles does FIFTH THIRD BANK have in the agreement which are not the roles of RBS CITIZENS, N.A.?","Arrangers, Bookrunners",1,2,1
94,"What roles does JEFFERIES FINANCE LLC have in the agreement which are not the roles of NATIXIS, NEW YORK BRANCH?","Arrangers, Bookrunners",1,2,1
94,"What roles does JEFFERIES FINANCE LLC have in the agreement which are not the roles of RBS CITIZENS, N.A.?","Arrangers, Bookrunners",1,2,1
94,What companies are the Arrangers but not the Lender in the agreement?,"PNC CAPITAL MARKETS LLC, SUMITOMO MITSUI BANKING CORPORATION, SUNTRUST ROBINSON HUMPHREY, INC.",1,2,1
94,What companies are the Arrangers but not the Agent in the agreement?,"FIFTH THIRD BANK, PNC CAPITAL MARKETS LLC, SUMITOMO MITSUI BANKING CORPORATION, SUNTRUST ROBINSON HUMPHREY, INC.",1,2,1
94,What companies are the Bookrunners but not the Lender in the agreement?,"PNC CAPITAL MARKETS LLC, SUMITOMO MITSUI BANKING CORPORATION, SUNTRUST ROBINSON HUMPHREY, INC.",1,2,1
94,What companies are the Bookrunners but not the Agent in the agreement?,"FIFTH THIRD BANK, PNC CAPITAL MARKETS LLC, SUMITOMO MITSUI BANKING CORPORATION, SUNTRUST ROBINSON HUMPHREY, INC.",1,2,1
94,What companies are the Lender but not the Agent in the agreement?,"FIFTH THIRD BANK, PNC BANK, NATIONAL ASSOCIATION, SUMITOMO MITSUI BANKINGCORPORATION, SUNTRUST BANK",1,2,1
94,What company is the Arrangers and Lender but not the Agent in the agreement?,FIFTH THIRD BANK,1,3,0
94,What company is the Bookrunners and Lender but not the Agent in the agreement?,FIFTH THIRD BANK,1,3,0
94,What company is the Lender and Bank but not the Borrower in the agreement?,"PNC BANK, NATIONAL ASSOCIATION",1,3,0
94,What company is the Lender and Bank but not the Agent in the agreement?,"PNC BANK, NATIONAL ASSOCIATION",1,3,0
94,Who is the Managing Director of the company which is both the Lender and the Agent in the agreement?,Edward T. Crook,3,1,0
94,Who is the Vice President of the company which is both the Lender and the Agent in the agreement?,J. St%C3%A9phane Lautner,3,1,0
57,What companies are the Lender but not the Issuer in the agreement?,"BANK OF AMERICA, N.A., Bank of America, Barclays Bank PLC, CITIBANK N.A., Citibank, N.A., Commerzbank AG, New York Branch, DEUTSCHE BANK AG NEW YORKBRANCH, HSBC Bank USA, National Association, JPMORGAN CHASE BANK N.A., MORGAN STANLEY BANK, N.A., MORGAN STANLEY SENIOR FUNDING,INC., MUFG Bank, Ltd., PNC Bank, National Association, U.S. BANK NATIONAL ASSOCIATION, UniCredit Bank AG, New York Branch",1,2,1
57,What is the position held by Chuck B. Kyrish but not by Henry Pennell or Kara P. Van Duzee?,Treasurer,1,3,0
57,What is the position held by Chuck B. Kyrish but not by Henry Pennell or Katherine L. Hurley?,Treasurer,1,3,0
57,What is the position held by Chuck B. Kyrish but not by Henry Pennell or Lauren Steiner?,Treasurer,1,3,0
57,What is the position held by Chuck B. Kyrish but not by Henry Pennell or Michael Vondriska?,Treasurer,1,3,0
57,What is the position held by Chuck B. Kyrish but not by Henry Pennell or Robert Sullivan?,Treasurer,1,3,0
57,What is the position held by Chuck B. Kyrish but not by Henry Pennell or Virginia Cosenza?,Treasurer,1,3,0
57,What is the position held by Chuck B. Kyrish but not by Kara P. Van Duzee or Katherine L. Hurley?,Treasurer,1,3,0
57,What is the position held by Chuck B. Kyrish but not by Kara P. Van Duzee or Lauren Steiner?,Treasurer,1,3,0
57,What is the position held by Chuck B. Kyrish but not by Kara P. Van Duzee or Michael Vondriska?,Treasurer,1,3,0
57,What is the position held by Chuck B. Kyrish but not by Kara P. Van Duzee or Robert Sullivan?,Treasurer,1,3,0
57,What is the position held by Chuck B. Kyrish but not by Kara P. Van Duzee or Virginia Cosenza?,Treasurer,1,3,0
57,What is the position held by Chuck B. Kyrish but not by Katherine L. Hurley or Lauren Steiner?,Treasurer,1,3,0
57,What is the position held by Chuck B. Kyrish but not by Katherine L. Hurley or Michael Vondriska?,Treasurer,1,3,0
57,What is the position held by Chuck B. Kyrish but not by Katherine L. Hurley or Robert Sullivan?,Treasurer,1,3,0
57,What is the position held by Chuck B. Kyrish but not by Katherine L. Hurley or Virginia Cosenza?,Treasurer,1,3,0
57,What is the position held by Chuck B. Kyrish but not by Lauren Steiner or Michael Vondriska?,Treasurer,1,3,0
57,What is the position held by Chuck B. Kyrish but not by Lauren Steiner or Robert Sullivan?,Treasurer,1,3,0
57,What is the position held by Chuck B. Kyrish but not by Lauren Steiner or Virginia Cosenza?,Treasurer,1,3,0
57,What is the position held by Chuck B. Kyrish but not by Michael Vondriska or Robert Sullivan?,Treasurer,1,3,0
57,What is the position held by Chuck B. Kyrish but not by Michael Vondriska or Virginia Cosenza?,Treasurer,1,3,0
57,What is the position held by Chuck B. Kyrish but not by Robert Sullivan or Virginia Cosenza?,Treasurer,1,3,0
57,Who is the Treasurer of the company which is both the Company and the Borrower in the agreement?,Chuck B. Kyrish,3,1,0
57,Who is the Vice President of the company which is both the Company and the Borrower in the agreement?,Chuck B. Kyrish,3,1,0
5,What company is the Administrative Agent and L%2FC Issuer but not the Bookrunner in the agreement?,"BANK OF AMERICA, N.A.",1,3,0
5,What company is the Administrative Agent and L%2FC Issuer but not the Lead Arranger in the agreement?,"BANK OF AMERICA, N.A.",1,3,0
5,What company is the Administrative Agent and L%2FC Issuer but not the Lead Arrangers in the agreement?,"BANK OF AMERICA, N.A.",1,3,0
5,What company is the Administrative Agent and L%2FC Issuer but not the Documentation Agents in the agreement?,"BANK OF AMERICA, N.A.",1,3,0
5,What company is the Administrative Agent and Lender but not the Bookrunner in the agreement?,"BANK OF AMERICA, N.A.",1,3,0
5,What company is the Administrative Agent and Lender but not the Lead Arranger in the agreement?,"BANK OF AMERICA, N.A.",1,3,0
5,What company is the Administrative Agent and Lender but not the Lead Arrangers in the agreement?,"BANK OF AMERICA, N.A.",1,3,0
5,What company is the Administrative Agent and Lender but not the Documentation Agents in the agreement?,"BANK OF AMERICA, N.A.",1,3,0
5,What company is the Administrative Agent and Swing Line Lender but not the Bookrunner in the agreement?,"BANK OF AMERICA, N.A.",1,3,0
5,What company is the Administrative Agent and Swing Line Lender but not the Lead Arranger in the agreement?,"BANK OF AMERICA, N.A.",1,3,0
5,What company is the Administrative Agent and Swing Line Lender but not the Lead Arrangers in the agreement?,"BANK OF AMERICA, N.A.",1,3,0
5,What company is the Administrative Agent and Swing Line Lender but not the Documentation Agents in the agreement?,"BANK OF AMERICA, N.A.",1,3,0
5,What company is the L%2FC Issuer and Lender but not the Bookrunner in the agreement?,"BANK OF AMERICA, N.A.",1,3,0
5,What company is the L%2FC Issuer and Lender but not the Lead Arranger in the agreement?,"BANK OF AMERICA, N.A.",1,3,0
5,What company is the L%2FC Issuer and Lender but not the Lead Arrangers in the agreement?,"BANK OF AMERICA, N.A.",1,3,0
5,What company is the L%2FC Issuer and Lender but not the Documentation Agents in the agreement?,"BANK OF AMERICA, N.A.",1,3,0
5,What company is the L%2FC Issuer and Swing Line Lender but not the Bookrunner in the agreement?,"BANK OF AMERICA, N.A.",1,3,0
5,What company is the L%2FC Issuer and Swing Line Lender but not the Lead Arranger in the agreement?,"BANK OF AMERICA, N.A.",1,3,0
5,What company is the L%2FC Issuer and Swing Line Lender but not the Lead Arrangers in the agreement?,"BANK OF AMERICA, N.A.",1,3,0
5,What company is the L%2FC Issuer and Swing Line Lender but not the Documentation Agents in the agreement?,"BANK OF AMERICA, N.A.",1,3,0
5,What company is the Lender and Swing Line Lender but not the Bookrunner in the agreement?,"BANK OF AMERICA, N.A.",1,3,0
5,What company is the Lender and Swing Line Lender but not the Lead Arranger in the agreement?,"BANK OF AMERICA, N.A.",1,3,0
5,What company is the Lender and Swing Line Lender but not the Lead Arrangers in the agreement?,"BANK OF AMERICA, N.A.",1,3,0
5,What company is the Lender and Swing Line Lender but not the Documentation Agents in the agreement?,"BANK OF AMERICA, N.A.",1,3,0
5,What company is the Bookrunner and Lead Arranger but not the Lead Arrangers in the agreement?,"MERRILL LYNCH, PIERCE, FENNER %26 SMITH INCORPORATED",1,3,0
5,What company is the Bookrunner and Lead Arranger but not the Documentation Agents in the agreement?,"MERRILL LYNCH, PIERCE, FENNER %26 SMITH INCORPORATED",1,3,0
5,Who is the Vice President of the company which is both the Documentation Agents and the Lead Arrangers in the agreement?,Roy E. Alexander,3,1,0
5,Who is both the Vice President and Senior Vice President of the company where Denise Smyth is employed?,Roy E. Alexander,3,1,0
5,Who is both the Vice President and Senior Vice President of the company where Robert Masters is employed?,Roy E. Alexander,3,1,0
1,What company is the arranger and lead arranger but not the Administrative Agent in the agreement?,"Bank of America, N.A.",1,3,0
1,What company is the arranger and lead arranger but not the Arranger in the agreement?,"Bank of America, N.A.",1,3,0
1,What company is the arranger and lead arranger but not the Bookrunner in the agreement?,"Bank of America, N.A.",1,3,0
1,What company is the arranger and lead arranger but not the Lender in the agreement?,"Bank of America, N.A.",1,3,0
1,What company is the arranger and lead arranger but not the Lenders in the agreement?,"Bank of America, N.A.",1,3,0
1,What company is the arranger and lead arranger but not the Borrower in the agreement?,"Bank of America, N.A.",1,3,0
1,What company is the arranger and bookrunner but not the Administrative Agent in the agreement?,"Bank of America, N.A.",1,3,0
1,What company is the arranger and bookrunner but not the Arranger in the agreement?,"Bank of America, N.A.",1,3,0
1,What company is the arranger and bookrunner but not the Bookrunner in the agreement?,"Bank of America, N.A.",1,3,0
1,What company is the arranger and bookrunner but not the Lender in the agreement?,"Bank of America, N.A.",1,3,0
1,What company is the arranger and bookrunner but not the Lenders in the agreement?,"Bank of America, N.A.",1,3,0
1,What company is the arranger and bookrunner but not the Borrower in the agreement?,"Bank of America, N.A.",1,3,0
1,What company is the arranger and lead bookrunner but not the Administrative Agent in the agreement?,"Bank of America, N.A.",1,3,0
1,What company is the arranger and lead bookrunner but not the Arranger in the agreement?,"Bank of America, N.A.",1,3,0
1,What company is the arranger and lead bookrunner but not the Bookrunner in the agreement?,"Bank of America, N.A.",1,3,0
1,What company is the arranger and lead bookrunner but not the Lender in the agreement?,"Bank of America, N.A.",1,3,0
1,What company is the arranger and lead bookrunner but not the Lenders in the agreement?,"Bank of America, N.A.",1,3,0
1,What company is the arranger and lead bookrunner but not the Borrower in the agreement?,"Bank of America, N.A.",1,3,0
1,What company is the lead arranger and bookrunner but not the Administrative Agent in the agreement?,"Bank of America, N.A.",1,3,0
1,What company is the lead arranger and bookrunner but not the Arranger in the agreement?,"Bank of America, N.A.",1,3,0
1,What company is the lead arranger and bookrunner but not the Bookrunner in the agreement?,"Bank of America, N.A.",1,3,0
1,What company is the lead arranger and bookrunner but not the Lender in the agreement?,"Bank of America, N.A.",1,3,0
1,What company is the lead arranger and bookrunner but not the Lenders in the agreement?,"Bank of America, N.A.",1,3,0
1,What company is the lead arranger and bookrunner but not the Borrower in the agreement?,"Bank of America, N.A.",1,3,0
1,What company is the lead arranger and lead bookrunner but not the Administrative Agent in the agreement?,"Bank of America, N.A.",1,3,0
1,What company is the lead arranger and lead bookrunner but not the Arranger in the agreement?,"Bank of America, N.A.",1,3,0
1,What company is the lead arranger and lead bookrunner but not the Bookrunner in the agreement?,"Bank of America, N.A.",1,3,0
1,What company is the lead arranger and lead bookrunner but not the Lender in the agreement?,"Bank of America, N.A.",1,3,0
1,What company is the lead arranger and lead bookrunner but not the Lenders in the agreement?,"Bank of America, N.A.",1,3,0
1,What company is the lead arranger and lead bookrunner but not the Borrower in the agreement?,"Bank of America, N.A.",1,3,0
1,What company is the bookrunner and lead bookrunner but not the Administrative Agent in the agreement?,"Bank of America, N.A.",1,3,0
1,What company is the bookrunner and lead bookrunner but not the Arranger in the agreement?,"Bank of America, N.A.",1,3,0
1,What company is the bookrunner and lead bookrunner but not the Bookrunner in the agreement?,"Bank of America, N.A.",1,3,0
1,What company is the bookrunner and lead bookrunner but not the Lender in the agreement?,"Bank of America, N.A.",1,3,0
1,What company is the bookrunner and lead bookrunner but not the Lenders in the agreement?,"Bank of America, N.A.",1,3,0
1,What company is the bookrunner and lead bookrunner but not the Borrower in the agreement?,"Bank of America, N.A.",1,3,0
1,What company is the Administrative Agent and Arranger but not the Borrower in the agreement?,"BANK OF AMERICA, N.A.",1,3,0
1,What company is the Administrative Agent and Bookrunner but not the Borrower in the agreement?,"BANK OF AMERICA, N.A.",1,3,0
1,What company is the Administrative Agent and Lender but not the Borrower in the agreement?,"BANK OF AMERICA, N.A.",1,3,0
1,What company is the Administrative Agent and Lenders but not the Borrower in the agreement?,"BANK OF AMERICA, N.A.",1,3,0
1,What company is the Arranger and Bookrunner but not the Borrower in the agreement?,"BANK OF AMERICA, N.A.",1,3,0
1,What company is the Arranger and Lender but not the Borrower in the agreement?,"BANK OF AMERICA, N.A.",1,3,0
1,What company is the Arranger and Lenders but not the Borrower in the agreement?,"BANK OF AMERICA, N.A.",1,3,0
1,What company is the Bookrunner and Lender but not the Borrower in the agreement?,"BANK OF AMERICA, N.A.",1,3,0
1,What company is the Bookrunner and Lenders but not the Borrower in the agreement?,"BANK OF AMERICA, N.A.",1,3,0
1,What company is the Lender and Lenders but not the Borrower in the agreement?,"BANK OF AMERICA, N.A.",1,3,0
1,Who is both the Treasurer and Vice President of the company which is the Borrower in the agreement?,Mark Constant,3,1,0
53,What company is the AGENT and L%2FC Issuer but not the GUARANTORS in the agreement?,CADENCE BANK,1,3,0
53,What company is the AGENT and Lender but not the GUARANTORS in the agreement?,CADENCE BANK,1,3,0
53,What company is the L%2FC Issuer and Lender but not the GUARANTORS in the agreement?,CADENCE BANK,1,3,0
47,"What roles does THE BANK OF TOKYO-MITSUBISHI UFJ, LTD. have in the agreement which are not the roles of WELLS FARGO BANK, NATIONAL ASSOCIATION?","Joint Bookrunners, co-Syndication Agents",1,2,1
47,What companies are the Lender but not the Joint Bookrunners in the agreement?,"BANK OF AMERICA, N.A., BARCLAYS BANK PLC, CITIBANK, N.A., DEUTSCHE BANK AG NEW YORK BRANCH, DNB CAPITAL LLC, HSBC BANK USA, N.A, JPMORGAN CHASE BANK, N.A., PNC BANK, NATIONAL ASSOCIATION, WELLS FARGO BANK, NATIONAL ASSOCIATION",1,2,1
47,What companies are the Lender but not the Joint Lead Arrangers in the agreement?,"BANK OF AMERICA, N.A., BARCLAYS BANK PLC, CITIBANK, N.A., DNB CAPITAL LLC, HSBC BANK USA, N.A, JPMORGAN CHASE BANK, N.A., PNC BANK, NATIONAL ASSOCIATION, THE BANK OF TOKYO-MITSUBISHI UFJ, LTD., WELLS FARGO BANK, NATIONAL ASSOCIATION",1,2,1
47,What companies are the Lender but not the co-Syndication Agents in the agreement?,"BARCLAYS BANK PLC, CITIBANK, N.A., DNB CAPITAL LLC, HSBC BANK USA, N.A, JPMORGAN CHASE BANK, N.A., WELLS FARGO BANK, NATIONAL ASSOCIATION",1,2,1
47,What companies are the Joint Bookrunners but not the co-Syndication Agents in the agreement?,"MERRILL LYNCH, PIERCE, FENNER %26 SMITH INCORPORATED,, PNC CAPITAL MARKETS LLC,, WELLS FARGO SECURITIES, LLC,",1,2,1
47,What companies are the Joint Lead Arrangers but not the co-Syndication Agents in the agreement?,"MERRILL LYNCH, PIERCE, FENNER %26 SMITH INCORPORATED,, PNC CAPITAL MARKETS LLC,, WELLS FARGO SECURITIES, LLC,",1,2,1
47,What company is the Lender and Joint Bookrunners but not the Joint Lead Arrangers in the agreement?,"THE BANK OF TOKYO-MITSUBISHI UFJ, LTD.",1,3,0
47,What company is the Lender and Joint Bookrunners but not the BORROWER in the agreement?,"THE BANK OF TOKYO-MITSUBISHI UFJ, LTD.",1,3,0
47,"What company is the Lender and Joint Bookrunners but not the Administrative Agent, in the agreement?","THE BANK OF TOKYO-MITSUBISHI UFJ, LTD.",1,3,0
47,What company is the Lender and Joint Lead Arrangers but not the BORROWER in the agreement?,DEUTSCHE BANK AG NEW YORK BRANCH,1,3,0
47,"What company is the Lender and Joint Lead Arrangers but not the Administrative Agent, in the agreement?",DEUTSCHE BANK AG NEW YORK BRANCH,1,3,0
47,What company is the Joint Bookrunners and co-Syndication Agents but not the BORROWER in the agreement?,"THE BANK OF TOKYO-MITSUBISHI UFJ, LTD.",1,3,0
47,"What company is the Joint Bookrunners and co-Syndication Agents but not the Administrative Agent, in the agreement?","THE BANK OF TOKYO-MITSUBISHI UFJ, LTD.",1,3,0
47,What company is the Joint Lead Arrangers and co-Syndication Agents but not the BORROWER in the agreement?,DEUTSCHE BANK AG NEW YORK BRANCH,1,3,0
47,"What company is the Joint Lead Arrangers and co-Syndication Agents but not the Administrative Agent, in the agreement?",DEUTSCHE BANK AG NEW YORK BRANCH,1,3,0
47,What company is the Joint Lead Arrangers but not the Joint Bookrunners or BORROWER in the agreement?,DEUTSCHE BANK AG NEW YORK BRANCH,1,3,0
47,"What company is the Joint Lead Arrangers but not the Joint Bookrunners or Administrative Agent, in the agreement?",DEUTSCHE BANK AG NEW YORK BRANCH,1,3,0
47,Who is the Vice President of the company which is both the co-Syndication Agents and the Lender in the agreement?,Bremmer Kneib,3,1,0
47,"Who is the Managing Director of the company which is both the Lender and the Administrative Agent, in the agreement?",Kirk Tesch,3,1,0
146,What company is the Administrative Agent and Lender but not the Borrower in the agreement?,CITIBANK,1,3,0
146,What company is the Administrative Agent and Lender but not the Collateral Manager in the agreement?,CITIBANK,1,3,0
146,What company is the Administrative Agent and Lender but not the Equityholder in the agreement?,CITIBANK,1,3,0
146,What company is the Administrative Agent and Lender but not the sole member in the agreement?,CITIBANK,1,3,0
146,What company is the Administrative Agent and Lender but not the Collateral Administrator in the agreement?,CITIBANK,1,3,0
146,What company is the Administrative Agent and Lender but not the Collateral Agent in the agreement?,CITIBANK,1,3,0
146,What company is the Administrative Agent and Lender but not the Custodian in the agreement?,CITIBANK,1,3,0
146,What company is the Collateral Manager and Equityholder but not the Collateral Administrator in the agreement?,BLACKSTONE PRIVATE CREDIT FUND,1,3,0
146,What company is the Collateral Manager and Equityholder but not the Collateral Agent in the agreement?,BLACKSTONE PRIVATE CREDIT FUND,1,3,0
146,What company is the Collateral Manager and Equityholder but not the Custodian in the agreement?,BLACKSTONE PRIVATE CREDIT FUND,1,3,0
146,What company is the Collateral Manager and sole member but not the Collateral Administrator in the agreement?,BLACKSTONE PRIVATE CREDIT FUND,1,3,0
146,What company is the Collateral Manager and sole member but not the Collateral Agent in the agreement?,BLACKSTONE PRIVATE CREDIT FUND,1,3,0
146,What company is the Collateral Manager and sole member but not the Custodian in the agreement?,BLACKSTONE PRIVATE CREDIT FUND,1,3,0
146,What company is the Equityholder and sole member but not the Collateral Administrator in the agreement?,BLACKSTONE PRIVATE CREDIT FUND,1,3,0
146,What company is the Equityholder and sole member but not the Collateral Agent in the agreement?,BLACKSTONE PRIVATE CREDIT FUND,1,3,0
146,What company is the Equityholder and sole member but not the Custodian in the agreement?,BLACKSTONE PRIVATE CREDIT FUND,1,3,0
90,Who are both Directors and Managing Directors of ING BANK N.V.?,"Annie Chung, Barry Fehily, Brad Matthews, Clement Yu, Kaye Ea, Kevin D. Higgins, Michael Pearce, Ming K. Chu, Mukesh Singh, Sean Hassett, Todd Grossnickle",2,1,1
90,Who are the Directors of the company where Kaye Ea is employed?,"Annie Chung, Brad Matthews, Clement Yu, Ming K. Chu, Mukesh Singh, Sean Hassett, Todd Grossnickle",3,0,1
90,Who are the Managing Directors of the company where Sean Hassett is employed?,"Barry Fehily, Kaye Ea, Kevin D. Higgins, Michael Pearce",3,0,1
90,Who are the Directors of the company where Barry Fehily is employed?,"Annie Chung, Brad Matthews, Clement Yu, Ming K. Chu, Mukesh Singh, Sean Hassett, Todd Grossnickle",3,0,1
90,Who are the Directors of the company where Kevin D. Higgins is employed?,"Annie Chung, Brad Matthews, Clement Yu, Ming K. Chu, Mukesh Singh, Sean Hassett, Todd Grossnickle",3,0,1
90,Who are the Managing Directors of the company where Ming K. Chu is employed?,"Barry Fehily, Kaye Ea, Kevin D. Higgins, Michael Pearce",3,0,1
90,Who are the Managing Directors of the company where Clement Yu is employed?,"Barry Fehily, Kaye Ea, Kevin D. Higgins, Michael Pearce",3,0,1
90,Who are the Managing Directors of the company where Mukesh Singh is employed?,"Barry Fehily, Kaye Ea, Kevin D. Higgins, Michael Pearce",3,0,1
90,Who are the Directors of the company where Michael Pearce is employed?,"Annie Chung, Brad Matthews, Clement Yu, Ming K. Chu, Mukesh Singh, Sean Hassett, Todd Grossnickle",3,0,1
90,Who are the Managing Directors of the company where Brad Matthews is employed?,"Barry Fehily, Kaye Ea, Kevin D. Higgins, Michael Pearce",3,0,1
90,Who are the Managing Directors of the company where Todd Grossnickle is employed?,"Barry Fehily, Kaye Ea, Kevin D. Higgins, Michael Pearce",3,0,1
90,Who are the Managing Directors of the company where Annie Chung is employed?,"Barry Fehily, Kaye Ea, Kevin D. Higgins, Michael Pearce",3,0,1
90,Who is both the Treasurer and Vice President of the company which is the Lender in the agreement?,William C. Whitaker,3,1,0
90,Who is both the Treasurer and Vice President of the company where Christopher A. Salek is employed?,William C. Whitaker,3,1,0
90,Who is both the Treasurer and Vice President of the company where Michael Vondriska is employed?,William C. Whitaker,3,1,0
84,What roles does KEYBANK NATIONAL ASSOCIATION have in the agreement which are not the roles of KeyBank National Association?,"LC Issuer, Lender, Swingline    Lender",1,2,1
84,What companies are the Arrangers but not the Managers in the agreement?,"DEUTSCHE BANK SECURITIES INC., KEYBANC CAPITAL MARKETS INC.",1,2,1
84,What is the position held by Alexander Wu but not by Chwan-Ming Ho or Edward Chen?,SVP,1,3,0
84,What is the position held by Alexander Wu but not by Chwan-Ming Ho or Li Hua Huang?,SVP,1,3,0
84,What is the position held by Alexander Wu but not by Edward Chen or Li Hua Huang?,SVP,1,3,0
84,What company is the Lender and Administrative Agent but not the ADMINISTRATIVE AGENT in the agreement?,KEYBANK NATIONAL ASSOCIATION,1,3,0
84,What company is the Lender and Administrative Agent but not the L%2FC ISSUER%3A in the agreement?,KEYBANK NATIONAL ASSOCIATION,1,3,0
84,What company is the Lender and LC Issuer but not the ADMINISTRATIVE AGENT in the agreement?,KEYBANK NATIONAL ASSOCIATION,1,3,0
84,What company is the Lender and LC Issuer but not the L%2FC ISSUER%3A in the agreement?,KEYBANK NATIONAL ASSOCIATION,1,3,0
84,What company is the Lender and Swingline    Lender but not the ADMINISTRATIVE AGENT in the agreement?,KEYBANK NATIONAL ASSOCIATION,1,3,0
84,What company is the Lender and Swingline    Lender but not the L%2FC ISSUER%3A in the agreement?,KEYBANK NATIONAL ASSOCIATION,1,3,0
84,What company is the Arrangers and Documentation Agent but not the Managers in the agreement?,DEUTSCHE BANK SECURITIES INC.,1,3,0
84,What company is the Arrangers and Documentation Agent but not the Co-Syndication Agents in the agreement?,DEUTSCHE BANK SECURITIES INC.,1,3,0
84,What company is the Arrangers and Documentation Agent but not the Administrative Agent in the agreement?,DEUTSCHE BANK SECURITIES INC.,1,3,0
84,What company is the Arrangers and Documentation Agent but not the LC Issuer in the agreement?,DEUTSCHE BANK SECURITIES INC.,1,3,0
84,What company is the Arrangers and Documentation Agent but not the Swingline    Lender in the agreement?,DEUTSCHE BANK SECURITIES INC.,1,3,0
84,What company is the Arrangers and Documentation Agent but not the ADMINISTRATIVE AGENT in the agreement?,DEUTSCHE BANK SECURITIES INC.,1,3,0
84,What company is the Arrangers and Documentation Agent but not the L%2FC ISSUER%3A in the agreement?,DEUTSCHE BANK SECURITIES INC.,1,3,0
84,What company is the Administrative Agent and LC Issuer but not the ADMINISTRATIVE AGENT in the agreement?,KEYBANK NATIONAL ASSOCIATION,1,3,0
84,What company is the Administrative Agent and LC Issuer but not the L%2FC ISSUER%3A in the agreement?,KEYBANK NATIONAL ASSOCIATION,1,3,0
84,What company is the Administrative Agent and Swingline    Lender but not the ADMINISTRATIVE AGENT in the agreement?,KEYBANK NATIONAL ASSOCIATION,1,3,0
84,What company is the Administrative Agent and Swingline    Lender but not the L%2FC ISSUER%3A in the agreement?,KEYBANK NATIONAL ASSOCIATION,1,3,0
84,What company is the LC Issuer and Swingline    Lender but not the ADMINISTRATIVE AGENT in the agreement?,KEYBANK NATIONAL ASSOCIATION,1,3,0
84,What company is the LC Issuer and Swingline    Lender but not the L%2FC ISSUER%3A in the agreement?,KEYBANK NATIONAL ASSOCIATION,1,3,0
84,What company is the Lender but not the Arrangers or Swingline    Lender in the agreement?,Taiwan Cooperative Bank,1,3,0
84,What company is the Lender but not the Arrangers or Administrative Agent in the agreement?,Taiwan Cooperative Bank,1,3,0
84,What company is the Lender but not the Arrangers or LC Issuer in the agreement?,Taiwan Cooperative Bank,1,3,0
84,What company is the Lender but not the Documentation Agent or Swingline    Lender in the agreement?,Taiwan Cooperative Bank,1,3,0
84,What company is the Lender but not the Documentation Agent or Administrative Agent in the agreement?,Taiwan Cooperative Bank,1,3,0
84,What company is the Lender but not the Documentation Agent or LC Issuer in the agreement?,Taiwan Cooperative Bank,1,3,0
84,What company is the Lender but not the Managers or Swingline    Lender in the agreement?,Taiwan Cooperative Bank,1,3,0
84,What company is the Lender but not the Managers or Administrative Agent in the agreement?,Taiwan Cooperative Bank,1,3,0
84,What company is the Lender but not the Managers or LC Issuer in the agreement?,Taiwan Cooperative Bank,1,3,0
84,What company is the Lender but not the Co-Syndication Agents or Swingline    Lender in the agreement?,Taiwan Cooperative Bank,1,3,0
84,What company is the Lender but not the Co-Syndication Agents or Administrative Agent in the agreement?,Taiwan Cooperative Bank,1,3,0
84,What company is the Lender but not the Co-Syndication Agents or LC Issuer in the agreement?,Taiwan Cooperative Bank,1,3,0
84,What company is the Lender but not the Swingline    Lender or Administrative Agent in the agreement?,Taiwan Cooperative Bank,1,3,0
84,What company is the Lender but not the Swingline    Lender or LC Issuer in the agreement?,Taiwan Cooperative Bank,1,3,0
84,What company is the Lender but not the Swingline    Lender or L%2FC ISSUER%3A in the agreement?,Taiwan Cooperative Bank,1,3,0
84,What company is the Lender but not the Swingline    Lender or ADMINISTRATIVE AGENT in the agreement?,Taiwan Cooperative Bank,1,3,0
84,What company is the Lender but not the Administrative Agent or LC Issuer in the agreement?,Taiwan Cooperative Bank,1,3,0
84,What company is the Lender but not the Administrative Agent or L%2FC ISSUER%3A in the agreement?,Taiwan Cooperative Bank,1,3,0
84,What company is the Lender but not the Administrative Agent or ADMINISTRATIVE AGENT in the agreement?,Taiwan Cooperative Bank,1,3,0
84,What company is the Lender but not the LC Issuer or L%2FC ISSUER%3A in the agreement?,Taiwan Cooperative Bank,1,3,0
84,What company is the Lender but not the LC Issuer or ADMINISTRATIVE AGENT in the agreement?,Taiwan Cooperative Bank,1,3,0
84,What company is the Arrangers but not the Documentation Agent or Managers in the agreement?,KEYBANC CAPITAL MARKETS INC.,1,3,0
84,What company is the Administrative Agent but not the L%2FC ISSUER%3A or ADMINISTRATIVE AGENT in the agreement?,KEYBANK NATIONAL ASSOCIATION,1,3,0
84,Who are both General Managers and VPs of E.SUN COMMERCIAL BANK?,"Edward Chen, Li Hua Huang",2,1,1
84,Who are the Manager and Servicing Officer of the company which is the L%2FC ISSUER%3A in the agreement?,"Audrey Pishnery, Elsa O%C2%92Brien",3,0,1
84,Who are the Manager and Servicing Officer of the company which is the ADMINISTRATIVE AGENT in the agreement?,"Audrey Pishnery, Elsa O%C2%92Brien",3,0,1
84,"Who are the Vice Presidents of the company associated with 127 Public SquareCleveland, Ohio 44114-1306?","Bershunda J. Taylor, Christina P. Blackwell, John C. Rowland, Kirby R. Holman, Kristy Ahee, Laura Conway, Scott O%C2%92Connell",3,0,1
84,"Who are the Senior Vice Presidents of the company associated with 4500 Dorr StreetToledo, Ohio 43615-4040?","Brian Tuerff, James M. Armstrong, Michael A. Crabtree, Samuel A. Bluso",3,0,1
84,"Who are the Vice Presidents of the company associated with 4910 Tiedeman Rd.Mail Code%3A OH-01-51-0311Brooklyn, Ohio 44144?","Bershunda J. Taylor, Christina P. Blackwell, John C. Rowland, Kirby R. Holman, Kristy Ahee, Laura Conway, Scott O%C2%92Connell",3,0,1
84,Who are the Vice Presidents of the company where Elsa O%C2%92Brien is employed?,"Bershunda J. Taylor, Christina P. Blackwell, John C. Rowland, Kirby R. Holman, Kristy Ahee, Laura Conway, Scott O%C2%92Connell",3,0,1
84,Who are the Vice Presidents of the company where Audrey Pishnery is employed?,"Bershunda J. Taylor, Christina P. Blackwell, John C. Rowland, Kirby R. Holman, Kristy Ahee, Laura Conway, Scott O%C2%92Connell",3,0,1
84,Who is both the Treasurer and Senior Vice President of the company where Brian Tuerff is employed?,Michael A. Crabtree,3,1,0
84,Who is both the Treasurer and Senior Vice President of the company where James M. Armstrong is employed?,Michael A. Crabtree,3,1,0
84,Who is both the Treasurer and Senior Vice President of the company where Samuel A. Bluso is employed?,Michael A. Crabtree,3,1,0
85,Who is the Senior Vice President of the company which is both the Lender and the Agent in the agreement?,Kenneth Butler,3,1,0
91,What company is the Lender but not the Borrower or LENDER in the agreement?,"BOKF, N.A., A NATIONAL BANKING ASSOCIATION",1,3,0
91,What company is the Lender but not the BORROWER or LENDER in the agreement?,"BOKF, N.A., A NATIONAL BANKING ASSOCIATION",1,3,0
91,Who is the Senior Vice President of the company which is both the Lender and the LENDER in the agreement?,Thomas M. Foncannon,3,1,0
91,Who is both the Chief Executive Officer and President of the company which is the BORROWER in the agreement?,Ray Singleton,3,1,0
91,"Who is both the Chief Executive Officer and President of the company associated with 633 17th Street, Suite 1900Denver, Colorado 80202-3619?",Ray Singleton,3,1,0
91,What is the address of the address for notices%3a office of the company which is both the Lender and LENDER in the agreement?,"Bank of Oklahoma1625 Broadway, Suite 1100Denver, Colorado 80202",3,1,0
91,What is the address of the payment processing center office of the company which is both the Lender and LENDER in the agreement?,"P.O. Box 248817Oklahoma City, Oklahoma 73124-8817",3,1,0
147,What companies are the Lender but not the L%2FCIssuer in the agreement?,"Bank of America, Barclays Bank PLC, Citibank, Goldman Sachs Bank USA, JPMORGAN CHASE BANK, Mizuho Bank, Ltd., Morgan Stanley Senior Funding, Inc.",1,2,1
147,What company is the ADMINISTRATIVE AGENT and A L%2FC ISSUER but not the BORROWER in the agreement?,"JPMORGAN CHASE BANK, N.A.",1,3,0
147,What company is the ADMINISTRATIVE AGENT and A L%2FC ISSUER but not the CO-BORROWER in the agreement?,"JPMORGAN CHASE BANK, N.A.",1,3,0
147,What company is the ADMINISTRATIVE AGENT and A L%2FC ISSUER but not the Borrower in the agreement?,"JPMORGAN CHASE BANK, N.A.",1,3,0
147,What company is the ADMINISTRATIVE AGENT and A L%2FC ISSUER but not the Agent in the agreement?,"JPMORGAN CHASE BANK, N.A.",1,3,0
147,What company is the ADMINISTRATIVE AGENT and COLLATERAL AGENT but not the BORROWER in the agreement?,"JPMORGAN CHASE BANK, N.A.",1,3,0
147,What company is the ADMINISTRATIVE AGENT and COLLATERAL AGENT but not the CO-BORROWER in the agreement?,"JPMORGAN CHASE BANK, N.A.",1,3,0
147,What company is the ADMINISTRATIVE AGENT and COLLATERAL AGENT but not the Borrower in the agreement?,"JPMORGAN CHASE BANK, N.A.",1,3,0
147,What company is the ADMINISTRATIVE AGENT and COLLATERAL AGENT but not the Agent in the agreement?,"JPMORGAN CHASE BANK, N.A.",1,3,0
147,What company is the A L%2FC ISSUER and COLLATERAL AGENT but not the BORROWER in the agreement?,"JPMORGAN CHASE BANK, N.A.",1,3,0
147,What company is the A L%2FC ISSUER and COLLATERAL AGENT but not the CO-BORROWER in the agreement?,"JPMORGAN CHASE BANK, N.A.",1,3,0
147,What company is the A L%2FC ISSUER and COLLATERAL AGENT but not the Borrower in the agreement?,"JPMORGAN CHASE BANK, N.A.",1,3,0
147,What company is the A L%2FC ISSUER and COLLATERAL AGENT but not the Agent in the agreement?,"JPMORGAN CHASE BANK, N.A.",1,3,0
147,What company is the L%2FC Issuer but not the Lender or L%2FCIssuer in the agreement?,HSBC BANK USA,1,3,0
147,What company is the L%2FC Issuer but not the Lender or JOINT BOOKRUNNERS in the agreement?,HSBC BANK USA,1,3,0
147,What company is the L%2FC Issuer but not the Lender or JOINT LEAD ARRANGERS in the agreement?,HSBC BANK USA,1,3,0
147,What company is the L%2FC Issuer but not the Lender or COLLATERAL AGENT in the agreement?,HSBC BANK USA,1,3,0
147,What company is the L%2FC Issuer but not the Lender or A L%2FC ISSUER in the agreement?,HSBC BANK USA,1,3,0
147,What company is the L%2FC Issuer but not the Lender or ADMINISTRATIVE AGENT in the agreement?,HSBC BANK USA,1,3,0
147,What company is the L%2FC Issuer but not the Lender or BORROWER in the agreement?,HSBC BANK USA,1,3,0
147,What company is the L%2FC Issuer but not the Lender or CO-BORROWER in the agreement?,HSBC BANK USA,1,3,0
147,What company is the L%2FC Issuer but not the Lender or Borrower in the agreement?,HSBC BANK USA,1,3,0
147,What company is the L%2FC Issuer but not the Lender or Agent in the agreement?,HSBC BANK USA,1,3,0
147,Who is the Authorized Signatory of the company which is both the L%2FC Issuer and the Lender in the agreement?,Thomas Manning,3,1,0
147,Who is the Managing Director of the company which is both the L%2FC Issuer and the Lender in the agreement?,Raymond Ventura,3,1,0
153,"What roles does CITIZENS BANK, N.A. have in the agreement which are not the roles of PNC BANK, NATIONAL ASSOCIATION?","Joint Bookrunners, Joint Lead Arrangers",1,2,1
153,"What roles does CITIZENS BANK, N.A. have in the agreement which are not the roles of TRUIST BANK?","Joint Bookrunners, Joint Lead Arrangers",1,2,1
153,"What roles does SILICON VALLEY BANK have in the agreement which are not the roles of TRUIST SECURITIES, INC.?","Co-Syndication Agents, Issuing Bank, Lender",1,2,1
153,"What roles does SILICON VALLEY BANK have in the agreement which are not the roles of JPMORGAN CHASE BANK, N.A?","Co-Syndication Agents, Joint Bookrunners, Joint Lead Arrangers",1,2,1
153,"What roles does SILICON VALLEY BANK have in the agreement which are not the roles of PNC BANK, NATIONAL ASSOCIATION?","Joint Bookrunners, Joint Lead Arrangers",1,2,1
153,What roles does SILICON VALLEY BANK have in the agreement which are not the roles of TRUIST BANK?,"Joint Bookrunners, Joint Lead Arrangers",1,2,1
153,"What roles does JPMORGAN CHASE BANK, N.A have in the agreement which are not the roles of PNC BANK, NATIONAL ASSOCIATION?","Administrative Agent, Agent",1,2,1
153,"What roles does JPMORGAN CHASE BANK, N.A have in the agreement which are not the roles of TRUIST BANK?","Administrative Agent, Agent",1,2,1
153,What companies are the Issuing Bank but not the Co-Syndication Agents in the agreement?,"CITIZENS BANK, N.A, JPMORGAN CHASE BANK, N.A",1,2,1
153,What companies are the Issuing Bank but not the Joint Bookrunners in the agreement?,"CITIZENS BANK, N.A, JPMORGAN CHASE BANK, N.A, PNC BANK, NATIONAL ASSOCIATION, TRUIST BANK",1,2,1
153,What companies are the Issuing Bank but not the Joint Lead Arrangers in the agreement?,"CITIZENS BANK, N.A, JPMORGAN CHASE BANK, N.A, PNC BANK, NATIONAL ASSOCIATION, TRUIST BANK",1,2,1
153,What companies are the Lender but not the Co-Syndication Agents in the agreement?,"CITIZENS BANK, N.A, HSBC BANK USA, NATIONAL ASSOCIATION, JPMORGAN CHASE BANK, N.A, KEYBANK NATIONAL ASSOCIATION, TD BANK, N.A.",1,2,1
153,What companies are the Lender but not the Joint Bookrunners in the agreement?,"CITIZENS BANK, N.A, HSBC BANK USA, NATIONAL ASSOCIATION, JPMORGAN CHASE BANK, N.A, KEYBANK NATIONAL ASSOCIATION, PNC BANK, NATIONAL ASSOCIATION, TD BANK, N.A., TRUIST BANK",1,2,1
153,What companies are the Lender but not the Joint Lead Arrangers in the agreement?,"CITIZENS BANK, N.A, HSBC BANK USA, NATIONAL ASSOCIATION, JPMORGAN CHASE BANK, N.A, KEYBANK NATIONAL ASSOCIATION, PNC BANK, NATIONAL ASSOCIATION, TD BANK, N.A., TRUIST BANK",1,2,1
153,What companies are the Co-Syndication Agents but not the Joint Bookrunners in the agreement?,"PNC BANK, NATIONAL ASSOCIATION, TRUIST BANK",1,2,1
153,What companies are the Co-Syndication Agents but not the Joint Lead Arrangers in the agreement?,"PNC BANK, NATIONAL ASSOCIATION, TRUIST BANK",1,2,1
153,What company is the Administrative Agent and Issuing Bank but not the Co-Syndication Agents in the agreement?,"JPMORGAN CHASE BANK, N.A",1,3,0
153,What company is the Administrative Agent and Issuing Bank but not the Joint Bookrunners in the agreement?,"JPMORGAN CHASE BANK, N.A",1,3,0
153,What company is the Administrative Agent and Issuing Bank but not the Joint Lead Arrangers in the agreement?,"JPMORGAN CHASE BANK, N.A",1,3,0
153,What company is the Administrative Agent and Issuing Bank but not the Borrower in the agreement?,"JPMORGAN CHASE BANK, N.A",1,3,0
153,What company is the Administrative Agent and Lender but not the Co-Syndication Agents in the agreement?,"JPMORGAN CHASE BANK, N.A",1,3,0
153,What company is the Administrative Agent and Lender but not the Joint Bookrunners in the agreement?,"JPMORGAN CHASE BANK, N.A",1,3,0
153,What company is the Administrative Agent and Lender but not the Joint Lead Arrangers in the agreement?,"JPMORGAN CHASE BANK, N.A",1,3,0
153,What company is the Administrative Agent and Lender but not the Borrower in the agreement?,"JPMORGAN CHASE BANK, N.A",1,3,0
153,What company is the Administrative Agent and Agent but not the Borrower in the agreement?,"JPMORGAN CHASE BANK, N.A",1,3,0
153,What company is the Issuing Bank and Joint Bookrunners but not the Agent in the agreement?,SILICON VALLEY BANK,1,3,0
153,What company is the Issuing Bank and Joint Bookrunners but not the Borrower in the agreement?,SILICON VALLEY BANK,1,3,0
153,What company is the Issuing Bank and Joint Lead Arrangers but not the Agent in the agreement?,SILICON VALLEY BANK,1,3,0
153,What company is the Issuing Bank and Joint Lead Arrangers but not the Borrower in the agreement?,SILICON VALLEY BANK,1,3,0
153,What company is the Issuing Bank and Agent but not the Borrower in the agreement?,"JPMORGAN CHASE BANK, N.A",1,3,0
153,What company is the Lender and Joint Bookrunners but not the Agent in the agreement?,SILICON VALLEY BANK,1,3,0
153,What company is the Lender and Joint Bookrunners but not the Borrower in the agreement?,SILICON VALLEY BANK,1,3,0
153,What company is the Lender and Joint Lead Arrangers but not the Agent in the agreement?,SILICON VALLEY BANK,1,3,0
153,What company is the Lender and Joint Lead Arrangers but not the Borrower in the agreement?,SILICON VALLEY BANK,1,3,0
153,What company is the Lender and Agent but not the Borrower in the agreement?,"JPMORGAN CHASE BANK, N.A",1,3,0
153,What company is the Administrative Agent but not the Lender or Issuing Bank in the agreement?,"AVID TECHNOLOGY, INC",1,3,0
153,What company is the Administrative Agent but not the Lender or Co-Syndication Agents in the agreement?,"AVID TECHNOLOGY, INC",1,3,0
153,What company is the Administrative Agent but not the Lender or Joint Lead Arrangers in the agreement?,"AVID TECHNOLOGY, INC",1,3,0
153,What company is the Administrative Agent but not the Lender or Joint Bookrunners in the agreement?,"AVID TECHNOLOGY, INC",1,3,0
153,What company is the Administrative Agent but not the Lender or Agent in the agreement?,"AVID TECHNOLOGY, INC",1,3,0
153,What company is the Administrative Agent but not the Lender or Borrower in the agreement?,"AVID TECHNOLOGY, INC",1,3,0
153,What company is the Administrative Agent but not the Issuing Bank or Co-Syndication Agents in the agreement?,"AVID TECHNOLOGY, INC",1,3,0
153,What company is the Administrative Agent but not the Issuing Bank or Joint Lead Arrangers in the agreement?,"AVID TECHNOLOGY, INC",1,3,0
153,What company is the Administrative Agent but not the Issuing Bank or Joint Bookrunners in the agreement?,"AVID TECHNOLOGY, INC",1,3,0
153,What company is the Administrative Agent but not the Issuing Bank or Agent in the agreement?,"AVID TECHNOLOGY, INC",1,3,0
153,What company is the Administrative Agent but not the Issuing Bank or Borrower in the agreement?,"AVID TECHNOLOGY, INC",1,3,0
153,What company is the Administrative Agent but not the Co-Syndication Agents or Agent in the agreement?,"AVID TECHNOLOGY, INC",1,3,0
153,What company is the Administrative Agent but not the Joint Lead Arrangers or Agent in the agreement?,"AVID TECHNOLOGY, INC",1,3,0
153,What company is the Administrative Agent but not the Joint Bookrunners or Agent in the agreement?,"AVID TECHNOLOGY, INC",1,3,0
153,What company is the Administrative Agent but not the Agent or Borrower in the agreement?,"AVID TECHNOLOGY, INC",1,3,0
153,What company is the Issuing Bank but not the Co-Syndication Agents or Agent in the agreement?,"CITIZENS BANK, N.A",1,3,0
46,Who is the Senior Vice President of the company which is both the Lender and the Agent in the agreement?,Gregory R. Russano,3,1,0
46,Who is both the Chief Executive Officer and Manager of the company which is the GUARANTORS%3A in the agreement?,James Pinto,3,1,0
52,What companies are the Arrangers but not the Agents in the agreement?,"Citigroup Global Markets Inc., Wells Fargo Securities, LLC",1,2,1
52,What companies are the Bookrunners but not the Agents in the agreement?,"Citigroup Global Markets Inc., Wells Fargo Securities, LLC",1,2,1
52,What company is the Arrangers and Agents but not the Borrower in the agreement?,"JPMorgan Chase Bank, N.A.",1,3,0
52,What company is the Bookrunners and Agents but not the Borrower in the agreement?,"JPMorgan Chase Bank, N.A.",1,3,0
52,What company is the Agent and Agents but not the Borrower in the agreement?,"Citibank, N.A.",1,3,0
52,What company is the Agent but not the Agents or Borrower in the agreement?,"The Bank of Tokyo-Mitsubishi UFJ, Ltd.",1,3,0
52,"Who are the Executive Vice President, Treasurer, and Vice President of Tax of the company which is the Borrower in the agreement?","Charles R. Conradi, Laura Stein",3,0,1
52,"Who are the Managing Directors of the company associated with 301 South College St.Charlotte, NC 28288?","Barry Bergman, James Travagline",3,0,1
52,Who is both the Treasurer and Vice President of Tax of the company which is the Borrower in the agreement?,Charles R. Conradi,3,1,0
52,"Who is both the Treasurer and Vice President of Tax of the company associated with 1221 Broadway     %09Oakland, California 94612?",Charles R. Conradi,3,1,0
52,Who is both the Treasurer and Vice President of Tax of the company where Laura Stein is employed?,Charles R. Conradi,3,1,0
44,What company is the LENDER but not the BORROWER or L%2FC Issuer in the agreement?,FIRST TENNESSEE BANK,1,3,0
44,What company is the LENDER but not the BORROWER or ADMINISTRATIVE AGENT in the agreement?,FIRST TENNESSEE BANK,1,3,0
44,What company is the LENDER but not the L%2FC Issuer or ADMINISTRATIVE AGENT in the agreement?,FIRST TENNESSEE BANK,1,3,0
44,"Who are the Senior Vice Presidents of the company associated with NC1-026-06-03900 W. Trade St.Charlotte, NC 28255?","John M. Hall, Tiffany E. Gardner",3,0,1
44,"Who are the Senior Vice Presidents of the company associated with One Independence CenterMail Code%3A NC1-001-05-46Charlotte, NC 28255-0001?","John M. Hall, Tiffany E. Gardner",3,0,1
44,"Who are the Senior Vice Presidents of the company associated with PA6-580-02-301 Fleet WayScranton, PA 18507Attention%3A Alfonso Malave Jr.?","John M. Hall, Tiffany E. Gardner",3,0,1
44,Who are the Senior Vice Presidents of the company where Maria A. McClain is employed?,"John M. Hall, Tiffany E. Gardner",3,0,1
44,What is the address of the trade finance office of the company which is both the L%2FC Issuer and LENDER in the agreement?,"PA6-580-02-301 Fleet WayScranton, PA 18507Attention%3A Alfonso Malave Jr.",3,1,0
50,"What roles does JPMORGAN CHASE BANK, N.A. have in the agreement which are not the roles of SILICON VALLEY BANK?","Agent, Arrangers, Joint Bookrunners",1,2,1
50,"What roles does JPMORGAN CHASE BANK, N.A. have in the agreement which are not the roles of ZIONS FIRST NATIONAL BANK?","Agent, Arrangers, Joint Bookrunners",1,2,1
50,"What roles does JPMORGAN CHASE BANK, N.A. have in the agreement which are not the roles of PNC BANK?","Agent, Arrangers, Joint Bookrunners",1,2,1
50,What companies are the Lender but not the Agents in the agreement?,"BANK OF AMERICA, N.A.,, FIFTH THRID BANK, JPMORGAN CHASE BANK, N.A., WELLS FARGO BANK",1,2,1
50,What companies are the Lender but not the Agent in the agreement?,"BANK OF AMERICA, N.A.,, FIFTH THRID BANK, PNC BANK, SILICON VALLEY BANK, U.S. BANK NATIONAL ASSOCIATION, ZIONS FIRST NATIONAL BANK",1,2,1
50,What companies are the Lender but not the Arrangers in the agreement?,"BANK OF AMERICA, N.A.,, FIFTH THRID BANK, PNC BANK, SILICON VALLEY BANK, U.S. BANK NATIONAL ASSOCIATION, WELLS FARGO BANK, ZIONS FIRST NATIONAL BANK",1,2,1
50,What companies are the Lender but not the Joint Bookrunners in the agreement?,"BANK OF AMERICA, N.A.,, FIFTH THRID BANK, PNC BANK, SILICON VALLEY BANK, U.S. BANK NATIONAL ASSOCIATION, WELLS FARGO BANK, ZIONS FIRST NATIONAL BANK",1,2,1
50,What companies are the Agent but not the Arrangers in the agreement?,"JPMORGAN CHASE BANK, N.A, WELLS FARGO BANK",1,2,1
50,What companies are the Agent but not the Joint Bookrunners in the agreement?,"JPMORGAN CHASE BANK, N.A, WELLS FARGO BANK",1,2,1
50,What company is the Lender and Agent but not the Arrangers in the agreement?,WELLS FARGO BANK,1,3,0
50,What company is the Lender and Agent but not the Joint Bookrunners in the agreement?,WELLS FARGO BANK,1,3,0
50,What company is the Lender and Arrangers but not the Borrower in the agreement?,"JPMORGAN CHASE BANK, N.A.",1,3,0
50,What company is the Lender and Joint Bookrunners but not the Borrower in the agreement?,"JPMORGAN CHASE BANK, N.A.",1,3,0
50,What company is the Agent and Arrangers but not the Borrower in the agreement?,"JPMORGAN CHASE BANK, N.A.",1,3,0
50,What company is the Agent and Joint Bookrunners but not the Borrower in the agreement?,"JPMORGAN CHASE BANK, N.A.",1,3,0
50,Who is the Managing Director of the company which is both the Agents and the Lender in the agreement?,Derek R. Brunelle,3,1,0
2,What company is the Lender and Administrative Agent but not the Borrower in the agreement?,"WELLS FARGO BANK, NATIONAL ASSOCIATION",1,3,0
2,What company is the Arranger and Syndication Agent but not the co-documentation agent in the agreement?,"BofA Securities, Inc.",1,3,0
2,What company is the Arranger and Syndication Agent but not the Administrative Agent in the agreement?,"BofA Securities, Inc.",1,3,0
2,What company is the Arranger and Syndication Agent but not the Borrower in the agreement?,"BofA Securities, Inc.",1,3,0
2,What company is the Arranger but not the Syndication Agent or co-documentation agent in the agreement?,"Wells Fargo Securities, LLC",1,3,0
2,What company is the Arranger but not the Syndication Agent or Administrative Agent in the agreement?,"Wells Fargo Securities, LLC",1,3,0
2,What company is the Arranger but not the Syndication Agent or Borrower in the agreement?,"Wells Fargo Securities, LLC",1,3,0
2,Who is both the Chief Financial Officer and Executive Vice President of the company which is the Borrower in the agreement?,Navdeep Gupta,3,1,0
145,What are the positions held by Christopher Stephen Guinta but not by Joseph D. Glatt?,"Chief Financial Officer, Legal Representative, Manager",1,2,1
145,What is the position held by Joseph D. Glatt but not by Guy Major or Tammy Jennissen?,Vice President,1,3,0
145,What company is the HOLDINGS and Holdings but not the BORROWER in the agreement?,NEW FORTRESS INTERMEDIATE LLC,1,3,0
145,What company is the HOLDINGS and Holdings but not the Borrower in the agreement?,NEW FORTRESS INTERMEDIATE LLC,1,3,0
145,What company is the HOLDINGS and Holdings but not the COLLATERAL AGENT in the agreement?,NEW FORTRESS INTERMEDIATE LLC,1,3,0
145,What company is the HOLDINGS and Holdings but not the ADMINISTRATIVE AGENT in the agreement?,NEW FORTRESS INTERMEDIATE LLC,1,3,0
145,What company is the HOLDINGS and Holdings but not the Administrative Agent in the agreement?,NEW FORTRESS INTERMEDIATE LLC,1,3,0
145,"What company is the HOLDINGS and Holdings but not the Collateral Agent, in the agreement?",NEW FORTRESS INTERMEDIATE LLC,1,3,0
145,What company is the BORROWER and Borrower but not the COLLATERAL AGENT in the agreement?,NFE ATLANTIC HOLDINGS LLC,1,3,0
145,What company is the BORROWER and Borrower but not the ADMINISTRATIVE AGENT in the agreement?,NFE ATLANTIC HOLDINGS LLC,1,3,0
145,What company is the BORROWER and Borrower but not the Administrative Agent in the agreement?,NFE ATLANTIC HOLDINGS LLC,1,3,0
145,"What company is the BORROWER and Borrower but not the Collateral Agent, in the agreement?",NFE ATLANTIC HOLDINGS LLC,1,3,0
145,Who is both the Director and Vice President of the company where Guy Major is employed?,Joseph D. Glatt,3,1,0
145,Who is both the Director and Vice President of the company where Tammy Jennissen is employed?,Joseph D. Glatt,3,1,0
151,"What roles does CITIBANK have in the agreement which are not the roles of MIZUHO BANK, LTD?","Agent, Joint Bookrunners, Joint Lead Arrangers",1,2,1
151,"What roles does CITIBANK have in the agreement which are not the roles of MIZUHO BANK, LTD.,?","Agent, L%2FC Issuer, Lender",1,2,1
151,What roles does BANK OF AMERICA have in the agreement which are not the roles of BARCLAYS BANK PLC?,"Agent,, Joint Lead Arrangers",1,2,1
151,What companies are the Lender but not the Agent in the agreement?,"BANK OF AMERICA, BNP Paribas, BNP Paribas,, Bank of China, CREDIT SUISSE AG, DEUTSCHE BANK AG NEW YORK BRANCH, GOLDMAN SACHS BANK USA, HSBC BANK USA, ING Bank N.V., KEYBANK, MIZUHO BANK, LTD, MORGAN STANLEY BANK, MUFG BANK, LTD., Nordea Bank Abp, ROYAL BANK OF CANADA, SUMITOMO MITSUI BANKNING CORPORATION, The Bank of New York Mellon, The Bank of Nova Scotia, U.S. Bank National Association, Wells Fargo Bank",1,2,1
151,What companies are the Lender but not the Joint Bookrunners in the agreement?,"BNP Paribas, BNP Paribas,, Bank of China, CREDIT SUISSE AG, DEUTSCHE BANK AG NEW YORK BRANCH, GOLDMAN SACHS BANK USA, HSBC BANK USA, ING Bank N.V., KEYBANK, MIZUHO BANK, LTD, MORGAN STANLEY BANK, MUFG BANK, LTD., Nordea Bank Abp, ROYAL BANK OF CANADA, SUMITOMO MITSUI BANKNING CORPORATION, The Bank of New York Mellon, The Bank of Nova Scotia, U.S. Bank National Association, Wells Fargo Bank",1,2,1
151,What companies are the Lender but not the Joint Lead Arrangers in the agreement?,"BARCLAYS BANK PLC, BNP Paribas, BNP Paribas,, Bank of China, CREDIT SUISSE AG, DEUTSCHE BANK AG NEW YORK BRANCH, GOLDMAN SACHS BANK USA, HSBC BANK USA, ING Bank N.V., KEYBANK, MIZUHO BANK, LTD, MORGAN STANLEY BANK, MUFG BANK, LTD., Nordea Bank Abp, ROYAL BANK OF CANADA, SUMITOMO MITSUI BANKNING CORPORATION, The Bank of New York Mellon, The Bank of Nova Scotia, U.S. Bank National Association, Wells Fargo Bank",1,2,1
151,What companies are the Lender but not the L%2FC Issuer in the agreement?,"BNP Paribas, BNP Paribas,, Bank of China, CREDIT SUISSE AG, DEUTSCHE BANK AG NEW YORK BRANCH, GOLDMAN SACHS BANK USA, HSBC BANK USA, ING Bank N.V., KEYBANK, MORGAN STANLEY BANK, MUFG BANK, LTD., Nordea Bank Abp, ROYAL BANK OF CANADA, SUMITOMO MITSUI BANKNING CORPORATION, The Bank of New York Mellon, The Bank of Nova Scotia, U.S. Bank National Association, Wells Fargo Bank",1,2,1
151,What companies are the Agent but not the Joint Lead Arrangers in the agreement?,"BARCLAYS BANK PLC, MIZUHOBANK, LTD.",1,2,1
151,What company is the Lender and Agent but not the Joint Lead Arrangers in the agreement?,BARCLAYS BANK PLC,1,3,0
151,What company is the Lender and Joint Bookrunners but not the Joint Lead Arrangers in the agreement?,BARCLAYS BANK PLC,1,3,0
151,What company is the Agent and Joint Bookrunners but not the Joint Lead Arrangers in the agreement?,BARCLAYS BANK PLC,1,3,0
151,What company is the Joint Bookrunners and Joint Lead Arrangers but not the L%2FC Issuer in the agreement?,"MIZUHO BANK, LTD.,",1,3,0
151,What company is the L%2FC Issuer but not the Agent or Joint Bookrunners in the agreement?,"MIZUHO BANK, LTD",1,3,0
151,What company is the L%2FC Issuer but not the Agent or Joint Lead Arrangers in the agreement?,"MIZUHO BANK, LTD",1,3,0
151,"What company is the L%2FC Issuer but not the Agent or Agent, in the agreement?","MIZUHO BANK, LTD",1,3,0
151,What company is the L%2FC Issuer but not the Joint Bookrunners or Joint Lead Arrangers in the agreement?,"MIZUHO BANK, LTD",1,3,0
151,What company is the L%2FC Issuer but not the Joint Bookrunners or counsel to the Company in the agreement?,"MIZUHO BANK, LTD",1,3,0
151,What company is the L%2FC Issuer but not the Joint Bookrunners or Borrowers in the agreement?,"MIZUHO BANK, LTD",1,3,0
151,"What company is the L%2FC Issuer but not the Joint Bookrunners or Agent, in the agreement?","MIZUHO BANK, LTD",1,3,0
151,What company is the Agent but not the Joint Bookrunners or Joint Lead Arrangers in the agreement?,"MIZUHOBANK, LTD.",1,3,0
151,What company is the Agent but not the Joint Bookrunners or counsel to the Company in the agreement?,"MIZUHOBANK, LTD.",1,3,0
151,What company is the Agent but not the Joint Bookrunners or Borrowers in the agreement?,"MIZUHOBANK, LTD.",1,3,0
151,"What company is the Agent but not the Joint Bookrunners or Agent, in the agreement?","MIZUHOBANK, LTD.",1,3,0
151,What company is the Joint Bookrunners but not the Joint Lead Arrangers or counsel to the Company in the agreement?,BARCLAYS BANK PLC,1,3,0
151,What company is the Joint Bookrunners but not the Joint Lead Arrangers or Borrowers in the agreement?,BARCLAYS BANK PLC,1,3,0
151,"What company is the Joint Bookrunners but not the Joint Lead Arrangers or Agent, in the agreement?",BARCLAYS BANK PLC,1,3,0
151,Who are the Vice Presidents of the company where Joseph L. Corah is employed?,"Christopher Coney, Richard Rivera, Robert Botcherby, Tanille Ingle",3,0,1
151,"Who is both the Treasurer and Vice President, Tax and Treasury of the company which is the Borrowers in the agreement?",Anthony H. Smith,3,1,0
87,Who is both the Chief Financial Officer and Senior Vice President of the company which is the BORROWER in the agreement?,Ronald D. Ford,3,1,0
87,Who is both the Treasurer and Vice President of the company which is the Lender in the agreement?,Douglas B. Bingham,3,1,0
87,Who is both the Senior Vice President and Chief Financial Officer of the company where Jennifer Yan is employed?,Ronald D. Ford,3,1,0
87,Who is both the Treasurer and Vice President of the company where Sarah C. Lesser is employed?,Douglas B. Bingham,3,1,0
92,What company is the Bookrunner and Administrative Agent but not the BORROWER in the agreement?,"MIDCAP FUNDING V, LLC",1,3,0
92,What company is the Bookrunner and Arranger but not the BORROWER in the agreement?,"MIDCAP FUNDING V, LLC",1,3,0
92,What company is the Bookrunner and Lender but not the BORROWER in the agreement?,"MIDCAP FUNDING V, LLC",1,3,0
92,What company is the Bookrunner and BORROWER but not the GUARANTORS in the agreement?,"PERNIX THERAPEUTICS HOLDINGS, INC.",1,3,0
92,What company is the Administrative Agent and Arranger but not the BORROWER in the agreement?,"MIDCAP FUNDING V, LLC",1,3,0
92,What company is the Administrative Agent and Lender but not the BORROWER in the agreement?,"MIDCAP FUNDING V, LLC",1,3,0
92,What company is the Administrative Agent and BORROWER but not the GUARANTORS in the agreement?,"PERNIX THERAPEUTICS HOLDINGS, INC.",1,3,0
92,What company is the Arranger and Lender but not the BORROWER in the agreement?,"MIDCAP FUNDING V, LLC",1,3,0
92,What company is the Arranger and BORROWER but not the GUARANTORS in the agreement?,"PERNIX THERAPEUTICS HOLDINGS, INC.",1,3,0
92,What company is the Lender and BORROWER but not the GUARANTORS in the agreement?,"PERNIX THERAPEUTICS HOLDINGS, INC.",1,3,0
92,What company is the Bookrunner but not the Arranger or Lender in the agreement?,BUSINESS DEVELOPMENT CORPORATION OF AMERICA,1,3,0
92,What company is the Bookrunner but not the Arranger or Administrative Agent in the agreement?,BUSINESS DEVELOPMENT CORPORATION OF AMERICA,1,3,0
92,What company is the Bookrunner but not the Arranger or BORROWER in the agreement?,BUSINESS DEVELOPMENT CORPORATION OF AMERICA,1,3,0
92,What company is the Bookrunner but not the Arranger or GUARANTORS in the agreement?,BUSINESS DEVELOPMENT CORPORATION OF AMERICA,1,3,0
92,What company is the Bookrunner but not the Lender or Administrative Agent in the agreement?,BUSINESS DEVELOPMENT CORPORATION OF AMERICA,1,3,0
92,What company is the Bookrunner but not the Lender or BORROWER in the agreement?,BUSINESS DEVELOPMENT CORPORATION OF AMERICA,1,3,0
92,What company is the Bookrunner but not the Lender or GUARANTORS in the agreement?,BUSINESS DEVELOPMENT CORPORATION OF AMERICA,1,3,0
92,What company is the Bookrunner but not the Administrative Agent or BORROWER in the agreement?,BUSINESS DEVELOPMENT CORPORATION OF AMERICA,1,3,0
92,What company is the Bookrunner but not the Administrative Agent or GUARANTORS in the agreement?,BUSINESS DEVELOPMENT CORPORATION OF AMERICA,1,3,0
92,What company is the Arranger but not the BORROWER or GUARANTORS in the agreement?,"MIDCAP FUNDING V, LLC",1,3,0
92,What company is the Administrative Agent but not the BORROWER or GUARANTORS in the agreement?,"MIDCAP FUNDING V, LLC",1,3,0
86,What company is the Arranger and Manager but not the Administrative Agent in the agreement?,"MERRILL LYNCH, PIERCE, FENNER %26 SMITH INCORPORATED",1,3,0
86,What company is the Arranger and Manager but not the L%2FC Issuer in the agreement?,"MERRILL LYNCH, PIERCE, FENNER %26 SMITH INCORPORATED",1,3,0
86,What company is the Arranger and Manager but not the Lender in the agreement?,"MERRILL LYNCH, PIERCE, FENNER %26 SMITH INCORPORATED",1,3,0
86,What company is the Arranger and Manager but not the Swing Line Lender in the agreement?,"MERRILL LYNCH, PIERCE, FENNER %26 SMITH INCORPORATED",1,3,0
86,Who is both the CFO and Executive Vice President of the company which is the GUARANTORS in the agreement?,Chris Power,3,1,0
150,Who is the Vice President of the company which is both the Collateral Agent and the Administrative Agent in the agreement?,Raye Goldsborough,3,1,0
144,What company is the AGENT and Agent but not the BORROWERS in the agreement?,MIDCAP FINANCIAL TRUST,1,3,0
144,What company is the AGENT and LENDER but not the BORROWERS in the agreement?,MIDCAP FINANCIAL TRUST,1,3,0
144,What company is the AGENT and Lender but not the BORROWERS in the agreement?,MIDCAP FINANCIAL TRUST,1,3,0
144,What company is the Agent and LENDER but not the BORROWERS in the agreement?,MIDCAP FINANCIAL TRUST,1,3,0
144,What company is the Agent and Lender but not the BORROWERS in the agreement?,MIDCAP FINANCIAL TRUST,1,3,0
144,What company is the LENDER and Lender but not the BORROWERS in the agreement?,MIDCAP FINANCIAL TRUST,1,3,0
51,What companies are the Arrangers but not the Agent in the agreement?,"CITIGROUP GLOBAL MARKETS, INC., NATIXIS SECURITIES AMERICAS LLC, RBC CAPITAL MARKETS1, THE BANK OF TOKYO-MITSUBISHI UFJ, LTD., UBS SECURITIES LLC",1,2,1
51,What companies are the Joint Bookrunners but not the Agent in the agreement?,"CITIGROUP GLOBAL MARKETS, INC., NATIXIS SECURITIES AMERICAS LLC, RBC CAPITAL MARKETS1, THE BANK OF TOKYO-MITSUBISHI UFJ, LTD., UBS SECURITIES LLC",1,2,1
51,"Who is both the Treasurer and Vice President, Finance of the company which is the Borrower in the agreement?",Zamir Rauf,3,1,0
51,"Who is both the Treasurer and Vice President, Finance of the company associated with 717 Texas Avenue Suite 1000 Houston, TX 77002?",Zamir Rauf,3,1,0
3,What company is the Syndication Agent and Lender but not the Administrative Agent in the agreement?,"WELLS FARGO BANK, NATIONAL ASSOCIATION",1,3,0
3,What company is the Syndication Agent but not the Lender or Administrative Agent in the agreement?,"Wells Fargo Bank, National Association",1,3,0
3,Who are the AVP and Vice President of the company which is the Administrative Agent in the agreement?,"Cindy Jordan, Kyle Pearson",3,0,1
3,Who is the Managing Director of the company which is both the Lender and the Syndication Agent in the agreement?,Anand J. Jobanputra,3,1,0
3,Who is the AVP of the company which is both the Lender and the Administrative Agent in the agreement?,Cindy Jordan,3,1,0
3,Who is the Vice President of the company which is both the Lender and the Administrative Agent in the agreement?,Kyle Pearson,3,1,0
45,"Who are the Client Services Representative, Portfolio Manager, and Senior Vice President of the company which is the Lender in the agreement?","Cynthia M. Olson,, Eric Niedbalski, Mark R. Cousineau",3,0,1
79,What companies are the Arrangers but not the Syndication Agents in the agreement?,"MERRILL LYNCH, PIERCE, FENNER %26 SMITH INCORPORATED, RBC CAPITAL MARKETS, LLC, WELLS FARGO SECURITIES, LLC",1,2,1
79,What companies are the Bookrunners but not the Syndication Agents in the agreement?,"MERRILL LYNCH, PIERCE, FENNER %26 SMITH INCORPORATED, RBC CAPITAL MARKETS, LLC, WELLS FARGO SECURITIES, LLC",1,2,1
79,What company is the Arrangers and Syndication Agents but not the Borrower in the agreement?,CITIGROUP GLOBAL MARKETS INC,1,3,0
79,What company is the Arrangers and Syndication Agents but not the Administrative Agent in the agreement?,CITIGROUP GLOBAL MARKETS INC,1,3,0
79,What company is the Arrangers and Syndication Agents but not the Lenders in the agreement?,CITIGROUP GLOBAL MARKETS INC,1,3,0
79,What company is the Bookrunners and Syndication Agents but not the Borrower in the agreement?,CITIGROUP GLOBAL MARKETS INC,1,3,0
79,What company is the Bookrunners and Syndication Agents but not the Administrative Agent in the agreement?,CITIGROUP GLOBAL MARKETS INC,1,3,0
79,What company is the Bookrunners and Syndication Agents but not the Lenders in the agreement?,CITIGROUP GLOBAL MARKETS INC,1,3,0
79,"Who are the Directors of the company associated with 550 South Tryon Street, 6th FloorCharlotte, North Carolina 28202?","D. Bryan Gregory, Darlene Arias, Michael R Mellott",3,0,1
79,"Who are the Vice Presidents of the company associated with 1615 Brett Road, Ops IIINew Castle, DE 19720?","Casey Gehrig, Cheryl Snoor, Derek Chang, Helen H. Gateson, John C. Rowland, John R. Roach, Jr.",3,0,1
79,Who are the Directors of the company where Tari Mock is employed?,"D. Bryan Gregory, Darlene Arias, Michael R Mellott",3,0,1
22,"What roles does JPMORGAN CHASE BANK, N.A. have in the agreement which are not the roles of WELLS FARGO BANK, NATIONAL ASSOCIATION?","Lender, Runner",1,2,1
22,What company is the Arranger and Book Runner but not the Lender in the agreement?,"WELLS FARGO BANK, NATIONAL ASSOCIATION",1,3,0
22,What company is the Arranger and Book Runner but not the Agent in the agreement?,"BANK OF AMERICA, N.A",1,3,0
22,What company is the Arranger and Lender but not the Runner in the agreement?,"BANK OF AMERICA, N.A",1,3,0
22,What company is the Arranger and Runner but not the Agent in the agreement?,"JPMORGAN CHASE BANK, N.A.",1,3,0
22,What company is the Arranger and Runner but not the BORROWER in the agreement?,"JPMORGAN CHASE BANK, N.A.",1,3,0
22,What company is the Arranger and Agent but not the BORROWER in the agreement?,"WELLS FARGO BANK, NATIONAL ASSOCIATION",1,3,0
22,What company is the Book Runner and Lender but not the Runner in the agreement?,"BANK OF AMERICA, N.A",1,3,0
22,What company is the Book Runner and Lender but not the Agent in the agreement?,"BANK OF AMERICA, N.A",1,3,0
22,What company is the Book Runner and Lender but not the BORROWER in the agreement?,"BANK OF AMERICA, N.A",1,3,0
22,What company is the Book Runner and Agent but not the BORROWER in the agreement?,"WELLS FARGO BANK, NATIONAL ASSOCIATION",1,3,0
22,What company is the Lender and Runner but not the Agent in the agreement?,"JPMORGAN CHASE BANK, N.A.",1,3,0
22,What company is the Lender and Runner but not the BORROWER in the agreement?,"JPMORGAN CHASE BANK, N.A.",1,3,0
22,What company is the Arranger but not the Lender or Runner in the agreement?,"WELLS FARGO BANK, NATIONAL ASSOCIATION",1,3,0
22,What company is the Arranger but not the Lender or BORROWER in the agreement?,"WELLS FARGO BANK, NATIONAL ASSOCIATION",1,3,0
22,What company is the Arranger but not the Book Runner or Agent in the agreement?,"JPMORGAN CHASE BANK, N.A.",1,3,0
22,What company is the Arranger but not the Book Runner or BORROWER in the agreement?,"JPMORGAN CHASE BANK, N.A.",1,3,0
22,What company is the Arranger but not the Runner or Agent in the agreement?,"BANK OF AMERICA, N.A",1,3,0
22,What company is the Lender but not the Book Runner or Runner in the agreement?,ROYAL BANK OF CANADA,1,3,0
22,What company is the Book Runner but not the Runner or Agent in the agreement?,"BANK OF AMERICA, N.A",1,3,0
22,What company is the Book Runner but not the Agent or BORROWER in the agreement?,"BANK OF AMERICA, N.A",1,3,0
123,What roles does GOLDMAN SACHS BANK USA have in the agreement which are not the roles of J.P. MORGAN SECURITIES LLC?,"Agent, Lender",1,2,1
123,What roles does GOLDMAN SACHS BANK USA have in the agreement which are not the roles of WELLS FARGO BANK?,"Arranger, Bookrunners",1,2,1
123,What roles does RBC CAPITAL MARKETS have in the agreement which are not the roles of WELLS FARGO BANK?,"Arranger, Bookrunners",1,2,1
123,What companies are the Agent but not the Bookrunners in the agreement?,"BANK OF AMERICA, N.A., CITIBANK, N.A., CREDIT SUISSE AG, JPMORGAN CHASE BANK, N.A., PNC BANK, THE BANK OF TOKYO-MITSUBISHI UFJ, LTD, WELLS FARGO BANK",1,2,1
123,What companies are the Agent but not the Arranger in the agreement?,"BANK OF AMERICA, N.A., CITIBANK, N.A., CREDIT SUISSE AG, JPMORGAN CHASE BANK, N.A., PNC BANK, THE BANK OF TOKYO-MITSUBISHI UFJ, LTD, WELLS FARGO BANK",1,2,1
123,What companies are the Agent but not the Lender in the agreement?,"BANK OF AMERICA, N.A., CITIBANK, N.A., CREDIT SUISSE AG, JPMORGAN CHASE BANK, N.A., PNC BANK, RBC CAPITAL MARKETS, THE BANK OF TOKYO-MITSUBISHI UFJ, LTD",1,2,1
123,What companies are the Bookrunners but not the Lender in the agreement?,"CITIGROUP GLOBAL MARKETS INC, J.P. MORGAN SECURITIES LLC, RBC CAPITAL MARKETS",1,2,1
123,What companies are the Arranger but not the Lender in the agreement?,"J.P. MORGAN SECURITIES LLC, RBC CAPITAL MARKETS",1,2,1
123,What is the position held by John B. Ellis but not by Lisa Huang or Shaun Hawley?,Treasurer,1,3,0
123,What company is the Agent and Bookrunners but not the Lender in the agreement?,RBC CAPITAL MARKETS,1,3,0
123,What company is the Agent and Arranger but not the Lender in the agreement?,RBC CAPITAL MARKETS,1,3,0
123,What company is the Bookrunners and Lender but not the Borrower in the agreement?,GOLDMAN SACHS BANK USA,1,3,0
123,What company is the Arranger and Lender but not the Borrower in the agreement?,GOLDMAN SACHS BANK USA,1,3,0
123,What company is the Bookrunners but not the Arranger or Lender in the agreement?,CITIGROUP GLOBAL MARKETS INC,1,3,0
123,What company is the Bookrunners but not the Arranger or Borrower in the agreement?,CITIGROUP GLOBAL MARKETS INC,1,3,0
123,Who are both Directors and Vice Presidents of ING Bank N.V?,"Andrew Payne, Brandon K. Fiddler, Gene R. Riego De Dios, Ravneet Mumick, Sean Hassett, Shaun Hawley",2,1,1
123,Who are the Authorized Signatorys of the company associated with Cayman Islands?,"Bill O%C2%92Daly, Julia Ivanova, Kelly Heimrich, Robert Ehudin",3,0,1
123,Who are the Directors of the company associated with Dublin?,"Andrew Payne, Ravneet Mumick, Sean Hassett",3,0,1
123,Who are the Vice Presidents of the company associated with Dublin?,"Brandon K. Fiddler, Gene R. Riego De Dios, Shaun Hawley",3,0,1
123,Who are the Vice Presidents of the company where Sean Hassett is employed?,"Brandon K. Fiddler, Gene R. Riego De Dios, Shaun Hawley",3,0,1
123,Who are the Vice Presidents of the company where Ravneet Mumick is employed?,"Brandon K. Fiddler, Gene R. Riego De Dios, Shaun Hawley",3,0,1
123,Who are the Directors of the company where Brandon K. Fiddler is employed?,"Andrew Payne, Ravneet Mumick, Sean Hassett",3,0,1
123,Who are the Directors of the company where Shaun Hawley is employed?,"Andrew Payne, Ravneet Mumick, Sean Hassett",3,0,1
123,Who are the Directors of the company where Gene R. Riego De Dios is employed?,"Andrew Payne, Ravneet Mumick, Sean Hassett",3,0,1
123,Who are the Vice Presidents of the company where Andrew Payne is employed?,"Brandon K. Fiddler, Gene R. Riego De Dios, Shaun Hawley",3,0,1
137,"What roles does DEUTSCHE BANK SECURITIES INC. have in the agreement which are not the roles of REGIONS CAPITAL MARKETS,?","arrangers, joint bookrunners",1,2,1
137,"What roles does MERRILL LYNCH, PIERCE, FENNER %26 SMITH INCORPORATED have in the agreement which are not the roles of REGIONS CAPITAL MARKETS?","Arrangers, Bookrunners",1,2,1
137,"What roles does MERRILL LYNCH, PIERCE, FENNER %26 SMITH INCORPORATED have in the agreement which are not the roles of REGIONS CAPITAL MARKETS,?","arrangers, joint bookrunners",1,2,1
137,What companies are the arrangers but not the Bookrunners in the agreement?,"DEUTSCHE BANK SECURITIES INC., REGIONS CAPITAL MARKETS",1,2,1
137,What companies are the joint bookrunners but not the Bookrunners in the agreement?,"DEUTSCHE BANK SECURITIES INC., REGIONS CAPITAL MARKETS",1,2,1
137,What company is the Bank and agents but not the Agents in the agreement?,"BANK OF AMERICA, N.A.",1,3,0
137,What company is the Bank and Agents but not the BORROWER in the agreement?,REGIONS BANK,1,3,0
137,What company is the Bank and Agents but not the Borrower in the agreement?,REGIONS BANK,1,3,0
137,What company is the Bank and Agents but not the Parent Guarantor in the agreement?,REGIONS BANK,1,3,0
137,What company is the Bank and Agents but not the GUARANTORS in the agreement?,REGIONS BANK,1,3,0
137,What company is the agents and Agents but not the BORROWER in the agreement?,REGIONS BANK,1,3,0
137,What company is the agents and Agents but not the Borrower in the agreement?,REGIONS BANK,1,3,0
137,What company is the agents and Agents but not the Parent Guarantor in the agreement?,REGIONS BANK,1,3,0
137,What company is the agents and Agents but not the GUARANTORS in the agreement?,REGIONS BANK,1,3,0
137,What company is the Arrangers and arrangers but not the Bookrunners in the agreement?,DEUTSCHE BANK SECURITIES INC.,1,3,0
137,What company is the Arrangers and bookrunners but not the Bookrunners in the agreement?,DEUTSCHE BANK SECURITIES INC.,1,3,0
137,What company is the Arrangers and joint bookrunners but not the Bookrunners in the agreement?,DEUTSCHE BANK SECURITIES INC.,1,3,0
137,What company is the arrangers and Bookrunners but not the Agents in the agreement?,"MERRILL LYNCH, PIERCE, FENNER %26 SMITH INCORPORATED",1,3,0
137,What company is the arrangers and Bookrunners but not the BORROWER in the agreement?,"MERRILL LYNCH, PIERCE, FENNER %26 SMITH INCORPORATED",1,3,0
137,What company is the arrangers and Bookrunners but not the Borrower in the agreement?,"MERRILL LYNCH, PIERCE, FENNER %26 SMITH INCORPORATED",1,3,0
137,What company is the arrangers and Bookrunners but not the Parent Guarantor in the agreement?,"MERRILL LYNCH, PIERCE, FENNER %26 SMITH INCORPORATED",1,3,0
137,What company is the arrangers and Bookrunners but not the GUARANTORS in the agreement?,"MERRILL LYNCH, PIERCE, FENNER %26 SMITH INCORPORATED",1,3,0
137,What company is the bookrunners and Bookrunners but not the Agents in the agreement?,"MERRILL LYNCH, PIERCE, FENNER %26 SMITH INCORPORATED",1,3,0
137,What company is the bookrunners and Bookrunners but not the BORROWER in the agreement?,"MERRILL LYNCH, PIERCE, FENNER %26 SMITH INCORPORATED",1,3,0
137,What company is the bookrunners and Bookrunners but not the Borrower in the agreement?,"MERRILL LYNCH, PIERCE, FENNER %26 SMITH INCORPORATED",1,3,0
137,What company is the bookrunners and Bookrunners but not the Parent Guarantor in the agreement?,"MERRILL LYNCH, PIERCE, FENNER %26 SMITH INCORPORATED",1,3,0
137,What company is the bookrunners and Bookrunners but not the GUARANTORS in the agreement?,"MERRILL LYNCH, PIERCE, FENNER %26 SMITH INCORPORATED",1,3,0
137,What company is the joint bookrunners and Bookrunners but not the Agents in the agreement?,"MERRILL LYNCH, PIERCE, FENNER %26 SMITH INCORPORATED",1,3,0
137,What company is the joint bookrunners and Bookrunners but not the BORROWER in the agreement?,"MERRILL LYNCH, PIERCE, FENNER %26 SMITH INCORPORATED",1,3,0
137,What company is the joint bookrunners and Bookrunners but not the Borrower in the agreement?,"MERRILL LYNCH, PIERCE, FENNER %26 SMITH INCORPORATED",1,3,0
137,What company is the joint bookrunners and Bookrunners but not the Parent Guarantor in the agreement?,"MERRILL LYNCH, PIERCE, FENNER %26 SMITH INCORPORATED",1,3,0
137,What company is the joint bookrunners and Bookrunners but not the GUARANTORS in the agreement?,"MERRILL LYNCH, PIERCE, FENNER %26 SMITH INCORPORATED",1,3,0
137,What company is the Issuing Banks and Lenders but not the Bookrunners in the agreement?,INITIAL ISSUING BANKS,1,3,0
137,What company is the Issuing Banks and Lenders but not the Agents in the agreement?,INITIAL ISSUING BANKS,1,3,0
137,What company is the Issuing Banks and Lenders but not the BORROWER in the agreement?,INITIAL ISSUING BANKS,1,3,0
137,What company is the Issuing Banks and Lenders but not the Borrower in the agreement?,INITIAL ISSUING BANKS,1,3,0
137,What company is the Issuing Banks and Lenders but not the Parent Guarantor in the agreement?,INITIAL ISSUING BANKS,1,3,0
137,What company is the Issuing Banks and Lenders but not the GUARANTORS in the agreement?,INITIAL ISSUING BANKS,1,3,0
137,What company is the Lenders and Swing Line Banks but not the Bookrunners in the agreement?,INITIAL ISSUING BANKS,1,3,0
137,What company is the Lenders and Swing Line Banks but not the Agents in the agreement?,INITIAL ISSUING BANKS,1,3,0
137,What company is the Lenders and Swing Line Banks but not the BORROWER in the agreement?,INITIAL ISSUING BANKS,1,3,0
137,What company is the Lenders and Swing Line Banks but not the Borrower in the agreement?,INITIAL ISSUING BANKS,1,3,0
137,What company is the Lenders and Swing Line Banks but not the Parent Guarantor in the agreement?,INITIAL ISSUING BANKS,1,3,0
137,What company is the Lenders and Swing Line Banks but not the GUARANTORS in the agreement?,INITIAL ISSUING BANKS,1,3,0
137,What company is the BORROWER and Borrower but not the Parent Guarantor in the agreement?,"SUMMIT HOTEL OP, LP,",1,3,0
137,What company is the BORROWER and Borrower but not the GUARANTORS in the agreement?,"SUMMIT HOTEL OP, LP,",1,3,0
137,What company is the agents but not the Administrative Agent or Agents in the agreement?,"BANK OF AMERICA, N.A.",1,3,0
137,What company is the agents but not the Arrangers or Agents in the agreement?,"BANK OF AMERICA, N.A.",1,3,0
137,What company is the agents but not the joint bookrunner or Agents in the agreement?,"BANK OF AMERICA, N.A.",1,3,0
137,What company is the agents but not the bookrunners or Agents in the agreement?,"BANK OF AMERICA, N.A.",1,3,0
137,What company is the agents but not the arrangers or Agents in the agreement?,"BANK OF AMERICA, N.A.",1,3,0
137,What company is the agents but not the joint bookrunners or Agents in the agreement?,"BANK OF AMERICA, N.A.",1,3,0
137,What company is the agents but not the joint lead arranger or Agents in the agreement?,"BANK OF AMERICA, N.A.",1,3,0
137,What company is the agents but not the joint book runner or Agents in the agreement?,"BANK OF AMERICA, N.A.",1,3,0
137,What company is the agents but not the Lenders or Agents in the agreement?,"BANK OF AMERICA, N.A.",1,3,0
137,What company is the agents but not the Swing Line Banks or Agents in the agreement?,"BANK OF AMERICA, N.A.",1,3,0
137,What company is the agents but not the Issuing Banks or Agents in the agreement?,"BANK OF AMERICA, N.A.",1,3,0
137,What company is the agents but not the Bookrunners or Agents in the agreement?,"BANK OF AMERICA, N.A.",1,3,0
137,What company is the agents but not the Agents or BORROWER in the agreement?,"BANK OF AMERICA, N.A.",1,3,0
137,What company is the agents but not the Agents or Borrower in the agreement?,"BANK OF AMERICA, N.A.",1,3,0
137,What company is the agents but not the Agents or Parent Guarantor in the agreement?,"BANK OF AMERICA, N.A.",1,3,0
137,What company is the agents but not the Agents or GUARANTORS in the agreement?,"BANK OF AMERICA, N.A.",1,3,0
137,What company is the co-syndication agent but not the Administrative Agent or Agents in the agreement?,"BANK OF AMERICA, N.A.",1,3,0
137,What company is the co-syndication agent but not the Arrangers or Agents in the agreement?,"BANK OF AMERICA, N.A.",1,3,0
137,What company is the co-syndication agent but not the joint bookrunner or Agents in the agreement?,"BANK OF AMERICA, N.A.",1,3,0
137,What company is the co-syndication agent but not the bookrunners or Agents in the agreement?,"BANK OF AMERICA, N.A.",1,3,0
137,What company is the co-syndication agent but not the arrangers or Agents in the agreement?,"BANK OF AMERICA, N.A.",1,3,0
137,What company is the co-syndication agent but not the joint bookrunners or Agents in the agreement?,"BANK OF AMERICA, N.A.",1,3,0
137,What company is the co-syndication agent but not the joint lead arranger or Agents in the agreement?,"BANK OF AMERICA, N.A.",1,3,0
137,What company is the co-syndication agent but not the joint book runner or Agents in the agreement?,"BANK OF AMERICA, N.A.",1,3,0
137,What company is the co-syndication agent but not the Lenders or Agents in the agreement?,"BANK OF AMERICA, N.A.",1,3,0
137,What company is the co-syndication agent but not the Swing Line Banks or Agents in the agreement?,"BANK OF AMERICA, N.A.",1,3,0
137,What company is the co-syndication agent but not the Issuing Banks or Agents in the agreement?,"BANK OF AMERICA, N.A.",1,3,0
137,What company is the co-syndication agent but not the Bookrunners or Agents in the agreement?,"BANK OF AMERICA, N.A.",1,3,0
137,What company is the co-syndication agent but not the Agents or BORROWER in the agreement?,"BANK OF AMERICA, N.A.",1,3,0
137,What company is the co-syndication agent but not the Agents or Borrower in the agreement?,"BANK OF AMERICA, N.A.",1,3,0
137,What company is the co-syndication agent but not the Agents or Parent Guarantor in the agreement?,"BANK OF AMERICA, N.A.",1,3,0
137,What company is the co-syndication agent but not the Agents or GUARANTORS in the agreement?,"BANK OF AMERICA, N.A.",1,3,0
137,What company is the Bank but not the Administrative Agent or Agents in the agreement?,"BANK OF AMERICA, N.A.",1,3,0
137,What company is the Bank but not the Arrangers or Agents in the agreement?,"BANK OF AMERICA, N.A.",1,3,0
137,What company is the Bank but not the joint bookrunner or Agents in the agreement?,"BANK OF AMERICA, N.A.",1,3,0
137,What company is the Bank but not the bookrunners or Agents in the agreement?,"BANK OF AMERICA, N.A.",1,3,0
137,What company is the Bank but not the arrangers or Agents in the agreement?,"BANK OF AMERICA, N.A.",1,3,0
137,What company is the Bank but not the joint bookrunners or Agents in the agreement?,"BANK OF AMERICA, N.A.",1,3,0
137,What company is the Bank but not the joint lead arranger or Agents in the agreement?,"BANK OF AMERICA, N.A.",1,3,0
137,What company is the Bank but not the joint book runner or Agents in the agreement?,"BANK OF AMERICA, N.A.",1,3,0
137,What company is the Bank but not the Lenders or Agents in the agreement?,"BANK OF AMERICA, N.A.",1,3,0
137,What company is the Bank but not the Swing Line Banks or Agents in the agreement?,"BANK OF AMERICA, N.A.",1,3,0
137,What company is the Bank but not the Issuing Banks or Agents in the agreement?,"BANK OF AMERICA, N.A.",1,3,0
137,What company is the Bank but not the Bookrunners or Agents in the agreement?,"BANK OF AMERICA, N.A.",1,3,0
137,What company is the Bank but not the Agents or BORROWER in the agreement?,"BANK OF AMERICA, N.A.",1,3,0
137,What company is the Bank but not the Agents or Borrower in the agreement?,"BANK OF AMERICA, N.A.",1,3,0
137,What company is the Bank but not the Agents or Parent Guarantor in the agreement?,"BANK OF AMERICA, N.A.",1,3,0
137,What company is the Bank but not the Agents or GUARANTORS in the agreement?,"BANK OF AMERICA, N.A.",1,3,0
137,What company is the Arrangers but not the joint bookrunner or bookrunners in the agreement?,"REGIONS CAPITAL MARKETS,",1,3,0
137,What company is the Arrangers but not the joint bookrunner or arrangers in the agreement?,"REGIONS CAPITAL MARKETS,",1,3,0
137,What company is the Arrangers but not the joint bookrunner or joint bookrunners in the agreement?,"REGIONS CAPITAL MARKETS,",1,3,0
137,What company is the Arrangers but not the joint bookrunner or joint lead arranger in the agreement?,"REGIONS CAPITAL MARKETS,",1,3,0
137,What company is the Arrangers but not the joint bookrunner or joint book runner in the agreement?,"REGIONS CAPITAL MARKETS,",1,3,0
137,What company is the Arrangers but not the joint bookrunner or Lenders in the agreement?,"REGIONS CAPITAL MARKETS,",1,3,0
137,What company is the Arrangers but not the joint bookrunner or Swing Line Banks in the agreement?,"REGIONS CAPITAL MARKETS,",1,3,0
137,What company is the Arrangers but not the joint bookrunner or Issuing Banks in the agreement?,"REGIONS CAPITAL MARKETS,",1,3,0
137,What company is the Arrangers but not the joint bookrunner or Agents in the agreement?,"REGIONS CAPITAL MARKETS,",1,3,0
137,What company is the Arrangers but not the joint bookrunner or BORROWER in the agreement?,"REGIONS CAPITAL MARKETS,",1,3,0
137,What company is the Arrangers but not the joint bookrunner or Borrower in the agreement?,"REGIONS CAPITAL MARKETS,",1,3,0
137,What company is the Arrangers but not the joint bookrunner or Parent Guarantor in the agreement?,"REGIONS CAPITAL MARKETS,",1,3,0
137,What company is the Arrangers but not the joint bookrunner or GUARANTORS in the agreement?,"REGIONS CAPITAL MARKETS,",1,3,0
137,What company is the Arrangers but not the bookrunners or arrangers in the agreement?,"REGIONS CAPITAL MARKETS,",1,3,0
137,What company is the Arrangers but not the bookrunners or joint bookrunners in the agreement?,"REGIONS CAPITAL MARKETS,",1,3,0
137,What company is the Arrangers but not the bookrunners or joint lead arranger in the agreement?,"REGIONS CAPITAL MARKETS,",1,3,0
137,What company is the Arrangers but not the bookrunners or joint book runner in the agreement?,"REGIONS CAPITAL MARKETS,",1,3,0
137,What company is the Arrangers but not the bookrunners or Lenders in the agreement?,"REGIONS CAPITAL MARKETS,",1,3,0
137,What company is the Arrangers but not the bookrunners or Swing Line Banks in the agreement?,"REGIONS CAPITAL MARKETS,",1,3,0
137,What company is the Arrangers but not the bookrunners or Issuing Banks in the agreement?,"REGIONS CAPITAL MARKETS,",1,3,0
137,What company is the Arrangers but not the bookrunners or Agents in the agreement?,"REGIONS CAPITAL MARKETS,",1,3,0
137,What company is the Arrangers but not the bookrunners or BORROWER in the agreement?,"REGIONS CAPITAL MARKETS,",1,3,0
137,What company is the Arrangers but not the bookrunners or Borrower in the agreement?,"REGIONS CAPITAL MARKETS,",1,3,0
137,What company is the Arrangers but not the bookrunners or Parent Guarantor in the agreement?,"REGIONS CAPITAL MARKETS,",1,3,0
137,What company is the Arrangers but not the bookrunners or GUARANTORS in the agreement?,"REGIONS CAPITAL MARKETS,",1,3,0
137,What company is the Arrangers but not the arrangers or joint bookrunners in the agreement?,"REGIONS CAPITAL MARKETS,",1,3,0
137,What company is the Arrangers but not the arrangers or joint lead arranger in the agreement?,"REGIONS CAPITAL MARKETS,",1,3,0
137,What company is the Arrangers but not the arrangers or joint book runner in the agreement?,"REGIONS CAPITAL MARKETS,",1,3,0
137,What company is the Arrangers but not the arrangers or Lenders in the agreement?,"REGIONS CAPITAL MARKETS,",1,3,0
137,What company is the Arrangers but not the arrangers or Swing Line Banks in the agreement?,"REGIONS CAPITAL MARKETS,",1,3,0
137,What company is the Arrangers but not the arrangers or Issuing Banks in the agreement?,"REGIONS CAPITAL MARKETS,",1,3,0
137,What company is the Arrangers but not the arrangers or Agents in the agreement?,"REGIONS CAPITAL MARKETS,",1,3,0
137,What company is the Arrangers but not the arrangers or BORROWER in the agreement?,"REGIONS CAPITAL MARKETS,",1,3,0
137,What company is the Arrangers but not the arrangers or Borrower in the agreement?,"REGIONS CAPITAL MARKETS,",1,3,0
137,What company is the Arrangers but not the arrangers or Parent Guarantor in the agreement?,"REGIONS CAPITAL MARKETS,",1,3,0
137,What company is the Arrangers but not the arrangers or GUARANTORS in the agreement?,"REGIONS CAPITAL MARKETS,",1,3,0
137,What company is the Arrangers but not the joint bookrunners or joint lead arranger in the agreement?,"REGIONS CAPITAL MARKETS,",1,3,0
137,What company is the Arrangers but not the joint bookrunners or joint book runner in the agreement?,"REGIONS CAPITAL MARKETS,",1,3,0
137,What company is the Arrangers but not the joint bookrunners or Lenders in the agreement?,"REGIONS CAPITAL MARKETS,",1,3,0
137,What company is the Arrangers but not the joint bookrunners or Swing Line Banks in the agreement?,"REGIONS CAPITAL MARKETS,",1,3,0
137,What company is the Arrangers but not the joint bookrunners or Issuing Banks in the agreement?,"REGIONS CAPITAL MARKETS,",1,3,0
137,What company is the Arrangers but not the joint bookrunners or Agents in the agreement?,"REGIONS CAPITAL MARKETS,",1,3,0
137,What company is the Arrangers but not the joint bookrunners or BORROWER in the agreement?,"REGIONS CAPITAL MARKETS,",1,3,0
137,What company is the Arrangers but not the joint bookrunners or Borrower in the agreement?,"REGIONS CAPITAL MARKETS,",1,3,0
137,What company is the Arrangers but not the joint bookrunners or Parent Guarantor in the agreement?,"REGIONS CAPITAL MARKETS,",1,3,0
137,What company is the Arrangers but not the joint bookrunners or GUARANTORS in the agreement?,"REGIONS CAPITAL MARKETS,",1,3,0
137,What company is the Arrangers but not the joint lead arranger or joint book runner in the agreement?,"REGIONS CAPITAL MARKETS,",1,3,0
137,What company is the Arrangers but not the joint lead arranger or Lenders in the agreement?,"REGIONS CAPITAL MARKETS,",1,3,0
137,What company is the Arrangers but not the joint lead arranger or Swing Line Banks in the agreement?,"REGIONS CAPITAL MARKETS,",1,3,0
137,What company is the Arrangers but not the joint lead arranger or Issuing Banks in the agreement?,"REGIONS CAPITAL MARKETS,",1,3,0
137,What company is the Arrangers but not the joint lead arranger or Agents in the agreement?,"REGIONS CAPITAL MARKETS,",1,3,0
137,What company is the Arrangers but not the joint lead arranger or BORROWER in the agreement?,"REGIONS CAPITAL MARKETS,",1,3,0
137,What company is the Arrangers but not the joint lead arranger or Borrower in the agreement?,"REGIONS CAPITAL MARKETS,",1,3,0
137,What company is the Arrangers but not the joint lead arranger or Parent Guarantor in the agreement?,"REGIONS CAPITAL MARKETS,",1,3,0
137,What company is the Arrangers but not the joint lead arranger or GUARANTORS in the agreement?,"REGIONS CAPITAL MARKETS,",1,3,0
137,What company is the Arrangers but not the joint book runner or Lenders in the agreement?,"REGIONS CAPITAL MARKETS,",1,3,0
137,What company is the Arrangers but not the joint book runner or Swing Line Banks in the agreement?,"REGIONS CAPITAL MARKETS,",1,3,0
137,What company is the Arrangers but not the joint book runner or Issuing Banks in the agreement?,"REGIONS CAPITAL MARKETS,",1,3,0
137,What company is the Arrangers but not the joint book runner or Agents in the agreement?,"REGIONS CAPITAL MARKETS,",1,3,0
137,What company is the Arrangers but not the joint book runner or BORROWER in the agreement?,"REGIONS CAPITAL MARKETS,",1,3,0
137,What company is the Arrangers but not the joint book runner or Borrower in the agreement?,"REGIONS CAPITAL MARKETS,",1,3,0
137,What company is the Arrangers but not the joint book runner or Parent Guarantor in the agreement?,"REGIONS CAPITAL MARKETS,",1,3,0
137,What company is the Arrangers but not the joint book runner or GUARANTORS in the agreement?,"REGIONS CAPITAL MARKETS,",1,3,0
137,What company is the Arrangers but not the Lenders or Bookrunners in the agreement?,DEUTSCHE BANK SECURITIES INC.,1,3,0
137,What company is the Arrangers but not the Swing Line Banks or Bookrunners in the agreement?,DEUTSCHE BANK SECURITIES INC.,1,3,0
137,What company is the Arrangers but not the Issuing Banks or Bookrunners in the agreement?,DEUTSCHE BANK SECURITIES INC.,1,3,0
137,What company is the Arrangers but not the Bookrunners or Agents in the agreement?,DEUTSCHE BANK SECURITIES INC.,1,3,0
137,What company is the Arrangers but not the Bookrunners or BORROWER in the agreement?,DEUTSCHE BANK SECURITIES INC.,1,3,0
137,What company is the Arrangers but not the Bookrunners or Borrower in the agreement?,DEUTSCHE BANK SECURITIES INC.,1,3,0
137,What company is the Arrangers but not the Bookrunners or Parent Guarantor in the agreement?,DEUTSCHE BANK SECURITIES INC.,1,3,0
137,What company is the Arrangers but not the Bookrunners or GUARANTORS in the agreement?,DEUTSCHE BANK SECURITIES INC.,1,3,0
137,What company is the Lenders but not the Swing Line Banks or Issuing Banks in the agreement?,INITIAL LENDERS,1,3,0
137,What company is the Lenders but not the Swing Line Banks or Bookrunners in the agreement?,INITIAL LENDERS,1,3,0
137,What company is the Lenders but not the Swing Line Banks or Agents in the agreement?,INITIAL LENDERS,1,3,0
137,What company is the Lenders but not the Swing Line Banks or BORROWER in the agreement?,INITIAL LENDERS,1,3,0
137,What company is the Lenders but not the Swing Line Banks or Borrower in the agreement?,INITIAL LENDERS,1,3,0
137,What company is the Lenders but not the Swing Line Banks or Parent Guarantor in the agreement?,INITIAL LENDERS,1,3,0
137,What company is the Lenders but not the Swing Line Banks or GUARANTORS in the agreement?,INITIAL LENDERS,1,3,0
137,What company is the Lenders but not the Issuing Banks or Bookrunners in the agreement?,INITIAL LENDERS,1,3,0
137,What company is the Lenders but not the Issuing Banks or Agents in the agreement?,INITIAL LENDERS,1,3,0
137,What company is the Lenders but not the Issuing Banks or BORROWER in the agreement?,INITIAL LENDERS,1,3,0
137,What company is the Lenders but not the Issuing Banks or Borrower in the agreement?,INITIAL LENDERS,1,3,0
137,What company is the Lenders but not the Issuing Banks or Parent Guarantor in the agreement?,INITIAL LENDERS,1,3,0
137,What company is the Lenders but not the Issuing Banks or GUARANTORS in the agreement?,INITIAL LENDERS,1,3,0
137,Who are the Senior Vice Presidents of the company where Jireh Carcellar is employed?,"Alexander L. Rody, Eric Searls, Scott DeJong",3,0,1
122,What companies are the Lender but not the Agent in the agreement?,"AUSTRALIA AND NEW ZEALAND BANK GROUP LIMITED, BANK OF CHINA %28LUXEMBOURG%29, BANK OF MONTREAL, BARCLAYS BANK PLC, CREDIT SUISSE AG, DEUTSCHE BANK AG, HSBC BANK USA, N.A., ING BANK N.V.,, JPMORGAN CHASE BANK, N.A, MORGAN STANLEY BANK, N.A., NATIONAL AUSTRALIA BANK LIMITED, THE BANK OF NEW YORK MELLON, THE BANK OF NOVA SCOTIA, UNICREDIT BANK A.G., WELLS FARGO BANK, NATIONAL ASSOCIATION",1,2,1
122,What companies are the Agent but not the Arranger in the agreement?,"BANK OF AMERICA, N.A., CITIBANK, N.A.",1,2,1
122,What companies are the Agent but not the Bookrunners in the agreement?,"BANK OF AMERICA, N.A., CITIBANK, N.A.",1,2,1
122,What company is the Lender and Agent but not the Arranger in the agreement?,"BANK OF AMERICA, N.A.",1,3,0
122,What company is the Lender and Agent but not the Bookrunners in the agreement?,"BANK OF AMERICA, N.A.",1,3,0
37,Who is the Managing Director of the company which is both the L%2FC Issuer and the Lender in the agreement?,Maria F. Maia,3,1,0
23,What companies are the Lender but not the L%2FC Issuer in the agreement?,"BANK OF AMERICA, N.A., CREDIT AGRICOLE CORPORATE AND INVESTMENT BANK, CREDIT SUISSE AG, CAYMAN ISLANDS BRANCH, DEUTSCHE BANK AG, NEW YORK BRANCH,, MORGAN STANLEY SENIOR FUNDING, INC, MUFG BANK, LTD, ROYAL BANK OF CANADA,",1,2,1
23,What company is the Lender and Collateral Agent but not the GUARANTOR in the agreement?,SILICON VALLEY BANK,1,3,0
23,What company is the Lender and Collateral Agent but not the BORROWER%3A in the agreement?,SILICON VALLEY BANK,1,3,0
23,What company is the Lender and Collateral Agent but not the Administrative Agent in the agreement?,SILICON VALLEY BANK,1,3,0
23,What company is the Lender and L%2FC Issuer but not the Administrative Agent in the agreement?,SILICON VALLEY BANK,1,3,0
23,What company is the Collateral Agent and L%2FC Issuer but not the GUARANTOR in the agreement?,SILICON VALLEY BANK,1,3,0
23,What company is the Collateral Agent and L%2FC Issuer but not the BORROWER%3A in the agreement?,SILICON VALLEY BANK,1,3,0
23,What company is the Collateral Agent and L%2FC Issuer but not the Administrative Agent in the agreement?,SILICON VALLEY BANK,1,3,0
23,What company is the L%2FC Issuer but not the Collateral Agent or GUARANTOR in the agreement?,KEYBANK NATIONAL ASSOCIATION,1,3,0
23,What company is the L%2FC Issuer but not the Collateral Agent or BORROWER%3A in the agreement?,KEYBANK NATIONAL ASSOCIATION,1,3,0
23,What company is the L%2FC Issuer but not the GUARANTOR or Administrative Agent in the agreement?,SILICON VALLEY BANK,1,3,0
23,What company is the L%2FC Issuer but not the BORROWER%3A or Administrative Agent in the agreement?,SILICON VALLEY BANK,1,3,0
23,"Who are both Directors and Managing Directors of DEUTSCHE BANK AG, NEW YORK BRANCH,?","Andrew Sidford, Jeremy Eisman, Jordan Kanis, Kyle Hatze, Michael Agrimis, Myra Martinez",2,1,1
23,Who are the Managing Directors of the company where Myra Martinez is employed?,"Andrew Sidford, Jeremy Eisman, Jordan Kanis",3,0,1
23,Who are the Managing Directors of the company where Michael Agrimis is employed?,"Andrew Sidford, Jeremy Eisman, Jordan Kanis",3,0,1
23,Who are the Directors of the company where Andrew Sidford is employed?,"Kyle Hatze, Michael Agrimis, Myra Martinez",3,0,1
23,Who are the Directors of the company where Jeremy Eisman is employed?,"Kyle Hatze, Michael Agrimis, Myra Martinez",3,0,1
23,Who are the Directors of the company where Jordan Kanis is employed?,"Kyle Hatze, Michael Agrimis, Myra Martinez",3,0,1
23,Who are the Managing Directors of the company where Kyle Hatze is employed?,"Andrew Sidford, Jeremy Eisman, Jordan Kanis",3,0,1
35,"What roles does JPMORGAN CHASE BANK, N.A have in the agreement which are not the roles of GOLDMAN SACHS BANK USA?","Agent, Lender",1,2,1
35,"What roles does JPMORGAN CHASE BANK, N.A have in the agreement which are not the roles of THE ROYAL BANK OF SCOTLAND PLC?","Agent, Lender",1,2,1
35,What roles does GOLDMAN SACHS BANK USA have in the agreement which are not the roles of Goldman Sachs Bank USA?,"Agents, Arrangers, Bookrunners",1,2,1
35,What roles does GOLDMAN SACHS BANK USA have in the agreement which are not the roles of J.P. MORGAN SECURITIES LLC?,"Agents, Bank",1,2,1
35,"What roles does GOLDMAN SACHS BANK USA have in the agreement which are not the roles of MORGAN STANLEY SENIOR FUNDING, INC.?","Agents, Bank",1,2,1
35,What roles does GOLDMAN SACHS BANK USA have in the agreement which are not the roles of RBS SECURITIES INC.?,"Agents, Bank",1,2,1
35,"What roles does GOLDMAN SACHS BANK USA have in the agreement which are not the roles of THE BANK OF TOKYO-MITSUBISHI UFJ, LTD?","Agents, Bank",1,2,1
35,What roles does GOLDMAN SACHS BANK USA have in the agreement which are not the roles of The Royal Bank of Scotland plc?,"Agents, Arrangers, Bookrunners",1,2,1
35,"What roles does GOLDMAN SACHS BANK USA have in the agreement which are not the roles of Wells Fargo Bank, National Association?","Agents, Arrangers, Bookrunners",1,2,1
35,"What roles does GOLDMAN SACHS BANK USA have in the agreement which are not the roles of JPMorgan Chase Bank, N.A?","Agents, Arrangers, Bookrunners",1,2,1
35,What roles does GOLDMAN SACHS BANK USA have in the agreement which are not the roles of THE ROYAL BANK OF SCOTLAND PLC?,"Arrangers, Bookrunners",1,2,1
35,What companies are the Bank but not the Agent in the agreement?,"BANK OF AMERICA, N.A., Bank of America, N.A, CITIBANK, N.A., Citibank, N.A, GOLDMAN SACHS BANK USA, Goldman Sachs Bank USA, MORGAN STANLEY BANK, N.A., Morgan Stanley Bank, N.A, THE BANK OF TOKYO-MITSUBISHI UFJ,LTD, THE ROYAL BANK OF SCOTLAND PLC, The Bank of Tokyo-Mitsubishi UFJ, Ltd, The Royal Bank of Scotland plc, WELLS FARGO BANK, NATIONALASSOCIATION, Wells Fargo Bank, National Association",1,2,1
35,What companies are the Bank but not the Lender in the agreement?,"BANK OF AMERICA, N.A., Bank of America, N.A, CITIBANK, N.A., Citibank, N.A, GOLDMAN SACHS BANK USA, JPMorgan Chase Bank, N.A, MORGAN STANLEY BANK, N.A., Morgan Stanley Bank, N.A, THE BANK OF TOKYO-MITSUBISHI UFJ,LTD, THE ROYAL BANK OF SCOTLAND PLC, The Bank of Tokyo-Mitsubishi UFJ, Ltd, WELLS FARGO BANK, NATIONALASSOCIATION",1,2,1
35,What companies are the Bank but not the Agents in the agreement?,"BANK OF AMERICA, N.A., Bank of America, N.A, CITIBANK, N.A., Citibank, N.A, Goldman Sachs Bank USA, JPMORGAN CHASE BANK, N.A, JPMorgan Chase Bank, N.A, MORGAN STANLEY BANK, N.A., Morgan Stanley Bank, N.A, THE BANK OF TOKYO-MITSUBISHI UFJ,LTD, The Bank of Tokyo-Mitsubishi UFJ, Ltd, The Royal Bank of Scotland plc, WELLS FARGO BANK, NATIONALASSOCIATION, Wells Fargo Bank, National Association",1,2,1
35,What companies are the Bank but not the Arrangers in the agreement?,"BANK OF AMERICA, N.A., Bank of America, N.A, CITIBANK, N.A., Citibank, N.A, Goldman Sachs Bank USA, JPMORGAN CHASE BANK, N.A, JPMorgan Chase Bank, N.A, MORGAN STANLEY BANK, N.A., Morgan Stanley Bank, N.A, THE BANK OF TOKYO-MITSUBISHI UFJ,LTD, THE ROYAL BANK OF SCOTLAND PLC, The Bank of Tokyo-Mitsubishi UFJ, Ltd, The Royal Bank of Scotland plc, WELLS FARGO BANK, NATIONALASSOCIATION, Wells Fargo Bank, National Association",1,2,1
35,What companies are the Bank but not the Bookrunners in the agreement?,"BANK OF AMERICA, N.A., Bank of America, N.A, CITIBANK, N.A., Citibank, N.A, Goldman Sachs Bank USA, JPMORGAN CHASE BANK, N.A, JPMorgan Chase Bank, N.A, MORGAN STANLEY BANK, N.A., Morgan Stanley Bank, N.A, THE BANK OF TOKYO-MITSUBISHI UFJ,LTD, THE ROYAL BANK OF SCOTLAND PLC, The Bank of Tokyo-Mitsubishi UFJ, Ltd, The Royal Bank of Scotland plc, WELLS FARGO BANK, NATIONALASSOCIATION, Wells Fargo Bank, National Association",1,2,1
35,What companies are the Agents but not the Arrangers in the agreement?,"BANK OF AMERICA, N.A, BNP PARIBAS, CITIBANK, N.A, DNB BANK ASA, NEW YORK BRANCH, HSBC BANK USA, N.A, MORGAN STANLEY SENIOR FUNDING, INC, SUMITOMO MITSUI BANKING CORPORATION, THE BANK OF NOVA SCOTIA, THE BANK OF TOKYO-MITSUBISHI UFJ, LTD., THE ROYAL BANK OF SCOTLAND PLC, WELLS FARGO BANK, NATIONAL ASSOCIATION",1,2,1
35,What companies are the Agents but not the Bookrunners in the agreement?,"BANK OF AMERICA, N.A, BNP PARIBAS, CITIBANK, N.A, DNB BANK ASA, NEW YORK BRANCH, HSBC BANK USA, N.A, MORGAN STANLEY SENIOR FUNDING, INC, SUMITOMO MITSUI BANKING CORPORATION, THE BANK OF NOVA SCOTIA, THE BANK OF TOKYO-MITSUBISHI UFJ, LTD., THE ROYAL BANK OF SCOTLAND PLC, WELLS FARGO BANK, NATIONAL ASSOCIATION",1,2,1
35,What is the position held by John P. Rielly but not by Kelton Glasscock or Sophia Love?,Chief Financial Officer,1,3,0
35,What is the position held by John P. Rielly but not by Kelton Glasscock or Timothy B. Goodell?,Chief Financial Officer,1,3,0
35,What is the position held by John P. Rielly but not by Sophia Love or Timothy B. Goodell?,Chief Financial Officer,1,3,0
35,What company is the Bank and Agent but not the Lender in the agreement?,"JPMorgan Chase Bank, N.A",1,3,0
35,What company is the Bank and Agents but not the Arrangers in the agreement?,THE ROYAL BANK OF SCOTLAND PLC,1,3,0
35,What company is the Bank and Agents but not the Bookrunners in the agreement?,THE ROYAL BANK OF SCOTLAND PLC,1,3,0
35,What company is the Bank and Arrangers but not the Borrower in the agreement?,GOLDMAN SACHS BANK USA,1,3,0
35,What company is the Bank and Bookrunners but not the Borrower in the agreement?,GOLDMAN SACHS BANK USA,1,3,0
35,What company is the Agents and Arrangers but not the Borrower in the agreement?,GOLDMAN SACHS BANK USA,1,3,0
35,What company is the Agents and Bookrunners but not the Borrower in the agreement?,GOLDMAN SACHS BANK USA,1,3,0
35,Who are the Chief Financial Officer and General Counsel of the company which is the Borrower in the agreement?,"John P. Rielly, Timothy B. Goodell",3,0,1
35,"Who are the Senior Vice Presidents of the company associated with 1185 Avenue of the AmericasNew York, New York 10036?","DeVon J. Lang, Joe Hykle, John P. Rielly, Kelton Glasscock, Sophia Love, Timothy B. Goodell",3,0,1
35,Who are the Directors of the company associated with GRAND CAYMAN?,"Claudia Zarate, J. Frazell, Nurys Maleki, Steven Smith",3,0,1
35,Who are the Directors of the company associated with NEW YORK?,"Claudia Zarate, J. Frazell, Nurys Maleki, Steven Smith",3,0,1
35,Who are the Directors of the company where Diane Pockaj is employed?,"Claudia Zarate, J. Frazell, Nurys Maleki, Steven Smith",3,0,1
35,Who is both the Chief Financial Officer and Senior Vice President of the company which is the Borrower in the agreement?,John P. Rielly,3,1,0
35,Who is both the General Counsel and Senior Vice President of the company which is the Borrower in the agreement?,Timothy B. Goodell,3,1,0
35,"Who is both the Chief Financial Officer and Senior Vice President of the company associated with 1185 Avenue of the AmericasNew York, New York 10036?",John P. Rielly,3,1,0
35,"Who is both the General Counsel and Senior Vice President of the company associated with 1185 Avenue of the AmericasNew York, New York 10036?",Timothy B. Goodell,3,1,0
35,Who is both the Senior Vice President and Chief Financial Officer of the company where DeVon J. Lang is employed?,John P. Rielly,3,1,0
35,Who is both the Senior Vice President and Chief Financial Officer of the company where Joe Hykle is employed?,John P. Rielly,3,1,0
35,Who is both the Senior Vice President and Chief Financial Officer of the company where Kelton Glasscock is employed?,John P. Rielly,3,1,0
35,Who is both the Senior Vice President and Chief Financial Officer of the company where Sophia Love is employed?,John P. Rielly,3,1,0
35,Who is both the Senior Vice President and General Counsel of the company where DeVon J. Lang is employed?,Timothy B. Goodell,3,1,0
35,Who is both the Senior Vice President and General Counsel of the company where Joe Hykle is employed?,Timothy B. Goodell,3,1,0
35,Who is both the Senior Vice President and General Counsel of the company where Kelton Glasscock is employed?,Timothy B. Goodell,3,1,0
35,Who is both the Senior Vice President and General Counsel of the company where Sophia Love is employed?,Timothy B. Goodell,3,1,0
21,"What company is the Ally Representative and L%2FC Issuer but not the Holdings Topco, in the agreement?",ALLY BANK,1,3,0
21,What company is the Ally Representative and L%2FC Issuer but not the Agent in the agreement?,ALLY BANK,1,3,0
21,What company is the Ally Representative and L%2FC Issuer but not the Borrower in the agreement?,ALLY BANK,1,3,0
21,"What company is the Ally Representative and Lender but not the Holdings Topco, in the agreement?",ALLY BANK,1,3,0
21,What company is the Ally Representative and Lender but not the Agent in the agreement?,ALLY BANK,1,3,0
21,What company is the Ally Representative and Lender but not the Borrower in the agreement?,ALLY BANK,1,3,0
21,"What company is the L%2FC Issuer and Lender but not the Holdings Topco, in the agreement?",ALLY BANK,1,3,0
21,What company is the L%2FC Issuer and Lender but not the Agent in the agreement?,ALLY BANK,1,3,0
21,What company is the L%2FC Issuer and Lender but not the Borrower in the agreement?,ALLY BANK,1,3,0
21,Who is both the Secretary and Treasurer of the company which is the Borrower in the agreement?,Dawn M. Wilson,3,1,0
108,What company is the agent and administrative agent but not the Bookrunners in the agreement?,KeyBank National Association,1,3,0
108,What company is the agent and administrative agent but not the Agent in the agreement?,KeyBank National Association,1,3,0
108,What company is the agent and administrative agent but not the Arrangers in the agreement?,KeyBank National Association,1,3,0
134,What companies are the Lender but not the Agent in the agreement?,"BANC OF CALIFORNIA, NATIONAL ASSOCIATION, EAST WEST BANK.",1,2,1
134,What company is the Lender and Agent but not the Documentation Agent in the agreement?,"JPMorgan Chase Bank, N.A",1,3,0
134,What company is the Lender and Agent but not the Borrower in the agreement?,"JPMorgan Chase Bank, N.A",1,3,0
134,What company is the arranger and lead arranger but not the Arranger in the agreement?,J.P. MORGAN SECURITIES LLC,1,3,0
134,What company is the arranger and lead arranger but not the Bookrunning Manager in the agreement?,J.P. MORGAN SECURITIES LLC,1,3,0
134,What company is the arranger and lead arranger but not the Administrative Agent in the agreement?,J.P. MORGAN SECURITIES LLC,1,3,0
134,What company is the arranger and lead arranger but not the Collateral Agent in the agreement?,J.P. MORGAN SECURITIES LLC,1,3,0
134,What company is the arranger and lead arranger but not the Issuing Bank in the agreement?,J.P. MORGAN SECURITIES LLC,1,3,0
134,What company is the arranger and lead arranger but not the Guarantor in the agreement?,J.P. MORGAN SECURITIES LLC,1,3,0
134,What company is the arranger and lead arranger but not the Holdings in the agreement?,J.P. MORGAN SECURITIES LLC,1,3,0
134,What company is the arranger and lead arranger but not the Agent in the agreement?,J.P. MORGAN SECURITIES LLC,1,3,0
134,What company is the arranger and lead arranger but not the Documentation Agent in the agreement?,J.P. MORGAN SECURITIES LLC,1,3,0
134,What company is the arranger and lead arranger but not the Borrower in the agreement?,J.P. MORGAN SECURITIES LLC,1,3,0
134,What company is the Arranger and Bookrunning Manager but not the Administrative Agent in the agreement?,"J.P. MORGAN SECURITIES LLC,",1,3,0
134,What company is the Arranger and Bookrunning Manager but not the Collateral Agent in the agreement?,"J.P. MORGAN SECURITIES LLC,",1,3,0
134,What company is the Arranger and Bookrunning Manager but not the Issuing Bank in the agreement?,"J.P. MORGAN SECURITIES LLC,",1,3,0
134,What company is the Arranger and Bookrunning Manager but not the Guarantor in the agreement?,"J.P. MORGAN SECURITIES LLC,",1,3,0
134,What company is the Arranger and Bookrunning Manager but not the Holdings in the agreement?,"J.P. MORGAN SECURITIES LLC,",1,3,0
134,What company is the Arranger and Bookrunning Manager but not the Agent in the agreement?,"J.P. MORGAN SECURITIES LLC,",1,3,0
134,What company is the Arranger and Bookrunning Manager but not the Documentation Agent in the agreement?,"J.P. MORGAN SECURITIES LLC,",1,3,0
134,What company is the Arranger and Bookrunning Manager but not the Borrower in the agreement?,"J.P. MORGAN SECURITIES LLC,",1,3,0
134,What company is the Administrative Agent and Collateral Agent but not the Guarantor in the agreement?,"JPMORGAN CHASE BANK, N.A",1,3,0
134,What company is the Administrative Agent and Collateral Agent but not the Holdings in the agreement?,"JPMORGAN CHASE BANK, N.A",1,3,0
134,What company is the Administrative Agent and Collateral Agent but not the Agent in the agreement?,"JPMORGAN CHASE BANK, N.A",1,3,0
134,What company is the Administrative Agent and Collateral Agent but not the Documentation Agent in the agreement?,"JPMORGAN CHASE BANK, N.A",1,3,0
134,What company is the Administrative Agent and Collateral Agent but not the Borrower in the agreement?,"JPMORGAN CHASE BANK, N.A",1,3,0
134,What company is the Administrative Agent and Issuing Bank but not the Guarantor in the agreement?,"JPMORGAN CHASE BANK, N.A",1,3,0
134,What company is the Administrative Agent and Issuing Bank but not the Holdings in the agreement?,"JPMORGAN CHASE BANK, N.A",1,3,0
134,What company is the Administrative Agent and Issuing Bank but not the Agent in the agreement?,"JPMORGAN CHASE BANK, N.A",1,3,0
134,What company is the Administrative Agent and Issuing Bank but not the Documentation Agent in the agreement?,"JPMORGAN CHASE BANK, N.A",1,3,0
134,What company is the Administrative Agent and Issuing Bank but not the Borrower in the agreement?,"JPMORGAN CHASE BANK, N.A",1,3,0
134,What company is the Collateral Agent and Issuing Bank but not the Guarantor in the agreement?,"JPMORGAN CHASE BANK, N.A",1,3,0
134,What company is the Collateral Agent and Issuing Bank but not the Holdings in the agreement?,"JPMORGAN CHASE BANK, N.A",1,3,0
134,What company is the Collateral Agent and Issuing Bank but not the Agent in the agreement?,"JPMORGAN CHASE BANK, N.A",1,3,0
134,What company is the Collateral Agent and Issuing Bank but not the Documentation Agent in the agreement?,"JPMORGAN CHASE BANK, N.A",1,3,0
134,What company is the Collateral Agent and Issuing Bank but not the Borrower in the agreement?,"JPMORGAN CHASE BANK, N.A",1,3,0
134,What company is the Guarantor and Holdings but not the Agent in the agreement?,"STOCKBRIDGE%2FSBE INVESTMENT COMPANY, LLC",1,3,0
134,What company is the Guarantor and Holdings but not the Documentation Agent in the agreement?,"STOCKBRIDGE%2FSBE INVESTMENT COMPANY, LLC",1,3,0
134,What company is the Guarantor and Holdings but not the Borrower in the agreement?,"STOCKBRIDGE%2FSBE INVESTMENT COMPANY, LLC",1,3,0
134,What company is the Guarantor but not the Holdings or Agent in the agreement?,"SB GAMING, LLC",1,3,0
134,What company is the Guarantor but not the Holdings or Documentation Agent in the agreement?,"SB GAMING, LLC",1,3,0
134,What company is the Guarantor but not the Holdings or Borrower in the agreement?,"SB GAMING, LLC",1,3,0
120,What company is the Arranger and Bookrunner but not the Agents in the agreement?,WELLS FARGO SECURITIES LLC,1,3,0
120,What company is the Arranger and Bookrunner but not the Arrangers in the agreement?,WELLS FARGO SECURITIES LLC,1,3,0
120,What company is the Arranger and Bookrunner but not the Agent in the agreement?,WELLS FARGO SECURITIES LLC,1,3,0
120,What company is the Arranger and Bookrunner but not the Borrower in the agreement?,WELLS FARGO SECURITIES LLC,1,3,0
120,What company is the Bookrunner and Arrangers but not the Agent in the agreement?,"MERRILL LYNCH, PIERCE, FENNER %26 SMITH INCORPORATED",1,3,0
120,What company is the Bookrunner and Arrangers but not the Borrower in the agreement?,"MERRILL LYNCH, PIERCE, FENNER %26 SMITH INCORPORATED",1,3,0
120,What company is the Bookrunner but not the Arranger or Agents in the agreement?,"MERRILL LYNCH, PIERCE, FENNER %26 SMITH INCORPORATED",1,3,0
120,What company is the Bookrunner but not the Arranger or Agent in the agreement?,"MERRILL LYNCH, PIERCE, FENNER %26 SMITH INCORPORATED",1,3,0
120,What company is the Bookrunner but not the Arranger or Borrower in the agreement?,"MERRILL LYNCH, PIERCE, FENNER %26 SMITH INCORPORATED",1,3,0
120,What company is the Bookrunner but not the Agents or Arrangers in the agreement?,WELLS FARGO SECURITIES LLC,1,3,0
120,What company is the Bookrunner but not the Arrangers or Agent in the agreement?,WELLS FARGO SECURITIES LLC,1,3,0
120,What company is the Bookrunner but not the Arrangers or Borrower in the agreement?,WELLS FARGO SECURITIES LLC,1,3,0
120,Who are both Senior Vice Presidents and Vice Presidents of BANK HAPOALIM B.M?,"Charles McLaughlin, Cheryl Sneor, Curt Steiner, Greg Conner, James P. Surless, Lori Chambers, Mark A. Edwards, Rory Desmond",2,1,1
120,Who are the Vice Presidents of the company where Mark A. Edwards is employed?,"Cheryl Sneor, Greg Conner, James P. Surless, Lori Chambers, Rory Desmond",3,0,1
120,Who are the Senior Vice Presidents of the company where Lori Chambers is employed?,"Charles McLaughlin, Curt Steiner, Mark A. Edwards",3,0,1
120,Who are the Senior Vice Presidents of the company where Greg Conner is employed?,"Charles McLaughlin, Curt Steiner, Mark A. Edwards",3,0,1
120,Who are the Vice Presidents of the company where Charles McLaughlin is employed?,"Cheryl Sneor, Greg Conner, James P. Surless, Lori Chambers, Rory Desmond",3,0,1
120,Who are the Vice Presidents of the company where Curt Steiner is employed?,"Cheryl Sneor, Greg Conner, James P. Surless, Lori Chambers, Rory Desmond",3,0,1
120,Who are the Senior Vice Presidents of the company where Rory Desmond is employed?,"Charles McLaughlin, Curt Steiner, Mark A. Edwards",3,0,1
120,Who are the Senior Vice Presidents of the company where Cheryl Sneor is employed?,"Charles McLaughlin, Curt Steiner, Mark A. Edwards",3,0,1
120,Who are the Senior Vice Presidents of the company where James P. Surless is employed?,"Charles McLaughlin, Curt Steiner, Mark A. Edwards",3,0,1
121,What companies are the Agent but not the Arranger in the agreement?,"BANK OF AMERICA, N.A., BMO HARRIS BANK, N.A., FIFTH THIRD BANK, HSBC BANK USA, JPMORGAN CHASE BANK, N.A., MIZUHO BANK, LTD, MUFG UNION BANK, N.A., PNC BANK, REGIONS BANK, SUMITOMO MITSUI BANKING CORPORATION, SUNTRUST BANK, THE BANK OF TOKYO-MITSUBISHI UFJ, LTD., WELLS FARGO BANK, N.A",1,2,1
121,What companies are the Agent but not the Bookrunners in the agreement?,"BANK OF AMERICA, N.A., BMO HARRIS BANK, N.A., FIFTH THIRD BANK, HSBC BANK USA, JPMORGAN CHASE BANK, N.A., MIZUHO BANK, LTD, MUFG UNION BANK, N.A., PNC BANK, REGIONS BANK, SUMITOMO MITSUI BANKING CORPORATION, SUNTRUST BANK, THE BANK OF TOKYO-MITSUBISHI UFJ, LTD., WELLS FARGO BANK, N.A",1,2,1
121,What is the position held by Angela Chen but not by Jane Chang or Murtuza Ziauddin?,DGM,1,3,0
121,What is the position held by Kefel Xu but not by Kitty Sin or Paul Hultgren?,Branch Manager,1,3,0
121,What company is the Agent and Arranger but not the LENDER in the agreement?,U.S. BANK NATIONAL ASSOCIATION,1,3,0
121,What company is the Agent and Bookrunners but not the LENDER in the agreement?,U.S. BANK NATIONAL ASSOCIATION,1,3,0
121,Who are the SVPs of the company associated with NEW YORK?,"James Hua, Kitty Sin",3,0,1
121,Who is both the VP and General Manager of the company where Murtuza Ziauddin is employed?,Jane Chang,3,1,0
121,Who is both the Director and SVP of the company where Chris Hursey is employed?,Paul Hultgren,3,1,0
121,Who is both the Director and SVP of the company where Steven R. Bruno is employed?,Paul Hultgren,3,1,0
121,Who is both the Secretary and Vice President of the company where Daniel Vilarelle is employed?,Peter C. Underwood,3,1,0
121,Who is both the Secretary and Vice President of the company where Darran Wee is employed?,Peter C. Underwood,3,1,0
121,Who is both the Secretary and Vice President of the company where Eric Harvey is employed?,Peter C. Underwood,3,1,0
121,Who is both the Secretary and Vice President of the company where Mary R. Wright is employed?,Peter C. Underwood,3,1,0
121,Who is both the Secretary and Vice President of the company where S. Bradley McDougall is employed?,Peter C. Underwood,3,1,0
121,Who is both the Secretary and Vice President of the company where Shirley Shipley is employed?,Peter C. Underwood,3,1,0
135,"What roles does MIZUHO BANK, LTD have in the agreement which are not the roles of WELLS FARGO BANK, NATIONAL ASSOCIATION?","Arrangers, Bookrunners",1,2,1
135,What companies are the Lender but not the Agent in the agreement?,"BARCLAYS BANK PLC, BMO HARRIS BANK N.A., BNP PARIBAS, BRANCH BANKING AND TRUST COMPANY, CANADIAN IMPERIAL BANK OF COMMERCE, NEW YORK BRANCH,, COMPASS BANK, DEUTSCHE BANK AG NEW YORK BRANCH, DNB CAPITAL LLC, ING CAPITAL LLC, MORGAN STANLEY BANK, N.A., PNC BANK, NATIONAL ASSOCIATION, REGIONS BANK, ROYAL BANK OF CANADA, SOCI%C3%89T%C3%89 G%C3%89N%C3%89RALE, SUMITOMO MITSUI BANKING CORPORATION, SUNTRUST BANK, THE BANK OF NOVA SCOTIA, THE BANK OF TOKYO-MITSUBISHI UFJ, LTD., U.S. BANK NATIONAL ASSOCIATION, UBS AG, STAMFORD BRANCH",1,2,1
135,What companies are the Lender but not the Agents in the agreement?,"BANK OF AMERICA, N.A., BARCLAYS BANK PLC, BMO HARRIS BANK N.A., BNP PARIBAS, BRANCH BANKING AND TRUST COMPANY, CANADIAN IMPERIAL BANK OF COMMERCE, NEW YORK BRANCH,, CITIBANK, N.A., COMPASS BANK, DEUTSCHE BANK AG NEW YORK BRANCH, DNB CAPITAL LLC, ING CAPITAL LLC, JPMORGAN CHASE BANK, N.A., MIZUHO BANK, LTD., MORGAN STANLEY BANK, N.A., PNC BANK, NATIONAL ASSOCIATION, REGIONS BANK, ROYAL BANK OF CANADA, SOCI%C3%89T%C3%89 G%C3%89N%C3%89RALE, SUMITOMO MITSUI BANKING CORPORATION, SUNTRUST BANK, THE BANK OF NOVA SCOTIA, THE BANK OF TOKYO-MITSUBISHI UFJ, LTD., U.S. BANK NATIONAL ASSOCIATION, UBS AG, STAMFORD BRANCH",1,2,1
135,What companies are the Agent but not the Agents in the agreement?,"BANK OF AMERICA, N.A., CITIBANK, N.A., DNB BANK ASA, NEW YORK BRANCH, JPMORGAN CHASE BANK, N.A., MIZUHO BANK, LTD.",1,2,1
135,What companies are the Agents but not the Arrangers in the agreement?,"CITIBANK, DNB BANK ASA, NEW YORK BRANCH, WELLS FARGO BANK, NATIONAL ASSOCIATION",1,2,1
135,What companies are the Agents but not the Bookrunners in the agreement?,"CITIBANK, DNB BANK ASA, NEW YORK BRANCH, WELLS FARGO BANK, NATIONAL ASSOCIATION",1,2,1
135,What is the position held by Sharon S. Spurlin but not by Virginia Cosenza or Hans Beekmans?,Treasurer,1,3,0
135,"What is the role and subrole that Citigroup Global Markets Inc. and DNB Markets, Inc. share in the agreement that is not held by Merrill Lynch, Pierce, Fenner %26 Smith Incorporated?",lead arranger,1,3,0
135,"What is the role and subrole that Citigroup Global Markets Inc. and J.P. Morgan Securities LLC share in the agreement that is not held by Merrill Lynch, Pierce, Fenner %26 Smith Incorporated?",lead arranger,1,3,0
135,"What is the role and subrole that DNB Markets, Inc. and J.P. Morgan Securities LLC share in the agreement that is not held by Merrill Lynch, Pierce, Fenner %26 Smith Incorporated?",lead arranger,1,3,0
135,What company is the Lender and Agents but not the Arrangers in the agreement?,"WELLS FARGO BANK, NATIONAL ASSOCIATION",1,3,0
135,What company is the Lender and Agents but not the Bookrunners in the agreement?,"WELLS FARGO BANK, NATIONAL ASSOCIATION",1,3,0
135,What company is the Lender and Agents but not the arranger in the agreement?,"WELLS FARGO BANK, NATIONAL ASSOCIATION",1,3,0
135,What company is the Lender and Agents but not the lead arranger in the agreement?,"WELLS FARGO BANK, NATIONAL ASSOCIATION",1,3,0
135,What company is the Lender and Agents but not the bookrunner in the agreement?,"WELLS FARGO BANK, NATIONAL ASSOCIATION",1,3,0
135,What company is the Lender and Agents but not the joint bookrunner in the agreement?,"WELLS FARGO BANK, NATIONAL ASSOCIATION",1,3,0
135,What company is the Lender and Agents but not the agency in the agreement?,"WELLS FARGO BANK, NATIONAL ASSOCIATION",1,3,0
135,What company is the Lender and Agents but not the Borrower in the agreement?,"WELLS FARGO BANK, NATIONAL ASSOCIATION",1,3,0
135,What company is the Agent and Agents but not the Arrangers in the agreement?,"WELLS FARGO BANK, NATIONAL ASSOCIATION",1,3,0
135,What company is the Agent and Agents but not the Bookrunners in the agreement?,"WELLS FARGO BANK, NATIONAL ASSOCIATION",1,3,0
135,What company is the Agent and Agents but not the arranger in the agreement?,"WELLS FARGO BANK, NATIONAL ASSOCIATION",1,3,0
135,What company is the Agent and Agents but not the lead arranger in the agreement?,"WELLS FARGO BANK, NATIONAL ASSOCIATION",1,3,0
135,What company is the Agent and Agents but not the bookrunner in the agreement?,"WELLS FARGO BANK, NATIONAL ASSOCIATION",1,3,0
135,What company is the Agent and Agents but not the joint bookrunner in the agreement?,"WELLS FARGO BANK, NATIONAL ASSOCIATION",1,3,0
135,What company is the Agent and Agents but not the agency in the agreement?,"WELLS FARGO BANK, NATIONAL ASSOCIATION",1,3,0
135,What company is the Agent and Agents but not the Borrower in the agreement?,"WELLS FARGO BANK, NATIONAL ASSOCIATION",1,3,0
135,What company is the Agents and Arrangers but not the arranger in the agreement?,"MIZUHO BANK, LTD",1,3,0
135,What company is the Agents and Arrangers but not the lead arranger in the agreement?,"MIZUHO BANK, LTD",1,3,0
135,What company is the Agents and Arrangers but not the bookrunner in the agreement?,"MIZUHO BANK, LTD",1,3,0
135,What company is the Agents and Arrangers but not the joint bookrunner in the agreement?,"MIZUHO BANK, LTD",1,3,0
135,What company is the Agents and Arrangers but not the agency in the agreement?,"MIZUHO BANK, LTD",1,3,0
135,What company is the Agents and Arrangers but not the Borrower in the agreement?,"MIZUHO BANK, LTD",1,3,0
135,What company is the Agents and Bookrunners but not the arranger in the agreement?,"MIZUHO BANK, LTD",1,3,0
135,What company is the Agents and Bookrunners but not the lead arranger in the agreement?,"MIZUHO BANK, LTD",1,3,0
135,What company is the Agents and Bookrunners but not the bookrunner in the agreement?,"MIZUHO BANK, LTD",1,3,0
135,What company is the Agents and Bookrunners but not the joint bookrunner in the agreement?,"MIZUHO BANK, LTD",1,3,0
135,What company is the Agents and Bookrunners but not the agency in the agreement?,"MIZUHO BANK, LTD",1,3,0
135,What company is the Agents and Bookrunners but not the Borrower in the agreement?,"MIZUHO BANK, LTD",1,3,0
135,What company is the joint bookrunner but not the lead arranger or arranger in the agreement?,"Merrill Lynch, Pierce, Fenner %26 Smith Incorporated",1,3,0
135,What company is the joint bookrunner but not the lead arranger or agency in the agreement?,"Merrill Lynch, Pierce, Fenner %26 Smith Incorporated",1,3,0
135,What company is the joint bookrunner but not the lead arranger or Borrower in the agreement?,"Merrill Lynch, Pierce, Fenner %26 Smith Incorporated",1,3,0
135,What company is the joint bookrunner but not the arranger or agency in the agreement?,"Merrill Lynch, Pierce, Fenner %26 Smith Incorporated",1,3,0
135,What company is the joint bookrunner but not the arranger or Borrower in the agreement?,"Merrill Lynch, Pierce, Fenner %26 Smith Incorporated",1,3,0
135,What company is the joint bookrunners but not the lead arranger or arranger in the agreement?,"Merrill Lynch, Pierce, Fenner %26 Smith Incorporated",1,3,0
135,What company is the joint bookrunners but not the lead arranger or agency in the agreement?,"Merrill Lynch, Pierce, Fenner %26 Smith Incorporated",1,3,0
135,What company is the joint bookrunners but not the lead arranger or Borrower in the agreement?,"Merrill Lynch, Pierce, Fenner %26 Smith Incorporated",1,3,0
135,What company is the joint bookrunners but not the arranger or agency in the agreement?,"Merrill Lynch, Pierce, Fenner %26 Smith Incorporated",1,3,0
135,What company is the joint bookrunners but not the arranger or Borrower in the agreement?,"Merrill Lynch, Pierce, Fenner %26 Smith Incorporated",1,3,0
135,What company is the joint book runner but not the lead arranger or arranger in the agreement?,"Merrill Lynch, Pierce, Fenner %26 Smith Incorporated",1,3,0
135,What company is the joint book runner but not the lead arranger or agency in the agreement?,"Merrill Lynch, Pierce, Fenner %26 Smith Incorporated",1,3,0
135,What company is the joint book runner but not the lead arranger or Borrower in the agreement?,"Merrill Lynch, Pierce, Fenner %26 Smith Incorporated",1,3,0
135,What company is the joint book runner but not the arranger or agency in the agreement?,"Merrill Lynch, Pierce, Fenner %26 Smith Incorporated",1,3,0
135,What company is the joint book runner but not the arranger or Borrower in the agreement?,"Merrill Lynch, Pierce, Fenner %26 Smith Incorporated",1,3,0
135,Who is the Authorized Officer of the company which is both the Lender and the Agent in the agreement?,Stephanie Balette,3,1,0
135,Who is both the Treasurer and Vice President of the company which is the Borrower in the agreement?,Sharon S. Spurlin,3,1,0
135,Who is both the Treasurer and Vice President of the company where Christine Aharonian is employed?,Sharon S. Spurlin,3,1,0
135,Who is both the Treasurer and Vice President of the company where Gabriel Juarez is employed?,Sharon S. Spurlin,3,1,0
135,Who is both the Treasurer and Vice President of the company where John C. Lozano is employed?,Sharon S. Spurlin,3,1,0
135,Who is both the Treasurer and Vice President of the company where Reginald CRICHLOW is employed?,Sharon S. Spurlin,3,1,0
135,Who is both the Treasurer and Vice President of the company where Rosanne Parsill is employed?,Sharon S. Spurlin,3,1,0
135,Who is both the Treasurer and Vice President of the company where David Valentine is employed?,Sharon S. Spurlin,3,1,0
135,Who is both the Treasurer and Vice President of the company where Les Werme is employed?,Sharon S. Spurlin,3,1,0
135,Who is both the Treasurer and Vice President of the company where M. Colin Warman is employed?,Sharon S. Spurlin,3,1,0
135,Who is both the Treasurer and Vice President of the company where Mark Oberreuter is employed?,Sharon S. Spurlin,3,1,0
135,Who is both the Treasurer and Vice President of the company where Shannon Juhan is employed?,Sharon S. Spurlin,3,1,0
135,Who is both the Treasurer and Vice President of the company where Virginia Cosenza is employed?,Sharon S. Spurlin,3,1,0
135,Who is both the Treasurer and Vice President of the company where Hans Beekmans is employed?,Sharon S. Spurlin,3,1,0
109,Who are the Directors of the company where John Busshaus is employed?,"Denis Yevstifeyey, Douglas Polinksy, J. Gregory Smith",3,0,1
109,Who are the Directors of the company where Christopher J. Spencer is employed?,"Denis Yevstifeyey, Douglas Polinksy, J. Gregory Smith",3,0,1
109,Who is both the Chief Executive Officer and Chairman of the Board and CEO of the company where Denis Yevstifeyey is employed?,Christopher J. Spencer,3,1,0
109,Who is both the Chief Executive Officer and Chairman of the Board and CEO of the company where Douglas Polinksy is employed?,Christopher J. Spencer,3,1,0
109,Who is both the Chief Executive Officer and Chairman of the Board and CEO of the company where J. Gregory Smith is employed?,Christopher J. Spencer,3,1,0
109,Who is both the Chief Executive Officer and Chairman of the Board and CEO of the company where John Busshaus is employed?,Christopher J. Spencer,3,1,0
20,Who is the Director of the company which is both the Lender and the Administrative Agent in the agreement?,Benjamin Mlot,3,1,0
34,What company is the Agent and Lender but not the manager in the agreement?,GOLDMAN SACHS BANK USA,1,3,0
34,What company is the Agent and Lender but not the sole manager in the agreement?,GOLDMAN SACHS BANK USA,1,3,0
34,What company is the Agent and Lender but not the Borrower in the agreement?,GOLDMAN SACHS BANK USA,1,3,0
34,What company is the Agent and Arranger but not the manager in the agreement?,GOLDMAN SACHS BANK USA,1,3,0
34,What company is the Agent and Arranger but not the sole manager in the agreement?,GOLDMAN SACHS BANK USA,1,3,0
34,What company is the Agent and Arranger but not the Borrower in the agreement?,GOLDMAN SACHS BANK USA,1,3,0
34,What company is the Agent and Bookrunner but not the manager in the agreement?,GOLDMAN SACHS BANK USA,1,3,0
34,What company is the Agent and Bookrunner but not the sole manager in the agreement?,GOLDMAN SACHS BANK USA,1,3,0
34,What company is the Agent and Bookrunner but not the Borrower in the agreement?,GOLDMAN SACHS BANK USA,1,3,0
34,What company is the Lender and Arranger but not the manager in the agreement?,GOLDMAN SACHS BANK USA,1,3,0
34,What company is the Lender and Arranger but not the sole manager in the agreement?,GOLDMAN SACHS BANK USA,1,3,0
34,What company is the Lender and Arranger but not the Borrower in the agreement?,GOLDMAN SACHS BANK USA,1,3,0
34,What company is the Lender and Bookrunner but not the manager in the agreement?,GOLDMAN SACHS BANK USA,1,3,0
34,What company is the Lender and Bookrunner but not the sole manager in the agreement?,GOLDMAN SACHS BANK USA,1,3,0
34,What company is the Lender and Bookrunner but not the Borrower in the agreement?,GOLDMAN SACHS BANK USA,1,3,0
34,What company is the Arranger and Bookrunner but not the manager in the agreement?,GOLDMAN SACHS BANK USA,1,3,0
34,What company is the Arranger and Bookrunner but not the sole manager in the agreement?,GOLDMAN SACHS BANK USA,1,3,0
34,What company is the Arranger and Bookrunner but not the Borrower in the agreement?,GOLDMAN SACHS BANK USA,1,3,0
34,What company is the manager and sole manager but not the Borrower in the agreement?,ITC Holdings Corp,1,3,0
34,Who is both the Chief Financial Officer and Executive Vice President of the company which is the Borrower in the agreement?,"Cameron M. Bready,",3,1,0
34,Who is both the Executive Vice President and Chief Financial Officer of the company where Rejji P. Hayes is employed?,"Cameron M. Bready,",3,1,0
34,Who is both the Secretary and Vice President of the company where Rejji P. Hayes is employed?,Wendy A. McIntyre,3,1,0
18,What company is the Lender and Syndication Agent but not the Documentation Agent in the agreement?,REGIONS BANK,1,3,0
18,What company is the Lender and Syndication Agent but not the Arrangers in the agreement?,REGIONS BANK,1,3,0
18,What company is the Lender and Syndication Agent but not the Bookrunners in the agreement?,REGIONS BANK,1,3,0
18,What company is the Lender and Syndication Agent but not the Borrower in the agreement?,REGIONS BANK,1,3,0
18,What company is the Lender and Syndication Agent but not the Administrative Agent in the agreement?,REGIONS BANK,1,3,0
18,What company is the Lender and Documentation Agent but not the Arrangers in the agreement?,"CAPITAL ONE, NATIONAL ASSOCIATION",1,3,0
18,What company is the Lender and Documentation Agent but not the Bookrunners in the agreement?,"CAPITAL ONE, NATIONAL ASSOCIATION",1,3,0
18,What company is the Lender and Documentation Agent but not the Borrower in the agreement?,"CAPITAL ONE, NATIONAL ASSOCIATION",1,3,0
18,What company is the Lender and Documentation Agent but not the Administrative Agent in the agreement?,"CAPITAL ONE, NATIONAL ASSOCIATION",1,3,0
18,"Who are the Vice Presidents of the company associated with 10 South Wacker DriveChicago, IL 60606?","Craig V. Koshkarian, Elizabeth Dove",3,0,1
18,"Who are the Vice Presidents of the company associated with Minneapolis Loan CenterMAC N9300-091600 South 4th Street, 9th FloorMinneapolis, Minnesota 55415?","Craig V. Koshkarian, Elizabeth Dove",3,0,1
30,"What roles does WELLS FARGO BANK, NATIONAL ASSOCIATION have in the agreement which are not the roles of WELLS FARGO SECURITIES, LLC?","AGENT, LENDERS, Lender",1,2,1
30,What company is the LENDERS and AGENT but not the Arranger in the agreement?,"WELLS FARGO BANK, NATIONAL ASSOCIATION",1,3,0
30,What company is the LENDERS and Agent but not the Arranger in the agreement?,"WELLS FARGO BANK, NATIONAL ASSOCIATION",1,3,0
30,What company is the LENDERS and Lender but not the Arranger in the agreement?,"WELLS FARGO BANK, NATIONAL ASSOCIATION",1,3,0
30,What company is the AGENT and Agent but not the Arranger in the agreement?,"WELLS FARGO BANK, NATIONAL ASSOCIATION",1,3,0
30,What company is the AGENT and Lender but not the Arranger in the agreement?,"WELLS FARGO BANK, NATIONAL ASSOCIATION",1,3,0
30,What company is the Agent and Lender but not the Arranger in the agreement?,"WELLS FARGO BANK, NATIONAL ASSOCIATION",1,3,0
30,What company is the LENDERS but not the GUARANTORS or Lender in the agreement?,"BANK OF AMERICA, N.A",1,3,0
30,What company is the LENDERS but not the GUARANTORS or AGENT in the agreement?,"BANK OF AMERICA, N.A",1,3,0
30,What company is the LENDERS but not the GUARANTORS or Agent in the agreement?,"BANK OF AMERICA, N.A",1,3,0
30,What company is the LENDERS but not the BORROWER or Lender in the agreement?,"BANK OF AMERICA, N.A",1,3,0
30,What company is the LENDERS but not the BORROWER or AGENT in the agreement?,"BANK OF AMERICA, N.A",1,3,0
30,What company is the LENDERS but not the BORROWER or Agent in the agreement?,"BANK OF AMERICA, N.A",1,3,0
30,What company is the LENDERS but not the Lender or AGENT in the agreement?,"BANK OF AMERICA, N.A",1,3,0
30,What company is the LENDERS but not the Lender or Agent in the agreement?,"BANK OF AMERICA, N.A",1,3,0
30,What company is the LENDERS but not the Lender or Arranger in the agreement?,"BANK OF AMERICA, N.A",1,3,0
30,What company is the LENDERS but not the AGENT or Agent in the agreement?,"BANK OF AMERICA, N.A",1,3,0
30,What company is the LENDERS but not the AGENT or Arranger in the agreement?,"BANK OF AMERICA, N.A",1,3,0
30,What company is the LENDERS but not the Agent or Arranger in the agreement?,"BANK OF AMERICA, N.A",1,3,0
24,"What roles does U.S. BANK NATIONAL ASSOCIATION have in the agreement which are not the roles of JPMORGAN CHASE BANK, N.A.?","AGENTS, LEAD ARRANGERS",1,2,1
24,"What roles does U.S. BANK NATIONAL ASSOCIATION have in the agreement which are not the roles of JPMorgan Chase Bank, N.A.?","AGENTS, LEAD ARRANGERS",1,2,1
24,"What roles does JPMORGAN CHASE BANK, N.A. have in the agreement which are not the roles of JPMorgan Chase Bank, N.A.?","AGENT, BOOKRUNNER, LEAD ARRANGER",1,2,1
24,What companies are the AGENTS but not the LEAD ARRANGERS in the agreement?,"NATIONAL ASSOCIATION, PNC BANK, REGIONS BANK, SUNTRUST BANK, WELLS FARGO BANK",1,2,1
24,What companies are the AGENTS but not the Lender in the agreement?,"NATIONAL ASSOCIATION, PNC BANK, WELLS FARGO BANK",1,2,1
24,What companies are the LEAD ARRANGERS but not the Lender in the agreement?,"PNC CAPITAL MARKETS LLC, REGIONS CAPITAL MARKETS, SUNTRUST ROBINSON HUMPHREY, INC., WELLS FARGO SECURITIES LLC",1,2,1
24,What companies are the Lender but not the Agent in the agreement?,"PNC BANK NATIONAL ASSOCIATION, REGIONS BANK, SUMITOMO MITSUI BANKING CORPORATION, SUNTRUST BANK, TD BANK, N. A., U.S. BANK NATIONAL ASSOCIATION, WELLS FARGO BANK NATIONALASSOCIATION",1,2,1
24,What company is the Borrower and BORROWER but not the AGENTS in the agreement?,"COLUMBIA PROPERTY TRUST OPERATING PARTNERSHIP, L.P.",1,3,0
24,What company is the Borrower and BORROWER but not the LEAD ARRANGERS in the agreement?,"COLUMBIA PROPERTY TRUST OPERATING PARTNERSHIP, L.P.",1,3,0
24,What company is the Borrower and BORROWER but not the Lender in the agreement?,"COLUMBIA PROPERTY TRUST OPERATING PARTNERSHIP, L.P.",1,3,0
24,What company is the Borrower and BORROWER but not the General Partner in the agreement?,"COLUMBIA PROPERTY TRUST OPERATING PARTNERSHIP, L.P.",1,3,0
24,What company is the Borrower and BORROWER but not the Agent in the agreement?,"COLUMBIA PROPERTY TRUST OPERATING PARTNERSHIP, L.P.",1,3,0
24,What company is the Borrower and BORROWER but not the AGENT in the agreement?,"COLUMBIA PROPERTY TRUST OPERATING PARTNERSHIP, L.P.",1,3,0
24,What company is the Borrower and BORROWER but not the BOOKRUNNER in the agreement?,"COLUMBIA PROPERTY TRUST OPERATING PARTNERSHIP, L.P.",1,3,0
24,What company is the Borrower and BORROWER but not the LEAD ARRANGER in the agreement?,"COLUMBIA PROPERTY TRUST OPERATING PARTNERSHIP, L.P.",1,3,0
24,What company is the AGENTS and LEAD ARRANGERS but not the General Partner in the agreement?,U.S. BANK NATIONAL ASSOCIATION,1,3,0
24,What company is the AGENTS and LEAD ARRANGERS but not the Agent in the agreement?,U.S. BANK NATIONAL ASSOCIATION,1,3,0
24,What company is the AGENTS and LEAD ARRANGERS but not the AGENT in the agreement?,U.S. BANK NATIONAL ASSOCIATION,1,3,0
24,What company is the AGENTS and LEAD ARRANGERS but not the BOOKRUNNER in the agreement?,U.S. BANK NATIONAL ASSOCIATION,1,3,0
24,What company is the AGENTS and LEAD ARRANGERS but not the LEAD ARRANGER in the agreement?,U.S. BANK NATIONAL ASSOCIATION,1,3,0
24,What company is the LEAD ARRANGERS and Lender but not the General Partner in the agreement?,U.S. BANK NATIONAL ASSOCIATION,1,3,0
24,What company is the LEAD ARRANGERS and Lender but not the Agent in the agreement?,U.S. BANK NATIONAL ASSOCIATION,1,3,0
24,What company is the LEAD ARRANGERS and Lender but not the AGENT in the agreement?,U.S. BANK NATIONAL ASSOCIATION,1,3,0
24,What company is the LEAD ARRANGERS and Lender but not the BOOKRUNNER in the agreement?,U.S. BANK NATIONAL ASSOCIATION,1,3,0
24,What company is the LEAD ARRANGERS and Lender but not the LEAD ARRANGER in the agreement?,U.S. BANK NATIONAL ASSOCIATION,1,3,0
24,What company is the Lender and Agent but not the AGENT in the agreement?,"JPMorgan Chase Bank, N.A.",1,3,0
24,What company is the Lender and Agent but not the BOOKRUNNER in the agreement?,"JPMorgan Chase Bank, N.A.",1,3,0
24,What company is the Lender and Agent but not the LEAD ARRANGER in the agreement?,"JPMorgan Chase Bank, N.A.",1,3,0
125,What company is the Agent and Arranger but not the BORROWER in the agreement?,U.S. BANK NATIONAL ASSOCIATION,1,3,0
125,What company is the Agent and Book Manager but not the BORROWER in the agreement?,U.S. BANK NATIONAL ASSOCIATION,1,3,0
125,What company is the Agent and Lender but not the BORROWER in the agreement?,U.S. BANK NATIONAL ASSOCIATION,1,3,0
125,What company is the Arranger and Book Manager but not the BORROWER in the agreement?,U.S. BANK NATIONAL ASSOCIATION,1,3,0
125,What company is the Arranger and Lender but not the BORROWER in the agreement?,U.S. BANK NATIONAL ASSOCIATION,1,3,0
125,What company is the Book Manager and Lender but not the BORROWER in the agreement?,U.S. BANK NATIONAL ASSOCIATION,1,3,0
125,What company is the Lender but not the Agent or Book Manager in the agreement?,"BANK OF AMERICA, N.A.",1,3,0
125,What company is the Lender but not the Agent or BORROWER in the agreement?,"BANK OF AMERICA, N.A.",1,3,0
125,What company is the Lender but not the Book Manager or BORROWER in the agreement?,"BANK OF AMERICA, N.A.",1,3,0
119,Who is both the Chief Operating Officer and President of the company which is the Borrower in the agreement?,W. Russell Scheirman,3,1,0
118,What companies are the ARRANGERS but not the AGENTS in the agreement?,"BARCLAYS BANK PLC, CREDIT SUISSE SECURITIES %28USA%29 LLC",1,2,1
118,What companies are the BOOKRUNNERS but not the AGENTS in the agreement?,"BARCLAYS BANK PLC, CREDIT SUISSE SECURITIES %28USA%29 LLC, WELLS FARGO SECURITIES, LLC",1,2,1
118,What company is the AGENT and ARRANGERS but not the Agent in the agreement?,BARCLAYS BANK PLC,1,3,0
118,What company is the AGENT and ARRANGERS but not the L%2FC Issuer in the agreement?,BARCLAYS BANK PLC,1,3,0
118,What company is the AGENT and ARRANGERS but not the Lender in the agreement?,BARCLAYS BANK PLC,1,3,0
118,What company is the AGENT and ARRANGERS but not the AGENTS in the agreement?,BARCLAYS BANK PLC,1,3,0
118,What company is the AGENT and ARRANGERS but not the BORROWER in the agreement?,BARCLAYS BANK PLC,1,3,0
118,What company is the AGENT and BOOKRUNNERS but not the Agent in the agreement?,BARCLAYS BANK PLC,1,3,0
118,What company is the AGENT and BOOKRUNNERS but not the L%2FC Issuer in the agreement?,BARCLAYS BANK PLC,1,3,0
118,What company is the AGENT and BOOKRUNNERS but not the Lender in the agreement?,BARCLAYS BANK PLC,1,3,0
118,What company is the AGENT and BOOKRUNNERS but not the AGENTS in the agreement?,BARCLAYS BANK PLC,1,3,0
118,What company is the AGENT and BOOKRUNNERS but not the BORROWER in the agreement?,BARCLAYS BANK PLC,1,3,0
118,What company is the ARRANGERS and AGENTS but not the BORROWER in the agreement?,GOLDMAN SACHS BANK USA,1,3,0
118,What company is the BOOKRUNNERS and AGENTS but not the BORROWER in the agreement?,GOLDMAN SACHS BANK USA,1,3,0
118,What company is the Agent and L%2FC Issuer but not the AGENTS in the agreement?,"WELLS FARGO BANK, NATIONAL ASSOCIATION",1,3,0
118,What company is the Agent and L%2FC Issuer but not the BORROWER in the agreement?,"WELLS FARGO BANK, NATIONAL ASSOCIATION",1,3,0
118,What company is the Agent and Lender but not the AGENTS in the agreement?,"WELLS FARGO BANK, NATIONAL ASSOCIATION",1,3,0
118,What company is the Agent and Lender but not the BORROWER in the agreement?,"WELLS FARGO BANK, NATIONAL ASSOCIATION",1,3,0
118,What company is the L%2FC Issuer and Lender but not the AGENTS in the agreement?,"WELLS FARGO BANK, NATIONAL ASSOCIATION",1,3,0
118,What company is the L%2FC Issuer and Lender but not the BORROWER in the agreement?,"WELLS FARGO BANK, NATIONAL ASSOCIATION",1,3,0
118,What company is the BOOKRUNNERS but not the ARRANGERS or AGENT in the agreement?,"WELLS FARGO SECURITIES, LLC",1,3,0
118,What company is the BOOKRUNNERS but not the ARRANGERS or L%2FC Issuer in the agreement?,"WELLS FARGO SECURITIES, LLC",1,3,0
118,What company is the BOOKRUNNERS but not the ARRANGERS or Lender in the agreement?,"WELLS FARGO SECURITIES, LLC",1,3,0
118,What company is the BOOKRUNNERS but not the ARRANGERS or Agent in the agreement?,"WELLS FARGO SECURITIES, LLC",1,3,0
118,What company is the BOOKRUNNERS but not the ARRANGERS or AGENTS in the agreement?,"WELLS FARGO SECURITIES, LLC",1,3,0
118,What company is the BOOKRUNNERS but not the ARRANGERS or BORROWER in the agreement?,"WELLS FARGO SECURITIES, LLC",1,3,0
118,What company is the ARRANGERS but not the AGENT or AGENTS in the agreement?,CREDIT SUISSE SECURITIES %28USA%29 LLC,1,3,0
118,Who are the Managing Directors of the company where Peter Glawe is employed?,"Carl A. Mayer III, Peter Duncan",3,0,1
124,What companies are the Lender but not the Syndication Agents in the agreement?,"BRANCH BANKING %26 TRUST COMPANY, CITIBANK N.A., CITIZENS BANK, N.A, FIRST NIAGARA BANK, N.A.,, TD BANK, N.A., WELLS FARGO BANK, N.A.",1,2,1
124,What companies are the Lender but not the Documentation Agents in the agreement?,"BANK OF AMERICA, N.A., BRANCH BANKING %26 TRUST COMPANY, CITIBANK N.A., CITIZENS BANK, N.A, FIRST NIAGARA BANK, N.A.,, JPMORGAN CHASE BANK, N.A, KEYBANK NATIONAL ASSOCIATION, WELLS FARGO BANK, N.A.",1,2,1
124,What companies are the Lender but not the Bookrunners in the agreement?,"BANK OF AMERICA, N.A., BRANCH BANKING %26 TRUST COMPANY, CITIBANK N.A., CITIZENS BANK, N.A, FIRST NIAGARA BANK, N.A.,, KEYBANK NATIONAL ASSOCIATION, TD BANK, N.A., WELLS FARGO BANK, N.A.",1,2,1
124,What companies are the Syndication Agents but not the Bookrunners in the agreement?,"BANK OF AMERICA, N.A., KEYBANK NATIONAL ASSOCIATION",1,2,1
124,What company is the Lender and Documentation Agents but not the Administrative Agent in the agreement?,"TD BANK, N.A.",1,3,0
124,What company is the Lender and Documentation Agents but not the Lead Arrangers in the agreement?,"TD BANK, N.A.",1,3,0
124,What company is the Lender and Documentation Agents but not the Bookrunners in the agreement?,"TD BANK, N.A.",1,3,0
124,What company is the Lender and Documentation Agents but not the Borrower in the agreement?,"TD BANK, N.A.",1,3,0
124,What company is the Lender and Bookrunners but not the Borrower in the agreement?,"JPMORGAN CHASE BANK, N.A",1,3,0
124,What company is the Syndication Agents and Bookrunners but not the Borrower in the agreement?,"JPMORGAN CHASE BANK, N.A",1,3,0
124,What company is the Administrative Agent and Lead Arrangers but not the Bookrunners in the agreement?,"CITIZENS BANK, N.A.",1,3,0
124,What company is the Administrative Agent and Lead Arrangers but not the Borrower in the agreement?,"CITIZENS BANK, N.A.",1,3,0
124,What company is the Lead Arrangers but not the Administrative Agent or Bookrunners in the agreement?,"KEYBANC CAPITAL MARKETS, INC",1,3,0
124,What company is the Lead Arrangers but not the Administrative Agent or Borrower in the agreement?,"KEYBANC CAPITAL MARKETS, INC",1,3,0
130,What companies are the Issuing Bank but not the Agent in the agreement?,"BANK OF AMERICA, N.A, PNC BANK, NATIONAL ASSOCIATION",1,2,1
130,What company is the Collateral Agent and Documentation Agents but not the Borrower in the agreement?,"JPMORGAN CHASE BANK, N.A.",1,3,0
130,What company is the Collateral Agent and Documentation Agents but not the Issuing Bank in the agreement?,"JPMORGAN CHASE BANK, N.A.",1,3,0
130,What company is the Collateral Agent and Documentation Agents but not the LENDER in the agreement?,"JPMORGAN CHASE BANK, N.A.",1,3,0
130,What company is the Collateral Agent and Documentation Agents but not the Subsidiary in the agreement?,"JPMORGAN CHASE BANK, N.A.",1,3,0
130,What company is the Collateral Agent and Documentation Agents but not the Agent in the agreement?,"JPMORGAN CHASE BANK, N.A.",1,3,0
130,What company is the Collateral Agent and Documentation Agents but not the Guarantor in the agreement?,"JPMORGAN CHASE BANK, N.A.",1,3,0
130,"What company is the Collateral Agent and Documentation Agents but not the Issuing Bank, in the agreement?","JPMORGAN CHASE BANK, N.A.",1,3,0
130,What company is the Collateral Agent and Syndication Agents but not the Borrower in the agreement?,"JPMORGAN CHASE BANK, N.A.",1,3,0
130,What company is the Collateral Agent and Syndication Agents but not the Issuing Bank in the agreement?,"JPMORGAN CHASE BANK, N.A.",1,3,0
130,What company is the Collateral Agent and Syndication Agents but not the LENDER in the agreement?,"JPMORGAN CHASE BANK, N.A.",1,3,0
130,What company is the Collateral Agent and Syndication Agents but not the Subsidiary in the agreement?,"JPMORGAN CHASE BANK, N.A.",1,3,0
130,What company is the Collateral Agent and Syndication Agents but not the Agent in the agreement?,"JPMORGAN CHASE BANK, N.A.",1,3,0
130,What company is the Collateral Agent and Syndication Agents but not the Guarantor in the agreement?,"JPMORGAN CHASE BANK, N.A.",1,3,0
130,"What company is the Collateral Agent and Syndication Agents but not the Issuing Bank, in the agreement?","JPMORGAN CHASE BANK, N.A.",1,3,0
130,What company is the Issuing Bank and Agent but not the Guarantor in the agreement?,"JPMORGAN CHASE BANK, N.A",1,3,0
130,"What company is the Issuing Bank and Agent but not the Issuing Bank, in the agreement?","JPMORGAN CHASE BANK, N.A",1,3,0
130,"What company is the Agent but not the Guarantor or Issuing Bank, in the agreement?","JPMORGAN CHASE BANK, N.A",1,3,0
130,"Who are the Authorized Signatory and Manager, Agency Services of the company which is the Issuing Bank, in the agreement?","John Flores, Yvonne Brazier",3,0,1
130,Who is the SVP%2FCommercial Credit Officer of the company which is both the LENDER and the Issuing Bank in the agreement?,Kevin Couch,3,1,0
130,Who is the Authorized Officer of the company which is both the Agent and the Issuing Bank in the agreement?,Stephanie Balette,3,1,0
130,"Who is the Authorized Signatory of the company which is both the Issuing Bank, and the Agent in the agreement?",John Flores,3,1,0
130,"Who is the Manager, Agency Services of the company which is both the Issuing Bank, and the Agent in the agreement?",Yvonne Brazier,3,1,0
25,What company is the Agent and Lenders but not the Guarantor in the agreement?,CORTLAND CAPITAL MARKET SERVICES LLC,1,3,0
25,What company is the Agent and Lenders but not the Guarantors in the agreement?,CORTLAND CAPITAL MARKET SERVICES LLC,1,3,0
25,What company is the Agent and Lenders but not the Borrower in the agreement?,CORTLAND CAPITAL MARKET SERVICES LLC,1,3,0
25,What company is the Agent and Lenders but not the Lender in the agreement?,CORTLAND CAPITAL MARKET SERVICES LLC,1,3,0
31,"What roles does STANDARD CHARTERED BANK have in the agreement which are not the roles of BANK OF AMERICA, N.A.?","AGENTS, BOOK RUNNERS",1,2,1
31,"What roles does THE BANK OF TOKYO-MITSUBISHI UFJ, LTD. have in the agreement which are not the roles of BANK OF AMERICA, N.A.?","AGENTS, BOOK RUNNERS",1,2,1
31,"What roles does U.S. BANK NATIONAL ASSOCIATION have in the agreement which are not the roles of BANK OF AMERICA, N.A.?","AGENTS, BOOK RUNNERS",1,2,1
31,"What roles does CANADIAN IMPERIAL BANK OF COMMERCE, NEW YORK AGENCY have in the agreement which are not the roles of BANK OF AMERICA, N.A.?","AGENTS, BOOK RUNNERS",1,2,1
31,What companies are the Lender but not the AGENTS in the agreement?,"BANK OF AMERICA, N.A., BARCLAYS BANK PLC, CITIBANK, N.A., GOLDMAN SACHS BANK USA, HSBC BANK USA, NATIONAL ASSOCIATION, JPMORGAN CHASE BANK, N.A., THE BANK OF CHINA",1,2,1
31,What companies are the Lender but not the BOOK RUNNERS in the agreement?,"BANK OF AMERICA, N.A., BARCLAYS BANK PLC, CITIBANK, N.A., GOLDMAN SACHS BANK USA, HSBC BANK USA, NATIONAL ASSOCIATION, JPMORGAN CHASE BANK, N.A., THE BANK OF CHINA, WELLS FARGO BANK, NATIONAL ASSOCIATION",1,2,1
31,What companies are the Lender but not the AGENT in the agreement?,"BARCLAYS BANK PLC, CANADIAN IMPERIAL BANK OF COMMERCE, NEW YORK AGENCY, CITIBANK, N.A., GOLDMAN SACHS BANK USA, HSBC BANK USA, NATIONAL ASSOCIATION, STANDARD CHARTERED BANK, THE BANK OF CHINA, THE BANK OF TOKYO-MITSUBISHI UFJ, LTD., U.S. BANK NATIONAL ASSOCIATION, WELLS FARGO BANK, NATIONAL ASSOCIATION",1,2,1
31,What companies are the Lender but not the Agent in the agreement?,"BARCLAYS BANK PLC, CANADIAN IMPERIAL BANK OF COMMERCE, NEW YORK AGENCY, CITIBANK, N.A., GOLDMAN SACHS BANK USA, HSBC BANK USA, NATIONAL ASSOCIATION, JPMORGAN CHASE BANK, N.A., STANDARD CHARTERED BANK, THE BANK OF CHINA, THE BANK OF TOKYO-MITSUBISHI UFJ, LTD., U.S. BANK NATIONAL ASSOCIATION, WELLS FARGO BANK, NATIONAL ASSOCIATION",1,2,1
31,What companies are the AGENTS but not the BOOK RUNNERS in the agreement?,"CITIBANK, N.A, WELLS FARGO BANK, NATIONAL ASSOCIATION",1,2,1
31,What is the position held by Haiyong Yang but not by Kurban H. Merchant or Maureen Maroney?,Branch Manager,1,3,0
31,What is the position held by Haiyong Yang but not by Kurban H. Merchant or Oscar D. Cortez?,Branch Manager,1,3,0
31,What is the position held by Haiyong Yang but not by Maureen Maroney or Oscar D. Cortez?,Branch Manager,1,3,0
31,What company is the Lender and AGENTS but not the BOOK RUNNERS in the agreement?,"WELLS FARGO BANK, NATIONAL ASSOCIATION",1,3,0
31,What company is the Lender and AGENT but not the Agent in the agreement?,"JPMORGAN CHASE BANK, N.A.",1,3,0
31,What company is the AGENTS but not the Lender or BOOK RUNNERS in the agreement?,"CITIBANK, N.A",1,3,0
31,What company is the AGENT but not the LENDERS or Agent in the agreement?,"JPMORGAN CHASE BANK, N.A.",1,3,0
31,What company is the AGENT but not the BORROWERS or Agent in the agreement?,"JPMORGAN CHASE BANK, N.A.",1,3,0
31,Who is both the Branch Manager and Vice President of the company which is the Lender in the agreement?,Haiyong Yang,3,1,0
19,What company is the Arranger and Bookrunner but not the Borrower in the agreement?,RBC CAPITAL MARKETS,1,3,0
19,What company is the Arranger and Bookrunner but not the Administrative Agent in the agreement?,RBC CAPITAL MARKETS,1,3,0
19,What company is the Arranger and Bookrunner but not the Issuing Bank in the agreement?,RBC CAPITAL MARKETS,1,3,0
19,Who are the Authorized Signatorys of the company where Rodica Dutka is employed?,"Annie Carr, John Flores",3,0,1
19,Who is both the CEO and President of the company which is the Borrower in the agreement?,Terry W. Handley,3,1,0
27,What companies are the Lender but not the Borrower in the agreement?,"AF V ENERGY I HOLDINGS, L.P., AF V Energy I Holdings, L.P.",1,2,1
27,What company is the Lender and Borrower but not the BORROWER in the agreement?,Milbank Tweed Hadley %26 McCloy LLP,1,3,0
33,What companies are the Arrangers but not the Agent in the agreement?,"CREDIT SUISSE SECURITIES %28USA%29 LLC, GOLDMAN SACHS BANK USA",1,2,1
33,What companies are the Bookrunners but not the Agent in the agreement?,"CREDIT SUISSE SECURITIES %28USA%29 LLC, GOLDMAN SACHS BANK USA",1,2,1
126,What companies are the Lenders but not the agents in the agreement?,"BANCO SANTANDER, S.A., NEW YORK BRANCH, BANK OF CHINA, NEW YORK BRANCH, CITIBANK, N.A., CREDIT AGRICOLE CORPORATE AND INVESTMENT BANK, DBS BANK LTD, HSBC BANK USA, NATIONAL ASSOCIATION, INDUSTRIAL AND COMMERCIAL BANK OF CHINA LIMITED, NEW YORK BRANCH, PNC BANK, NATIONAL ASSOCIATION, STANDARD CHARTERED BANK, THE BANK OF NOVA SCOTIA, U.S. BANK NATIONAL ASSOCIATION, WELLS FARGO BANK, NATIONAL ASSOCIATION",1,2,1
126,What companies are the Lenders but not the Arrangers in the agreement?,"BANCO SANTANDER, S.A., NEW YORK BRANCH, BANK OF AMERICA, N.A., BANK OF CHINA, NEW YORK BRANCH, BNP PARIBAS, CREDIT AGRICOLE CORPORATE AND INVESTMENT BANK, DBS BANK LTD, HSBC BANK USA, NATIONAL ASSOCIATION, INDUSTRIAL AND COMMERCIAL BANK OF CHINA LIMITED, NEW YORK BRANCH, PNC BANK, NATIONAL ASSOCIATION, STANDARD CHARTERED BANK, THE BANK OF NOVA SCOTIA, U.S. BANK NATIONAL ASSOCIATION, WELLS FARGO BANK, NATIONAL ASSOCIATION",1,2,1
126,What companies are the Lenders but not the Bookrunners in the agreement?,"BANCO SANTANDER, S.A., NEW YORK BRANCH, BANK OF AMERICA, N.A., BANK OF CHINA, NEW YORK BRANCH, BNP PARIBAS, CREDIT AGRICOLE CORPORATE AND INVESTMENT BANK, DBS BANK LTD, HSBC BANK USA, NATIONAL ASSOCIATION, INDUSTRIAL AND COMMERCIAL BANK OF CHINA LIMITED, NEW YORK BRANCH, PNC BANK, NATIONAL ASSOCIATION, STANDARD CHARTERED BANK, THE BANK OF NOVA SCOTIA, U.S. BANK NATIONAL ASSOCIATION, WELLS FARGO BANK, NATIONAL ASSOCIATION",1,2,1
126,What companies are the Lenders but not the Agent in the agreement?,"BANCO SANTANDER, S.A., NEW YORK BRANCH, BANK OF AMERICA, N.A., BANK OF CHINA, NEW YORK BRANCH, BNP PARIBAS, CREDIT AGRICOLE CORPORATE AND INVESTMENT BANK, DBS BANK LTD, HSBC BANK USA, NATIONAL ASSOCIATION, INDUSTRIAL AND COMMERCIAL BANK OF CHINA LIMITED, NEW YORK BRANCH, JPMORGAN CHASE BANK, N.A., MIZUHO BANK, LTD., MUFG BANK, LTD., PNC BANK, NATIONAL ASSOCIATION, STANDARD CHARTERED BANK, SUMITOMO MITSUI BANKING CORPORATION, THE BANK OF NOVA SCOTIA, U.S. BANK NATIONAL ASSOCIATION, WELLS FARGO BANK, NATIONAL ASSOCIATION",1,2,1
126,What companies are the agents but not the Arrangers in the agreement?,"BANK OF AMERICA, N.A., BNP PARIBAS",1,2,1
126,What companies are the agents but not the Bookrunners in the agreement?,"BANK OF AMERICA, N.A., BNP PARIBAS",1,2,1
126,What companies are the Arrangers but not the Agent in the agreement?,"BNP PARIBAS SECURITIES CORP., BOFA SECURITIES, INC., JPMORGAN CHASE BANK, N.A., MIZUHO BANK, LTD., MUFG BANK, LTD., SUMITOMO MITSUI BANKING CORPORATION",1,2,1
126,What companies are the Bookrunners but not the Agent in the agreement?,"BNP PARIBAS SECURITIES CORP., BOFA SECURITIES, INC., JPMORGAN CHASE BANK, N.A., MIZUHO BANK, LTD., MUFG BANK, LTD., SUMITOMO MITSUI BANKING CORPORATION",1,2,1
126,What company is the Lenders and Agent but not the Borrower in the agreement?,"CITIBANK, N.A.",1,3,0
126,What company is the Arrangers and Agent but not the Borrower in the agreement?,"CITIBANK, N.A.",1,3,0
126,What company is the Bookrunners and Agent but not the Borrower in the agreement?,"CITIBANK, N.A.",1,3,0
132,"Who is both the Executive Vice President, Chief Financial Officer and Treasurer and Vice President and Treasurer of the company which is the Guarantors in the agreement?",Gary G. Zyla,3,1,0
133,"What roles does CITIBANK, N.A., have in the agreement which are not the roles of Citibank?","Administrative Agent, Collateral Agent, L%2FC Issuer",1,2,1
133,What company is the Administrative Agent and Arranger but not the Borrower in the agreement?,"CITIBANK, N.A.,",1,3,0
133,What company is the Administrative Agent and Arranger but not the Syndication Agent in the agreement?,"CITIBANK, N.A.,",1,3,0
133,What company is the Administrative Agent and Arranger but not the Agent in the agreement?,"CITIBANK, N.A.,",1,3,0
133,What company is the Administrative Agent and Arranger but not the agency in the agreement?,"CITIBANK, N.A.,",1,3,0
133,What company is the Administrative Agent and Arranger but not the rating agency in the agreement?,"CITIBANK, N.A.,",1,3,0
133,What company is the Administrative Agent and Arranger but not the Lender in the agreement?,"CITIBANK, N.A.,",1,3,0
133,What company is the Administrative Agent and Book Runner but not the Borrower in the agreement?,"CITIBANK, N.A.,",1,3,0
133,What company is the Administrative Agent and Book Runner but not the Syndication Agent in the agreement?,"CITIBANK, N.A.,",1,3,0
133,What company is the Administrative Agent and Book Runner but not the Agent in the agreement?,"CITIBANK, N.A.,",1,3,0
133,What company is the Administrative Agent and Book Runner but not the agency in the agreement?,"CITIBANK, N.A.,",1,3,0
133,What company is the Administrative Agent and Book Runner but not the rating agency in the agreement?,"CITIBANK, N.A.,",1,3,0
133,What company is the Administrative Agent and Book Runner but not the Lender in the agreement?,"CITIBANK, N.A.,",1,3,0
133,What company is the Administrative Agent and Collateral Agent but not the Borrower in the agreement?,"CITIBANK, N.A.,",1,3,0
133,What company is the Administrative Agent and Collateral Agent but not the Syndication Agent in the agreement?,"CITIBANK, N.A.,",1,3,0
133,What company is the Administrative Agent and Collateral Agent but not the Agent in the agreement?,"CITIBANK, N.A.,",1,3,0
133,What company is the Administrative Agent and Collateral Agent but not the agency in the agreement?,"CITIBANK, N.A.,",1,3,0
133,What company is the Administrative Agent and Collateral Agent but not the rating agency in the agreement?,"CITIBANK, N.A.,",1,3,0
133,What company is the Administrative Agent and Collateral Agent but not the Lender in the agreement?,"CITIBANK, N.A.,",1,3,0
133,What company is the Administrative Agent and L%2FC Issuer but not the Borrower in the agreement?,"CITIBANK, N.A.,",1,3,0
133,What company is the Administrative Agent and L%2FC Issuer but not the Syndication Agent in the agreement?,"CITIBANK, N.A.,",1,3,0
133,What company is the Administrative Agent and L%2FC Issuer but not the Agent in the agreement?,"CITIBANK, N.A.,",1,3,0
133,What company is the Administrative Agent and L%2FC Issuer but not the agency in the agreement?,"CITIBANK, N.A.,",1,3,0
133,What company is the Administrative Agent and L%2FC Issuer but not the rating agency in the agreement?,"CITIBANK, N.A.,",1,3,0
133,What company is the Administrative Agent and L%2FC Issuer but not the Lender in the agreement?,"CITIBANK, N.A.,",1,3,0
133,What company is the Arranger and Book Runner but not the Collateral Agent in the agreement?,Citibank,1,3,0
133,What company is the Arranger and Book Runner but not the L%2FC Issuer in the agreement?,Citibank,1,3,0
133,What company is the Arranger and Collateral Agent but not the Borrower in the agreement?,"CITIBANK, N.A.,",1,3,0
133,What company is the Arranger and Collateral Agent but not the Syndication Agent in the agreement?,"CITIBANK, N.A.,",1,3,0
133,What company is the Arranger and Collateral Agent but not the Agent in the agreement?,"CITIBANK, N.A.,",1,3,0
133,What company is the Arranger and Collateral Agent but not the agency in the agreement?,"CITIBANK, N.A.,",1,3,0
133,What company is the Arranger and Collateral Agent but not the rating agency in the agreement?,"CITIBANK, N.A.,",1,3,0
133,What company is the Arranger and Collateral Agent but not the Lender in the agreement?,"CITIBANK, N.A.,",1,3,0
133,What company is the Arranger and L%2FC Issuer but not the Borrower in the agreement?,"CITIBANK, N.A.,",1,3,0
133,What company is the Arranger and L%2FC Issuer but not the Syndication Agent in the agreement?,"CITIBANK, N.A.,",1,3,0
133,What company is the Arranger and L%2FC Issuer but not the Agent in the agreement?,"CITIBANK, N.A.,",1,3,0
133,What company is the Arranger and L%2FC Issuer but not the agency in the agreement?,"CITIBANK, N.A.,",1,3,0
133,What company is the Arranger and L%2FC Issuer but not the rating agency in the agreement?,"CITIBANK, N.A.,",1,3,0
133,What company is the Arranger and L%2FC Issuer but not the Lender in the agreement?,"CITIBANK, N.A.,",1,3,0
133,What company is the Book Runner and Collateral Agent but not the Borrower in the agreement?,"CITIBANK, N.A.,",1,3,0
133,What company is the Book Runner and Collateral Agent but not the Syndication Agent in the agreement?,"CITIBANK, N.A.,",1,3,0
133,What company is the Book Runner and Collateral Agent but not the Agent in the agreement?,"CITIBANK, N.A.,",1,3,0
133,What company is the Book Runner and Collateral Agent but not the agency in the agreement?,"CITIBANK, N.A.,",1,3,0
133,What company is the Book Runner and Collateral Agent but not the rating agency in the agreement?,"CITIBANK, N.A.,",1,3,0
133,What company is the Book Runner and Collateral Agent but not the Lender in the agreement?,"CITIBANK, N.A.,",1,3,0
133,What company is the Book Runner and L%2FC Issuer but not the Borrower in the agreement?,"CITIBANK, N.A.,",1,3,0
133,What company is the Book Runner and L%2FC Issuer but not the Syndication Agent in the agreement?,"CITIBANK, N.A.,",1,3,0
133,What company is the Book Runner and L%2FC Issuer but not the Agent in the agreement?,"CITIBANK, N.A.,",1,3,0
133,What company is the Book Runner and L%2FC Issuer but not the agency in the agreement?,"CITIBANK, N.A.,",1,3,0
133,What company is the Book Runner and L%2FC Issuer but not the rating agency in the agreement?,"CITIBANK, N.A.,",1,3,0
133,What company is the Book Runner and L%2FC Issuer but not the Lender in the agreement?,"CITIBANK, N.A.,",1,3,0
133,What company is the Collateral Agent and L%2FC Issuer but not the Borrower in the agreement?,"CITIBANK, N.A.,",1,3,0
133,What company is the Collateral Agent and L%2FC Issuer but not the Syndication Agent in the agreement?,"CITIBANK, N.A.,",1,3,0
133,What company is the Collateral Agent and L%2FC Issuer but not the Agent in the agreement?,"CITIBANK, N.A.,",1,3,0
133,What company is the Collateral Agent and L%2FC Issuer but not the agency in the agreement?,"CITIBANK, N.A.,",1,3,0
133,What company is the Collateral Agent and L%2FC Issuer but not the rating agency in the agreement?,"CITIBANK, N.A.,",1,3,0
133,What company is the Collateral Agent and L%2FC Issuer but not the Lender in the agreement?,"CITIBANK, N.A.,",1,3,0
133,What company is the agency and rating agency but not the Lender in the agreement?,Standard %26 Poor%C2%92s Financial Services LLC,1,3,0
133,What company is the Arranger but not the Collateral Agent or Administrative Agent in the agreement?,Citibank,1,3,0
133,What company is the Arranger but not the Collateral Agent or Borrower in the agreement?,Citibank,1,3,0
133,What company is the Arranger but not the Collateral Agent or Syndication Agent in the agreement?,Citibank,1,3,0
133,What company is the Arranger but not the Collateral Agent or Agent in the agreement?,Citibank,1,3,0
133,What company is the Arranger but not the Collateral Agent or agency in the agreement?,Citibank,1,3,0
133,What company is the Arranger but not the Collateral Agent or rating agency in the agreement?,Citibank,1,3,0
133,What company is the Arranger but not the Collateral Agent or Lender in the agreement?,Citibank,1,3,0
133,What company is the Arranger but not the Administrative Agent or Borrower in the agreement?,Citibank,1,3,0
133,What company is the Arranger but not the Administrative Agent or Syndication Agent in the agreement?,Citibank,1,3,0
133,What company is the Arranger but not the Administrative Agent or Agent in the agreement?,Citibank,1,3,0
133,What company is the Arranger but not the Administrative Agent or agency in the agreement?,Citibank,1,3,0
133,What company is the Arranger but not the Administrative Agent or rating agency in the agreement?,Citibank,1,3,0
133,What company is the Arranger but not the Administrative Agent or Lender in the agreement?,Citibank,1,3,0
133,What company is the Book Runner but not the Collateral Agent or Administrative Agent in the agreement?,Citibank,1,3,0
133,What company is the Book Runner but not the Collateral Agent or Borrower in the agreement?,Citibank,1,3,0
133,What company is the Book Runner but not the Collateral Agent or Syndication Agent in the agreement?,Citibank,1,3,0
133,What company is the Book Runner but not the Collateral Agent or Agent in the agreement?,Citibank,1,3,0
133,What company is the Book Runner but not the Collateral Agent or agency in the agreement?,Citibank,1,3,0
133,What company is the Book Runner but not the Collateral Agent or rating agency in the agreement?,Citibank,1,3,0
133,What company is the Book Runner but not the Collateral Agent or Lender in the agreement?,Citibank,1,3,0
133,What company is the Book Runner but not the Administrative Agent or Borrower in the agreement?,Citibank,1,3,0
133,What company is the Book Runner but not the Administrative Agent or Syndication Agent in the agreement?,Citibank,1,3,0
133,What company is the Book Runner but not the Administrative Agent or Agent in the agreement?,Citibank,1,3,0
133,What company is the Book Runner but not the Administrative Agent or agency in the agreement?,Citibank,1,3,0
133,What company is the Book Runner but not the Administrative Agent or rating agency in the agreement?,Citibank,1,3,0
133,What company is the Book Runner but not the Administrative Agent or Lender in the agreement?,Citibank,1,3,0
133,What company is the Agent but not the agency or Lender in the agreement?,"MERRILL LYNCH, PIERCE,FENNER %26 SMITH,",1,3,0
133,What company is the Agent but not the rating agency or Lender in the agreement?,"MERRILL LYNCH, PIERCE,FENNER %26 SMITH,",1,3,0
133,Who is the SVP of the company which is both the Lender and the Agent in the agreement?,William Allen,3,1,0
127,"What roles does BANK OF AMERICA, N.A. have in the agreement which are not the roles of MORGAN STANLEY BANK, N.A.?","L%2FC Issuer, LENDERS",1,2,1
127,"What roles does BANK OF AMERICA, N.A. have in the agreement which are not the roles of U.S. BANK NATIONAL ASSOCIATION?","L%2FC Issuer, LENDERS",1,2,1
127,"What roles does BANK OF AMERICA, N.A. have in the agreement which are not the roles of DEUTSCHE BANK AG?","L%2FC Issuer, LENDERS",1,2,1
127,"What roles does BANK OF AMERICA, N.A. have in the agreement which are not the roles of CITIBANK, N.A.?","L%2FC Issuer, LENDERS",1,2,1
127,"What roles does BANK OF AMERICA, N.A. have in the agreement which are not the roles of MIZUHO BANK?","L%2FC Issuer, LENDERS",1,2,1
127,"What roles does BANK OF AMERICA, N.A. have in the agreement which are not the roles of GOLDMAN SACHS BANK?","L%2FC Issuer, LENDERS",1,2,1
127,What companies are the Lender but not the Agents in the agreement?,"BANK OF AMERICA, N.A., BANK OF CHINA, NEW YORK BRANCH, JPMORGAN CHASE BANK, N.A, WELLS FARGO BANK, NATIONAL ASSOCIATION",1,2,1
127,What company is the Lender and L%2FC Issuer but not the Arranger in the agreement?,"BANK OF AMERICA, N.A.",1,3,0
127,What company is the Lender and L%2FC Issuer but not the Bookrunner in the agreement?,"BANK OF AMERICA, N.A.",1,3,0
127,What company is the Lender and L%2FC Issuer but not the arranger in the agreement?,"BANK OF AMERICA, N.A.",1,3,0
127,What company is the Lender and L%2FC Issuer but not the lead arranger in the agreement?,"BANK OF AMERICA, N.A.",1,3,0
127,What company is the Lender and L%2FC Issuer but not the bookrunner in the agreement?,"BANK OF AMERICA, N.A.",1,3,0
127,What company is the Lender and L%2FC Issuer but not the lead bookrunner in the agreement?,"BANK OF AMERICA, N.A.",1,3,0
127,What company is the Lender and L%2FC Issuer but not the Agents in the agreement?,"BANK OF AMERICA, N.A.",1,3,0
127,What company is the Lender and L%2FC Issuer but not the AGENT in the agreement?,"BANK OF AMERICA, N.A.",1,3,0
127,What company is the Lender and L%2FC Issuer but not the BORROWER in the agreement?,"BANK OF AMERICA, N.A.",1,3,0
127,What company is the Lender and LENDERS but not the Arranger in the agreement?,"BANK OF AMERICA, N.A.",1,3,0
127,What company is the Lender and LENDERS but not the Bookrunner in the agreement?,"BANK OF AMERICA, N.A.",1,3,0
127,What company is the Lender and LENDERS but not the arranger in the agreement?,"BANK OF AMERICA, N.A.",1,3,0
127,What company is the Lender and LENDERS but not the lead arranger in the agreement?,"BANK OF AMERICA, N.A.",1,3,0
127,What company is the Lender and LENDERS but not the bookrunner in the agreement?,"BANK OF AMERICA, N.A.",1,3,0
127,What company is the Lender and LENDERS but not the lead bookrunner in the agreement?,"BANK OF AMERICA, N.A.",1,3,0
127,What company is the Lender and LENDERS but not the Agents in the agreement?,"BANK OF AMERICA, N.A.",1,3,0
127,What company is the Lender and LENDERS but not the AGENT in the agreement?,"BANK OF AMERICA, N.A.",1,3,0
127,What company is the Lender and LENDERS but not the BORROWER in the agreement?,"BANK OF AMERICA, N.A.",1,3,0
127,What company is the L%2FC Issuer and LENDERS but not the Arranger in the agreement?,"BANK OF AMERICA, N.A.",1,3,0
127,What company is the L%2FC Issuer and LENDERS but not the Bookrunner in the agreement?,"BANK OF AMERICA, N.A.",1,3,0
127,What company is the L%2FC Issuer and LENDERS but not the arranger in the agreement?,"BANK OF AMERICA, N.A.",1,3,0
127,What company is the L%2FC Issuer and LENDERS but not the lead arranger in the agreement?,"BANK OF AMERICA, N.A.",1,3,0
127,What company is the L%2FC Issuer and LENDERS but not the bookrunner in the agreement?,"BANK OF AMERICA, N.A.",1,3,0
127,What company is the L%2FC Issuer and LENDERS but not the lead bookrunner in the agreement?,"BANK OF AMERICA, N.A.",1,3,0
127,What company is the L%2FC Issuer and LENDERS but not the Agents in the agreement?,"BANK OF AMERICA, N.A.",1,3,0
127,What company is the L%2FC Issuer and LENDERS but not the AGENT in the agreement?,"BANK OF AMERICA, N.A.",1,3,0
127,What company is the L%2FC Issuer and LENDERS but not the BORROWER in the agreement?,"BANK OF AMERICA, N.A.",1,3,0
127,What company is the Arranger and Bookrunner but not the arranger in the agreement?,"BOFA SECURITIES, INC.",1,3,0
127,What company is the Arranger and Bookrunner but not the lead arranger in the agreement?,"BOFA SECURITIES, INC.",1,3,0
127,What company is the Arranger and Bookrunner but not the bookrunner in the agreement?,"BOFA SECURITIES, INC.",1,3,0
127,What company is the Arranger and Bookrunner but not the lead bookrunner in the agreement?,"BOFA SECURITIES, INC.",1,3,0
127,What company is the Arranger and Bookrunner but not the Agents in the agreement?,"BOFA SECURITIES, INC.",1,3,0
127,What company is the Arranger and Bookrunner but not the AGENT in the agreement?,"BOFA SECURITIES, INC.",1,3,0
127,What company is the Arranger and Bookrunner but not the BORROWER in the agreement?,"BOFA SECURITIES, INC.",1,3,0
127,What company is the arranger and lead arranger but not the Agents in the agreement?,BofA Securities,1,3,0
127,What company is the arranger and lead arranger but not the AGENT in the agreement?,BofA Securities,1,3,0
127,What company is the arranger and lead arranger but not the BORROWER in the agreement?,BofA Securities,1,3,0
127,What company is the arranger and bookrunner but not the Agents in the agreement?,BofA Securities,1,3,0
127,What company is the arranger and bookrunner but not the AGENT in the agreement?,BofA Securities,1,3,0
127,What company is the arranger and bookrunner but not the BORROWER in the agreement?,BofA Securities,1,3,0
127,What company is the arranger and lead bookrunner but not the Agents in the agreement?,BofA Securities,1,3,0
127,What company is the arranger and lead bookrunner but not the AGENT in the agreement?,BofA Securities,1,3,0
127,What company is the arranger and lead bookrunner but not the BORROWER in the agreement?,BofA Securities,1,3,0
127,What company is the lead arranger and bookrunner but not the Agents in the agreement?,BofA Securities,1,3,0
127,What company is the lead arranger and bookrunner but not the AGENT in the agreement?,BofA Securities,1,3,0
127,What company is the lead arranger and bookrunner but not the BORROWER in the agreement?,BofA Securities,1,3,0
127,What company is the lead arranger and lead bookrunner but not the Agents in the agreement?,BofA Securities,1,3,0
127,What company is the lead arranger and lead bookrunner but not the AGENT in the agreement?,BofA Securities,1,3,0
127,What company is the lead arranger and lead bookrunner but not the BORROWER in the agreement?,BofA Securities,1,3,0
127,What company is the bookrunner and lead bookrunner but not the Agents in the agreement?,BofA Securities,1,3,0
127,What company is the bookrunner and lead bookrunner but not the AGENT in the agreement?,BofA Securities,1,3,0
127,What company is the bookrunner and lead bookrunner but not the BORROWER in the agreement?,BofA Securities,1,3,0
127,Who are the Directors of the company associated with NEW YORK?,"Annie Chung, Darren Merten, Ming K. Chu, Teddy Koch",3,0,1
127,Who are the Authorized Signatorys of the company associated with USA?,"Annie Carr, Julie Lilienfeld",3,0,1
127,Who is the Executive Director of the company which is both the Agents and the Lender in the agreement?,Tracy Rahn,3,1,0
127,Who is both the Treasurer and Vice President of the company which is the BORROWER in the agreement?,Michael Dambach,3,1,0
32,What roles does BARCLAYS BANK PLC have in the agreement which are not the roles of J.P. MORGAN SECURITIES LLC?,"Agent, Arranger, Bookrunner, Lender",1,2,1
32,What roles does BARCLAYS BANK PLC have in the agreement which are not the roles of RBC CAPITAL MARKETS?,"Agent, Agents, Arranger, Bookrunner, Lender",1,2,1
32,"What roles does BARCLAYS BANK PLC have in the agreement which are not the roles of J.P. MORGAN SECURITIES LLC,?","Agents, Arrangers, Bookrunners, Lender",1,2,1
32,What roles does BARCLAYS BANK PLC have in the agreement which are not the roles of HSBC BANK CANADA?,"Agent, Agents",1,2,1
32,What roles does BARCLAYS BANK PLC have in the agreement which are not the roles of ROYAL BANK OF CANADA?,"Arrangers, Bookrunner, Bookrunners",1,2,1
32,What roles does J.P. MORGAN SECURITIES LLC have in the agreement which are not the roles of ROYAL BANK OF CANADA?,"Arrangers, Bookrunners",1,2,1
32,What roles does UBS SECURITIES LLC have in the agreement which are not the roles of HSBC BANK CANADA?,"Agent, Agents",1,2,1
32,What roles does UBS SECURITIES LLC have in the agreement which are not the roles of ROYAL BANK OF CANADA?,"Arrangers, Bookrunner, Bookrunners",1,2,1
32,What roles does HSBC BANK CANADA have in the agreement which are not the roles of ROYAL BANK OF CANADA?,"Arrangers, Bank, Bookrunner, Bookrunners",1,2,1
32,What companies are the Agent but not the Agents in the agreement?,"HSBC BANK PLC, HSBC Bank plc, HSBC CORPORATE TRUSTEE COMPANY %28UK%29 LIMITED, J.P. MORGAN SECURITIES LLC,",1,2,1
32,What companies are the Agent but not the Arranger in the agreement?,"HSBC BANK PLC, HSBC Bank plc, HSBC CORPORATE TRUSTEE COMPANY %28UK%29 LIMITED",1,2,1
32,What companies are the Agent but not the Arrangers in the agreement?,"HSBC BANK PLC, HSBC Bank plc, HSBC CORPORATE TRUSTEE COMPANY %28UK%29 LIMITED, J.P. MORGAN SECURITIES LLC,, ROYAL BANK OF CANADA",1,2,1
32,What companies are the Agent but not the Bookrunner in the agreement?,"HSBC BANK PLC, HSBC Bank plc, HSBC CORPORATE TRUSTEE COMPANY %28UK%29 LIMITED, ROYAL BANK OF CANADA",1,2,1
32,What companies are the Agent but not the Bookrunners in the agreement?,"HSBC BANK PLC, HSBC Bank plc, HSBC CORPORATE TRUSTEE COMPANY %28UK%29 LIMITED, J.P. MORGAN SECURITIES LLC,, ROYAL BANK OF CANADA",1,2,1
32,What companies are the Agent but not the Lender in the agreement?,"HSBC BANK PLC, HSBC Bank plc, HSBC CORPORATE TRUSTEE COMPANY %28UK%29 LIMITED, J.P. MORGAN SECURITIES LLC,, UBS SECURITIES LLC",1,2,1
32,What companies are the Agents but not the Bookrunner in the agreement?,"J.P. MORGAN SECURITIES LLC, ROYAL BANK OF CANADA",1,2,1
32,What companies are the Agents but not the Lender in the agreement?,"J.P. MORGAN SECURITIES LLC, UBS SECURITIES LLC",1,2,1
32,What companies are the Arranger but not the Arrangers in the agreement?,"J.P. MORGAN SECURITIES LLC,, ROYAL BANK OF CANADA",1,2,1
32,What companies are the Arranger but not the Bookrunners in the agreement?,"J.P. MORGAN SECURITIES LLC,, ROYAL BANK OF CANADA",1,2,1
32,What companies are the Arranger but not the Lender in the agreement?,"J.P. MORGAN SECURITIES LLC,, UBS SECURITIES LLC",1,2,1
32,What companies are the Arrangers but not the Bookrunner in the agreement?,"J.P. MORGAN SECURITIES LLC, RBC CAPITAL MARKETS",1,2,1
32,What companies are the Arrangers but not the Lender in the agreement?,"J.P. MORGAN SECURITIES LLC, RBC CAPITAL MARKETS, UBS SECURITIES LLC",1,2,1
32,What companies are the Bookrunner but not the Lender in the agreement?,"J.P. MORGAN SECURITIES LLC,, UBS SECURITIES LLC",1,2,1
32,What companies are the Bookrunners but not the Lender in the agreement?,"J.P. MORGAN SECURITIES LLC, RBC CAPITAL MARKETS, UBS SECURITIES LLC",1,2,1
32,What company is the Agent and Agents but not the Arrangers in the agreement?,ROYAL BANK OF CANADA,1,3,0
32,What company is the Agent and Agents but not the Bookrunner in the agreement?,ROYAL BANK OF CANADA,1,3,0
32,What company is the Agent and Agents but not the Bookrunners in the agreement?,ROYAL BANK OF CANADA,1,3,0
32,What company is the Agent and Agents but not the Lender in the agreement?,UBS SECURITIES LLC,1,3,0
32,What company is the Agent and Arranger but not the Bookrunner in the agreement?,ROYAL BANK OF CANADA,1,3,0
32,What company is the Agent and Arrangers but not the Lender in the agreement?,UBS SECURITIES LLC,1,3,0
32,What company is the Agent and Bookrunner but not the Bookrunners in the agreement?,"J.P. MORGAN SECURITIES LLC,",1,3,0
32,What company is the Agent and Bookrunners but not the Lender in the agreement?,UBS SECURITIES LLC,1,3,0
32,What company is the Agents and Arranger but not the Arrangers in the agreement?,ROYAL BANK OF CANADA,1,3,0
32,What company is the Agents and Arranger but not the Bookrunner in the agreement?,ROYAL BANK OF CANADA,1,3,0
32,What company is the Agents and Arranger but not the Bookrunners in the agreement?,ROYAL BANK OF CANADA,1,3,0
32,What company is the Agents and Arranger but not the Lender in the agreement?,UBS SECURITIES LLC,1,3,0
32,What company is the Agents and Arrangers but not the Bookrunner in the agreement?,J.P. MORGAN SECURITIES LLC,1,3,0
32,What company is the Agents and Bookrunner but not the Lender in the agreement?,UBS SECURITIES LLC,1,3,0
32,What company is the Arranger and Arrangers but not the Lender in the agreement?,UBS SECURITIES LLC,1,3,0
32,What company is the Arranger and Bookrunner but not the Bookrunners in the agreement?,"J.P. MORGAN SECURITIES LLC,",1,3,0
32,What company is the Arranger and Bookrunners but not the Lender in the agreement?,UBS SECURITIES LLC,1,3,0
32,What company is the Arrangers and Bookrunner but not the Lender in the agreement?,UBS SECURITIES LLC,1,3,0
32,What company is the Arrangers and Lender but not the Bank in the agreement?,BARCLAYS BANK PLC,1,3,0
32,What company is the Bookrunner and Bookrunners but not the Lender in the agreement?,UBS SECURITIES LLC,1,3,0
32,What company is the Bookrunner and Lender but not the Bank in the agreement?,BARCLAYS BANK PLC,1,3,0
32,What company is the Bookrunners and Lender but not the Bank in the agreement?,BARCLAYS BANK PLC,1,3,0
32,What company is the Arrangers but not the Bookrunner or Agents in the agreement?,RBC CAPITAL MARKETS,1,3,0
32,What company is the Arrangers but not the Arranger or Agents in the agreement?,RBC CAPITAL MARKETS,1,3,0
32,What company is the Arrangers but not the Lender or Agents in the agreement?,RBC CAPITAL MARKETS,1,3,0
32,What company is the Arrangers but not the Agents or Bank in the agreement?,RBC CAPITAL MARKETS,1,3,0
32,What company is the Bookrunner but not the Lender or Bookrunners in the agreement?,"J.P. MORGAN SECURITIES LLC,",1,3,0
32,What company is the Bookrunner but not the Lender or Agents in the agreement?,"J.P. MORGAN SECURITIES LLC,",1,3,0
32,What company is the Bookrunner but not the Bookrunners or Agents in the agreement?,"J.P. MORGAN SECURITIES LLC,",1,3,0
32,What company is the Bookrunner but not the Bookrunners or Lenders in the agreement?,"J.P. MORGAN SECURITIES LLC,",1,3,0
32,What company is the Bookrunner but not the Bookrunners or Borrowers in the agreement?,"J.P. MORGAN SECURITIES LLC,",1,3,0
32,What company is the Bookrunner but not the Bookrunners or Guarantor in the agreement?,"J.P. MORGAN SECURITIES LLC,",1,3,0
32,What company is the Bookrunner but not the Bookrunners or Holdco in the agreement?,"J.P. MORGAN SECURITIES LLC,",1,3,0
32,What company is the Bookrunner but not the Bookrunners or Borrower in the agreement?,"J.P. MORGAN SECURITIES LLC,",1,3,0
32,What company is the Bookrunner but not the Bookrunners or The Company in the agreement?,"J.P. MORGAN SECURITIES LLC,",1,3,0
32,What company is the Bookrunner but not the Bookrunners or Bank in the agreement?,"J.P. MORGAN SECURITIES LLC,",1,3,0
32,What company is the Bookrunner but not the Agents or Bank in the agreement?,"J.P. MORGAN SECURITIES LLC,",1,3,0
32,What company is the Arranger but not the Lender or Bookrunners in the agreement?,"J.P. MORGAN SECURITIES LLC,",1,3,0
32,What company is the Arranger but not the Lender or Agents in the agreement?,"J.P. MORGAN SECURITIES LLC,",1,3,0
32,What company is the Arranger but not the Bookrunners or Agents in the agreement?,"J.P. MORGAN SECURITIES LLC,",1,3,0
32,What company is the Arranger but not the Agents or Bank in the agreement?,"J.P. MORGAN SECURITIES LLC,",1,3,0
32,What company is the Bookrunners but not the Agents or Bank in the agreement?,RBC CAPITAL MARKETS,1,3,0
32,Who are the Assistant Vice President and Vice President Commercial Banking of the company which is the Bank in the agreement?,"Douglas Brandes, Todd Patchell",3,0,1
26,"What roles does BARCLAYS BANK PLC have in the agreement which are not the roles of MORGAN STANLEY SENIOR FUNDING, INC.?","Agents, Lender",1,2,1
26,What roles does BARCLAYS BANK PLC have in the agreement which are not the roles of WELLS FARGO SECURITIES LLC?,"Agents, Lender",1,2,1
26,"What roles does MUFG BANK, LTD. have in the agreement which are not the roles of WELLS FARGO SECURITIES LLC?","Agent, Lender",1,2,1
26,What companies are the Lender but not the Agents in the agreement?,"BANCO BILBAO VIZCAYA ARGENTARIA, BMO HARRIS BANK N.A., BNP Paribas, CREDIT SUISSE AG,, Cayman Islands Brank, City National Bank, Commerzbank AG, Credit Agricole Corporate and Investment Bank, DEUTSCHE BANK, HSBC Bank USA, N.A, MORGAN STANLEY BANK, N.A., MORGAN STANLEY SENIOR FUNDING, INC, MUFG BANK, LTD., Mizuho Bank, Ltd, PNC Bank, National Association, Santander Bank, N.A, Soci%C3%A9t%C3%A9 G%C3%A9n%C3%A9rale, Standard Chartered Bank, Sumitomo Mitsui Banking Corporation, SunTrust Bank, THE BANK OF NEW YORK MELLON, THE BANK OF NOVA SCOTIA, The Northern Trust Company, U.S. Bank National Association, UniCredit Bank AG",1,2,1
26,What companies are the Lender but not the Bookrunners in the agreement?,"BANCO BILBAO VIZCAYA ARGENTARIA, BMO HARRIS BANK N.A., BNP Paribas, CREDIT SUISSE AG,, Cayman Islands Brank, City National Bank, Commerzbank AG, Credit Agricole Corporate and Investment Bank, DEUTSCHE BANK, HSBC Bank USA, N.A, MORGAN STANLEY BANK, N.A., MORGAN STANLEY SENIOR FUNDING, INC, Mizuho Bank, Ltd, PNC Bank, National Association, Santander Bank, N.A, Soci%C3%A9t%C3%A9 G%C3%A9n%C3%A9rale, Standard Chartered Bank, Sumitomo Mitsui Banking Corporation, SunTrust Bank, THE BANK OF NEW YORK MELLON, THE BANK OF NOVA SCOTIA, The Northern Trust Company, U.S. Bank National Association, UniCredit Bank AG, WELLS FARGO BANK, NATIONAL ASSOCIATION",1,2,1
26,What companies are the Lender but not the Lead Arrangers in the agreement?,"BANCO BILBAO VIZCAYA ARGENTARIA, BMO HARRIS BANK N.A., BNP Paribas, CREDIT SUISSE AG,, Cayman Islands Brank, City National Bank, Commerzbank AG, Credit Agricole Corporate and Investment Bank, DEUTSCHE BANK, HSBC Bank USA, N.A, MORGAN STANLEY BANK, N.A., MORGAN STANLEY SENIOR FUNDING, INC, Mizuho Bank, Ltd, PNC Bank, National Association, Santander Bank, N.A, Soci%C3%A9t%C3%A9 G%C3%A9n%C3%A9rale, Standard Chartered Bank, Sumitomo Mitsui Banking Corporation, SunTrust Bank, THE BANK OF NEW YORK MELLON, THE BANK OF NOVA SCOTIA, The Northern Trust Company, U.S. Bank National Association, UniCredit Bank AG, WELLS FARGO BANK, NATIONAL ASSOCIATION",1,2,1
26,What companies are the Lender but not the Agent in the agreement?,"BANCO BILBAO VIZCAYA ARGENTARIA, BARCLAYS BANK PLC, BMO HARRIS BANK N.A., BNP Paribas, CREDIT SUISSE AG,, Cayman Islands Brank, City National Bank, Commerzbank AG, Credit Agricole Corporate and Investment Bank, DEUTSCHE BANK, HSBC Bank USA, N.A, MORGAN STANLEY BANK, N.A., MORGAN STANLEY SENIOR FUNDING, INC, Mizuho Bank, Ltd, PNC Bank, National Association, Santander Bank, N.A, Soci%C3%A9t%C3%A9 G%C3%A9n%C3%A9rale, Standard Chartered Bank, Sumitomo Mitsui Banking Corporation, SunTrust Bank, THE BANK OF NEW YORK MELLON, THE BANK OF NOVA SCOTIA, The Northern Trust Company, U.S. Bank National Association, UniCredit Bank AG, WELLS FARGO BANK, NATIONAL ASSOCIATION",1,2,1
26,What companies are the Bookrunners but not the Agent in the agreement?,"BARCLAYS BANK PLC, CREDIT SUISSE LOAN FUNDING LLC, MIZUHO BANK, LTD., WELLS FARGO SECURITIES LLC",1,2,1
26,What companies are the Lead Arrangers but not the Agent in the agreement?,"BARCLAYS BANK PLC, CREDIT SUISSE LOAN FUNDING LLC, MIZUHO BANK, LTD., WELLS FARGO SECURITIES LLC",1,2,1
26,What company is the Lender and Agents but not the Bookrunners in the agreement?,"WELLS FARGO BANK, NATIONAL ASSOCIATION",1,3,0
26,What company is the Lender and Agents but not the Lead Arrangers in the agreement?,"WELLS FARGO BANK, NATIONAL ASSOCIATION",1,3,0
26,What company is the Lender and Bookrunners but not the Agent in the agreement?,BARCLAYS BANK PLC,1,3,0
26,What company is the Lender and Lead Arrangers but not the Agent in the agreement?,BARCLAYS BANK PLC,1,3,0
26,What company is the Agents but not the Bookrunners or Lead Arrangers in the agreement?,"WELLS FARGO BANK, NATIONAL ASSOCIATION",1,3,0
26,What company is the Agents but not the Bookrunners or LENDERS in the agreement?,"WELLS FARGO BANK, NATIONAL ASSOCIATION",1,3,0
26,What company is the Agents but not the Bookrunners or Agent in the agreement?,"WELLS FARGO BANK, NATIONAL ASSOCIATION",1,3,0
26,What company is the Agents but not the Lead Arrangers or LENDERS in the agreement?,"WELLS FARGO BANK, NATIONAL ASSOCIATION",1,3,0
26,What company is the Agents but not the Lead Arrangers or Agent in the agreement?,"WELLS FARGO BANK, NATIONAL ASSOCIATION",1,3,0
26,Who are both Corporate Secretarys and Treasurers of BRISTOL-MEYERS SQUIBB COMPANY?,"Jeffrey Galik, Katherine Kelly, Katherine.kelly, jeffrey.galik",2,1,1
26,Who are the Vice Presidents of the company associated with NEW YORK?,"Ade Adedeji, Ryan M. Black, Veli-Matti Abohen, Virginia Cosenza, William P. Herold",3,0,1
26,Who are the Corporate Secretarys of the company where Jeffrey Galik is employed?,"Katherine Kelly, Katherine.kelly",3,0,1
26,Who are the Treasurers of the company where Katherine.kelly is employed?,"Jeffrey Galik, jeffrey.galik",3,0,1
26,Who are the Corporate Secretarys of the company where jeffrey.galik is employed?,"Katherine Kelly, Katherine.kelly",3,0,1
26,Who are the Treasurers of the company where Katherine Kelly is employed?,"Jeffrey Galik, jeffrey.galik",3,0,1
26,Who is both the Treasurer and Senior Vice President of the company where Katherine.kelly is employed?,Jeffrey Galik,3,1,0
26,Who is both the Treasurer and Senior Vice President of the company where Katherine Kelly is employed?,Jeffrey Galik,3,1,0
26,Who is both the Treasurer and Senior Vice President of the company where jeffrey.galik is employed?,Jeffrey Galik,3,1,0
