document_number,question,answer,num_hops,num_set_operations,multiple_answer_dimension
17,"What are the roles in the agreement of the company associated with 1310 Point Street, 12th Floor\nBaltimore, MD 21231?","Grantor, Pledgor",2,0,1
102,Who are the Esq.s of PAUL HASTINGS LLP?,"Adam Finerman, Katherine Bell",2,0,1
102,What are the roles in the agreement of the company where Jeffry R. Keyes is employed?,"BORROWER, BORROWERS, Borrower",2,0,1
102,What are the roles in the agreement of the company where Kathy R. Plisko is employed?,"Agent, Arranger, Book Runner, Lender, Runner",2,0,1
102,"What are the roles in the agreement of the company associated with 1048 Industrial Court, Suite E\n \nSuwanee, GA 30024?","ADMINISTRATIVE, BORROWER, BORROWERS, Borrower",2,0,1
102,"What are the roles in the agreement of the company associated with 2450 Colorado Avenue, Suite 3000 West\nSanta Monica, CA 90404?","Administrative, Agent, Arranger, Book Runner, Lender, Runner, Sole Book, Sole Lead",2,0,1
102,Who is the Chief Financial Officer and President of DIGIRAD CORPORATION?,Jeffry R. Keyes,2,1,0
102,Who is the Authorized Signatory of the company which is the Book Runner in the agreement?,Kathy R. Plisko,2,1,0
102,Who is the Authorized Signatory of the company which is the Agent in the agreement?,Kathy R. Plisko,2,1,0
102,Who is the Authorized Signatory of the company which is the Lender in the agreement?,Kathy R. Plisko,2,1,0
102,Who is the Authorized Signatory of the company which is the Runner in the agreement?,Kathy R. Plisko,2,1,0
102,Who is the Authorized Signatory of the company which is the Arranger in the agreement?,Kathy R. Plisko,2,1,0
102,"Who is the Chief Financial Officer of the company associated with 1048 Industrial Court, Suite E Suwanee, GA 30024?",Jeffry R. Keyes,3,0,0
102,"Who is the President of the company associated with 1048 Industrial Court, Suite E Suwanee, GA 30024?",Jeffry R. Keyes,3,0,0
102,"Who is the Authorized Signatory of the company associated with 2450 Colorado Avenue, Suite 3000 WestSanta Monica, CA 90404?",Kathy R. Plisko,3,0,0
116,What are the roles in the agreement of the company where Nicholas Jordan is employed?,"Administrative Agent, Agent, Agent,, Arranger, Lender",2,0,1
116,What are the roles in the agreement of the company where Nick Jordan is employed?,"Administrative Agent, Agent, Agent,, Arranger, Lender",2,0,1
116,What are the roles in the agreement of the company where Erica Knight is employed?,"Administrative Agent, Agent, Agent,, Arranger, Lender",2,0,1
116,"What are the roles in the agreement of the company associated with 120 South LaSalle Street\nChicago, Illinois 60603?","Administrative, Administrative Agent, Agent, Agent,, Arranger, Issuing, Lender",2,0,1
116,"What are the roles in the agreement of the company associated with 70 W. Madison\n\nChicago, Illinois 60602?","Administrative, Administrative Agent, Agent, Agent,, Arranger, Issuing, Lender",2,0,1
116,Who is the Chief Financial Officer of the company which is the The Company in the agreement?,Venugopal Rathi,2,1,0
116,Who is the Managing Director of the company which is the Administrative Agent in the agreement?,Nicholas Jordan,2,1,0
116,Who is the Managing Director of the company which is the Agent in the agreement?,Nicholas Jordan,2,1,0
116,Who is the Managing Director of the company which is the Lender in the agreement?,Nicholas Jordan,2,1,0
116,"Who is the Managing Director of the company which is the Agent, in the agreement?",Nicholas Jordan,2,1,0
116,Who is the Managing Director of the company which is the Arranger in the agreement?,Nicholas Jordan,2,1,0
116,"Who is the Managing Director of the company associated with 120 South LaSalle StreetChicago, Illinois 60603?",Nicholas Jordan,3,0,0
116,"Who is the Managing Director of the company associated with 70 W. MadisonChicago, Illinois 60602?",Nicholas Jordan,3,0,0
116,Who is the CFO of the company where Orit Mizrachi is employed?,Venu Rathi,3,0,0
116,Who is the COO of the company where Venu Rathi is employed?,Orit Mizrachi,3,0,0
116,Who is the Managing Director of the company where Nick Jordan is employed?,Nicholas Jordan,3,0,0
116,Who is the Managing Director of the company where Erica Knight is employed?,Nicholas Jordan,3,0,0
117,What company is the Bookrunner but not the Arranger in the agreement?,"BOFA SECURITIES, INC.",2,1,0
117,"Who are the Senior Vice Presidents of HSBC BANK USA, NATIONAL ASSOCIATION?","Chris Burns, Dawn Mace Moore, Michael Snook",2,0,1
117,What are the roles in the agreement of the company where Lynn Braun is employed?,"Administrative Agent, Agent, Arranger, Bookrunner, Lender",2,0,1
117,"Who is the Chief Financial Officer and Executive Vice President of COLUMBIA SPORTSWEAR COMPANY,?",Jim A. Swanson,2,1,0
117,Who is the Executive Director of the company which is the Administrative Agent in the agreement?,Lynn Braun,2,1,0
103,Who are the Directors of CLAIRE%C2%92S FASHION PROPERTY CORP.?,"Scott Huckins, Stephen Sernett, Stuart Brown",2,0,1
16,What are the roles in the agreement of the company where Christopher A. Arnold is employed?,"Lender, Term Agent",2,0,1
16,Who is the Senior Managing Directo and Senior Managing Director of CRYSTAL FINANCIAL LLC?,Christopher A. Arnold,2,1,0
16,Who is the Chief Executive Officer and President of STANDARD DIVERSIFIED OPPORTUNITIES INC.?,Ian W. Estus,2,1,0
14,Who is the Authorized Person of the company which is the Lender in the agreement?,Todd Dittmann,2,1,0
14,Who is the Chief Financial Officer of the company which is the Borrower in the agreement?,James Harris,2,1,0
28,What are the roles in the agreement of the company associated with 51 New North Road\nExeter EX4 4EP\nUnited Kingdom?,"Agent, Collateral, Lender",2,0,1
28,What are the roles in the agreement of the company associated with 51 New North Road\n 	Exeter EX4 4EP\n 	United Kingdom?,"Agent, Collateral",2,0,1
28,"What are the roles in the agreement of the company associated with One Bryant Park\n 	New York, NY 10036-6745?","Agent, Collateral",2,0,1
28,"What are the roles in the agreement of the company associated with 110 East 59th Street, #3300\n 	New York, NY 10022?","Agent, Collateral",2,0,1
28,"Who is the Chief Executive Officer and President of COLLEGIUM PHARMACEUTICAL, INC.?",Joseph Ciaffoni,2,1,0
28,Who is the Ceo and Managing Member of BIOPHARMA CREDIT INVESTMENTS V %28MASTER%29 LP?,Pedro Gonzalez de Cosio,2,1,0
28,Who is the Ceo and Managing Member of Pharmakon Advisors LP?,Pedro Gonzalez de Cosio,2,1,0
28,Who is the Ceo and Managing Member of PHARMAKON ADVISORS LP?,Pedro Gonzalez de Cosio,2,1,0
28,"Who is the CEO of the company associated with 110 East 59th Street, %233300New York, NY 10022?",Pedro Gonzalez de Cosio,3,0,0
28,"Who is the Managing Member of the company associated with 110 East 59th Street, %233300New York, NY 10022?",Pedro Gonzalez de Cosio,3,0,0
28,"Who is the CEO of the company associated with 110 East 59th Street, %233300 %09New York, NY 10022?",Pedro Gonzalez de Cosio,3,0,0
28,"Who is the Managing Member of the company associated with 110 East 59th Street, %233300 %09New York, NY 10022?",Pedro Gonzalez de Cosio,3,0,0
28,"Who is the CEO of the company associated with Cayman Corporate Centre, 27 Hospital Road,George Town, Grand Cayman KY1-9008?",Pedro Gonzalez de Cosio,3,0,0
28,"Who is the Managing Member of the company associated with Cayman Corporate Centre, 27 Hospital Road,George Town, Grand Cayman KY1-9008?",Pedro Gonzalez de Cosio,3,0,0
129,What are the roles in the agreement of the company where Elizabeth A. Jordan is employed?,"Agent, Issuing Bank",2,0,1
129,Who is the Chief Financial Officer and Secretary of GHM Acquisition Corp.?,Jeffrey Glajch,2,1,0
129,Who is the Authorized Officer of the company which is the Issuing Bank in the agreement?,Elizabeth A. Jordan,2,1,0
129,Who is the Authorized Officer of the company which is the Agent in the agreement?,Elizabeth A. Jordan,2,1,0
115,Who are the Secretarys of POOL CORPORATION?,"Jennifer M. Neil, Melanie Housey Hart",2,0,1
115,"Who is the Chief Legal Officer and Secretary of HORIZON DISTRIBUTORS, INC.?",Jennifer M. Neil,2,1,0
115,"Who is the Chief Legal Officer and Vice President of HORIZON DISTRIBUTORS, INC.?",Jennifer M. Neil,2,1,0
115,"Who is the Secretary and Vice President of HORIZON DISTRIBUTORS, INC.?",Jennifer M. Neil,2,1,0
115,Who is the Assistant Secretary and Chief Accounting Officer of POOL CORPORATION?,Melanie Housey Hart,2,1,0
115,Who is the Assistant Secretary and President of POOL CORPORATION?,Melanie Housey Hart,2,1,0
115,Who is the Assistant Secretary and Treasurer of POOL CORPORATION?,Melanie Housey Hart,2,1,0
115,Who is the Chief Accounting Officer and President of POOL CORPORATION?,Melanie Housey Hart,2,1,0
115,Who is the Chief Accounting Officer and Treasurer of POOL CORPORATION?,Melanie Housey Hart,2,1,0
115,Who is the President and Treasurer of POOL CORPORATION?,Melanie Housey Hart,2,1,0
115,Who is the Chief Legal Officer and Vice President of POOL CORPORATION?,Jennifer M. Neil,2,1,0
115,Who is the Senior Vice President of the company which is the Lender in the agreement?,Adam Rose,2,1,0
115,Who is the Chief Legal Officer of the company where Melanie Housey Hart is employed?,Jennifer M. Neil,3,0,0
115,Who is the Vice President of the company where Melanie Housey Hart is employed?,Jennifer M. Neil,3,0,0
115,Who is the Assistant Secretary of the company where Jennifer M. Neil is employed?,Melanie Housey Hart,3,0,0
115,Who is the Chief Accounting Officer of the company where Jennifer M. Neil is employed?,Melanie Housey Hart,3,0,0
115,Who is the President of the company where Jennifer M. Neil is employed?,Melanie Housey Hart,3,0,0
115,Who is the Treasurer of the company where Jennifer M. Neil is employed?,Melanie Housey Hart,3,0,0
101,What are the roles in the agreement of the company where Stanton M. Nelson is employed?,"BORROWER, Borrower",2,0,1
101,What are the roles in the agreement of the company where Deborah T. Purvin is employed?,"AGENT, Agent, Arranger, L%2FC Issuer, LENDER, Runner",2,0,1
101,Who is the CEO of the company which is the Borrower in the agreement?,Stanton M. Nelson,2,1,0
101,Who is the Senior Vice President of the company which is the Agent in the agreement?,Deborah T. Purvin,2,1,0
101,Who is the Senior Vice President of the company which is the Runner in the agreement?,Deborah T. Purvin,2,1,0
101,Who is the Senior Vice President of the company which is the Arranger in the agreement?,Deborah T. Purvin,2,1,0
101,Who is the Senior Vice President of the company which is the L%2Fc Issuer in the agreement?,Deborah T. Purvin,2,1,0
100,What are the roles in the agreement of the company where Min Park is employed?,"Agent, Lender",2,0,1
100,What are the roles in the agreement of the company where Ray Aguilar is employed?,"Agent, Lender",2,0,1
100,"What are the roles in the agreement of the company associated with 400 Hamilton Ave., Suite 110\n\nPalo Alto, CA 94301?","Administrative, Agent, Co-Documentation, Syndication",2,0,1
100,"Who is the Chief Financial Officer and Executive Vice President of OMNICELL, INC.?",Peter Kuipers,2,1,0
100,"Who is the Vice President%2Frelationship Manager and Vp%2Frelationship Manager of WELLS FARGO BANK, NATIONAL ASSOCIATION?",Ray Aguilar,2,1,0
100,"Who is the Chief Legal And Administrative Officer and Vice President of Omnicell, Inc.?",Dan Johnston,2,1,0
100,"Who is the Esq. of the company associated with 12670 High Bluff DriveSan Diego, California  92103?",Sony Ben-Moshe,3,0,0
100,"Who is the Chief Legal and Administrative Officer of the company associated with 590 E. Middlefield RoadMountain View, CA 94043-4008?",Dan Johnston,3,0,0
100,"Who is the Vice President of the company associated with 590 E. Middlefield RoadMountain View, CA 94043-4008?",Dan Johnston,3,0,0
114,"What are the roles in the agreement of the company associated with ModusLink Corporation\n\n1601 Trapelo Road, Suite 170\n\nWaltham, Massachusetts 02451?","BORROWERS, Borrower",2,0,1
128,"What roles do both BofA Securities, Inc. and JPMorgan Chase Bank, N.A. have in the agreement?","arranger, book manager, book runner, bookrunner, bookrunners, lead arranger",1,1,1
128,Which companies are both the joint lead bookrunner and the joint bookrunners in the agreement?,"BofA Securities, Inc., JPMorgan Chase Bank, N.A.",1,1,1
128,Which companies are both the joint lead bookrunner and the joint lead arranger in the agreement?,"BofA Securities, Inc., JPMorgan Chase Bank, N.A.",1,1,1
128,Which companies are both the joint book runner and the joint lead bookrunner in the agreement?,"BofA Securities, Inc., JPMorgan Chase Bank, N.A.",1,1,1
128,Which companies are both the joint book manager and the joint lead bookrunner in the agreement?,"BofA Securities, Inc., JPMorgan Chase Bank, N.A.",1,1,1
128,Which companies are both the joint lead arranger and the joint bookrunners in the agreement?,"BofA Securities, Inc., JPMorgan Chase Bank, N.A.",1,1,1
128,Which companies are both the joint lead arranger and the joint lead arranger in the agreement?,"BofA Securities, Inc., JPMorgan Chase Bank, N.A.",1,1,1
128,Which companies are both the joint lead arranger and the joint bookrunner in the agreement?,"BofA Securities, Inc., JPMorgan Chase Bank, N.A.",1,1,1
128,Which companies are both the joint lead arranger and the joint book runner in the agreement?,"BofA Securities, Inc., JPMorgan Chase Bank, N.A.",1,1,1
128,Which companies are both the joint lead arranger and the joint book manager in the agreement?,"BofA Securities, Inc., JPMorgan Chase Bank, N.A.",1,1,1
128,What company is the joint lead arranger but not the Agent in the agreement?,"BofA Securities, Inc.",2,1,0
128,What company is the joint bookrunners but not the Agent in the agreement?,"BofA Securities, Inc.",2,1,0
128,"Who are the Vice Presidents of JPMORGAN CHASE BANK, N.A.?","Derek Jensen, Ryan Zimmerman",2,0,1
128,Who are the Directors of Barclays Bank PLC?,"Gill Skala, Leni Preciado, Mario De Luca",2,0,1
128,"What are the roles in the agreement of the company associated with JPMorgan Loan Services, 500 Stanton Christiana Road, NCC5, Floor 1, Newark, DE 19713?","Administrative, Agent, Syndication, joint, joint bookrunners, joint lead, joint lead arranger",2,0,1
128,Who is the Market Manager of the company where Gill Skala is employed?,Leni Preciado,3,0,0
128,Who is the Market Manager of the company where Mario De Luca is employed?,Leni Preciado,3,0,0
29,What are the roles in the agreement of the company where Lisa Christian is employed?,"Agent, administrative agent, administrative agent,, administrative borrower, agent",2,0,1
29,"What are the roles in the agreement of the company associated with 1175 John Street, Rochester, New York 14586?","Borrower, Parent",2,0,1
29,What are the roles in the agreement of the company associated with New York?,"Borrower, Guarantors, Parent",2,0,1
29,"What are the roles in the agreement of the company associated with 911 Panorama Trail South, Rochester, New York 14625?","Borrower, Parent",2,0,1
29,"What are the roles in the agreement of the company associated with 53 State Street, Boston, Massachusetts 02109?","Borrower, Parent",2,0,1
29,"What are the roles in the agreement of the company associated with 6750 Miller Road, Brecksville, Ohio 44141?","Administrative, Agent, administrative, administrative agent",2,0,1
29,"What are the roles in the agreement of the company associated with 6750 Miller Road\n\nBrecksville, Ohio 44141?","Administrative, Agent, administrative, administrative agent",2,0,1
29,"Who is the Chief Financial Officer of the company associated with 911 Panorama Trail South, Rochester, New York 14625?",Efrain Rivera,3,0,0
15,Who are the Executive Directors of UBS AG?,"Jared Randall, Racquel A.C. Small",2,0,1
15,Who is the CEO of the company which is the Borrower in the agreement?,Shawn Matthews,2,1,0
15,What is the address of branch office of the company which is the Lender in the agreement?,UBS AG,3,0,0
15,What is the address of branch office of the company where Jared Randall is employed?,"1285 Avenue of the AmericasNew York, New York 10019",3,0,0
15,What is the address of branch office of the company where Racquel A.C. Small is employed?,"1285 Avenue of the AmericasNew York, New York 10019",3,0,0
39,What are the roles in the agreement of the company where James Foley is employed?,"Agent, Lender",2,0,1
39,What are the roles in the agreement of the company where David B. Thayer is employed?,"Agent, Lender",2,0,1
39,"Who is the Chief%09 %09 %09%09 %09%09 %09Finance Officer and Treasurer of NORTH JACKSON SPECIALTY STEEL,LLC?",Ross C. Wilkin,2,1,0
39,"Who is the Chief%09 %09 %09%09 %09%09 %09Finance Officer and Vice President Of Finance of NORTH JACKSON SPECIALTY STEEL,LLC?",Ross C. Wilkin,2,1,0
39,"Who is the Treasurer and Vice President Of Finance of NORTH JACKSON SPECIALTY STEEL,LLC?",Ross C. Wilkin,2,1,0
11,"Who are the Directors of BANK OF AMERICA, N.A.?","Craig Malloy, Mukesh Singh",2,0,1
11,Who are the Vice Presidents of HONEYWELL INTERNATIONAL INC.?,"Carolyn Kee, John J. Tus, Virginia Cosenza",2,0,1
11,What are the roles in the agreement of the company associated with Director?,"Co-Book Managers, Initial Lender",2,0,1
11,"What are the roles in the agreement of the company associated with Floor 3, Ops 2\n\n500 Stanton Christiana Rd.\n\nNewark, DE 19713?","Administrative Agent, Co-Book Managers, Initial Lender, Joint Lead Arrangers",2,0,1
11,"Who is the Treasurer of the company which is the Borrower, in the agreement?",John J. Tus,2,1,0
11,Who is the Treasurer of the company where Carolyn Kee is employed?,John J. Tus,3,0,0
11,Who is the Treasurer of the company where Virginia Cosenza is employed?,John J. Tus,3,0,0
11,"What is the address of Loan and Agency Services Group, of the company which is the Administrative Agent in the agreement?","JPMORGAN CHASE BANK, N.A",3,0,0
110,What company is the Arrangers but not the Bookrunners in the agreement?,BARCLAYS BANK PLC,2,1,0
110,Who are the Managing Directors of The Huntington National Bank?,"Stephen Hoffman, Yann Pirio",2,0,1
110,"Who are the Vice Presidents of CITIBANK, N.A.?","Michael Zeller, Nathan Starr, Traci Bankston",2,0,1
110,"Who are the Authorized Signatorys of The Toronto-Dominion Bank, New York Branch?","Annie Dorval, Jason S. York, Josh Rosenthal",2,0,1
110,"Who are the Directors of UBS AG, Stamford Branch?","Alan Dawson, Alia Qaddumi, Brendan Heneghan, David L. Berger, Kenneth Chin, Sydney G. Dennis",2,0,1
110,What are the roles in the agreement of the company where Dave Katz is employed?,"Arrangers, Bookrunners",2,0,1
110,What are the roles in the agreement of the company where Donna DeMagistris is employed?,"Agent, Arrangers, Bookrunners",2,0,1
110,Who is the Associate Director of the company where Alia Qaddumi is employed?,Houssem Daly,3,0,0
110,Who is the Associate Director of the company where Brendan Heneghan is employed?,Houssem Daly,3,0,0
110,Who is the Associate Director of the company where Sydney G. Dennis is employed?,Houssem Daly,3,0,0
110,Who is the Associate Director of the company where David L. Berger is employed?,Houssem Daly,3,0,0
110,Who is the Associate Director of the company where Alan Dawson is employed?,Houssem Daly,3,0,0
110,Who is the Associate Director of the company where Kenneth Chin is employed?,Houssem Daly,3,0,0
104,"Who are the Managing Directors of COBANK, ACB?","Diane Emanuel, Ted Koerner",2,0,1
104,"Who are the Directors of WELLS FARGO BANK, NATIONAL ASSOCIATION?","Kyle R. Holtz, Lillian Kim",2,0,1
104,Who are the Vice Presidents of THE HUNTINGTON NATIONAL BANK?,"Jeffrey P. Fisher, John Di Legge, Mark Irey, Michael Vondriska, Robert Kling, Sherlyn Nelson",2,0,1
104,What are the roles in the agreement of the company associated with Ohio?,"GUARANTOR, Material Subsidiaries",2,0,1
104,What are the roles in the agreement of the company associated with Delaware?,"GUARANTOR, Material Subsidiaries",2,0,1
104,What are the roles in the agreement of the company associated with Kansas?,"GUARANTOR, Material Subsidiaries",2,0,1
104,What are the roles in the agreement of the company associated with Texas?,"GUARANTOR, Material Subsidiaries",2,0,1
104,Who is the Treasurer of the company where Andre S. Valentine is employed?,David R. Wiedwald,3,0,0
104,Who is the Chief Financial Officer of the company where David R. Wiedwald is employed?,Andre S. Valentine,3,0,0
138,What company is the Agent but not the Lender in the agreement?,"U.S. BANK, NATIONAL ASSOCIATION",2,1,0
138,Who are the Senior Vice Presidents of CAPITAL ONE NATIONAL ASSOCIATION?,"Frederick H. Denecke, Nicolas Zitelli",2,0,1
138,"Who is the Chief Financial Officer and Chief Financial Officer And Secretary of Rexford Industrial Realty, L.P.?",Adeel Khan,2,1,0
138,"Who is the Chief Financial Officer and Secretary of Rexford Industrial Realty, L.P.?",Adeel Khan,2,1,0
138,"Who is the Chief Financial Officer And Secretary and Secretary of Rexford Industrial Realty, L.P.?",Adeel Khan,2,1,0
139,Who are the Senior Vice Presidents of Crown Castle International Corp.?,"Jay A. Brown, Shivani Agarwal",2,0,1
139,"Who are the Managing Directors of Citizens Bank, N.A?","David Clark, David W. Kee, Tanya Crossley",2,0,1
139,"Who are the Authorized Signatorys of Morgan Stanley Bank, N.A.?","Bertram H. Tang, Savo Bozic, Sheldon Pinto",2,0,1
139,"Who are the Vice Presidents of Morgan Stanley Senior Funding, Inc.?","Eric Ridgway, Lennie Blakeslee, Michael King, Michael Vondriska, Ronnie Glenn",2,0,1
139,"Who are the Directors of Wells Fargo Bank, N.A.?","Cynthia W. Burton, Kestrina Budina, Linda Tam, Ola Anderssen, Peter C. Rogers",2,0,1
139,Who is the Chief Financial Officer and Treasurer of Crown Castle International Corp.?,Jay A. Brown,2,1,0
139,Who is the Chief Financial Officer of the company where Shivani Agarwal is employed?,Jay A. Brown,3,0,0
139,Who is the Treasurer of the company where Shivani Agarwal is employed?,Jay A. Brown,3,0,0
139,Who is the Authorized Signatory of the company where Michael Vondriska is employed?,Michael King,3,0,0
139,Who is the Authorized Signatory of the company where Eric Ridgway is employed?,Michael King,3,0,0
139,Who is the Authorized Signatory of the company where Lennie Blakeslee is employed?,Michael King,3,0,0
139,Who is the Authorized Signatory of the company where Ronnie Glenn is employed?,Michael King,3,0,0
105,Who is the Director of the company which is the Lender in the agreement?,Xu Peixin,2,1,0
111,"What role does NATIONAL AUSTRALIA BANK LIMITED have in the agreement which is not the role of SUNTRUST ROBINSON HUMPHREY, INC.?",Lender,2,1,0
111,"What role does NATIONAL AUSTRALIA BANK LIMITED have in the agreement which is not the role of WELLS FARGO SECURITIES, LLC?",Lender,2,1,0
111,What company is the Guarantor but not the Guarantors in the agreement?,KENMARE HOLDINGS LTD,2,1,0
111,What company is the Agent but not the Administrative Agent in the agreement?,SUNTRUST BANK,2,1,0
111,Who are the Chief Financial Officers of ENSTAR %28US%29 INC?,"Guy Bowker, Jennifer Miu",2,0,1
111,Who are the Directors of THE BANK OF NOVA SCOTIA?,"Bill Seabrook, Clive Paul Thomas, Doug Kennedy, Duncan Scott, Kevin Chan",2,0,1
111,What are the roles in the agreement of the company where William R. Goley is employed?,"Administrative Agent, Agent, Lender",2,0,1
111,Who is the Head of Corporate Banking of the company where Louise Twiss West is employed?,Neville Grant,3,0,0
111,Who is the Head of Financial Institutions Group of the company where Neville Grant is employed?,Louise Twiss West,3,0,0
10,"Who are the Vice Presidents of JPMorgan Chase Bank, N.A.,?","Kenise Henry Larmond, Michael King, Shane M. Leary",2,0,1
10,What are the roles in the agreement of the company where Alex Figueroa is employed?,"Administrative Agent, Issuing Bank",2,0,1
10,What are the roles in the agreement of the company where Susan Khokher is employed?,"Administrative Agent, Issuing Bank",2,0,1
10,"What are the roles in the agreement of the company associated with 200 Vesey Street\n\nNew York, New York 10281?","Issuing Bank, Lender",2,0,1
10,"Who is the Chief Financial Officer and Treasuruer of VICTORY CAPITAL HOLDINGS, INC.,?",Terence F. Sullivan,2,1,0
10,"Who is the Authorized Signatory of the company associated with 200 Vesey StreetNew York, New York 10281?",Alex Figueroa,3,0,0
10,"Who is the Chief Financial Officer of the company associated with 4900 Tiedeman Road 4th FloorBrooklyn, OH 44144?",Terence F. Sullivan,3,0,0
10,"Who is the Treasuruer of the company associated with 4900 Tiedeman Road 4th FloorBrooklyn, OH 44144?",Terence F. Sullivan,3,0,0
10,"Who is the Manager, Agency of the company associated with Royal Bank Plaza, 200 Bay Street,12th Floor South TowerToronto, Ontario M5J 2W7Canada?",Susan Khokher,3,0,0
10,"Who is the Manager, Agency of the company where Alex Figueroa is employed?",Susan Khokher,3,0,0
10,Who is the Authorized Signatory of the company where Susan Khokher is employed?,Alex Figueroa,3,0,0
38,What roles do both Citigroup Global Markets Inc. and J.P. Morgan Securities LLC have in the agreement?,"arranger, book manager, book runner, bookrunner, bookrunners, lead arranger",1,1,1
38,"What roles do both Citigroup Global Markets Inc. and Merrill Lynch, Pierce, Fenner %26 Smith Incorporated have in the agreement?","arranger, book manager, book runner, bookrunner, bookrunners, lead arranger",1,1,1
38,"What roles do both Citigroup Global Markets Inc. and Mizuho Bank, Ltd. have in the agreement?","arranger, book manager, book runner, bookrunner, bookrunners, lead arranger",1,1,1
38,"What roles do both Citigroup Global Markets Inc. and The Bank of Tokyo-Mitsubishi UFJ, Ltd. have in the agreement?","arranger, book manager, book runner, bookrunner, bookrunners, lead arranger",1,1,1
38,What roles do both Citigroup Global Markets Inc. and Wells Fargo Securities LLC have in the agreement?,"arranger, book manager, book runner, bookrunner, bookrunners, lead arranger",1,1,1
38,"What roles do both J.P. Morgan Securities LLC and Merrill Lynch, Pierce, Fenner %26 Smith Incorporated have in the agreement?","arranger, book manager, book runner, bookrunner, bookrunners, lead arranger",1,1,1
38,"What roles do both J.P. Morgan Securities LLC and Mizuho Bank, Ltd. have in the agreement?","arranger, book manager, book runner, bookrunner, bookrunners, lead arranger",1,1,1
38,"What roles do both J.P. Morgan Securities LLC and The Bank of Tokyo-Mitsubishi UFJ, Ltd. have in the agreement?","arranger, book manager, book runner, bookrunner, bookrunners, lead arranger",1,1,1
38,What roles do both J.P. Morgan Securities LLC and Wells Fargo Securities LLC have in the agreement?,"arranger, book manager, book runner, bookrunner, bookrunners, lead arranger",1,1,1
38,"What roles do both Merrill Lynch, Pierce, Fenner %26 Smith Incorporated and Mizuho Bank, Ltd. have in the agreement?","arranger, book manager, book runner, bookrunner, bookrunners, lead arranger",1,1,1
38,"What roles do both Merrill Lynch, Pierce, Fenner %26 Smith Incorporated and The Bank of Tokyo-Mitsubishi UFJ, Ltd. have in the agreement?","arranger, book manager, book runner, bookrunner, bookrunners, lead arranger",1,1,1
38,"What roles do both Merrill Lynch, Pierce, Fenner %26 Smith Incorporated and Wells Fargo Securities LLC have in the agreement?","arranger, book manager, book runner, bookrunner, bookrunners, lead arranger",1,1,1
38,"What roles do both Mizuho Bank, Ltd. and The Bank of Tokyo-Mitsubishi UFJ, Ltd. have in the agreement?","arranger, book manager, book runner, bookrunner, bookrunners, lead arranger",1,1,1
38,"What roles do both Mizuho Bank, Ltd. and Wells Fargo Securities LLC have in the agreement?","arranger, book manager, book runner, bookrunner, bookrunners, lead arranger",1,1,1
38,"What roles do both The Bank of Tokyo-Mitsubishi UFJ, Ltd. and Wells Fargo Securities LLC have in the agreement?","arranger, book manager, book runner, bookrunner, bookrunners, lead arranger",1,1,1
38,Which companies are both the joint lead bookrunner and the joint bookrunners in the agreement?,"Citigroup Global Markets Inc., J.P. Morgan Securities LLC, Merrill Lynch, Pierce, Fenner %26 Smith Incorporated, Mizuho Bank, Ltd., The Bank of Tokyo-Mitsubishi UFJ, Ltd., Wells Fargo Securities LLC",1,1,1
38,Which companies are both the joint lead bookrunner and the joint lead arranger in the agreement?,"Citigroup Global Markets Inc., J.P. Morgan Securities LLC, Merrill Lynch, Pierce, Fenner %26 Smith Incorporated, Mizuho Bank, Ltd., The Bank of Tokyo-Mitsubishi UFJ, Ltd., Wells Fargo Securities LLC",1,1,1
38,Which companies are both the joint book runner and the joint lead bookrunner in the agreement?,"Citigroup Global Markets Inc., J.P. Morgan Securities LLC, Merrill Lynch, Pierce, Fenner %26 Smith Incorporated, Mizuho Bank, Ltd., The Bank of Tokyo-Mitsubishi UFJ, Ltd., Wells Fargo Securities LLC",1,1,1
38,Which companies are both the joint book manager and the joint lead bookrunner in the agreement?,"Citigroup Global Markets Inc., J.P. Morgan Securities LLC, Merrill Lynch, Pierce, Fenner %26 Smith Incorporated, Mizuho Bank, Ltd., The Bank of Tokyo-Mitsubishi UFJ, Ltd., Wells Fargo Securities LLC",1,1,1
38,Which companies are both the joint lead arranger and the joint bookrunners in the agreement?,"Citigroup Global Markets Inc., J.P. Morgan Securities LLC, Merrill Lynch, Pierce, Fenner %26 Smith Incorporated, Mizuho Bank, Ltd., The Bank of Tokyo-Mitsubishi UFJ, Ltd., Wells Fargo Securities LLC",1,1,1
38,Which companies are both the joint lead arranger and the joint lead arranger in the agreement?,"Citigroup Global Markets Inc., J.P. Morgan Securities LLC, Merrill Lynch, Pierce, Fenner %26 Smith Incorporated, Mizuho Bank, Ltd., The Bank of Tokyo-Mitsubishi UFJ, Ltd., Wells Fargo Securities LLC",1,1,1
38,Which companies are both the joint lead arranger and the joint bookrunner in the agreement?,"Citigroup Global Markets Inc., J.P. Morgan Securities LLC, Merrill Lynch, Pierce, Fenner %26 Smith Incorporated, Mizuho Bank, Ltd., The Bank of Tokyo-Mitsubishi UFJ, Ltd., Wells Fargo Securities LLC",1,1,1
38,Which companies are both the joint lead arranger and the joint book runner in the agreement?,"Citigroup Global Markets Inc., J.P. Morgan Securities LLC, Merrill Lynch, Pierce, Fenner %26 Smith Incorporated, Mizuho Bank, Ltd., The Bank of Tokyo-Mitsubishi UFJ, Ltd., Wells Fargo Securities LLC",1,1,1
38,Which companies are both the joint lead arranger and the joint book manager in the agreement?,"Citigroup Global Markets Inc., J.P. Morgan Securities LLC, Merrill Lynch, Pierce, Fenner %26 Smith Incorporated, Mizuho Bank, Ltd., The Bank of Tokyo-Mitsubishi UFJ, Ltd., Wells Fargo Securities LLC",1,1,1
38,Who are the Managing Directors of SUMITOMO MITSUI BANKING CORPORATION?,"David Kee, Dennis Petito, Michael Willis, Ross Levitsky",2,0,1
38,"Who are the Authorized Signatorys of Morgan Stanley Bank, N.A.?","Donna DeMagistris, Michael King, Nupur Kumar, Rebecca Kratz, Stefan Dickenmann",2,0,1
38,Who are the Directors of UBS AG?,"Diego Medina, J. Frazell, Kenneth Chin, Sherwin Brandford, Sriram Chandrasekaran",2,0,1
38,Who are the Vice Presidents of THE BANK OF NEW YORK MELLON?,"Hussam S. Alsahlani, Jamie Grubb, Kenneth Phelan, Maureen Maroney, Ming K. Chu, Vanessa Kurbatskiy",2,0,1
38,What are the roles in the agreement of the company where Dave Katz is employed?,"Agent, Lender",2,0,1
38,"Who is the Finance and Senior Vice President of ANADARKO PETROLEUM CORPORATION,?",Albert L. Richey,2,1,0
38,"Who is the Finance and Treasurer of ANADARKO PETROLEUM CORPORATION,?",Albert L. Richey,2,1,0
38,"Who is the Senior Vice President and Treasurer of ANADARKO PETROLEUM CORPORATION,?",Albert L. Richey,2,1,0
38,Who is the Executive Director of the company which is the Agent in the agreement?,Dave Katz,2,1,0
38,Who is the Associate Director of the company where Diego Medina is employed?,Houssem Daly,3,0,0
38,Who is the Associate Director of the company where Sherwin Brandford is employed?,Houssem Daly,3,0,0
38,Who is the Associate Director of the company where J. Frazell is employed?,Houssem Daly,3,0,0
38,Who is the Associate Director of the company where Sriram Chandrasekaran is employed?,Houssem Daly,3,0,0
38,Who is the Associate Director of the company where Kenneth Chin is employed?,Houssem Daly,3,0,0
12,"Who are the Authorized Signatorys of THE TORONTO-DOMINION BANK, NEW YORK BRANCH,?","Linh Dang, Tracy Rahn",2,0,1
12,"Who are the Directors of UNICREDIT BANK AG, NEW YORK BRANCH,?","J. Casey Cosgrove, Jack Lonker, Thilo Huber",2,0,1
12,"Who are the Managing Directors of UNICREDIT BANK AG, NEW YORK BRANCH,?","Luca Balestra, Thomas Foley",2,0,1
12,"Who are the Vice President, Global Treasurys of WALGREENS BOOTS ALLIANCE, INC.?","Gr%C3%A1inne Kelly, John Devlin",2,0,1
12,"What are the roles in the agreement of the company associated with Mizuho Bank, Ltd.\n\nHarborside Financial Ctr\n\n1800 Plaza Ten\n\nJersey City, NJ 07311?","Administrative Agent, Lender",2,0,1
12,"Who is the Global Treasurer and Senior Vice President of WALGREENS BOOTS ALLIANCE, INC.?",Aidan Clare,2,1,0
12,"Who is the Executive Vice President and General Counsel of WALGREENS BOOTS ALLIANCE, INC.?",Marco Pagni%3B,2,1,0
12,"Who is the Executive Vice President and Global Chief Administrative Officer of WALGREENS BOOTS ALLIANCE, INC.?",Marco Pagni%3B,2,1,0
12,"Who is the General Counsel and Global Chief Administrative Officer of WALGREENS BOOTS ALLIANCE, INC.?",Marco Pagni%3B,2,1,0
12,"Who is the Global Treasurer of the company associated with 108 Wilmot RoadDeerfield, IL 60015?",Aidan Clare,3,0,0
12,"Who is the Senior Vice President of the company associated with 108 Wilmot RoadDeerfield, IL 60015?",Aidan Clare,3,0,0
12,"Who is the Executive Vice President, of the company associated with 108 Wilmot RoadDeerfield, IL 60015?",Marco Pagni%3B,3,0,0
12,"Who is the Global Chief Administrative Officer of the company associated with 108 Wilmot RoadDeerfield, IL 60015?",Marco Pagni%3B,3,0,0
12,"Who is the General Counsel of the company associated with 108 Wilmot RoadDeerfield, IL 60015?",Marco Pagni%3B,3,0,0
12,"Who is the Senior Manager, Global Treasury of the company associated with 108 Wilmot RoadDeerfield, IL 60015?",Sara La Berg,3,0,0
12,Who is the FVP %C2%96 Head of Credit of the company where Lorenzo Rodino is employed?,Francesco Di Mario,3,0,0
12,Who is the Relationship Manager of the company where Francesco Di Mario is employed?,Lorenzo Rodino,3,0,0
12,Who is the Global Treasurer of the company where John Devlin is employed?,Aidan Clare,3,0,0
12,Who is the Senior Vice President of the company where John Devlin is employed?,Aidan Clare,3,0,0
12,"Who is the Executive Vice President, of the company where John Devlin is employed?",Marco Pagni%3B,3,0,0
12,Who is the General Counsel of the company where John Devlin is employed?,Marco Pagni%3B,3,0,0
12,Who is the Global Chief Administrative Officer of the company where John Devlin is employed?,Marco Pagni%3B,3,0,0
12,"Who is the Senior Manager, Global Treasury of the company where John Devlin is employed?",Sara La Berg,3,0,0
12,Who is the Global Treasurer of the company where Gr%C3%A1inne Kelly is employed?,Aidan Clare,3,0,0
12,Who is the Senior Vice President of the company where Gr%C3%A1inne Kelly is employed?,Aidan Clare,3,0,0
12,"Who is the Executive Vice President, of the company where Gr%C3%A1inne Kelly is employed?",Marco Pagni%3B,3,0,0
12,Who is the General Counsel of the company where Gr%C3%A1inne Kelly is employed?,Marco Pagni%3B,3,0,0
12,Who is the Global Chief Administrative Officer of the company where Gr%C3%A1inne Kelly is employed?,Marco Pagni%3B,3,0,0
12,"Who is the Senior Manager, Global Treasury of the company where Gr%C3%A1inne Kelly is employed?",Sara La Berg,3,0,0
12,Who is the Global Treasurer of the company where Marco Pagni%3B is employed?,Aidan Clare,3,0,0
12,Who is the Senior Vice President of the company where Marco Pagni%3B is employed?,Aidan Clare,3,0,0
12,"Who is the Senior Manager, Global Treasury of the company where Marco Pagni%3B is employed?",Sara La Berg,3,0,0
12,Who is the Global Treasurer of the company where Sara La Berg is employed?,Aidan Clare,3,0,0
12,Who is the Senior Vice President of the company where Sara La Berg is employed?,Aidan Clare,3,0,0
12,"Who is the Executive Vice President, of the company where Sara La Berg is employed?",Marco Pagni%3B,3,0,0
12,Who is the General Counsel of the company where Sara La Berg is employed?,Marco Pagni%3B,3,0,0
12,Who is the Global Chief Administrative Officer of the company where Sara La Berg is employed?,Marco Pagni%3B,3,0,0
12,"Who is the Executive Vice President, of the company where Aidan Clare is employed?",Marco Pagni%3B,3,0,0
12,Who is the General Counsel of the company where Aidan Clare is employed?,Marco Pagni%3B,3,0,0
12,Who is the Global Chief Administrative Officer of the company where Aidan Clare is employed?,Marco Pagni%3B,3,0,0
12,"Who is the Senior Manager, Global Treasury of the company where Aidan Clare is employed?",Sara La Berg,3,0,0
107,What roles do both Barclays Bank PLC and Global Markets Inc. have in the agreement?,"agent, agent,, borrower, trustee",1,1,1
107,"What roles do both Barclays Bank PLC and Wells Fargo Foothill, Inc have in the agreement?","agent, agent,, borrower, trustee",1,1,1
107,What roles do both Barclays Capital and Citigroup Global Markets Inc. have in the agreement?,"arranger, arrangers, book manager, book runner, bookrunner, bookrunners, lead arranger",1,1,1
107,What roles do both Barclays Capital and J.P. Morgan Securities Inc. have in the agreement?,"arranger, arrangers, book manager, book runner, bookrunner, bookrunners, lead arranger",1,1,1
107,"What roles do both Barclays Capital and Wells Fargo Foothill, Inc. have in the agreement?","arranger, arrangers, book manager, book runner, bookrunner, bookrunners, lead arranger",1,1,1
107,What roles do both Citigroup Global Markets Inc. and J.P. Morgan Securities Inc. have in the agreement?,"arranger, arrangers, book manager, book runner, bookrunner, bookrunners, lead arranger",1,1,1
107,"What roles do both Citigroup Global Markets Inc. and Wells Fargo Foothill, Inc. have in the agreement?","arranger, arrangers, book manager, book runner, bookrunner, bookrunners, lead arranger",1,1,1
107,"What roles do both Global Markets Inc. and Wells Fargo Foothill, Inc have in the agreement?","agent, agent,, borrower, trustee",1,1,1
107,"What roles do both J.P. Morgan Securities Inc. and Wells Fargo Foothill, Inc. have in the agreement?","arranger, arrangers, book manager, book runner, bookrunner, bookrunners, lead arranger",1,1,1
107,Which companies are both the administrative agent and the collateral trustee in the agreement?,"Barclays Bank PLC, Global Markets Inc., Wells Fargo Foothill, Inc",1,1,1
107,"Which companies are both the collateral agent and the administrative agent, in the agreement?","Barclays Bank PLC, Global Markets Inc., Wells Fargo Foothill, Inc",1,1,1
107,"Which companies are both the administrative agent, and the collateral trustee in the agreement?","Barclays Bank PLC, Global Markets Inc., Wells Fargo Foothill, Inc",1,1,1
107,"Which companies are both the documentation agent and the administrative agent, in the agreement?","Barclays Bank PLC, Global Markets Inc., Wells Fargo Foothill, Inc",1,1,1
107,Which companies are both the collateral agent and the administrative borrower in the agreement?,"Barclays Bank PLC, Global Markets Inc., Wells Fargo Foothill, Inc",1,1,1
107,Which companies are both the documentation agent and the collateral trustee in the agreement?,"Barclays Bank PLC, Global Markets Inc., Wells Fargo Foothill, Inc",1,1,1
107,Which companies are both the administrative borrower and the collateral trustee in the agreement?,"Barclays Bank PLC, Global Markets Inc., Wells Fargo Foothill, Inc",1,1,1
107,Which companies are both the documentation agent and the administrative borrower in the agreement?,"Barclays Bank PLC, Global Markets Inc., Wells Fargo Foothill, Inc",1,1,1
107,Which companies are both the lead arranger and the joint bookrunners in the agreement?,"Barclays Capital, Citigroup Global Markets Inc., J.P. Morgan Securities Inc., Wells Fargo Foothill, Inc.",1,1,1
107,Which companies are both the lead bookrunner and the joint bookrunners in the agreement?,"Barclays Capital, Citigroup Global Markets Inc., J.P. Morgan Securities Inc., Wells Fargo Foothill, Inc.",1,1,1
107,Which companies are both the lead arranger and the joint lead arranger in the agreement?,"Barclays Capital, Citigroup Global Markets Inc., J.P. Morgan Securities Inc., Wells Fargo Foothill, Inc.",1,1,1
107,Which companies are both the lead bookrunner and the joint lead arranger in the agreement?,"Barclays Capital, Citigroup Global Markets Inc., J.P. Morgan Securities Inc., Wells Fargo Foothill, Inc.",1,1,1
107,Which companies are both the lead arranger and the joint bookrunner in the agreement?,"Barclays Capital, Citigroup Global Markets Inc., J.P. Morgan Securities Inc., Wells Fargo Foothill, Inc.",1,1,1
107,Which companies are both the lead arranger and the joint book runner in the agreement?,"Barclays Capital, Citigroup Global Markets Inc., J.P. Morgan Securities Inc., Wells Fargo Foothill, Inc.",1,1,1
107,Which companies are both the lead arranger and the joint book manager in the agreement?,"Barclays Capital, Citigroup Global Markets Inc., J.P. Morgan Securities Inc., Wells Fargo Foothill, Inc.",1,1,1
107,Which companies are both the joint book runner and the lead bookrunner in the agreement?,"Barclays Capital, Citigroup Global Markets Inc., J.P. Morgan Securities Inc., Wells Fargo Foothill, Inc.",1,1,1
107,Which companies are both the joint book manager and the lead bookrunner in the agreement?,"Barclays Capital, Citigroup Global Markets Inc., J.P. Morgan Securities Inc., Wells Fargo Foothill, Inc.",1,1,1
107,"What role does EASYLINK SERVICES INTERNATIONAL CORPORATION have in the agreement which is not the role of OCELOT MERGER SUB, INC.?",Guarantor,2,1,0
107,"What role does EASYLINK SERVICES INTERNATIONAL CORPORATION have in the agreement which is not the role of GXS Worldwide, Inc.?",Grantor,2,1,0
107,"What role does EASYLINK SERVICES USA, INC. have in the agreement which is not the role of OCELOT MERGER SUB, INC.?",Guarantor,2,1,0
107,"What role does EASYLINK SERVICES USA, INC. have in the agreement which is not the role of GXS Worldwide, Inc.?",Grantor,2,1,0
107,"What role does OCELOT MERGER SUB, INC. have in the agreement which is not the role of OPEN TEXT CORPORATION?",Borrower,2,1,0
107,"What role does OCELOT MERGER SUB, INC. have in the agreement which is not the role of OPEN TEXT HOLDINGS, INC.?",Borrower,2,1,0
107,"What role does OCELOT MERGER SUB, INC. have in the agreement which is not the role of OPEN TEXT INC.?",Borrower,2,1,0
107,"What role does OCELOT MERGER SUB, INC. have in the agreement which is not the role of OPEN TEXT USA INC.?",Borrower,2,1,0
107,"What role does OCELOT MERGER SUB, INC. have in the agreement which is not the role of XPEDITE SYSTEMS, LLC?",Borrower,2,1,0
107,"What role does OCELOT MERGER SUB, INC. have in the agreement which is not the role of OPEN TEXT ULC?",Borrower,2,1,0
107,"What role does OPEN TEXT CORPORATION have in the agreement which is not the role of GXS Worldwide, Inc.?",Grantor,2,1,0
107,"What role does OPEN TEXT HOLDINGS, INC. have in the agreement which is not the role of GXS Worldwide, Inc.?",Grantor,2,1,0
107,"What role does OPEN TEXT INC. have in the agreement which is not the role of GXS Worldwide, Inc.?",Grantor,2,1,0
107,"What role does OPEN TEXT USA INC. have in the agreement which is not the role of GXS Worldwide, Inc.?",Grantor,2,1,0
107,"What role does XPEDITE SYSTEMS, LLC have in the agreement which is not the role of GXS Worldwide, Inc.?",Grantor,2,1,0
107,"What role does GXS Worldwide, Inc. have in the agreement which is not the role of OPEN TEXT ULC?",guarantors,2,1,0
107,What company is the Agent but not the Arrangers in the agreement?,BARCLAYS BANK PLC,2,1,0
107,What company is the Agent but not the administrative agent in the agreement?,BARCLAYS BANK PLC,2,1,0
107,What company is the Agent but not the collateral agent in the agreement?,BARCLAYS BANK PLC,2,1,0
107,What company is the Agent but not the documentation agent in the agreement?,BARCLAYS BANK PLC,2,1,0
107,What company is the Arrangers but not the administrative agent in the agreement?,RBC Capital Markets,2,1,0
107,What company is the Arrangers but not the collateral agent in the agreement?,RBC Capital Markets,2,1,0
107,What company is the Arrangers but not the documentation agent in the agreement?,RBC Capital Markets,2,1,0
107,What are the roles in the agreement of the company where Ritam Bhalla is employed?,"Agent, Arranger, Lender",2,0,1
107,What are the roles in the agreement of the company where Paul McFeeters is employed?,"Grantor, Guarantor",2,0,1
107,"What are the roles in the agreement of the company associated with Delaware, USA?","Borrower%3A, Domestic, Guarantor, guarantors",2,0,1
107,What are the roles in the agreement of the company associated with Canada?,"Domestic, Guarantor",2,0,1
107,What are the roles in the agreement of the company associated with Netherlands?,"Domestic, Guarantor",2,0,1
107,What are the roles in the agreement of the company associated with Luxembourg?,"Domestic, Guarantor",2,0,1
107,What are the roles in the agreement of the company associated with France?,"Domestic, Guarantor",2,0,1
107,What are the roles in the agreement of the company associated with United Kingdom?,"Domestic, Guarantor",2,0,1
107,"What are the roles in the agreement of the company associated with Nova Scotia, Canada?","Domestic, Guarantor",2,0,1
107,What are the roles in the agreement of the company associated with England?,"Domestic, Guarantor",2,0,1
107,What are the roles in the agreement of the company associated with Wales?,"Domestic, Guarantor",2,0,1
107,Who is the Assistant Treasurer and Chief Administrative Officer of OPEN TEXT ULC?,Paul McFeeters,2,1,0
107,Who is the Assistant Treasurer and Chief Executive Officer of OPEN TEXT ULC?,Paul McFeeters,2,1,0
107,Who is the Assistant Treasurer and Chief Financial Officer of OPEN TEXT ULC?,Paul McFeeters,2,1,0
107,Who is the Assistant Treasurer and President of OPEN TEXT ULC?,Paul McFeeters,2,1,0
107,Who is the Assistant Treasurer and Treasurer of OPEN TEXT ULC?,Paul McFeeters,2,1,0
107,Who is the Assistant Treasurer and Vice President of OPEN TEXT ULC?,Paul McFeeters,2,1,0
107,Who is the Chief Administrative Officer and Chief Executive Officer of OPEN TEXT ULC?,Paul McFeeters,2,1,0
107,Who is the Chief Administrative Officer and Chief Financial Officer of OPEN TEXT ULC?,Paul McFeeters,2,1,0
107,Who is the Chief Administrative Officer and President of OPEN TEXT ULC?,Paul McFeeters,2,1,0
107,Who is the Chief Administrative Officer and Treasurer of OPEN TEXT ULC?,Paul McFeeters,2,1,0
107,Who is the Chief Administrative Officer and Vice President of OPEN TEXT ULC?,Paul McFeeters,2,1,0
107,Who is the Chief Executive Officer and Chief Financial Officer of OPEN TEXT ULC?,Paul McFeeters,2,1,0
107,Who is the Chief Executive Officer and President of OPEN TEXT ULC?,Paul McFeeters,2,1,0
107,Who is the Chief Executive Officer and Treasurer of OPEN TEXT ULC?,Paul McFeeters,2,1,0
107,Who is the Chief Executive Officer and Vice President of OPEN TEXT ULC?,Paul McFeeters,2,1,0
107,Who is the Chief Financial Officer and President of OPEN TEXT ULC?,Paul McFeeters,2,1,0
107,Who is the Chief Financial Officer and Treasurer of OPEN TEXT ULC?,Paul McFeeters,2,1,0
107,Who is the Chief Financial Officer and Vice President of OPEN TEXT ULC?,Paul McFeeters,2,1,0
107,Who is the President and Treasurer of OPEN TEXT ULC?,Paul McFeeters,2,1,0
107,Who is the President and Vice President of OPEN TEXT ULC?,Paul McFeeters,2,1,0
107,Who is the Treasurer and Vice President of OPEN TEXT ULC?,Paul McFeeters,2,1,0
107,"Who is the Assistant Treasurer and Chief Administrative Officer of GXS INTERNATIONAL, INC.?",Paul McFeeters,2,1,0
107,"Who is the Assistant Treasurer and Chief Executive Officer of GXS INTERNATIONAL, INC.?",Paul McFeeters,2,1,0
107,"Who is the Assistant Treasurer and Chief Financial Officer of GXS INTERNATIONAL, INC.?",Paul McFeeters,2,1,0
107,"Who is the Assistant Treasurer and President of GXS INTERNATIONAL, INC.?",Paul McFeeters,2,1,0
107,"Who is the Assistant Treasurer and Treasurer of GXS INTERNATIONAL, INC.?",Paul McFeeters,2,1,0
107,"Who is the Assistant Treasurer and Vice President of GXS INTERNATIONAL, INC.?",Paul McFeeters,2,1,0
107,"Who is the Chief Administrative Officer and Chief Executive Officer of GXS INTERNATIONAL, INC.?",Paul McFeeters,2,1,0
107,"Who is the Chief Administrative Officer and Chief Financial Officer of GXS INTERNATIONAL, INC.?",Paul McFeeters,2,1,0
107,"Who is the Chief Administrative Officer and President of GXS INTERNATIONAL, INC.?",Paul McFeeters,2,1,0
107,"Who is the Chief Administrative Officer and Treasurer of GXS INTERNATIONAL, INC.?",Paul McFeeters,2,1,0
107,"Who is the Chief Administrative Officer and Vice President of GXS INTERNATIONAL, INC.?",Paul McFeeters,2,1,0
107,"Who is the Chief Executive Officer and Chief Financial Officer of GXS INTERNATIONAL, INC.?",Paul McFeeters,2,1,0
107,"Who is the Chief Executive Officer and President of GXS INTERNATIONAL, INC.?",Paul McFeeters,2,1,0
107,"Who is the Chief Executive Officer and Treasurer of GXS INTERNATIONAL, INC.?",Paul McFeeters,2,1,0
107,"Who is the Chief Executive Officer and Vice President of GXS INTERNATIONAL, INC.?",Paul McFeeters,2,1,0
107,"Who is the Chief Financial Officer and President of GXS INTERNATIONAL, INC.?",Paul McFeeters,2,1,0
107,"Who is the Chief Financial Officer and Treasurer of GXS INTERNATIONAL, INC.?",Paul McFeeters,2,1,0
107,"Who is the Chief Financial Officer and Vice President of GXS INTERNATIONAL, INC.?",Paul McFeeters,2,1,0
107,"Who is the President and Treasurer of GXS INTERNATIONAL, INC.?",Paul McFeeters,2,1,0
107,"Who is the President and Vice President of GXS INTERNATIONAL, INC.?",Paul McFeeters,2,1,0
107,"Who is the Treasurer and Vice President of GXS INTERNATIONAL, INC.?",Paul McFeeters,2,1,0
107,Who is the Director of the company which is the Lender in the agreement?,Ritam Bhalla,2,1,0
107,Who is the Director of the company which is the Arranger in the agreement?,Ritam Bhalla,2,1,0
107,Who is the Director of the company which is the Agent in the agreement?,Ritam Bhalla,2,1,0
113,What are the roles in the agreement of the company where Sonja K. McClelland is employed?,"BORROWERS, Borrowers",2,0,1
113,What are the roles in the agreement of the company where Michael Doar is employed?,"BORROWERS, Borrowers",2,0,1
113,Who is the Manager and Managing Director A And Authorized Representative of HURCO B.V.?,Sonja K. McClelland,2,1,0
113,Who is the Manager and Secretary%2Ftreasurer of HURCO B.V.?,Sonja K. McClelland,2,1,0
113,Who is the Managing Director A And Authorized Representative and Secretary%2Ftreasurer of HURCO B.V.?,Sonja K. McClelland,2,1,0
112,What company is the Agent but not the Arrangers in the agreement?,"BANK OF AMERICA, N.A.",2,1,0
112,What company is the Agent but not the Bookrunners in the agreement?,"BANK OF AMERICA, N.A.",2,1,0
112,What company is the Arrangers but not the Lender in the agreement?,"MERRILL LYNCH, PIERCE, FENNER %26 SMITH INCORPORATED",2,1,0
112,What company is the Bookrunners but not the Lender in the agreement?,"MERRILL LYNCH, PIERCE, FENNER %26 SMITH INCORPORATED",2,1,0
112,What are the roles in the agreement of the company where Robert C. Megan is employed?,"Agent, Lender",2,0,1
112,What are the roles in the agreement of the company where Amy U. Lessner is employed?,"Administrative Agent, Agent, Arrangers, Bookrunners, Lender",2,0,1
112,Who is the Authorized Officer of the company which is the Administrative Agent in the agreement?,Amy U. Lessner,2,1,0
106,"What roles do both CITIGROUP GLOBAL MARKETS, INC. and DEUTSCHE BANK SECURITIES INC. have in the agreement?","Arranger, Bookrunner, Bookrunners",1,1,1
106,"What roles do both CITIGROUP GLOBAL MARKETS, INC. and GOLDMAN SACHS BANK USA have in the agreement?","Arranger, Bookrunner, Bookrunners",1,1,1
106,"What roles do both CITIGROUP GLOBAL MARKETS, INC. and RBC CAPITAL MARKETS have in the agreement?","Arranger, Bookrunner, Bookrunners",1,1,1
106,What roles do both DEUTSCHE BANK SECURITIES INC. and GOLDMAN SACHS BANK USA have in the agreement?,"Arranger, Arrangers, Bookrunner, Bookrunners",1,1,1
106,What roles do both DEUTSCHE BANK SECURITIES INC. and RBC CAPITAL MARKETS have in the agreement?,"Arranger, Arrangers, Bookrunner, Bookrunners",1,1,1
106,What roles do both GOLDMAN SACHS BANK USA and RBC CAPITAL MARKETS have in the agreement?,"Arranger, Arrangers, Bookrunner, Bookrunners",1,1,1
106,What role does BARCLAYS BANK PLC have in the agreement which is not the role of DEUTSCHE BANK SECURITIES INC.?,Lender,2,1,0
106,What role does BARCLAYS BANK PLC have in the agreement which is not the role of RBC CAPITAL MARKETS?,Lender,2,1,0
106,"What role does CITIGROUP GLOBAL MARKETS, INC. have in the agreement which is not the role of UBS SECURITIES LLC,?",Bookrunners,2,1,0
106,What role does GOLDMAN SACHS BANK USA have in the agreement which is not the role of RBC CAPITAL MARKETS?,Lender,2,1,0
106,What role does Royal Bank of Canada have in the agreement which is not the role of ROYAL BANK OF CANADA?,Trustee,2,1,0
106,What company is the Arranger but not the Bookrunners in the agreement?,"UBS SECURITIES LLC,",2,1,0
106,What company is the Arrangers but not the Bookrunner in the agreement?,UBS SECURITIES LLC,2,1,0
106,What company is the Bookrunner but not the Bookrunners in the agreement?,"UBS SECURITIES LLC,",2,1,0
106,What company is the Trustee but not the Agent in the agreement?,"Credit Suisse AG, Cayman Islands Branch",2,1,0
106,"Who are the Directors of CITIBANK, N.A.?","Lana Gifas, Marcus M. Tarkington",2,0,1
106,Who are the Vice Presidents of BARCLAYS BANK PLC?,"Kirkwood Roland, Michael Getz, Vanessa A. Kurbatskiy",2,0,1
106,Who are the Authorized Signatorys of ROYAL BANK OF CANADA?,"Robert Ehudin, Thomas Casey",2,0,1
106,What are the roles in the agreement of the company where Michael Getz is employed?,"Arranger, Arrangers, Bookrunner, Bookrunners, Lender",2,0,1
106,What are the roles in the agreement of the company where Vanessa A. Kurbatskiy is employed?,"Arranger, Arrangers, Bookrunner, Bookrunners, Lender",2,0,1
106,What are the roles in the agreement of the company where Kirkwood Roland is employed?,"Arranger, Arrangers, Bookrunner, Bookrunners, Lender",2,0,1
106,What are the roles in the agreement of the company where Clint C. Freeland is employed?,"Holdings, Intermediate Holdings",2,0,1
106,What are the roles in the agreement of the company where Ann Hurley is employed?,"Agent, Lender",2,0,1
106,What are the roles in the agreement of the company where Robert Ehudin is employed?,"Agent, Lender",2,0,1
106,What are the roles in the agreement of the company where Thomas Casey is employed?,"Agent, Lender",2,0,1
106,"What are the roles in the agreement of the company associated with \n\nCASCO BAY\n\n125 Shore Road\n\nVeazie, ME, 04401\n\n \n\nPenobscot County, Maine?","BORROWERS, LENDERS, SUBORDINATED, SUBSIDIARY",2,0,1
106,"What are the roles in the agreement of the company associated with KENDALL\n\n1401 County Line Road\n\nMinooka, IL 60447\n\n \n\nKendall and Grundy Counties, Illinois?","BORROWERS, LENDERS, SUBORDINATED, SUBSIDIARY",2,0,1
106,"What are the roles in the agreement of the company associated with \n\nMORRO BAY\n\n1290 Embarcadero\n\nMorro Bay, CA 93442\n\n \n\nSan Luis Obispo County, California?","BORROWERS, LENDERS, SUBORDINATED, SUBSIDIARY",2,0,1
106,"What are the roles in the agreement of the company associated with MOSS LANDING\n\nHWY 1 & Dolan Road\n\nMoss Landing, CA 95039\n\n \n\nMonterey County, California?","BORROWERS, LENDERS, SUBORDINATED, SUBSIDIARY",2,0,1
106,"What are the roles in the agreement of the company associated with \n\nOAKLAND\n\n50 Martin Luther King Way\n\nOakland, CA 94607\n\n \n\nAlameda County, California?","BORROWERS, LENDERS, SUBORDINATED, SUBSIDIARY",2,0,1
106,"What are the roles in the agreement of the company associated with ONTELAUNEE\n\n5115 Pottsville Pike\n\nReading, PA 19605\n\n \n\nBerks County, Pennsylvania?","BORROWERS, LENDERS, SUBORDINATED, SUBSIDIARY",2,0,1
106,"Who is the Chief Financial Officer and Executive Vice President of DYNEGY GAS INVESTMENTS HOLDINGS, LLC?",Clint C. Freeland,2,1,0
106,Who is the Director of the company where Michael Getz is employed?,Kirkwood Roland,3,0,0
106,Who is the Director of the company where Vanessa A. Kurbatskiy is employed?,Kirkwood Roland,3,0,0
106,"Who is the Manager, Agency of the company where Robert Ehudin is employed?",Ann Hurley,3,0,0
106,"Who is the Manager, Agency of the company where Thomas Casey is employed?",Ann Hurley,3,0,0
13,"What are the roles in the agreement of the company associated with 520 Madison Avenue\n\nNew York, New York 10022?","Administrative Agent, Collateral Agent, Lender",2,0,1
13,What are the roles in the agreement of the company associated with Managing Director?,"Administrative Agent, Collateral Agent, Lender",2,0,1
13,"Who is the Chief Financial Officer and Executive Vice President of CVR ENERGY, INC?",Tracy D. Jackson,2,1,0
60,"What roles do both Bank of Montreal and BofA Securities, Inc. have in the agreement?","arranger, arrangers, book manager, book runner, bookrunner, bookrunners, lead arranger",1,1,1
60,"What roles do both Bank of Montreal and Citibank, N.A. have in the agreement?","arranger, arrangers, book manager, book runner, bookrunner, bookrunners, lead arranger",1,1,1
60,"What roles do both Bank of Montreal and JPMorgan Chase Bank, N.A. have in the agreement?","arranger, arrangers, book manager, book runner, bookrunner, bookrunners, lead arranger",1,1,1
60,"What roles do both Bank of Montreal and MUFG Bank, Ltd. have in the agreement?","arranger, arrangers, book manager, book runner, bookrunner, bookrunners, lead arranger",1,1,1
60,What roles do both Bank of Montreal and PNC Capital Markets LLC have in the agreement?,"book manager, book runner, bookrunner, bookrunners, lead arranger",1,1,1
60,What roles do both Bank of Montreal and U.S. Bank National Association have in the agreement?,"agent, agents, arranger, arrangers, book manager, book runner, bookrunner, bookrunners, lead arranger",1,1,1
60,What roles do both Bank of Montreal and Wells Fargo Securities LLC have in the agreement?,"arranger, arrangers, book manager, book runner, bookrunner, bookrunners, lead arranger",1,1,1
60,"What roles do both Bank of Montreal and Mizuho Bank, Ltd. have in the agreement?","agent, agents, arranger, arrangers, bookrunner",1,1,1
60,What roles do both Bank of Montreal and The Bank of Nova Scotia have in the agreement?,"agent, agents, arranger, arrangers, book manager, book runner, bookrunner, bookrunners, lead arranger",1,1,1
60,"What roles do both Bank of Montreal and Capital One, National Association have in the agreement?","agent, agents, arranger, arrangers, book manager, book runner, bookrunner, bookrunners, lead arranger",1,1,1
60,"What roles do both BofA Securities, Inc. and Citibank, N.A. have in the agreement?","arranger, arrangers, book manager, book runner, bookrunner, bookrunners, lead arranger",1,1,1
60,"What roles do both BofA Securities, Inc. and JPMorgan Chase Bank, N.A. have in the agreement?","arranger, arrangers, book manager, book runner, bookrunner, bookrunners, lead arranger",1,1,1
60,"What roles do both BofA Securities, Inc. and MUFG Bank, Ltd. have in the agreement?","arranger, arrangers, book manager, book runner, bookrunner, bookrunners, lead arranger",1,1,1
60,"What roles do both BofA Securities, Inc. and PNC Capital Markets LLC have in the agreement?","book manager, book runner, bookrunner, bookrunners, lead arranger",1,1,1
60,"What roles do both BofA Securities, Inc. and U.S. Bank National Association have in the agreement?","arranger, arrangers, book manager, book runner, bookrunner, bookrunners, lead arranger",1,1,1
60,"What roles do both BofA Securities, Inc. and Wells Fargo Securities LLC have in the agreement?","arranger, arrangers, book manager, book runner, bookrunner, bookrunners, lead arranger",1,1,1
60,"What roles do both BofA Securities, Inc. and Mizuho Bank, Ltd. have in the agreement?","arranger, arrangers, bookrunner",1,1,1
60,"What roles do both BofA Securities, Inc. and The Bank of Nova Scotia have in the agreement?","arranger, arrangers, book manager, book runner, bookrunner, bookrunners, lead arranger",1,1,1
60,"What roles do both BofA Securities, Inc. and Capital One, National Association have in the agreement?","arranger, arrangers, book manager, book runner, bookrunner, bookrunners, lead arranger",1,1,1
60,"What roles do both Citibank, N.A. and JPMorgan Chase Bank, N.A. have in the agreement?","arranger, arrangers, book manager, book runner, bookrunner, bookrunners, lead arranger",1,1,1
60,"What roles do both Citibank, N.A. and MUFG Bank, Ltd. have in the agreement?","arranger, arrangers, book manager, book runner, bookrunner, bookrunners, lead arranger",1,1,1
60,"What roles do both Citibank, N.A. and PNC Capital Markets LLC have in the agreement?","book manager, book runner, bookrunner, bookrunners, lead arranger",1,1,1
60,"What roles do both Citibank, N.A. and U.S. Bank National Association have in the agreement?","arranger, arrangers, book manager, book runner, bookrunner, bookrunners, lead arranger",1,1,1
60,"What roles do both Citibank, N.A. and Wells Fargo Securities LLC have in the agreement?","arranger, arrangers, book manager, book runner, bookrunner, bookrunners, lead arranger",1,1,1
60,"What roles do both Citibank, N.A. and Mizuho Bank, Ltd. have in the agreement?","arranger, arrangers, bookrunner",1,1,1
60,"What roles do both Citibank, N.A. and The Bank of Nova Scotia have in the agreement?","arranger, arrangers, book manager, book runner, bookrunner, bookrunners, lead arranger",1,1,1
60,"What roles do both Citibank, N.A. and Capital One, National Association have in the agreement?","arranger, arrangers, book manager, book runner, bookrunner, bookrunners, lead arranger",1,1,1
60,"What roles do both JPMorgan Chase Bank, N.A. and MUFG Bank, Ltd. have in the agreement?","arranger, arrangers, book manager, book runner, bookrunner, bookrunners, lead arranger",1,1,1
60,"What roles do both JPMorgan Chase Bank, N.A. and PNC Capital Markets LLC have in the agreement?","book manager, book runner, bookrunner, bookrunners, lead arranger",1,1,1
60,"What roles do both JPMorgan Chase Bank, N.A. and U.S. Bank National Association have in the agreement?","arranger, arrangers, book manager, book runner, bookrunner, bookrunners, lead arranger",1,1,1
60,"What roles do both JPMorgan Chase Bank, N.A. and Wells Fargo Securities LLC have in the agreement?","arranger, arrangers, book manager, book runner, bookrunner, bookrunners, lead arranger",1,1,1
60,"What roles do both JPMorgan Chase Bank, N.A. and Mizuho Bank, Ltd. have in the agreement?","arranger, arrangers, bookrunner",1,1,1
60,"What roles do both JPMorgan Chase Bank, N.A. and The Bank of Nova Scotia have in the agreement?","arranger, arrangers, book manager, book runner, bookrunner, bookrunners, lead arranger",1,1,1
60,"What roles do both JPMorgan Chase Bank, N.A. and Capital One, National Association have in the agreement?","arranger, arrangers, book manager, book runner, bookrunner, bookrunners, lead arranger",1,1,1
60,"What roles do both MUFG Bank, Ltd. and PNC Capital Markets LLC have in the agreement?","book manager, book runner, bookrunner, bookrunners, lead arranger",1,1,1
60,"What roles do both MUFG Bank, Ltd. and U.S. Bank National Association have in the agreement?","arranger, arrangers, book manager, book runner, bookrunner, bookrunners, lead arranger",1,1,1
60,"What roles do both MUFG Bank, Ltd. and Wells Fargo Securities LLC have in the agreement?","arranger, arrangers, book manager, book runner, bookrunner, bookrunners, lead arranger",1,1,1
60,"What roles do both MUFG Bank, Ltd. and Mizuho Bank, Ltd. have in the agreement?","arranger, arrangers, bookrunner",1,1,1
60,"What roles do both MUFG Bank, Ltd. and The Bank of Nova Scotia have in the agreement?","arranger, arrangers, book manager, book runner, bookrunner, bookrunners, lead arranger",1,1,1
60,"What roles do both MUFG Bank, Ltd. and Capital One, National Association have in the agreement?","arranger, arrangers, book manager, book runner, bookrunner, bookrunners, lead arranger",1,1,1
60,What roles do both PNC Capital Markets LLC and U.S. Bank National Association have in the agreement?,"book manager, book runner, bookrunner, bookrunners, lead arranger",1,1,1
60,What roles do both PNC Capital Markets LLC and Wells Fargo Securities LLC have in the agreement?,"book manager, book runner, bookrunner, bookrunners, lead arranger",1,1,1
60,What roles do both PNC Capital Markets LLC and The Bank of Nova Scotia have in the agreement?,"book manager, book runner, bookrunner, bookrunners, lead arranger",1,1,1
60,"What roles do both PNC Capital Markets LLC and Capital One, National Association have in the agreement?","book manager, book runner, bookrunner, bookrunners, lead arranger",1,1,1
60,What roles do both U.S. Bank National Association and Wells Fargo Securities LLC have in the agreement?,"arranger, arrangers, book manager, book runner, bookrunner, bookrunners, lead arranger",1,1,1
60,"What roles do both U.S. Bank National Association and Mizuho Bank, Ltd. have in the agreement?","agent, agents, arranger, arrangers, bookrunner",1,1,1
60,What roles do both U.S. Bank National Association and The Bank of Nova Scotia have in the agreement?,"agent, agents, arranger, arrangers, book manager, book runner, bookrunner, bookrunners, lead arranger",1,1,1
60,"What roles do both U.S. Bank National Association and Capital One, National Association have in the agreement?","agent, agents, arranger, arrangers, book manager, book runner, bookrunner, bookrunners, lead arranger",1,1,1
60,"What roles do both Wells Fargo Securities LLC and Mizuho Bank, Ltd. have in the agreement?","arranger, arrangers, bookrunner",1,1,1
60,What roles do both Wells Fargo Securities LLC and The Bank of Nova Scotia have in the agreement?,"arranger, arrangers, book manager, book runner, bookrunner, bookrunners, lead arranger",1,1,1
60,"What roles do both Wells Fargo Securities LLC and Capital One, National Association have in the agreement?","arranger, arrangers, book manager, book runner, bookrunner, bookrunners, lead arranger",1,1,1
60,"What roles do both Mizuho Bank, Ltd. and The Bank of Nova Scotia have in the agreement?","agent, agents, arranger, arrangers, bookrunner",1,1,1
60,"What roles do both Mizuho Bank, Ltd. and Capital One, National Association have in the agreement?","agent, agents, arranger, arrangers, bookrunner",1,1,1
60,"What roles do both The Bank of Nova Scotia and Capital One, National Association have in the agreement?","agent, agents, arranger, arrangers, book manager, book runner, bookrunner, bookrunners, lead arranger",1,1,1
60,Which companies are both the lead arranger and the joint bookrunners in the agreement?,"Bank of Montreal, BofA Securities, Inc., Capital One, National Association, Citibank, N.A., JPMorgan Chase Bank, N.A., MUFG Bank, Ltd., The Bank of Nova Scotia, U.S. Bank National Association, Wells Fargo Securities LLC",1,1,1
60,Which companies are both the documentation agent and the joint bookrunners in the agreement?,"Bank of Montreal, Capital One, National Association, The Bank of Nova Scotia, U.S. Bank National Association",1,1,1
60,Which companies are both the lead bookrunner and the joint bookrunners in the agreement?,"Bank of Montreal, BofA Securities, Inc., Capital One, National Association, Citibank, N.A., JPMorgan Chase Bank, N.A., MUFG Bank, Ltd., The Bank of Nova Scotia, U.S. Bank National Association, Wells Fargo Securities LLC",1,1,1
60,Which companies are both the managing agent and the joint bookrunners in the agreement?,"Bank of Montreal, Capital One, National Association, The Bank of Nova Scotia, U.S. Bank National Association",1,1,1
60,Which companies are both the lead arranger and the joint lead arranger in the agreement?,"Bank of Montreal, BofA Securities, Inc., Capital One, National Association, Citibank, N.A., JPMorgan Chase Bank, N.A., MUFG Bank, Ltd., The Bank of Nova Scotia, U.S. Bank National Association, Wells Fargo Securities LLC",1,1,1
60,Which companies are both the documentation agent and the joint lead arranger in the agreement?,"Bank of Montreal, Capital One, National Association, The Bank of Nova Scotia, U.S. Bank National Association",1,1,1
60,Which companies are both the lead bookrunner and the joint lead arranger in the agreement?,"Bank of Montreal, BofA Securities, Inc., Capital One, National Association, Citibank, N.A., JPMorgan Chase Bank, N.A., MUFG Bank, Ltd., The Bank of Nova Scotia, U.S. Bank National Association, Wells Fargo Securities LLC",1,1,1
60,Which companies are both the managing agent and the joint lead arranger in the agreement?,"Bank of Montreal, Capital One, National Association, The Bank of Nova Scotia, U.S. Bank National Association",1,1,1
60,Which companies are both the documentation agent and the lead arranger in the agreement?,"Bank of Montreal, Capital One, National Association, Mizuho Bank, Ltd., The Bank of Nova Scotia, U.S. Bank National Association",1,1,1
60,Which companies are both the lead arranger and the joint book runner in the agreement?,"Bank of Montreal, BofA Securities, Inc., Capital One, National Association, Citibank, N.A., JPMorgan Chase Bank, N.A., MUFG Bank, Ltd., The Bank of Nova Scotia, U.S. Bank National Association, Wells Fargo Securities LLC",1,1,1
60,Which companies are both the lead arranger and the joint bookrunner in the agreement?,"Bank of Montreal, BofA Securities, Inc., Capital One, National Association, Citibank, N.A., JPMorgan Chase Bank, N.A., MUFG Bank, Ltd., The Bank of Nova Scotia, U.S. Bank National Association, Wells Fargo Securities LLC",1,1,1
60,Which companies are both the managing agent and the lead arranger in the agreement?,"Bank of Montreal, Capital One, National Association, Mizuho Bank, Ltd., The Bank of Nova Scotia, U.S. Bank National Association",1,1,1
60,Which companies are both the lead arranger and the joint book manager in the agreement?,"Bank of Montreal, BofA Securities, Inc., Capital One, National Association, Citibank, N.A., JPMorgan Chase Bank, N.A., MUFG Bank, Ltd., The Bank of Nova Scotia, U.S. Bank National Association, Wells Fargo Securities LLC",1,1,1
60,Which companies are both the documentation agent and the joint book runner in the agreement?,"Bank of Montreal, Capital One, National Association, The Bank of Nova Scotia, U.S. Bank National Association",1,1,1
60,Which companies are both the documentation agent and the joint bookrunner in the agreement?,"Bank of Montreal, Capital One, National Association, The Bank of Nova Scotia, U.S. Bank National Association",1,1,1
60,Which companies are both the documentation agent and the lead bookrunner in the agreement?,"Bank of Montreal, Capital One, National Association, Mizuho Bank, Ltd., The Bank of Nova Scotia, U.S. Bank National Association",1,1,1
60,Which companies are both the documentation agent and the joint book manager in the agreement?,"Bank of Montreal, Capital One, National Association, The Bank of Nova Scotia, U.S. Bank National Association",1,1,1
60,Which companies are both the joint book runner and the lead bookrunner in the agreement?,"Bank of Montreal, BofA Securities, Inc., Capital One, National Association, Citibank, N.A., JPMorgan Chase Bank, N.A., MUFG Bank, Ltd., The Bank of Nova Scotia, U.S. Bank National Association, Wells Fargo Securities LLC",1,1,1
60,Which companies are both the managing agent and the joint book runner in the agreement?,"Bank of Montreal, Capital One, National Association, The Bank of Nova Scotia, U.S. Bank National Association",1,1,1
60,Which companies are both the managing agent and the joint bookrunner in the agreement?,"Bank of Montreal, Capital One, National Association, The Bank of Nova Scotia, U.S. Bank National Association",1,1,1
60,Which companies are both the managing agent and the lead bookrunner in the agreement?,"Bank of Montreal, Capital One, National Association, Mizuho Bank, Ltd., The Bank of Nova Scotia, U.S. Bank National Association",1,1,1
60,Which companies are both the joint book manager and the lead bookrunner in the agreement?,"Bank of Montreal, BofA Securities, Inc., Capital One, National Association, Citibank, N.A., JPMorgan Chase Bank, N.A., MUFG Bank, Ltd., The Bank of Nova Scotia, U.S. Bank National Association, Wells Fargo Securities LLC",1,1,1
60,Which companies are both the managing agent and the joint book manager in the agreement?,"Bank of Montreal, Capital One, National Association, The Bank of Nova Scotia, U.S. Bank National Association",1,1,1
60,"What role does Bank of Montreal have in the agreement which is not the role of BofA Securities, Inc.?",agents,2,1,0
60,"What role does Bank of Montreal have in the agreement which is not the role of Citibank, N.A.?",agents,2,1,0
60,"What role does Bank of Montreal have in the agreement which is not the role of JPMorgan Chase Bank, N.A.?",agents,2,1,0
60,"What role does Bank of Montreal have in the agreement which is not the role of MUFG Bank, Ltd.?",agents,2,1,0
60,What role does Bank of Montreal have in the agreement which is not the role of Wells Fargo Securities LLC?,agents,2,1,0
60,"What role does Bank of Montreal have in the agreement which is not the role of Mizuho Bank, Ltd.?",joint bookrunners,2,1,0
60,"What role does BofA Securities, Inc. have in the agreement which is not the role of Mizuho Bank, Ltd.?",joint bookrunners,2,1,0
60,"What role does Citibank, N.A. have in the agreement which is not the role of Mizuho Bank, Ltd.?",joint bookrunners,2,1,0
60,"What role does JPMorgan Chase Bank, N.A. have in the agreement which is not the role of Mizuho Bank, Ltd.?",joint bookrunners,2,1,0
60,"What role does MUFG Bank, Ltd. have in the agreement which is not the role of Mizuho Bank, Ltd.?",joint bookrunners,2,1,0
60,What role does U.S. Bank National Association have in the agreement which is not the role of Wells Fargo Securities LLC?,agents,2,1,0
60,"What role does U.S. Bank National Association have in the agreement which is not the role of Mizuho Bank, Ltd.?",joint bookrunners,2,1,0
60,"What role does Wells Fargo Securities LLC have in the agreement which is not the role of Mizuho Bank, Ltd.?",joint bookrunners,2,1,0
60,What company is the arrangers but not the joint bookrunners in the agreement?,"Mizuho Bank, Ltd.",2,1,0
60,"Who are the Authorized Signatorys of Mizuho Bank, Ltd.?","Ryan Durkin, Tracy Rahn",2,0,1
60,Who are the Directors of The Bank of Nova Scotia?,"Greg Strauss, Jason Rinne, Oscar Cortez",2,0,1
60,Who are the Managing Directors of Bank of the West?,"Harry Yergey, Michael Maguire, Patrick Hartweger",2,0,1
60,"Who are the Senior Vice Presidents of Capital One, National Association?","Bernadette Collins, Eric H. Williams, Joshua Dearmon, Michael S. Barnett",2,0,1
60,"Who are the Vice Presidents of City National Bank, a national banking association?","Laura Dodd, Lukas Coleman, Susan M. Olsen, Thor O%E2%80%99Connell",2,0,1
60,What are the roles in the agreement of the company where Anthony Galea is employed?,"agents, documentation agent, managing agent",2,0,1
60,What are the roles in the agreement of the company where Stephanie Herndon is employed?,"agents, documentation agent, managing agent",2,0,1
60,What are the roles in the agreement of the company where Tracy Rahn is employed?,"agents, arrangers, documentation agent, lead arranger, lead bookrunner, managing agent",2,0,1
60,What are the roles in the agreement of the company where Ryan Durkin is employed?,"agents, arrangers, documentation agent, lead arranger, lead bookrunner, managing agent",2,0,1
60,What are the roles in the agreement of the company where Greg Strauss is employed?,"agents, arrangers, bookrunners, documentation agent, joint book manager, joint book runner, joint bookrunner, joint bookrunners, joint lead arranger, lead arranger, lead bookrunner, managing agent",2,0,1
60,What are the roles in the agreement of the company where Oscar Cortez is employed?,"agents, arrangers, bookrunners, documentation agent, joint book manager, joint book runner, joint bookrunner, joint bookrunners, joint lead arranger, lead arranger, lead bookrunner, managing agent",2,0,1
60,What are the roles in the agreement of the company where Jason Rinne is employed?,"agents, arrangers, bookrunners, documentation agent, joint book manager, joint book runner, joint bookrunner, joint bookrunners, joint lead arranger, lead arranger, lead bookrunner, managing agent",2,0,1
60,What are the roles in the agreement of the company where Bernadette Collins is employed?,"agents, arrangers, bookrunners, documentation agent, joint book manager, joint book runner, joint bookrunner, joint bookrunners, joint lead arranger, lead arranger, lead bookrunner, managing agent",2,0,1
60,What are the roles in the agreement of the company where Michael S. Barnett is employed?,"agents, arrangers, bookrunners, documentation agent, joint book manager, joint book runner, joint bookrunner, joint bookrunners, joint lead arranger, lead arranger, lead bookrunner, managing agent",2,0,1
60,What are the roles in the agreement of the company where Joshua Dearmon is employed?,"agents, arrangers, bookrunners, documentation agent, joint book manager, joint book runner, joint bookrunner, joint bookrunners, joint lead arranger, lead arranger, lead bookrunner, managing agent",2,0,1
60,What are the roles in the agreement of the company where Eric H. Williams is employed?,"agents, arrangers, bookrunners, documentation agent, joint book manager, joint book runner, joint bookrunner, joint bookrunners, joint lead arranger, lead arranger, lead bookrunner, managing agent",2,0,1
60,"Who is the Senior Vice President and Treasurer of LEIDOS HOLDINGS, INC.?",Marc H. Crown,2,1,0
60,Who is the Assistant Vice President of the company where Michael Maguire is employed?,Caroline Smith,3,0,0
60,Who is the Assistant Vice President of the company where Patrick Hartweger is employed?,Caroline Smith,3,0,0
60,Who is the Assistant Vice President of the company where Harry Yergey is employed?,Caroline Smith,3,0,0
74,"Who are the Authorized Signatorys of CREDIT SUISSE AG, CAYMAN ISLANDS BRANCH?","Christopher Day, Karim Rahimtoola",2,0,1
74,Who are the Managing Directors of SUNTRUST BANK?,"Jon Singer, Nick Hahn",2,0,1
74,"Who are the Managing Directors of SUNTRUST ROBINSON HUMPHREY, INC?","Stacy Moritz, Todd M. Koetje",2,0,1
74,What are the roles in the agreement of the company where Stacy Moritz is employed?,"Arrangers, Bookrunners",2,0,1
74,What are the roles in the agreement of the company where Todd M. Koetje is employed?,"Arrangers, Bookrunners",2,0,1
74,What are the roles in the agreement of the company where Paula C. Gordon is employed?,"Administrative Agent, LC Issuer",2,0,1
74,What are the roles in the agreement of the company where Jeff Kalinowski is employed?,"Administrative Agent, LC Issuer",2,0,1
74,"What are the roles in the agreement of the company associated with 4900 Tiedeman Road; Mail Code: OH-01-49-0362, Brooklyn, Ohio 44144?","Administrative Agent, LC Issuer",2,0,1
74,Who is the Executive Vice President and Secretary of the company which is the Borrower in the agreement?,Christopher T. McKee,2,1,0
74,Who is the Senior Vice President of the company which is the Administrative Agent in the agreement?,Jeff Kalinowski,2,1,0
74,Who is the Senior Vice President of the company which is the Lc Issuer in the agreement?,Jeff Kalinowski,2,1,0
74,"Who is the Senior Vice President of the company associated with 4900 Tiedeman Road%3B Mail Code%3A OH-01-49-0362, Brooklyn, Ohio 44144?",Jeff Kalinowski,3,0,0
74,"Who is the Executive Vice President and Secretary of the company associated with 7900 Tysons One Place, Suite 1450, McLean, VA 22102?",Christopher T. McKee,3,0,0
74,Who is the Executive Vice President and Secretary of the company where Chris McKee is employed?,Christopher T. McKee,3,0,0
74,Who is the Senior Vice President of the company where Paula C. Gordon is employed?,Jeff Kalinowski,3,0,0
48,"Who is the Corporate Secretary and Vice President %E2%80%93 Law %26 Assistant of ENBRIDGE ENERGY PARTNERS, L.P.,?",Chris Kaitson,2,1,0
48,"Who is the Corporate Secretary and Vice President %E2%80%93 Us Law of ENBRIDGE ENERGY PARTNERS, L.P.,?",Chris Kaitson,2,1,0
48,"Who is the Vice President %E2%80%93 Law %26 Assistant and Vice President %E2%80%93 Us Law of ENBRIDGE ENERGY PARTNERS, L.P.,?",Chris Kaitson,2,1,0
48,"Who is the Vice President %E2%80%93 Law %26 Assistant of the company associated with 1100 Louisiana, Suite 3300Houston, TX 77002-5217?",Chris Kaitson,3,0,0
48,"Who is the Vice President %E2%80%93 US Law of the company associated with 1100 Louisiana, Suite 3300Houston, TX 77002-5217?",Chris Kaitson,3,0,0
48,"Who is the Corporate Secretary of the company associated with 1100 Louisiana, Suite 3300Houston, TX 77002-5217?",Chris Kaitson,3,0,0
48,"Who is the Treasurer of the company associated with 1100 Louisiana, Suite 3300Houston, TX 77002-5217?",Jonathan Rose,3,0,0
48,"Who is the Vice President %E2%80%93 Law %26 Assistant of the company associated with C%2FO Enbridge Inc.3000, 425-1stCalgary, Alberta, Canada?",Chris Kaitson,3,0,0
48,"Who is the Vice President %E2%80%93 US Law of the company associated with C%2FO Enbridge Inc.3000, 425-1stCalgary, Alberta, Canada?",Chris Kaitson,3,0,0
48,"Who is the Corporate Secretary of the company associated with C%2FO Enbridge Inc.3000, 425-1stCalgary, Alberta, Canada?",Chris Kaitson,3,0,0
48,"Who is the Treasurer of the company associated with C%2FO Enbridge Inc.3000, 425-1stCalgary, Alberta, Canada?",Jonathan Rose,3,0,0
48,Who is the Corporate Secretary of the company where Jonathan Rose is employed?,Chris Kaitson,3,0,0
48,Who is the Vice President %E2%80%93 Law %26 Assistant of the company where Jonathan Rose is employed?,Chris Kaitson,3,0,0
48,Who is the Vice President %E2%80%93 US Law of the company where Jonathan Rose is employed?,Chris Kaitson,3,0,0
48,Who is the Treasurer of the company where Chris Kaitson is employed?,Jonathan Rose,3,0,0
149,What are the roles in the agreement of the company where Michelle Handy is employed?,"Administrative Agent, Collateral Agent, Lead Arranger",2,0,1
149,"Who is the Executive Vice President and Secretary of XCEL BRANDS, INC.?",Seth Burroughs,2,1,0
149,Who is the Managing Director of the company which is the Administrative Agent in the agreement?,Michelle Handy,2,1,0
149,Who is the Managing Director of the company which is the Lead Arranger in the agreement?,Michelle Handy,2,1,0
149,Who is the Managing Director of the company which is the Collateral Agent in the agreement?,Michelle Handy,2,1,0
161,What role does BMO CAPITAL MARKETS have in the agreement which is not the role of TRUIST BANK?,JOINT-LEAD ARRANGERS,2,1,0
161,What role does THE HUNTINGTON NATIONAL BANK have in the agreement which is not the role of TRUIST BANK?,JOINT-LEAD ARRANGERS,2,1,0
161,What company is the CO-SYNDICATION AGENTS but not the JOINT-LEAD ARRANGERS in the agreement?,TRUIST BANK,2,1,0
161,What company is the CO-SYNDICATION AGENTS but not the Lender in the agreement?,BMO CAPITAL MARKETS,2,1,0
161,Who are the Senior Vice Presidents of FIRST FINANCIAL BANK?,"John Wilgus, Sean Apicella",2,0,1
161,Who are the Vice Presidents of THE HUNTINGTON NATIONAL BANK?,"Joe White, Thomas Z. Schmitt",2,0,1
161,Who are the Directors of TRUIST BANK?,"Jonas Robinson, Ryan Almond",2,0,1
161,What are the roles in the agreement of the company where Joe White is employed?,"CO-SYNDICATION AGENTS, JOINT-LEAD ARRANGERS, Lender",2,0,1
161,What are the roles in the agreement of the company where Thomas Z. Schmitt is employed?,"CO-SYNDICATION AGENTS, JOINT-LEAD ARRANGERS, Lender",2,0,1
161,What are the roles in the agreement of the company where Jonas Robinson is employed?,"CO-SYNDICATION AGENTS, Lender",2,0,1
161,What are the roles in the agreement of the company where Ryan Almond is employed?,"CO-SYNDICATION AGENTS, Lender",2,0,1
161,Who is the Chief Financial Officer of the company which is the Borrower in the agreement?,Raymond J. Pacini,2,1,0
160,"What role does BOFA SECURITIES, INC have in the agreement which is not the role of JPMORGAN CHASE BANK, N.A.?",Joint Bookrunners,2,1,0
160,"What role does MORGAN STANLEY SENIOR FUNDING, INC have in the agreement which is not the role of JPMORGAN CHASE BANK, N.A.?",Joint Bookrunners,2,1,0
160,What company is the Joint Bookrunners but not the Joint Lead Arrangers in the agreement?,JPMORGAN CHASE BANK N.A.,2,1,0
160,"Who are the Vice Presidents of MUFG BANK, LTD.?","Joseph Siri, Martin Corrigan",2,0,1
160,Who are the Directors of TRUIST BANK?,"Amanuel Assefa, Steve Curran",2,0,1
160,What are the roles in the agreement of the company where Helen D. Davis is employed?,"Issuing Bank, Joint Lead Arrangers",2,0,1
148,What role does BNP PARIBAS have in the agreement which is not the role of NATIONAL WESTMINSTER BANK PLC?,Co-Syndication Agents,2,1,0
148,What role does BNP PARIBAS have in the agreement which is not the role of THE BANK OF NOVA SCOTIA?,Co-Syndication Agents,2,1,0
148,What role does BNP PARIBAS have in the agreement which is not the role of U.S. BANK NATIONAL ASSOCIATION?,Co-Syndication Agents,2,1,0
148,What role does BNP PARIBAS have in the agreement which is not the role of BANK OF AMERICA?,Co-Syndication Agents,2,1,0
148,What role does NATIONAL WESTMINSTER BANK PLC have in the agreement which is not the role of TD BANK?,Documentation Agents,2,1,0
148,What role does NATIONAL WESTMINSTER BANK PLC have in the agreement which is not the role of BANK OF AMERICA?,Documentation Agents,2,1,0
148,What role does THE BANK OF NOVA SCOTIA have in the agreement which is not the role of TD BANK?,Documentation Agents,2,1,0
148,What role does THE BANK OF NOVA SCOTIA have in the agreement which is not the role of BANK OF AMERICA?,Documentation Agents,2,1,0
148,What role does U.S. BANK NATIONAL ASSOCIATION have in the agreement which is not the role of TD BANK?,Documentation Agents,2,1,0
148,What role does U.S. BANK NATIONAL ASSOCIATION have in the agreement which is not the role of BANK OF AMERICA?,Documentation Agents,2,1,0
148,What role does TD BANK have in the agreement which is not the role of BANK OF AMERICA?,Co-Syndication Agents,2,1,0
148,What company is the Joint Lead Arrangers but not the Joint Bookrunners in the agreement?,BNP PARIBAS SECURITIES CORP,2,1,0
148,Who are the Managing Directors of BNP PARIBAS?,"Greg Strauss, P. Nicholas Rogers",2,0,1
148,Who are the Senior Vice Presidents of TD BANK?,"Emily Chott, Jonathan F. Lindvall, R. Ruining Nguyen",2,0,1
148,Who are the Vice Presidents of BANK OF AMERICA?,"Karim Remtoula, Liliana Claar, Meng Zhang, Rumesha Ahmed, Will Hicks",2,0,1
148,Who are the Directors of BANK OF AMERICA?,"Craig Malloy, Jonathan Eady, Katherine Bass, Mukesh Singh, Todd Kennedy",2,0,1
148,What are the roles in the agreement of the company where Greg Strauss is employed?,"Co-Syndication Agents, Lender",2,0,1
148,What are the roles in the agreement of the company where P. Nicholas Rogers is employed?,"Co-Syndication Agents, Lender",2,0,1
148,What are the roles in the agreement of the company where Emily Chott is employed?,"Co-Syndication Agents, Lender",2,0,1
148,What are the roles in the agreement of the company where R. Ruining Nguyen is employed?,"Co-Syndication Agents, Lender",2,0,1
148,What are the roles in the agreement of the company where Jonathan F. Lindvall is employed?,"Co-Syndication Agents, Lender",2,0,1
148,What are the roles in the agreement of the company where Rumesha Ahmed is employed?,"Administrative Agent, Lender",2,0,1
148,What are the roles in the agreement of the company where Will Hicks is employed?,"Administrative Agent, Lender",2,0,1
148,What are the roles in the agreement of the company where Katherine Bass is employed?,"Administrative Agent, Lender",2,0,1
148,What are the roles in the agreement of the company where Craig Malloy is employed?,"Administrative Agent, Lender",2,0,1
148,What are the roles in the agreement of the company where Jonathan Eady is employed?,"Administrative Agent, Lender",2,0,1
148,What are the roles in the agreement of the company where Mukesh Singh is employed?,"Administrative Agent, Lender",2,0,1
148,What are the roles in the agreement of the company where Liliana Claar is employed?,"Administrative Agent, Lender",2,0,1
148,What are the roles in the agreement of the company where Karim Remtoula is employed?,"Administrative Agent, Lender",2,0,1
148,What are the roles in the agreement of the company where Meng Zhang is employed?,"Administrative Agent, Lender",2,0,1
148,What are the roles in the agreement of the company where Todd Kennedy is employed?,"Administrative Agent, Lender",2,0,1
148,Who is the Chief Financial Officer of the company which is the Borrowers in the agreement?,Kevin Berryman,2,1,0
49,"What are the roles in the agreement of the company associated with 1231 S. Gerhart Avenue\n\nCommerce, CA 90022?","Administrative, Borrower",2,0,1
49,"Who is the Chief Executive and Chief Executive Officer of MARCO BRUNELLI IP, LLC?",Michael Buckley,2,1,0
75,"What are the roles in the agreement of the company associated with 270 Park Avenue, 43rd Floor,?","Sole Bookrunner, Sole Lead Arranger",2,0,1
75,Who is the Chief Financial Officer of the company which is the Borrower in the agreement?,Karl Johnsen,2,1,0
75,Who is the Vice President of the company which is the Administrative Agent in the agreement?,Justin B. Kelley,2,1,0
75,"Who is the Vice President of the company associated with 10 South Dearborn Street, Chicago, Illinois 60603?",Justin B. Kelley,3,0,0
75,"Who is the Chief Financial Officer of the company associated with 20 Crosby Drive, Bedford, MA 01730?",Karl Johnsen,3,0,0
61,"Who are the Vice Presidents of BANK OF AMERICA, N.A.?","Amanuel Assefa, Bridgett J. Manduk-Mowry, Christopher Shafto, Jim Cahow, Liz Cheng, Marko Lukin",2,0,1
61,What are the roles in the agreement of the company where Liz Cheng is employed?,"Agent, Lender",2,0,1
61,What are the roles in the agreement of the company where Jim Cahow is employed?,"Agent, Lender",2,0,1
61,What are the roles in the agreement of the company where Amanuel Assefa is employed?,"Agent, Lender",2,0,1
61,What are the roles in the agreement of the company where Bridgett J. Manduk-Mowry is employed?,"Agent, Lender",2,0,1
61,What are the roles in the agreement of the company where Christopher Shafto is employed?,"Agent, Lender",2,0,1
61,What are the roles in the agreement of the company where Marko Lukin is employed?,"Agent, Lender",2,0,1
61,"Who is the Treasurer and Vice President, Tax %26 Treasury of CITRIX SYSTEMS, INC.?",Brian L. Shytle,2,1,0
61,Who is the Director of the company which is the Agent in the agreement?,Jim Cahow,2,1,0
61,Who is the Director of the company where Liz Cheng is employed?,Jim Cahow,3,0,0
61,Who is the Director of the company where Amanuel Assefa is employed?,Jim Cahow,3,0,0
61,Who is the Director of the company where Bridgett J. Manduk-Mowry is employed?,Jim Cahow,3,0,0
61,Who is the Director of the company where Christopher Shafto is employed?,Jim Cahow,3,0,0
61,Who is the Director of the company where Marko Lukin is employed?,Jim Cahow,3,0,0
77,What role does BANK OF AMERICA have in the agreement which is not the role of U.S. BANK NATIONAL ASSOCIATION?,Co-Syndication Agent,2,1,0
77,What role does BANK OF AMERICA have in the agreement which is not the role of GOLDMAN SACHS BANK USA?,Co-Syndication Agent,2,1,0
77,What role does BANK OF AMERICA have in the agreement which is not the role of JPMORGAN CHASE BANK?,Co-Syndication Agent,2,1,0
77,What role does SUNTRUST BANK have in the agreement which is not the role of U.S. BANK NATIONAL ASSOCIATION?,Co-Syndication Agent,2,1,0
77,What role does SUNTRUST BANK have in the agreement which is not the role of GOLDMAN SACHS BANK USA?,Co-Syndication Agent,2,1,0
77,What role does SUNTRUST BANK have in the agreement which is not the role of JPMORGAN CHASE BANK?,Co-Syndication Agent,2,1,0
77,What role does U.S. BANK NATIONAL ASSOCIATION have in the agreement which is not the role of JPMORGAN CHASE BANK?,Co-Documentation Agent,2,1,0
77,"What role does U.S. BANK NATIONAL ASSOCIATION have in the agreement which is not the role of WELLS FARGO BANK, NATIONAL ASSOCIATION?",Co-Documentation Agent,2,1,0
77,What role does GOLDMAN SACHS BANK USA have in the agreement which is not the role of JPMORGAN CHASE BANK?,Co-Documentation Agent,2,1,0
77,"What role does GOLDMAN SACHS BANK USA have in the agreement which is not the role of WELLS FARGO BANK, NATIONAL ASSOCIATION?",Co-Documentation Agent,2,1,0
77,Who are the Senior Vice Presidents of HANCOCK BANK?,"David C. Mruk, Kenneth C. Misemer, Mark Hardison",2,0,1
77,"Who are the Directors of WELLS FARGO BANK, NATIONAL ASSOCIATION?","Katherine Bass, Matthew Olson, Teuta Ghilaga",2,0,1
77,What are the roles in the agreement of the company where Rebecca Kratz is employed?,"Co-Documentation Agent, Lender",2,0,1
77,What are the roles in the agreement of the company where Hector J. Varona is employed?,"Administrative Agent, Issuing Bank, Lender",2,0,1
77,What are the roles in the agreement of the company where Katherine Bass is employed?,"Co-Syndication Agent, Lender",2,0,1
77,What are the roles in the agreement of the company where Teuta Ghilaga is employed?,"Co-Syndication Agent, Lender",2,0,1
77,What are the roles in the agreement of the company where Matthew Olson is employed?,"Co-Syndication Agent, Lender",2,0,1
77,"What are the roles in the agreement of the company associated with 10 South Dearborn Street\nChicago, Illinois 60603?","Administrative Agent, Issuing Bank, Lender",2,0,1
77,"Who is the Administrative Officer and Chief Legal of WELLCARE HEALTH PLANS, INC?",Blair W. Todt,2,1,0
77,"Who is the Administrative Officer and Secretary of WELLCARE HEALTH PLANS, INC?",Blair W. Todt,2,1,0
77,"Who is the Administrative Officer and Senior Vice President of WELLCARE HEALTH PLANS, INC?",Blair W. Todt,2,1,0
77,"Who is the Chief Legal and Secretary of WELLCARE HEALTH PLANS, INC?",Blair W. Todt,2,1,0
77,"Who is the Chief Legal and Senior Vice President of WELLCARE HEALTH PLANS, INC?",Blair W. Todt,2,1,0
77,"Who is the Secretary and Senior Vice President of WELLCARE HEALTH PLANS, INC?",Blair W. Todt,2,1,0
77,Who is the Executive Director of the company which is the Administrative Agent in the agreement?,Hector J. Varona,2,1,0
77,Who is the Executive Director of the company which is the Issuing Bank in the agreement?,Hector J. Varona,2,1,0
77,"Who is the Executive Director of the company associated with 10 South Dearborn StreetChicago, Illinois 60603?",Hector J. Varona,3,0,0
88,What are the roles in the agreement of the company where Westley White is employed?,"Agent, Issuing Bank, Lender, Swing Line Lender",2,0,1
88,"What are the roles in the agreement of the company associated with 445 S. Figueroa Street, Floor 10\n\nLos Angeles, CA 90071?","Agent, Issuing Bank, Lender, Swing Line Lender",2,0,1
88,"Who is the Chief Financial Officer and President of j2 CLOUD SERVICES, LLC?",R. Scott Turicchi,2,1,0
88,Who is the Director of the company which is the Swing Line Lender in the agreement?,Westley White,2,1,0
88,Who is the Director of the company which is the Lender in the agreement?,Westley White,2,1,0
88,Who is the Director of the company which is the Issuing Bank in the agreement?,Westley White,2,1,0
88,Who is the Director of the company which is the Agent in the agreement?,Westley White,2,1,0
88,"Who is the Director of the company associated with 445 S. Figueroa Street, Floor 10Los Angeles, CA 90071?",Westley White,3,0,0
88,"Who is the Chief Financial Officer of the company associated with 6922 Hollywood Blvd., Suite 500Los Angeles, CA 90028?",R. Scott Turicchi,3,0,0
88,"Who is the President of the company associated with 6922 Hollywood Blvd., Suite 500Los Angeles, CA 90028?",R. Scott Turicchi,3,0,0
88,Who is the Chief Financial Officer of the company where Steve Dunn is employed?,R. Scott Turicchi,3,0,0
88,Who is the President of the company where Steve Dunn is employed?,R. Scott Turicchi,3,0,0
88,Who is the Chief Financial Officer of the company where Jeremy Rossen is employed?,R. Scott Turicchi,3,0,0
88,Who is the President of the company where Jeremy Rossen is employed?,R. Scott Turicchi,3,0,0
162,What is the position held by Mark D. Andrews but not by Michael J. Niedermaier?,Corporate Secretary,1,2,0
162,What is the position held by Michael J. Niedermaier but not by Michael Rasmuson?,President,1,2,0
162,"What role does CITIBANK, N.A have in the agreement which is not the role of WELLS FARGO SECURITIES, LLC?",Administrative Agent,2,1,0
162,"Who are the Vice Presidents of MORGAN STANLEY SENIOR FUNDING, INC.?","Ivan Davey, Michael King",2,0,1
162,"Who are the Secretarys of NABORS ALASKA DRILLING, INC.?","Michael J. Niedermaier, Michael Rasmuson",2,0,1
162,"Who is the Corporate Secretary and President of NABORS INDUSTRIES LTD.,?",Mark D. Andrews,2,1,0
162,"Who is the Chief Compliance Officer and General Counsel of NABORS ALASKA DRILLING, INC.?",Michael Rasmuson,2,1,0
162,"Who is the Chief Compliance Officer and Senior Vice President of NABORS ALASKA DRILLING, INC.?",Michael Rasmuson,2,1,0
162,"Who is the General Counsel and Senior Vice President of NABORS ALASKA DRILLING, INC.?",Michael Rasmuson,2,1,0
162,Who is the President of the company where Michael Rasmuson is employed?,Michael J. Niedermaier,3,0,0
162,Who is the Chief Compliance Officer of the company where Michael J. Niedermaier is employed?,Michael Rasmuson,3,0,0
162,Who is the General Counsel of the company where Michael J. Niedermaier is employed?,Michael Rasmuson,3,0,0
162,Who is the Senior Vice President of the company where Michael J. Niedermaier is employed?,Michael Rasmuson,3,0,0
163,What are the roles in the agreement of the company where David Tepper is employed?,"Administrative Agent, Issuing Bank, Lender, Swingline Lender",2,0,1
163,Who is the Chief Financial Officer of the company which is the Borrower in the agreement?,Brian M. Carolan,2,1,0
163,Who is the Vice President of the company which is the Lender in the agreement?,David Tepper,2,1,0
163,Who is the Vice President of the company which is the Administrative Agent in the agreement?,David Tepper,2,1,0
163,Who is the Vice President of the company which is the Issuing Bank in the agreement?,David Tepper,2,1,0
163,Who is the Vice President of the company which is the Swingline Lender in the agreement?,David Tepper,2,1,0
89,"Who are the Chief Financial Officers of AGILITI SURGICAL, INC.?","Charles P. Holden, James B. Pekarek",2,0,1
89,"Who are the CFOs of AGILITI HEALTH, INC.?","James Pekarek, Matthew McCabe",2,0,1
89,What are the roles in the agreement of the company where Leonida Mischke is employed?,"Administrative Agent, Arrangers, Bookrunners",2,0,1
89,What are the roles in the agreement of the company where Sabir Hashmy is employed?,"Administrative Agent, Arrangers, Bookrunners",2,0,1
89,"What are the roles in the agreement of the company associated with 10 S. Dearborn\n\nChicago, IL 60603?","Administrative Agent, Arrangers, Bookrunners, Joint, Joint Lead",2,0,1
89,"Who is the General Counsel and Svp of AGILITI HEALTH, INC.?",Lee Neumann,2,1,0
89,"Who is the General Counsel and Treasurer of AGILITI HEALTH, INC.?",Lee Neumann,2,1,0
89,"Who is the General Counsel and Vp Finance of AGILITI HEALTH, INC.?",Lee Neumann,2,1,0
89,"Who is the Svp and Treasurer of AGILITI HEALTH, INC.?",Lee Neumann,2,1,0
89,"Who is the Svp and Vp Finance of AGILITI HEALTH, INC.?",Lee Neumann,2,1,0
89,"Who is the Treasurer and Vp Finance of AGILITI HEALTH, INC.?",Lee Neumann,2,1,0
89,Who is the Managing Director of the company which is the Administrative Agent in the agreement?,Sabir Hashmy,2,1,0
89,"Who is the Managing Director of the company associated with 10 S. DearbornChicago, IL 60603?",Sabir Hashmy,3,0,0
89,"Who is the General Counsel of the company associated with 6625 West 78th Street, Suite 300Minneapolis, MN 55439?",Lee Neumann,3,0,0
89,"Who is the VP Finance of the company associated with 6625 West 78th Street, Suite 300Minneapolis, MN 55439?",Lee Neumann,3,0,0
89,"Who is the Treasurer of the company associated with 6625 West 78th Street, Suite 300Minneapolis, MN 55439?",Lee Neumann,3,0,0
89,"Who is the SVP of the company associated with 6625 West 78th Street, Suite 300Minneapolis, MN 55439?",Lee Neumann,3,0,0
89,Who is the Managing Director of the company where James B. Pekarek is employed?,Charles P. Holden,3,0,0
89,Who is the General Counsel of the company where James Pekarek is employed?,Lee Neumann,3,0,0
89,Who is the SVP of the company where James Pekarek is employed?,Lee Neumann,3,0,0
89,Who is the Treasurer of the company where James Pekarek is employed?,Lee Neumann,3,0,0
89,Who is the VP Finance of the company where James Pekarek is employed?,Lee Neumann,3,0,0
89,Who is the General Counsel of the company where Matthew McCabe is employed?,Lee Neumann,3,0,0
89,Who is the SVP of the company where Matthew McCabe is employed?,Lee Neumann,3,0,0
89,Who is the Treasurer of the company where Matthew McCabe is employed?,Lee Neumann,3,0,0
89,Who is the VP Finance of the company where Matthew McCabe is employed?,Lee Neumann,3,0,0
89,Who is the Managing Director of the company where Leonida Mischke is employed?,Sabir Hashmy,3,0,0
62,"Who are the Authorized Signatorys of THE TORONTO DOMINION BANK, NEW YORK BRANCH?","Annie Dorval, Brian MacFarlane",2,0,1
62,What are the roles in the agreement of the company where Pradeep Mehra is employed?,"Arranger, Bookrunner",2,0,1
62,"Who is the Chief Financial Officer and Senior Vice President of MICHIGAN ELECTRIC TRANSMISSION COMPANY, LLC?",Gretchen L. Holloway,2,1,0
62,Who is the Managing Director of the company which is the Bookrunner in the agreement?,Pradeep Mehra,2,1,0
76,What are the roles in the agreement of the company where Jonathon Rauen is employed?,"Administrative Agent, Arrangers, Bookrunners, Collateral Agent",2,0,1
76,Who is the Chief  Financial Officer and Executive Vice President of MICROSEMI CORPORATION?,John W. Hohener,2,1,0
76,Who is the Chief  Financial Officer and Secretary of MICROSEMI CORPORATION?,John W. Hohener,2,1,0
76,Who is the Chief  Financial Officer and Treasurer of MICROSEMI CORPORATION?,John W. Hohener,2,1,0
76,Who is the Executive Vice President and Secretary of MICROSEMI CORPORATION?,John W. Hohener,2,1,0
76,Who is the Executive Vice President and Treasurer of MICROSEMI CORPORATION?,John W. Hohener,2,1,0
76,Who is the Secretary and Treasurer of MICROSEMI CORPORATION?,John W. Hohener,2,1,0
76,Who is the Authorized Signatory of the company which is the Administrative Agent in the agreement?,Jonathon Rauen,2,1,0
76,Who is the Authorized Signatory of the company which is the Collateral Agent in the agreement?,Jonathon Rauen,2,1,0
72,"What role does GOLDMAN SACHS BANK USA have in the agreement which is not the role of WELLS FARGO SECURITIES, LLC?",Syndication Agents,2,1,0
72,What role does GOLDMAN SACHS BANK USA have in the agreement which is not the role of CITIGROUP GLOBAL MARKETS INC?,Syndication Agents,2,1,0
72,What company is the Syndication Agents but not the Arrangers in the agreement?,"WELLS FARGO BANK, NATIONAL ASSOCIATION",2,1,0
72,What company is the Syndication Agents but not the Book Runners in the agreement?,"WELLS FARGO BANK, NATIONAL ASSOCIATION",2,1,0
72,What are the roles in the agreement of the company where Ryan Durkin is employed?,"Arrangers, Book Runners, Syndication Agents",2,0,1
72,What are the roles in the agreement of the company where Kay Reedy is employed?,"Arrangers, Book Runners",2,0,1
72,What are the roles in the agreement of the company where John Summers is employed?,"Arrangers, Book Runners",2,0,1
72,"What are the roles in the agreement of the company associated with 25 Canada Square\n\nCanary Wharf\n\nLondon, England E14 5LB?","Arrangers, Book Runners, Lead",2,0,1
72,"Who is the Treasurer and Vice President of STANLEY BLACK %26 DECKER, INC?",Craig A. Douglas,2,1,0
72,Who is the Vice President of the company which is the Administrative Agent in the agreement?,Carolyn Kee,2,1,0
72,"Who is the Vice President of the company associated with 1000 Stanley DriveNew Britain, Connecticut 06053?",Craig A. Douglas,3,0,0
72,"Who is the Treasurer of the company associated with 1000 Stanley DriveNew Britain, Connecticut 06053?",Craig A. Douglas,3,0,0
72,"Who is the Assistant Vice President of the company associated with 25 Canada SquareCanary WharfLondon, England E14 5LB?",John Summers,3,0,0
72,"Who is the Vice President of the company associated with Building %2331615 Brett RoadNew Castle, DE 19720?",Carolyn Kee,3,0,0
72,What is the address of UK Branch of the company where John Summers is employed?,"25 Canada SquareCanary WharfLondon, England E14 5LB",3,0,0
66,What roles do both BNP Paribas Securities Corp. and Bank of the West have in the agreement?,"Agents, arranger, arrangers, book manager, book runner, bookrunner, bookrunners, lead arranger",1,1,1
66,What roles do both BNP Paribas Securities Corp. and Barclays Bank PLC have in the agreement?,"Agents, arranger, arrangers, book manager, book runner, bookrunner, bookrunners, lead arranger",1,1,1
66,"What roles do both BNP Paribas Securities Corp. and BofA Securities, Inc. have in the agreement?","Agents, arranger, arrangers, book manager, book runner, bookrunner, bookrunners, lead arranger",1,1,1
66,What roles do both BNP Paribas Securities Corp. and Citigroup Global Markets Inc. have in the agreement?,"Agents, arranger, arrangers, book manager, book runner, bookrunner, bookrunners, lead arranger",1,1,1
66,"What roles do both BNP Paribas Securities Corp. and KeyBanc Capital Markets, Inc. have in the agreement?","arranger, arrangers, book manager, book runner, bookrunner, bookrunners, lead arranger",1,1,1
66,What roles do both BNP Paribas Securities Corp. and U.S. Bank National Association have in the agreement?,"Agents, arranger, arrangers, book manager, book runner, bookrunner, bookrunners, lead arranger",1,1,1
66,"What roles do both BNP Paribas Securities Corp. and Wells Fargo Securities, LLC have in the agreement?","arranger, arrangers, book manager, book runner, bookrunner, bookrunners, lead arranger",1,1,1
66,"What roles do both BNP Paribas Securities Corp. and MUFG Bank, Ltd. have in the agreement?","Agents, arranger, arrangers, book manager, book runner, bookrunner, bookrunners, lead arranger",1,1,1
66,What roles do both Bank of the West and Barclays Bank PLC have in the agreement?,"Agents, arranger, arrangers, book manager, book runner, bookrunner, bookrunners, lead arranger",1,1,1
66,"What roles do both Bank of the West and BofA Securities, Inc. have in the agreement?","Agents, arranger, arrangers, book manager, book runner, bookrunner, bookrunners, lead arranger",1,1,1
66,What roles do both Bank of the West and Citigroup Global Markets Inc. have in the agreement?,"Agents, arranger, arrangers, book manager, book runner, bookrunner, bookrunners, lead arranger",1,1,1
66,"What roles do both Bank of the West and KeyBanc Capital Markets, Inc. have in the agreement?","arranger, arrangers, book manager, book runner, bookrunner, bookrunners, lead arranger",1,1,1
66,What roles do both Bank of the West and U.S. Bank National Association have in the agreement?,"Agents, arranger, arrangers, book manager, book runner, bookrunner, bookrunners, lead arranger",1,1,1
66,"What roles do both Bank of the West and Wells Fargo Securities, LLC have in the agreement?","arranger, arrangers, book manager, book runner, bookrunner, bookrunners, lead arranger",1,1,1
66,"What roles do both Bank of the West and MUFG Bank, Ltd. have in the agreement?","Agents, arranger, arrangers, book manager, book runner, bookrunner, bookrunners, lead arranger",1,1,1
66,"What roles do both Barclays Bank PLC and BofA Securities, Inc. have in the agreement?","Agents, arranger, arrangers, book manager, book runner, bookrunner, bookrunners, lead arranger",1,1,1
66,What roles do both Barclays Bank PLC and Citigroup Global Markets Inc. have in the agreement?,"Agents, arranger, arrangers, book manager, book runner, bookrunner, bookrunners, lead arranger",1,1,1
66,"What roles do both Barclays Bank PLC and KeyBanc Capital Markets, Inc. have in the agreement?","arranger, arrangers, book manager, book runner, bookrunner, bookrunners, lead arranger",1,1,1
66,What roles do both Barclays Bank PLC and U.S. Bank National Association have in the agreement?,"Agents, arranger, arrangers, book manager, book runner, bookrunner, bookrunners, lead arranger",1,1,1
66,"What roles do both Barclays Bank PLC and Wells Fargo Securities, LLC have in the agreement?","arranger, arrangers, book manager, book runner, bookrunner, bookrunners, lead arranger",1,1,1
66,"What roles do both Barclays Bank PLC and MUFG Bank, Ltd. have in the agreement?","Agents, arranger, arrangers, book manager, book runner, bookrunner, bookrunners, lead arranger",1,1,1
66,"What roles do both BofA Securities, Inc. and Citigroup Global Markets Inc. have in the agreement?","Agents, arranger, arrangers, book manager, book runner, bookrunner, bookrunners, lead arranger",1,1,1
66,"What roles do both BofA Securities, Inc. and KeyBanc Capital Markets, Inc. have in the agreement?","arranger, arrangers, book manager, book runner, bookrunner, bookrunners, lead arranger",1,1,1
66,"What roles do both BofA Securities, Inc. and U.S. Bank National Association have in the agreement?","Agents, arranger, arrangers, book manager, book runner, bookrunner, bookrunners, lead arranger",1,1,1
66,"What roles do both BofA Securities, Inc. and Wells Fargo Securities, LLC have in the agreement?","arranger, arrangers, book manager, book runner, bookrunner, bookrunners, lead arranger",1,1,1
66,"What roles do both BofA Securities, Inc. and MUFG Bank, Ltd. have in the agreement?","Agents, arranger, arrangers, book manager, book runner, bookrunner, bookrunners, lead arranger",1,1,1
66,"What roles do both Citigroup Global Markets Inc. and KeyBanc Capital Markets, Inc. have in the agreement?","arranger, arrangers, book manager, book runner, bookrunner, bookrunners, lead arranger",1,1,1
66,What roles do both Citigroup Global Markets Inc. and U.S. Bank National Association have in the agreement?,"Agents, arranger, arrangers, book manager, book runner, bookrunner, bookrunners, lead arranger",1,1,1
66,"What roles do both Citigroup Global Markets Inc. and Wells Fargo Securities, LLC have in the agreement?","arranger, arrangers, book manager, book runner, bookrunner, bookrunners, lead arranger",1,1,1
66,"What roles do both Citigroup Global Markets Inc. and MUFG Bank, Ltd. have in the agreement?","Agents, arranger, arrangers, book manager, book runner, bookrunner, bookrunners, lead arranger",1,1,1
66,"What roles do both KeyBanc Capital Markets, Inc. and U.S. Bank National Association have in the agreement?","arranger, arrangers, book manager, book runner, bookrunner, bookrunners, lead arranger",1,1,1
66,"What roles do both KeyBanc Capital Markets, Inc. and Wells Fargo Securities, LLC have in the agreement?","arranger, arrangers, book manager, book runner, bookrunner, bookrunners, lead arranger",1,1,1
66,"What roles do both KeyBanc Capital Markets, Inc. and MUFG Bank, Ltd. have in the agreement?","arranger, arrangers, book manager, book runner, bookrunner, bookrunners, lead arranger",1,1,1
66,"What roles do both U.S. Bank National Association and Wells Fargo Securities, LLC have in the agreement?","arranger, arrangers, book manager, book runner, bookrunner, bookrunners, lead arranger",1,1,1
66,"What roles do both U.S. Bank National Association and MUFG Bank, Ltd. have in the agreement?","Agents, arranger, arrangers, book manager, book runner, bookrunner, bookrunners, lead arranger",1,1,1
66,"What roles do both Wells Fargo Securities, LLC and MUFG Bank, Ltd. have in the agreement?","arranger, arrangers, book manager, book runner, bookrunner, bookrunners, lead arranger",1,1,1
66,Which companies are both the lead arranger and the joint bookrunners in the agreement?,"BNP Paribas Securities Corp., Bank of the West, Barclays Bank PLC, BofA Securities, Inc., Citigroup Global Markets Inc., KeyBanc Capital Markets, Inc., MUFG Bank, Ltd., U.S. Bank National Association, Wells Fargo Securities, LLC",1,1,1
66,Which companies are both the lead bookrunner and the joint bookrunners in the agreement?,"BNP Paribas Securities Corp., Bank of the West, Barclays Bank PLC, BofA Securities, Inc., Citigroup Global Markets Inc., KeyBanc Capital Markets, Inc., MUFG Bank, Ltd., U.S. Bank National Association, Wells Fargo Securities, LLC",1,1,1
66,Which companies are both the lead arranger and the joint lead arranger in the agreement?,"BNP Paribas Securities Corp., Bank of the West, Barclays Bank PLC, BofA Securities, Inc., Citigroup Global Markets Inc., KeyBanc Capital Markets, Inc., MUFG Bank, Ltd., U.S. Bank National Association, Wells Fargo Securities, LLC",1,1,1
66,Which companies are both the lead bookrunner and the joint lead arranger in the agreement?,"BNP Paribas Securities Corp., Bank of the West, Barclays Bank PLC, BofA Securities, Inc., Citigroup Global Markets Inc., KeyBanc Capital Markets, Inc., MUFG Bank, Ltd., U.S. Bank National Association, Wells Fargo Securities, LLC",1,1,1
66,Which companies are both the lead arranger and the joint bookrunner in the agreement?,"BNP Paribas Securities Corp., Bank of the West, Barclays Bank PLC, BofA Securities, Inc., Citigroup Global Markets Inc., KeyBanc Capital Markets, Inc., MUFG Bank, Ltd., U.S. Bank National Association, Wells Fargo Securities, LLC",1,1,1
66,Which companies are both the lead arranger and the joint book runner in the agreement?,"BNP Paribas Securities Corp., Bank of the West, Barclays Bank PLC, BofA Securities, Inc., Citigroup Global Markets Inc., KeyBanc Capital Markets, Inc., MUFG Bank, Ltd., U.S. Bank National Association, Wells Fargo Securities, LLC",1,1,1
66,Which companies are both the lead arranger and the joint book manager in the agreement?,"BNP Paribas Securities Corp., Bank of the West, Barclays Bank PLC, BofA Securities, Inc., Citigroup Global Markets Inc., KeyBanc Capital Markets, Inc., MUFG Bank, Ltd., U.S. Bank National Association, Wells Fargo Securities, LLC",1,1,1
66,Which companies are both the joint book runner and the lead bookrunner in the agreement?,"BNP Paribas Securities Corp., Bank of the West, Barclays Bank PLC, BofA Securities, Inc., Citigroup Global Markets Inc., KeyBanc Capital Markets, Inc., MUFG Bank, Ltd., U.S. Bank National Association, Wells Fargo Securities, LLC",1,1,1
66,Which companies are both the joint book manager and the lead bookrunner in the agreement?,"BNP Paribas Securities Corp., Bank of the West, Barclays Bank PLC, BofA Securities, Inc., Citigroup Global Markets Inc., KeyBanc Capital Markets, Inc., MUFG Bank, Ltd., U.S. Bank National Association, Wells Fargo Securities, LLC",1,1,1
66,"What role does BNP Paribas Securities Corp. have in the agreement which is not the role of KeyBanc Capital Markets, Inc.?",Agents,2,1,0
66,"What role does BNP Paribas Securities Corp. have in the agreement which is not the role of Wells Fargo Securities, LLC?",Agents,2,1,0
66,"What role does Bank of the West have in the agreement which is not the role of KeyBanc Capital Markets, Inc.?",Agents,2,1,0
66,"What role does Bank of the West have in the agreement which is not the role of Wells Fargo Securities, LLC?",Agents,2,1,0
66,"What role does Barclays Bank PLC have in the agreement which is not the role of KeyBanc Capital Markets, Inc.?",Agents,2,1,0
66,"What role does Barclays Bank PLC have in the agreement which is not the role of Wells Fargo Securities, LLC?",Agents,2,1,0
66,"What role does BofA Securities, Inc. have in the agreement which is not the role of KeyBanc Capital Markets, Inc.?",Agents,2,1,0
66,"What role does BofA Securities, Inc. have in the agreement which is not the role of Wells Fargo Securities, LLC?",Agents,2,1,0
66,"What role does Citigroup Global Markets Inc. have in the agreement which is not the role of KeyBanc Capital Markets, Inc.?",Agents,2,1,0
66,"What role does Citigroup Global Markets Inc. have in the agreement which is not the role of Wells Fargo Securities, LLC?",Agents,2,1,0
66,"What role does U.S. Bank National Association have in the agreement which is not the role of Wells Fargo Securities, LLC?",Agents,2,1,0
66,"What role does Citibank N.A. have in the agreement which is not the role of MUFG Bank, Ltd.?",Revolver,2,1,0
66,"What role does Citibank N.A. have in the agreement which is not the role of Wells Fargo Bank, National Association?",Revolver,2,1,0
66,What company is the Agents but not the arrangers in the agreement?,KeyBanc Capital Markets,2,1,0
66,What company is the Agents but not the joint bookrunners in the agreement?,KeyBanc Capital Markets,2,1,0
66,"Who are the Vice Presidents of KEYBANK, NATIONAL ASSOCIATION?","Ben Snodgrass, Tanille Ingle",2,0,1
66,"Who are the Directors of MUFG Bank, Ltd.?","Cecile Segovia, Kevin Wood",2,0,1
66,"Who are the Managing Directors of Wells Fargo Bank, National Association?","Darin Mullis, Erin Robinson",2,0,1
66,Who are the Senior Vice Presidents of U.S. BANK NATIONAL ASSOCIATION?,"Bret Douglas, Joseph D. Hricovsky, Kathryn E. Benjamin, Kristie Li, Tom Priedeman",2,0,1
66,What are the roles in the agreement of the company where James Riley is employed?,"Lender, Revolver",2,0,1
66,What are the roles in the agreement of the company where Kevin Wood is employed?,"Agents, Lender, arrangers, bookrunners, joint book manager, joint book runner, joint bookrunner, joint bookrunners, joint lead arranger, lead arranger, lead bookrunner",2,0,1
66,What are the roles in the agreement of the company where Cecile Segovia is employed?,"Agents, Lender, arrangers, bookrunners, joint book manager, joint book runner, joint bookrunner, joint bookrunners, joint lead arranger, lead arranger, lead bookrunner",2,0,1
66,What are the roles in the agreement of the company where Darin Mullis is employed?,"Agent, Lender",2,0,1
66,What are the roles in the agreement of the company where Erin Robinson is employed?,"Agent, Lender",2,0,1
66,"Who is the Director and Svp of Bank of America, N.A.?",Ronnie Glenn,2,1,0
66,"Who is the Cfo and Treasurer of ICU Medical, Inc.?",Brian M. Bonnell,2,1,0
66,"Who is the Cfo and Treasurer of EXC HOLDING CORP.TANGENT MEDICAL TECHNOLOGIES, INC.EXCELSIOR MEDICAL CORPORATIONICU WORLD, INC.?",Brian M. Bonnell,2,1,0
66,Who is the Authorized Signer of the company which is the Revolver in the agreement?,James Riley,2,1,0
99,What roles do both CO%C3%96PERATIEVE CENTRALE RAIFFEISEN-BOERENLEENBANK B.A. and RABOBANK NEDERLAND have in the agreement?,"Agent, Arrangers, Bookrunners",1,1,1
99,What is the position held by Doug Couvillion but not by Nick Flanagan?,Treasurer,1,2,0
99,"What role does CO%C3%96PERATIEVE CENTRALE RAIFFEISEN-BOERENLEENBANK B.A. have in the agreement which is not the role of MERRILL LYNCH, PIERCE, FENNER %26 SMITH INCORPORATED?",Agent,2,1,0
99,"What role does CO%C3%96PERATIEVE CENTRALE RAIFFEISEN-BOERENLEENBANK B.A. have in the agreement which is not the role of WELLS FARGO SECURITIES, LLC?",Agent,2,1,0
99,"What role does RABOBANK NEDERLAND have in the agreement which is not the role of WELLS FARGO SECURITIES, LLC?",Agent,2,1,0
99,"Who are the Presidents of CBOCS PROPERTIES, INC.?","Doug Couvillion, S. Victoria Harvey",2,0,1
99,Who are the Managing Directors of REGIONS BANK?,"Adriaan Weststrate, Scott C. Tocci, Stephen A. Leon",2,0,1
99,Who are the Vice Presidents of GREENSTONE FARM CREDIT SERVICES?,"Henry Spark, Jeff Pavlik, Laura Daily, Lisa R. Cook, Steven Dixon",2,0,1
99,Who are the Senior Vice Presidents of AVENUE BANK?,"Anne H. Lovette, Carol S. Titus, R. Andrew Beam, Robert J. Beckley, William H. Diehl",2,0,1
99,What are the roles in the agreement of the company where Adriaan Weststrate is employed?,"Agent, Lender",2,0,1
99,What are the roles in the agreement of the company where Scott C. Tocci is employed?,"Agent, Lender",2,0,1
99,What are the roles in the agreement of the company where Stephen A. Leon is employed?,"Agent, Lender",2,0,1
99,What are the roles in the agreement of the company where Christine Howatt is employed?,"Agent, Lender",2,0,1
99,"Who is the Chief Manager and President of CBOCS PENNSYLVANIA, LLC?",Nick Flanagan,2,1,0
99,Who is the Treasurer of the company where S. Victoria Harvey is employed?,Doug Couvillion,3,0,0
167,"What roles do both BANK OF AMERICA, N.A and BANK OF AMERICA, N.A., have in the agreement?","Administrative Agent, L%2FC Issuer, Swingline Lender",1,1,1
167,What are the roles in the agreement of the company where Shelley A. McGregor is employed?,"Administrative Agent, L%2FC Issuer, Lender,, Swingline Lender",2,0,1
167,"Who is the Secretary and Treasurer of POWELL INDUSTRIES INTERNATIONAL, INC.?",Don R. Madison,2,1,0
167,"Who is the Secretary and Vice President of POWELL INDUSTRIES INTERNATIONAL, INC.?",Don R. Madison,2,1,0
167,"Who is the Treasurer and Vice President of POWELL INDUSTRIES INTERNATIONAL, INC.?",Don R. Madison,2,1,0
167,"Who is the Senior Vice President of the company which is the Lender, in the agreement?",Shelley A. McGregor,2,1,0
98,"What roles do both BANK OF AMERICA and BANK OF AMERICA, N.A. have in the agreement?","Agent, L%2FC Issuer, Lender",1,1,1
98,What roles do both BANK OF AMERICA and Bank of America have in the agreement?,"Agent, L%2FC Issuer, Lender",1,1,1
98,"What roles do both BANK OF AMERICA, N.A. and Bank of America have in the agreement?","Agent, L%2FC Issuer, Lender",1,1,1
98,"What role does BANK OF AMERICA have in the agreement which is not the role of BANK OF AMERICA, N.A.?",ADMINISTRATIVE%09 %09%09 %09%09 %09AGENT %26 LENDER,2,1,0
98,What role does BANK OF AMERICA have in the agreement which is not the role of Bank of America?,ADMINISTRATIVE%09 %09%09 %09%09 %09AGENT %26 LENDER,2,1,0
98,What company is the Agent but not the L%2FC Issuer in the agreement?,"JPMORGAN CHASE BANK, N.A.",2,1,0
98,What company is the Agent but not the Lender in the agreement?,"JPMORGAN CHASE BANK, N.A.",2,1,0
98,What are the roles in the agreement of the company where Joan Mok is employed?,"Agent, L%2FC Issuer, Lender",2,0,1
98,"What are the roles in the agreement of the company associated with 1 Fleet Way\n\nScranton, PA 18507?","Administrative, Agent, L%2FC Issuer, Lender, Swing Line, Syndication",2,0,1
98,"What are the roles in the agreement of the company associated with 555 California St\n\nSan Francisco, CA 94104?","Administrative, Agent, L%2FC Issuer, Lender, Swing Line, Syndication",2,0,1
98,"What are the roles in the agreement of the company associated with 901 Main St\n\nDallas, TX 75202-3714?","Administrative, Agent, L%2FC Issuer, Lender, Swing Line, Syndication",2,0,1
166,What roles do both AUSTRALIA AND NEW ZEALAND BANKING GROUP LIMITED and AXIS BANK LIMITED have in the agreement?,"Bookrunners, Lead Arrangers, Lender",1,1,1
166,What roles do both AUSTRALIA AND NEW ZEALAND BANKING GROUP LIMITED and BANK OF BARODA have in the agreement?,"Bookrunners, Lead Arrangers, Lender",1,1,1
166,What roles do both AXIS BANK LIMITED and BANK OF BARODA have in the agreement?,"Bookrunners, Lead Arrangers, Lender",1,1,1
166,What role does ICICI BANK LIMITED have in the agreement which is not the role of BARCLAYS BANK PLC?,Lead Arrangers,2,1,0
166,What role does ICICI BANK LIMITED have in the agreement which is not the role of STATE BANK OF INDIA?,Lead Arrangers,2,1,0
166,"What role does ICICI BANK LIMITED have in the agreement which is not the role of THE BANK OF TOKYO-MITSUBISHI UFJ, LTD.?",Lead Arrangers,2,1,0
166,What role does ICICI BANK LIMITED have in the agreement which is not the role of KOTAK MAHINDRA BANK LIMITED?,Lead Arrangers,2,1,0
166,What role does ICICI BANK LIMITED have in the agreement which is not the role of STANDARD CHARTERED BANK?,Lead Arrangers,2,1,0
166,What role does AUSTRALIA AND NEW ZEALAND BANKING GROUP LIMITED have in the agreement which is not the role of BARCLAYS BANK PLC?,Lead Arrangers,2,1,0
166,What role does AUSTRALIA AND NEW ZEALAND BANKING GROUP LIMITED have in the agreement which is not the role of STATE BANK OF INDIA?,Lead Arrangers,2,1,0
166,"What role does AUSTRALIA AND NEW ZEALAND BANKING GROUP LIMITED have in the agreement which is not the role of THE BANK OF TOKYO-MITSUBISHI UFJ, LTD.?",Lead Arrangers,2,1,0
166,What role does AUSTRALIA AND NEW ZEALAND BANKING GROUP LIMITED have in the agreement which is not the role of KOTAK MAHINDRA BANK LIMITED?,Lead Arrangers,2,1,0
166,What role does AUSTRALIA AND NEW ZEALAND BANKING GROUP LIMITED have in the agreement which is not the role of STANDARD CHARTERED BANK?,Lead Arrangers,2,1,0
166,What role does AXIS BANK LIMITED have in the agreement which is not the role of KOTAK MAHINDRA BANK LIMITED?,Lead Arrangers,2,1,0
166,What role does AXIS BANK LIMITED have in the agreement which is not the role of STANDARD CHARTERED BANK?,Lead Arrangers,2,1,0
166,What role does BANK OF BARODA have in the agreement which is not the role of KOTAK MAHINDRA BANK LIMITED?,Lead Arrangers,2,1,0
166,What role does BANK OF BARODA have in the agreement which is not the role of STANDARD CHARTERED BANK?,Lead Arrangers,2,1,0
166,What company is the Lead Arrangers but not the Lender in the agreement?,ICICI BANK LIMITED,2,1,0
166,What are the roles in the agreement of the company where Carl Roberts is employed?,"Bookrunners, Lead Arrangers, Lender",2,0,1
166,What are the roles in the agreement of the company where Mark Pope is employed?,"Bookrunners, Lender",2,0,1
166,What are the roles in the agreement of the company where R. Srinivasa Sekaran is employed?,"Bookrunners, Lender",2,0,1
166,What are the roles in the agreement of the company where Suguru Hattori is employed?,"Bookrunners, Lender",2,0,1
166,What are the roles in the agreement of the company where Rachit Bhatia is employed?,"Bookrunners, Lead Arrangers, Lender",2,0,1
166,What are the roles in the agreement of the company where Sandeep Patnaik is employed?,"Bookrunners, Lead Arrangers, Lender",2,0,1
166,What are the roles in the agreement of the company where Sudip Kumar Ghatak is employed?,"Bookrunners, Lead Arrangers, Lender",2,0,1
166,What are the roles in the agreement of the company where Dipak Gupta is employed?,"Bookrunners, Lender",2,0,1
166,What are the roles in the agreement of the company where Rajeev Mohan is employed?,"Bookrunners, Lender",2,0,1
166,What are the roles in the agreement of the company where James Perkins is employed?,"Administrative Agent, Bookrunners, Collateral Agent, Lender",2,0,1
166,What are the roles in the agreement of the company where Valdeep Singh is employed?,"Administrative Agent, Bookrunners, Collateral Agent, Lender",2,0,1
166,What are the roles in the agreement of the company where Simon Williams is employed?,"Administrative Agent, Bookrunners, Collateral Agent, Lender",2,0,1
166,"What are the roles in the agreement of the company associated with Two Alliance Center, 3560 Lenox Road, Suite 2000, Atlanta, GA 30326, USA?","Borrower, Holdings, Subsidiary",2,0,1
166,"What are the roles in the agreement of the company associated with 1 Basinghall Avenue, London EC2V 5DD?","administrative agent, collateral agent",2,0,1
166,What are the roles in the agreement of the company associated with Dubai UAE?,"Bookrunners, Lead Arrangers, Lender",2,0,1
166,Who is the Attorney and Attorney-In-Fact of NOVELIS MEA LTD?,Chirag Shah,2,1,0
166,Who is the Attorney and Authorized Signatory of NOVELIS MEA LTD?,Chirag Shah,2,1,0
166,Who is the Attorney and Person Authorized By Virtue Of Power Of Attorney of NOVELIS MEA LTD?,Chirag Shah,2,1,0
166,Who is the Attorney-In-Fact and Authorized Signatory of NOVELIS MEA LTD?,Chirag Shah,2,1,0
166,Who is the Attorney-In-Fact and Person Authorized By Virtue Of Power Of Attorney of NOVELIS MEA LTD?,Chirag Shah,2,1,0
166,Who is the Authorized Signatory and Person Authorized By Virtue Of Power Of Attorney of NOVELIS MEA LTD?,Chirag Shah,2,1,0
166,"Who is the Sr. Legal Manager of the company associated with 3560 Lenox Road, Suite 2000, Atlanta, GA 30326?",Shannon Curran,3,0,0
166,Who is the Chief Manager of the company associated with Dubai UAE?,Sudip Kumar Ghatak,3,0,0
166,Who is the Head - CBO of the company where Rachit Bhatia is employed?,Sandeep Patnaik,3,0,0
166,Who is the Chief Executive of the company where Sandeep Patnaik is employed?,Rachit Bhatia,3,0,0
166,Who is the Senior RM %E2%80%93 Trade %26 Export Finance of the company where Vikashh Mehta is employed?,Nishant Kumar,3,0,0
166,Who is the Head- Corporate %26 Investment Banking of the company where Nishant Kumar is employed?,Vikashh Mehta,3,0,0
166,"Who is the Director, Credit Risk Management of the company where Richard Cox is employed?",Lisa Kwok,3,0,0
166,"Who is the Managing Director, Head of Credit and Trading Risk of the company where Lisa Kwok is employed?",Richard Cox,3,0,0
166,Who is the Senior Executive Vice President of the company where Dipak Gupta is employed?,Rajeev Mohan,3,0,0
166,Who is the Joint Managing Director of the company where Rajeev Mohan is employed?,Dipak Gupta,3,0,0
166,Who is the Head CRC of the company where James Perkins is employed?,Simon Williams,3,0,0
166,Who is the Legal Counsel of the company where James Perkins is employed?,Valdeep Singh,3,0,0
166,"Who is the Manager, CRC of the company where Valdeep Singh is employed?",James Perkins,3,0,0
166,Who is the Head CRC of the company where Valdeep Singh is employed?,Simon Williams,3,0,0
166,"Who is the Manager, CRC of the company where Simon Williams is employed?",James Perkins,3,0,0
166,Who is the Legal Counsel of the company where Simon Williams is employed?,Valdeep Singh,3,0,0
166,What is the address of Zonal office of the company where Sudip Kumar Ghatak is employed?,Dubai UAE,3,0,0
67,What are the roles in the agreement of the company where Michael Fleming is employed?,"Credit Party, additional credit party",2,0,1
67,What are the roles in the agreement of the company where McDavid Stilwell is employed?,"Borrower, Credit Party",2,0,1
67,What are the roles in the agreement of the company where Dennis M. Lanfear is employed?,"Borrower, Credit Party",2,0,1
67,Who is the Ceo and Managing Member of BIOPHARMA CREDIT PLC?,Pedro Gonzalez de Cosio,2,1,0
67,Who is the Ceo and Managing Member of Pharmakon Advisors LP?,Pedro Gonzalez de Cosio,2,1,0
67,Who is the CEO of the company which is the Borrower in the agreement?,Dennis M. Lanfear,2,1,0
67,Who is the CEO of the company which is the Credit Party in the agreement?,Dennis M. Lanfear,2,1,0
67,"Who is the CEO of the company associated with 110 East 59th Street, %233300New York, NY 10022?",Pedro Gonzalez de Cosio,3,0,0
67,"Who is the Managing Member of the company associated with 110 East 59th Street, %233300New York, NY 10022?",Pedro Gonzalez de Cosio,3,0,0
67,Who is the CEO of the company where McDavid Stilwell is employed?,Dennis M. Lanfear,3,0,0
73,Who are the Authorized Signatorys of CREDIT SUISSE SECURITIES %28USA%29 LLC?,"Karim Rahimtoola, Vipul Dhadda",2,0,1
73,"Who are the Managing Directors of Cr%C3%A9dit Industriel et Commercial, New York Bank?","Clifford Abramsky, Marcus Edward",2,0,1
73,Who are the Vice Presidents of FIFTH THIRD BANK?,"J. David Izard., Michael Chanin",2,0,1
73,"Who are the Directors of THE BANK OF TOKYO-MITSUBISHI UFJ, LTD?","Ola Anderssen, Srbui Seferian, CFA.",2,0,1
73,Who are the Vice Presidents of DEUTSCHE BANK SECURITIES INC?,"Benjamin Souh, Don B. Pinzon, Marie F. Harrison, Peter Cucchiara",2,0,1
73,What are the roles in the agreement of the company where Christopher M. Aitkin is employed?,"Joint Bookrunners, Joint Lead Arrangers",2,0,1
73,What are the roles in the agreement of the company where Lindsey McGraw is employed?,"Joint Bookrunners, Joint Lead Arrangers",2,0,1
73,What are the roles in the agreement of the company where Vipul Dhadda is employed?,"Joint Bookrunners, Joint Lead Arrangers",2,0,1
73,What are the roles in the agreement of the company where Karim Rahimtoola is employed?,"Joint Bookrunners, Joint Lead Arrangers",2,0,1
73,What are the roles in the agreement of the company where Marie F. Harrison is employed?,"Joint Bookrunners, Joint Lead Arrangers",2,0,1
73,What are the roles in the agreement of the company where Peter Cucchiara is employed?,"Joint Bookrunners, Joint Lead Arrangers",2,0,1
73,What are the roles in the agreement of the company where Benjamin Souh is employed?,"Joint Bookrunners, Joint Lead Arrangers",2,0,1
73,What are the roles in the agreement of the company where Don B. Pinzon is employed?,"Joint Bookrunners, Joint Lead Arrangers",2,0,1
73,Who is the Chief Financial Officer of the company which is the Holding Company in the agreement?,Thomas E. Carter,2,1,0
9,What role does Barclays Bank PLC have in the agreement which is not the role of BARCLAYS BANK PLC?,Arrangers,2,1,0
9,"What role does Barclays Bank PLC have in the agreement which is not the role of JPMORGAN CHASE BANK, N.A.?",Arrangers,2,1,0
9,Who are the Authorized Signatorys of ROYAL BANK OF CANADA?,"James Disher, Mark Walton",2,0,1
9,Who are the Directors of BARCLAYS BANK PLC?,"Ann E. Sutton, Mikhail Faybusovich",2,0,1
9,"Who are the Senior Vice Presidents of SUNCOKE ENERGY PARTNERS, L.P.?","Eric Searls, Jonathan M. Phillips, Mark E. Newman",2,0,1
9,What are the roles in the agreement of the company where Ann E. Sutton is employed?,"Agent, Arranger, Bookrunner, Lender",2,0,1
9,What are the roles in the agreement of the company where Mikhail Faybusovich is employed?,"Agent, Arranger, Bookrunner, Lender",2,0,1
9,What are the roles in the agreement of the company where Peter Predun is employed?,"Agent, Lender",2,0,1
9,What are the roles in the agreement of the company where Ido Yehuda is employed?,"Agent, Lender",2,0,1
9,Who is the Chief Financial Officer and Senior Vice President of MIDDLETOWN COGENERATION COMPANY LLC?,Mark E. Newman,2,1,0
9,Who is the Chief Financial Officer and Treasurer of MIDDLETOWN COGENERATION COMPANY LLC?,Mark E. Newman,2,1,0
9,Who is the Senior Vice President and Treasurer of MIDDLETOWN COGENERATION COMPANY LLC?,Mark E. Newman,2,1,0
9,"Who is the Chief Financial Officer and Treasurer of SUNCOKE ENERGY PARTNERS, L.P.?",Mark E. Newman,2,1,0
9,"Who is the Chief Financial Officer of the company associated with 1011 Warrenville Road%09  %09  %09Suite 600%09  %09  %09Lisle, IL 60532?",Mark E. Newman,3,0,0
9,"Who is the Treasurer of the company associated with 1011 Warrenville Road%09  %09  %09Suite 600%09  %09  %09Lisle, IL 60532?",Mark E. Newman,3,0,0
9,"Who is the Chief Financial Officer of the company associated with 500 Stanton Christiana Road, Ops 2, Floor 3%09  %09  %09Newark, Delaware 19713-2107?",Mark E. Newman,3,0,0
9,"Who is the Treasurer of the company associated with 500 Stanton Christiana Road, Ops 2, Floor 3%09  %09  %09Newark, Delaware 19713-2107?",Mark E. Newman,3,0,0
9,Who is the Executive Director of the company where Ido Yehuda is employed?,Peter Predun,3,0,0
9,Who is the Chief Financial Officer of the company where Eric Searls is employed?,Mark E. Newman,3,0,0
9,Who is the Treasurer of the company where Eric Searls is employed?,Mark E. Newman,3,0,0
9,Who is the Chief Financial Officer of the company where Jonathan M. Phillips is employed?,Mark E. Newman,3,0,0
9,Who is the Treasurer of the company where Jonathan M. Phillips is employed?,Mark E. Newman,3,0,0
9,Who is the Chief Financial Officer of the company where Denise R. Cade is employed?,Mark E. Newman,3,0,0
9,Who is the Treasurer of the company where Denise R. Cade is employed?,Mark E. Newman,3,0,0
59,What roles do both Bank of the West and Fifth Third Bank have in the agreement?,"Arrangers, agent, agents",1,1,1
59,What role does Bank of the West have in the agreement which is not the role of U.S. Bank?,agents,2,1,0
59,What role does Fifth Third Bank have in the agreement which is not the role of U.S. Bank?,agents,2,1,0
59,What role does U.S. BANK NATIONAL ASSOCIATION have in the agreement which is not the role of U.S. Bank?,Agent,2,1,0
65,What roles do both BofA Securities and Citizens Ban have in the agreement?,"arranger, arrangers, book manager, book runner, bookrunner, bookrunners, lead arranger",1,1,1
65,What roles do both BofA Securities and Credit Suisse have in the agreement?,"arranger, arrangers, book manager, book runner, bookrunner, bookrunners, lead arranger",1,1,1
65,What roles do both BofA Securities and DBSI have in the agreement?,"arranger, arrangers, book manager, book runner, bookrunner, bookrunners, lead arranger",1,1,1
65,What roles do both BofA Securities and Fifth Third have in the agreement?,"arranger, arrangers, book manager, book runner, bookrunner, bookrunners, lead arranger",1,1,1
65,What roles do both BofA Securities and Goldman have in the agreement?,"arranger, arrangers, book manager, book runner, bookrunner, bookrunners, lead arranger",1,1,1
65,What roles do both BofA Securities and KeyBank have in the agreement?,"arranger, arrangers, book manager, book runner, bookrunner, bookrunners, lead arranger",1,1,1
65,What roles do both BofA Securities and Truist Securities have in the agreement?,"arranger, arrangers, book manager, book runner, bookrunner, bookrunners, lead arranger",1,1,1
65,What roles do both Citizens Ban and Credit Suisse have in the agreement?,"arranger, arrangers, book manager, book runner, bookrunner, bookrunners, lead arranger",1,1,1
65,What roles do both Citizens Ban and DBSI have in the agreement?,"arranger, arrangers, book manager, book runner, bookrunner, bookrunners, lead arranger",1,1,1
65,What roles do both Citizens Ban and Fifth Third have in the agreement?,"arranger, arrangers, book manager, book runner, bookrunner, bookrunners, lead arranger",1,1,1
65,What roles do both Citizens Ban and Goldman have in the agreement?,"arranger, arrangers, book manager, book runner, bookrunner, bookrunners, lead arranger",1,1,1
65,What roles do both Citizens Ban and KeyBank have in the agreement?,"arranger, arrangers, book manager, book runner, bookrunner, bookrunners, lead arranger",1,1,1
65,What roles do both Citizens Ban and Truist Securities have in the agreement?,"arranger, arrangers, book manager, book runner, bookrunner, bookrunners, lead arranger",1,1,1
65,What roles do both Credit Suisse and DBSI have in the agreement?,"arranger, arrangers, book manager, book runner, bookrunner, bookrunners, lead arranger",1,1,1
65,What roles do both Credit Suisse and Fifth Third have in the agreement?,"arranger, arrangers, book manager, book runner, bookrunner, bookrunners, lead arranger",1,1,1
65,What roles do both Credit Suisse and Goldman have in the agreement?,"arranger, arrangers, book manager, book runner, bookrunner, bookrunners, lead arranger",1,1,1
65,What roles do both Credit Suisse and KeyBank have in the agreement?,"arranger, arrangers, book manager, book runner, bookrunner, bookrunners, lead arranger",1,1,1
65,What roles do both Credit Suisse and Truist Securities have in the agreement?,"arranger, arrangers, book manager, book runner, bookrunner, bookrunners, lead arranger",1,1,1
65,What roles do both DBSI and Fifth Third have in the agreement?,"arranger, arrangers, book manager, book runner, bookrunner, bookrunners, lead arranger",1,1,1
65,What roles do both DBSI and Goldman have in the agreement?,"arranger, arrangers, book manager, book runner, bookrunner, bookrunners, lead arranger",1,1,1
65,What roles do both DBSI and KeyBank have in the agreement?,"arranger, arrangers, book manager, book runner, bookrunner, bookrunners, lead arranger",1,1,1
65,What roles do both DBSI and Truist Securities have in the agreement?,"arranger, arrangers, book manager, book runner, bookrunner, bookrunners, lead arranger",1,1,1
65,What roles do both Fifth Third and Goldman have in the agreement?,"arranger, arrangers, book manager, book runner, bookrunner, bookrunners, lead arranger",1,1,1
65,What roles do both Fifth Third and KeyBank have in the agreement?,"arranger, arrangers, book manager, book runner, bookrunner, bookrunners, lead arranger",1,1,1
65,What roles do both Fifth Third and Truist Securities have in the agreement?,"arranger, arrangers, book manager, book runner, bookrunner, bookrunners, lead arranger",1,1,1
65,What roles do both Goldman and KeyBank have in the agreement?,"arranger, arrangers, book manager, book runner, bookrunner, bookrunners, lead arranger",1,1,1
65,What roles do both Goldman and Truist Securities have in the agreement?,"arranger, arrangers, book manager, book runner, bookrunner, bookrunners, lead arranger",1,1,1
65,What roles do both KeyBank and Truist Securities have in the agreement?,"arranger, arrangers, book manager, book runner, bookrunner, bookrunners, lead arranger",1,1,1
65,Which companies are both the lead arranger and the joint bookrunners in the agreement?,"BofA Securities, Citizens Ban, Credit Suisse, DBSI, Fifth Third, Goldman, KeyBank, Truist Securities",1,1,1
65,Which companies are both the lead bookrunner and the joint bookrunners in the agreement?,"BofA Securities, Citizens Ban, Credit Suisse, DBSI, Fifth Third, Goldman, KeyBank, Truist Securities",1,1,1
65,Which companies are both the lead arranger and the joint lead arranger in the agreement?,"BofA Securities, Citizens Ban, Credit Suisse, DBSI, Fifth Third, Goldman, KeyBank, Truist Securities",1,1,1
65,Which companies are both the lead bookrunner and the joint lead arranger in the agreement?,"BofA Securities, Citizens Ban, Credit Suisse, DBSI, Fifth Third, Goldman, KeyBank, Truist Securities",1,1,1
65,Which companies are both the lead arranger and the joint bookrunner in the agreement?,"BofA Securities, Citizens Ban, Credit Suisse, DBSI, Fifth Third, Goldman, KeyBank, Truist Securities",1,1,1
65,Which companies are both the lead arranger and the joint book runner in the agreement?,"BofA Securities, Citizens Ban, Credit Suisse, DBSI, Fifth Third, Goldman, KeyBank, Truist Securities",1,1,1
65,Which companies are both the lead arranger and the joint book manager in the agreement?,"BofA Securities, Citizens Ban, Credit Suisse, DBSI, Fifth Third, Goldman, KeyBank, Truist Securities",1,1,1
65,Which companies are both the joint book runner and the lead bookrunner in the agreement?,"BofA Securities, Citizens Ban, Credit Suisse, DBSI, Fifth Third, Goldman, KeyBank, Truist Securities",1,1,1
65,Which companies are both the joint book manager and the lead bookrunner in the agreement?,"BofA Securities, Citizens Ban, Credit Suisse, DBSI, Fifth Third, Goldman, KeyBank, Truist Securities",1,1,1
65,Who are the Vice Presidents of DEUTSCHE BANK AG NEW YORK BRANCH?,"Philip Tancorra, Yumi Okabe",2,0,1
65,Who are the Senior Vice Presidents of FIFTH THIRD BANK?,"Lise Hinton, Matthew J. Bradley",2,0,1
65,Who are the Authorized Signatorys of GOLDMAN SACHS BANK USA?,"Andrew Griffin, Thomas Manning, Whitney Gaston",2,0,1
65,What are the roles in the agreement of the company where Sean McWhinnie is employed?,"Agent, Issuer, Lender",2,0,1
65,Who is the Director of the company which is the Issuer in the agreement?,Sean McWhinnie,2,1,0
65,Who is the Director of the company which is the Agent in the agreement?,Sean McWhinnie,2,1,0
65,Who is the Chief Executive Officer of the company which is the Borrower in the agreement?,Mario C. Kontomerkos,2,1,0
71,What are the roles in the agreement of the company where Ryan Maples is employed?,"Arranger, Bookrunner",2,0,1
71,"Who is the Chief Financial Officer and Senior Executive Vice President of TOTAL SYSTEM SERVICES, INC?",Paul M. Todd,2,1,0
71,Who is the Vice President of the company which is the Administrative Agent in the agreement?,Henry Pennell,2,1,0
71,Who is the Sr. Vice President of the company which is the Bookrunner in the agreement?,Ryan Maples,2,1,0
71,Who is the Sr. Vice President of the company which is the Arranger in the agreement?,Ryan Maples,2,1,0
164,Who are the Vice Presidents of UMB BANK N.A.?,"Adam Hensley, Alex Harrison, Jess Adams, Marty McDonald",2,0,1
164,What are the roles in the agreement of the company where Tyler Tirpak is employed?,"Lender, SYNDICATION AGENTS",2,0,1
164,Who is the CFO of the company which is the The Lenders in the agreement?,Kevin Williams,2,1,0
170,"What role does BANK OF AMERICA, N.A. have in the agreement which is not the role of JPMORGAN CHASE BANK, N.A.?",L%2FC Issuer,2,1,0
170,Who are the Managing Directors of THE BANK OF NOVA SCOTIA?,"Diane Emanuel, Susan T. Gallagher",2,0,1
170,"Who are the Vice Presidents of JPMORGAN CHASE BANK, N.A.?","Jason Fuqua, Matthew Gregg, Michael Vondriska, Ronaldo Naval, Sabrina Hassan, Tony Wong",2,0,1
170,What are the roles in the agreement of the company where Mark D. Rodgers is employed?,"Agent, Lender",2,0,1
170,What are the roles in the agreement of the company where Mark Walton is employed?,"Agent, Lender",2,0,1
170,What are the roles in the agreement of the company where Kelly Chin is employed?,"Agent, Lender",2,0,1
170,What are the roles in the agreement of the company where Diane Emanuel is employed?,"Agent, Lender",2,0,1
170,What are the roles in the agreement of the company where Susan T. Gallagher is employed?,"Agent, Lender",2,0,1
170,What are the roles in the agreement of the company where Alfonso Malave Jr. is employed?,"Agent, L%2FC Issuer, Lender",2,0,1
170,What are the roles in the agreement of the company where Michael L. Wetherell is employed?,"Agent, L%2FC Issuer, Lender",2,0,1
170,What are the roles in the agreement of the company where Michael Vondriska is employed?,"Agent, Lender",2,0,1
170,What are the roles in the agreement of the company where Matthew Gregg is employed?,"Agent, Lender",2,0,1
170,What are the roles in the agreement of the company where Jason Fuqua is employed?,"Agent, Lender",2,0,1
170,What are the roles in the agreement of the company where Tony Wong is employed?,"Agent, Lender",2,0,1
170,What are the roles in the agreement of the company where Sabrina Hassan is employed?,"Agent, Lender",2,0,1
170,What are the roles in the agreement of the company where Ronaldo Naval is employed?,"Agent, Lender",2,0,1
170,"What are the roles in the agreement of the company associated with 101 North Tryon Street\nMail Code: NC1-001-05-46\nCharlotte, North Carolina 28255-0001?","Administrative, Agent, Co-Documentation, Co-Syndication, L%2FC Issuer, Lender, Swing Line",2,0,1
170,Who is the Treasurer and Vice President of STARBUCKS CORPORATION?,Richard Lautch,2,1,0
158,Who is the SVP of the company which is the Lender in the agreement?,Adam Rose,2,1,0
159,What are the roles in the agreement of the company where James Greenfield is employed?,"Administrative Agent, Lender",2,0,1
159,What are the roles in the agreement of the company where Jon C. Warn is employed?,"Collateral Administrator, Collateral Agent, Securities Intermediary",2,0,1
159,Who is the Authorized Signatory of the company which is the Lender in the agreement?,James Greenfield,2,1,0
159,Who is the Authorized Signatory of the company which is the Administrative Agent in the agreement?,James Greenfield,2,1,0
159,Who is the Vice President of the company which is the Securities Intermediary in the agreement?,Jon C. Warn,2,1,0
159,Who is the Vice President of the company which is the Collateral Administrator in the agreement?,Jon C. Warn,2,1,0
159,Who is the Vice President of the company which is the Collateral Agent in the agreement?,Jon C. Warn,2,1,0
165,"What role does BANK OF AMERICA, N.A have in the agreement which is not the role of GOLDMAN SACHS BANK USA?",Administrative Agent,2,1,0
165,"What role does BANK OF AMERICA, N.A have in the agreement which is not the role of THE BANK OF TOKYO-MITSUBISHI UFJ, LTD?",Administrative Agent,2,1,0
165,"What role does BANK OF AMERICA, N.A have in the agreement which is not the role of WELLS FARGO BANK, NATIONAL ASSOCIATION?",Administrative Agent,2,1,0
165,"What role does BANK OF AMERICA, N.A have in the agreement which is not the role of JPMORGAN CHASE BANK, N.A?",Administrative Agent,2,1,0
165,"What role does GOLDMAN SACHS BANK USA have in the agreement which is not the role of MIZUHO BANK, LTD?",Lender,2,1,0
165,"What role does GOLDMAN SACHS BANK USA have in the agreement which is not the role of JPMORGAN CHASE BANK, N.A?",Documentation Agents,2,1,0
165,"What role does MIZUHO BANK, LTD have in the agreement which is not the role of THE BANK OF TOKYO-MITSUBISHI UFJ, LTD?",Joint Bookrunners,2,1,0
165,"What role does MIZUHO BANK, LTD have in the agreement which is not the role of WELLS FARGO BANK, NATIONAL ASSOCIATION?",Joint Bookrunners,2,1,0
165,"What role does THE BANK OF TOKYO-MITSUBISHI UFJ, LTD have in the agreement which is not the role of JPMORGAN CHASE BANK, N.A?",Documentation Agents,2,1,0
165,"What role does WELLS FARGO BANK, NATIONAL ASSOCIATION have in the agreement which is not the role of JPMORGAN CHASE BANK, N.A?",Documentation Agents,2,1,0
165,Who are the Authorized Signatorys of ROYAL BANK OF CANADA?,"Annie Carr, Charles Shaw, Gordon MacArthur, Tracy Rahn",2,0,1
165,Who are the Directors of SUNTRUST BANK?,"J. Casey Cosgrove, Ole Koppang, Sangeeta Shah, Tesha Winslow",2,0,1
165,"Who are the Vice Presidents of COOPERATIEVE RABOBANK U.A., NEW YORK BRANCH?","Bridgett J. Manduk Mowry, Brigitte M. Sinclair, Pacella Lehane, Ryan Zimmerman",2,0,1
165,What are the roles in the agreement of the company where Tony Young is employed?,"Lender, Syndication Agent",2,0,1
165,What are the roles in the agreement of the company where Johan Nystedt is employed?,"Company, Lenders",2,0,1
165,What are the roles in the agreement of the company where Colleen Batcheler is employed?,"Company, Lenders",2,0,1
165,"What are the roles in the agreement of the company associated with 222 Merchandise Mart Plaza, Suite 1300\n\nChicago, IL 60654?","Company, Lenders",2,0,1
165,"Who is the Corporate Secretary and General Counsel of CONAGRA BRANDS, INC?",Colleen Batcheler,2,1,0
165,"Who is the Investor Relations Officer and Treasurer of CONAGRA BRANDS, INC?",Johan Nystedt,2,1,0
165,"Who is the Investor Relations Officer and Vice President of CONAGRA BRANDS, INC?",Johan Nystedt,2,1,0
165,"Who is the Treasurer and Vice President of CONAGRA BRANDS, INC?",Johan Nystedt,2,1,0
165,Who is the Executive Director of the company which is the Syndication Agent in the agreement?,Tony Young,2,1,0
165,"Who is the General Counsel of the company associated with 222 Merchandise Mart Plaza, Suite 1300Chicago, IL 60654?",Colleen Batcheler,3,0,0
165,"Who is the Corporate Secretary of the company associated with 222 Merchandise Mart Plaza, Suite 1300Chicago, IL 60654?",Colleen Batcheler,3,0,0
165,"Who is the Vice President of the company associated with 222 Merchandise Mart Plaza, Suite 1300Chicago, IL 60654?",Johan Nystedt,3,0,0
165,"Who is the Investor Relations Officer of the company associated with 222 Merchandise Mart Plaza, Suite 1300Chicago, IL 60654?",Johan Nystedt,3,0,0
165,"Who is the Treasurer of the company associated with 222 Merchandise Mart Plaza, Suite 1300Chicago, IL 60654?",Johan Nystedt,3,0,0
165,Who is the Corporate Secretary of the company where Johan Nystedt is employed?,Colleen Batcheler,3,0,0
165,Who is the General Counsel of the company where Johan Nystedt is employed?,Colleen Batcheler,3,0,0
165,Who is the Investor Relations Officer of the company where Colleen Batcheler is employed?,Johan Nystedt,3,0,0
165,Who is the Treasurer of the company where Colleen Batcheler is employed?,Johan Nystedt,3,0,0
165,Who is the Vice President of the company where Colleen Batcheler is employed?,Johan Nystedt,3,0,0
165,Who is the Managing Director of the company where Pacella Lehane is employed?,Peter Duncan,3,0,0
165,Who is the Managing Director of the company where Brigitte M. Sinclair is employed?,Peter Duncan,3,0,0
165,Who is the Managing Director of the company where Bridgett J. Manduk Mowry is employed?,Peter Duncan,3,0,0
165,Who is the Managing Director of the company where Ryan Zimmerman is employed?,Peter Duncan,3,0,0
165,What is the address of Agency Management of the company which is the Administrative Agent in the agreement?,"BANK OF AMERICA, N.A",3,0,0
70,What are the roles in the agreement of the company where ERIC COHEN is employed?,"Administrative Agent, Arranger, Bookrunner",2,0,1
70,"What are the roles in the agreement of the company associated with 201 N. Tryon Street, Suite 1700\n\nCharlotte, North Carolina 28202?","Administrative Agent, Arranger, Bookrunner, Sole, Sole Lead",2,0,1
70,Who is the Chief Financial Officer of the company which is the Parent in the agreement?,Richard Butt,2,1,0
70,Who is the VICE PRESIDENT of the company which is the Administrative Agent in the agreement?,ERIC COHEN,2,1,0
70,Who is the VICE PRESIDENT of the company which is the Bookrunner in the agreement?,ERIC COHEN,2,1,0
70,Who is the VICE PRESIDENT of the company which is the Arranger in the agreement?,ERIC COHEN,2,1,0
70,"Who is the VICE PRESIDENT of the company associated with 201 N. Tryon Street, Suite 1700Charlotte, North Carolina 28202?",ERIC COHEN,3,0,0
64,"What roles do both Goldman Sachs Lending Partners LLC and Morgan Stanley Senior Funding, Inc. have in the agreement?","arranger, arrangers, bookrunner",1,1,1
64,"What roles do both Goldman Sachs Lending Partners LLC. and Morgan Stanley Senior Funding, Inc have in the agreement?","book manager, book runner, bookrunner, bookrunners, lead arranger",1,1,1
64,"Who are the Vice Presidents of MORGAN STANLEY SENIOR FUNDING, INC.?","Martin Corrigan, Michael King, Richard W. Jantzen, III",2,0,1
64,Who are the Authorized Signatorys of GOLDMAN SACHS LENDING PARTNERS LLC?,"Doreen Barr, Komal Shah, Thomas Manning",2,0,1
64,Who is the Chief Capital Officer of the company which is the Borrower in the agreement?,Geoff Kott,2,1,0
58,Who are the Presidents of COHERUS INTERMEDIATE CORP.?,"Dennis M. Lanfear, Michael Fleming",2,0,1
58,Who is the Managing Partner of the company which is the Agent in the agreement?,Clarke B. Futch,2,1,0
58,Who is the Chief Executive Officer of the company where Michael Fleming is employed?,Dennis M. Lanfear,3,0,0
41,What role does BMO HARRIS BANK have in the agreement which is not the role of BMO Harris Bank N.A.?,"Agent,",2,1,0
41,"What role does CITIZENS BANK, N.A have in the agreement which is not the role of CITIZENS BANK, N.A.?",Agent,2,1,0
41,What company is the LC Issuer but not the Agent in the agreement?,BMO HARRIS BANK,2,1,0
41,What company is the LC Issuer but not the Lender in the agreement?,BMO HARRIS BANK,2,1,0
41,"Who are the Senior Vice Presidents of Webster Bank, N.A.?","Ann M. Meade, David Nussbaum, Deborah A. Colony, Marc J. Lubelczyk, Marina E. Grossi, Mitchell B. Feldman",2,0,1
41,What are the roles in the agreement of the company where John Dillon is employed?,"Agent, LC Issuer, Lender",2,0,1
41,"What are the roles in the agreement of the company associated with 6400 Las Colinas Boulevard\nIrvine, TX 75039?","Lender, Swingline",2,0,1
41,"What are the roles in the agreement of the company associated with Eastern Bank\n265 Franklin Street, 2nd Floor\nBoston, MA 02110?","Lender, Swingline",2,0,1
41,"What are the roles in the agreement of the company associated with 6 Main Street\nNatick, MA 01760?","Lender, Swingline",2,0,1
41,"What are the roles in the agreement of the company associated with 28 State Street, 16th Floor\nMA2-6560-CB16\nBoston, MA 02109?","Lender, Swingline",2,0,1
41,"What are the roles in the agreement of the company associated with 111 W. Monroe Street\n5th Floor Center\nChicago, IL 60603?","Administrative, Agent, LC Issuer, Lender, Swingline, Syndication",2,0,1
41,"What are the roles in the agreement of the company associated with 225 Franklin Street 18th Floor\nBoston, MA 02110?","Lender, Swingline",2,0,1
41,"What are the roles in the agreement of the company associated with 100 Franklin Street\nBoston, MA 02110?","Lender, Swingline",2,0,1
41,"Who is the General Counsel and Senior Vice President of TRC COMPANIES, INC?",Martin H. Dodd,2,1,0
41,"Who is the Director of the company associated with 111 W. Monroe Street5th Floor CenterChicago, IL 60603?",John Dillon,3,0,0
41,"Who is the Senior Banker of the company associated with 225 Franklin Street 18th FloorBoston, MA 02110?",J.E. Hall,3,0,0
7,What are the roles in the agreement of the company where George McKean is employed?,"Administrative Agent, L%2FC Issuer, Lender",2,0,1
7,"Who is the Ceo and President of SAMSON OIL AND GAS USA, INC?",Terry Barr,2,1,0
7,"Who is the Ceo and Treasurer of SAMSON OIL AND GAS USA, INC?",Terry Barr,2,1,0
7,"Who is the President and Treasurer of SAMSON OIL AND GAS USA, INC?",Terry Barr,2,1,0
7,Who is the Manager of the company which is the Lender in the agreement?,George McKean,2,1,0
7,Who is the Manager of the company which is the Administrative Agent in the agreement?,George McKean,2,1,0
7,Who is the Manager of the company which is the L%2Fc Issuer in the agreement?,George McKean,2,1,0
55,"Who is the Chief and Executive Vice President of K. HOVNANIAN ENTERPRISES, INC.?",J. Larry Sorsby,2,1,0
55,Who is the Banking Officer of the company which is the Agent in the agreement?,Cora Holland-Koller,2,1,0
69,"What are the roles in the agreement of the company associated with 8880 W. Sunset Road, Suite 300\nLas Vegas, NV 89148?","BORROWER, Borrower",2,0,1
69,"What are the roles in the agreement of the company associated with 225 Franklin Street, 16th Floor\nBoston, MA 02110?","Administrative, Agent",2,0,1
69,"What are the roles in the agreement of the company associated with 225 Franklin Street, 18th floor\nBoston, Massachusetts 02110?","Administrative, Agent",2,0,1
69,"What are the roles in the agreement of the company associated with 8880 W. Sunset Road, Suite 300\nLas Vegas, NV  89148?","PARENT GUARANTOR, REIT",2,0,1
69,"What are the roles in the agreement of the company associated with 8880 W. Sunset Road Suite 210\nLas Vegas, NV 89148?","PARENT GUARANTOR, REIT",2,0,1
69,"What are the roles in the agreement of the company associated with 8880 W. Sunset Road Suite 360\nLas Vegas, NV 89148?","PARENT GUARANTOR, REIT",2,0,1
69,"Who is the Chief Executive Officer and Manager of MVP ACQUISITIONS, LLC?",Michael Shustek,2,1,0
82,What is the position held by David C. Francisco but not by John L. Healy?,Treasurer,1,2,0
82,What role does BANK OF AMERICA have in the agreement which is not the role of CITIBANK?,Co-Syndication Agent,2,1,0
82,"What role does BANK OF AMERICA have in the agreement which is not the role of HSBC BANK USA, NATIONAL ASSOCIATION?",Co-Syndication Agent,2,1,0
82,What role does BANK OF AMERICA have in the agreement which is not the role of THE ROYAL BANK OF SCOTLAND PLC?,Co-Syndication Agent,2,1,0
82,What role does BANK OF AMERICA have in the agreement which is not the role of JPMORGAN CHASE BANK?,Co-Syndication Agent,2,1,0
82,What role does CITIBANK have in the agreement which is not the role of BARCLAYS BANK PLC?,Co-Documentation Agent,2,1,0
82,What role does CITIBANK have in the agreement which is not the role of JPMORGAN CHASE BANK?,Co-Documentation Agent,2,1,0
82,"What role does BARCLAYS BANK PLC have in the agreement which is not the role of HSBC BANK USA, NATIONAL ASSOCIATION?",Co-Syndication Agent,2,1,0
82,What role does BARCLAYS BANK PLC have in the agreement which is not the role of THE ROYAL BANK OF SCOTLAND PLC?,Co-Syndication Agent,2,1,0
82,What role does BARCLAYS BANK PLC have in the agreement which is not the role of JPMORGAN CHASE BANK?,Co-Syndication Agent,2,1,0
82,"What role does HSBC BANK USA, NATIONAL ASSOCIATION have in the agreement which is not the role of JPMORGAN CHASE BANK?",Co-Documentation Agent,2,1,0
82,What role does THE ROYAL BANK OF SCOTLAND PLC have in the agreement which is not the role of JPMORGAN CHASE BANK?,Co-Documentation Agent,2,1,0
82,"Who are the Directors of THE BANK OF TOKYO-MITSUBISHI UFJ, LTD?","Scott O%C2%92Connell, William McGinty, Zubin R. Shroff",2,0,1
82,"Who are the Senior Vice Presidents of PNC BANK, NATIONAL ASSOCIATION?","D. Scott Farquhar, David A. Carroll, Michael Richards, Shreya Shah",2,0,1
82,"Who are the Vice Presidents of WELLS FARGO BANK, NATIONAL ASSOCIATION?","Anthony Pantina, David M. Crane, Jennifer Hwang, Vanessa A. Kurbatskiy",2,0,1
82,"What are the roles in the agreement of the company associated with 10 South Dearborn Street]\n\n[Chicago, Illinois 60603?","Administrative Agent, Lender, Swingline Lender,",2,0,1
82,What are the roles in the agreement of the company associated with 04-2436772?,"Borrower, Subsidiary",2,0,1
82,What are the roles in the agreement of the company associated with 04-2052042?,"Borrower, Subsidiary",2,0,1
82,"Who is the Attorney-In-Fact and Secretary of PERKINELMER HEALTH SCIENCES, INC?",John L. Healy,2,1,0
82,"Who is the Attorney-In-Fact and Vice President of PERKINELMER HEALTH SCIENCES, INC?",John L. Healy,2,1,0
82,"Who is the Secretary and Vice President of PERKINELMER HEALTH SCIENCES, INC?",John L. Healy,2,1,0
82,"Who is the Treasurer and Vice President of PERKINELMER, INC?",David C. Francisco,2,1,0
82,Who is the Vice President of the company associated with 04-2052042?,David C. Francisco,3,0,0
82,Who is the Treasurer of the company associated with 04-2052042?,David C. Francisco,3,0,0
168,What company is the Book Runners but not the Administrative Agent in the agreement?,"BOFA SECURITIES, INC.",2,1,0
168,What company is the Lead Arrangers but not the Administrative Agent in the agreement?,"BOFA SECURITIES, INC.",2,1,0
168,What are the roles in the agreement of the company where Michael Contreras is employed?,"LENDER, Syndication Agent",2,0,1
168,What are the roles in the agreement of the company where Carolyn A. Kee is employed?,"Agent, Lender",2,0,1
168,"What are the roles in the agreement of the company associated with Building Ops II, One Penns Way\n\nNew Castle, DE 19720?","Administrative, Agent, Lender",2,0,1
168,"Who is the Treasurer and Vice President of STANLEY BLACK %26 DECKER, INC.?",Robert T. Paternostro,2,1,0
168,Who is the Vice President of the company which is the Agent in the agreement?,Carolyn A. Kee,2,1,0
168,"Who is the Vice President of the company associated with 1000 Stanley DriveNew Britain, Connecticut 06053?",Robert T. Paternostro,3,0,0
168,"Who is the Treasurer of the company associated with 1000 Stanley DriveNew Britain, Connecticut 06053?",Robert T. Paternostro,3,0,0
168,"Who is the Vice President of the company associated with Building Ops II, One Penns WayNew Castle, DE 19720?",Carolyn A. Kee,3,0,0
96,"What roles do both BOKF, NA dba BANK OF ALBUQUERQUE and U.S. BANK NATIONAL ASSOCIATION have in the agreement?","Agent, Arrangers, Book Managers",1,1,1
96,What company is the Agent but not the Arrangers in the agreement?,"BOKF, NA DBA BANK OF ALBUQUERQUE",2,1,0
96,What company is the Agent but not the Book Managers in the agreement?,"BOKF, NA DBA BANK OF ALBUQUERQUE",2,1,0
96,What company is the Agent but not the LENDERS in the agreement?,"BOKF, NA dba BANK OF ALBUQUERQUE",2,1,0
96,What company is the Arrangers but not the LENDERS in the agreement?,"BOKF, NA dba BANK OF ALBUQUERQUE",2,1,0
96,What company is the Book Managers but not the LENDERS in the agreement?,"BOKF, NA dba BANK OF ALBUQUERQUE",2,1,0
96,Who are the Executive Vice Presidents of FIRST NATIONAL BANK OF SANTA FE?,"Larry D. Cheek, Mike Hoyl",2,0,1
96,Who are the Vice President and Treasurers of PUBLIC SERVICE COMPANY OF NEW MEXICO?,"Terry Horn, Terry R. Horn",2,0,1
96,What are the roles in the agreement of the company where John M. Valentine is employed?,"Agent, LENDERS",2,0,1
96,What are the roles in the agreement of the company where Holland H. Williams is employed?,"Agent, Arrangers, Book Managers, LENDERS",2,0,1
96,What are the roles in the agreement of the company where Terry Horn is employed?,"BORROWER, Borrower",2,0,1
96,What are the roles in the agreement of the company where Terry R. Horn is employed?,"BORROWER, Borrower",2,0,1
140,Who are the Directors of WWTAI AIROPCO MALTA LTD.?,"Demetrios Tserpelis, Sean McKinley, Tony Traynor",2,0,1
140,What are the roles in the agreement of the company where William Graham is employed?,"Administrative Agent, Arranger, Lender",2,0,1
140,Who is the Authorized Signatory of the company which is the Lender in the agreement?,William Graham,2,1,0
140,Who is the Authorized Signatory of the company which is the Administrative Agent in the agreement?,William Graham,2,1,0
140,Who is the Authorized Signatory of the company which is the Arranger in the agreement?,William Graham,2,1,0
140,Who is the Authorized Signatory of the company where Sean McKinley is employed?,Demetrios Tserpelis,3,0,0
140,Who is the Authorized Signatory of the company where Tony Traynor is employed?,Demetrios Tserpelis,3,0,0
154,What are the roles in the agreement of the company where Erica Cross is employed?,"Bookrunner, Lender, Sole Lead Arranger",2,0,1
154,Who is the Authorized Officer of the company which is the Lender in the agreement?,Erica Cross,2,1,0
154,Who is the Authorized Officer of the company which is the Sole Lead Arranger in the agreement?,Erica Cross,2,1,0
154,Who is the Authorized Officer of the company which is the Bookrunner in the agreement?,Erica Cross,2,1,0
154,"Who is the Authorized Officer of the company associated with 10 South Dearborn, Floor L2Suite IL1-1145Chicago, IL, 60603-2300?",Erica Cross,3,0,0
154,"Who is the Authorized Officer of the company associated with 4 New York Plaza, Floor 17New York, NY 10004?",Erica Cross,3,0,0
154,Who is the Authorized Officer of the company where Tischar N Luckett is employed?,Erica Cross,3,0,0
154,What is the address of Middle Market Servicing of the company where Tischar N Luckett is employed?,"10 South Dearborn, Floor L2Suite IL1-1145Chicago, IL, 60603-2300",3,0,0
154,What is the address of Commercial Banking of the company where Tischar N Luckett is employed?,"4 New York Plaza, Floor 17New York, NY 10004",3,0,0
155,Who are the directorss of Sahara Holdings Limited?,"Michael Pope, Patrick Foley",2,0,1
155,What are the roles in the agreement of the company where Harry Chung is employed?,"LENDERS, Lenders",2,0,1
155,Who is the Chief Executive Officer and Directors of Boxlight Corporation?,Michael Pope,2,1,0
155,Who is the Chief Financial Officer and Director of Sahara Holdings Limited?,Patrick Foley,2,1,0
155,Who is the Chief Financial Officer and Statutory Director of Sahara Holdings Limited?,Patrick Foley,2,1,0
155,Who is the Director and Statutory Director of Sahara Holdings Limited?,Patrick Foley,2,1,0
155,Who is the Authorized Signatory of the company which is the Lenders in the agreement?,Harry Chung,2,1,0
155,"Who is the directors of the company associated with 1045 Progress Circle Lawrenceville, Georgia 30043?",Michael Pope,3,0,0
155,"Who is the Chief Executive Officer of the company associated with 1045 Progress Circle Lawrenceville, Georgia 30043?",Michael Pope,3,0,0
155,Who is the Chief Executive Officer of the company where Patrick Foley is employed?,Michael Pope,3,0,0
155,Who is the Chief Financial Officer of the company where Michael Pope is employed?,Patrick Foley,3,0,0
155,Who is the Director of the company where Michael Pope is employed?,Patrick Foley,3,0,0
155,Who is the Statutory Director of the company where Michael Pope is employed?,Patrick Foley,3,0,0
141,Who are the Senior Vice Presidents of CITIZENS BANK OF PENNSYLVANIA?,"Andrew D. Holtz, David W. Dinella, Thomas E. Redmond",2,0,1
141,"Who are the Vice Presidents of KEYBANK, NATIONAL ASSOCIATION?","Jeff Skalka, Renee M. Bonnell, Richard R. Powell",2,0,1
169,"What roles do both GOLDMAN SACHS BANK USA and CO%C3%96PERATIEVE CENTRALE RAIFFEISEN %E2%80%93 BOERENLEENBANK B.A.,%22RABOBANK NEDERLAND%22, NEW YORK BRANCH have in the agreement?","Agent, Arranger, Lender",1,1,1
169,"What roles do both GOLDMAN SACHS BANK USA and WELLS FARGO BANK, NATIONAL ASSOCIATION have in the agreement?","Agent, Arranger, Lender",1,1,1
169,"What roles do both CO%C3%96PERATIEVE CENTRALE RAIFFEISEN %E2%80%93 BOERENLEENBANK B.A.,%22RABOBANK NEDERLAND%22, NEW YORK BRANCH and WELLS FARGO BANK, NATIONAL ASSOCIATION have in the agreement?","Agent, Arranger, Lender",1,1,1
169,"What role does BANK OF AMERICA, N.A. have in the agreement which is not the role of MERRILL, LYNCH, PIERCE, FENNER %26 SMITH INCORPORATED?",Agent,2,1,0
169,"What role does GOLDMAN SACHS BANK USA have in the agreement which is not the role of CO%C3%96PERATIEVE CENTRALE RAIFFEISEN %E2%80%93 BOERENLEENBANK B.A.,%22RABOBANK NEDERLAND%22, NEW YORK BRANCH?",Documentation Agent,2,1,0
169,"What role does GOLDMAN SACHS BANK USA have in the agreement which is not the role of WELLS FARGO BANK, NATIONAL ASSOCIATION?",Documentation Agent,2,1,0
169,"What role does MERRILL, LYNCH, PIERCE, FENNER %26 SMITH INCORPORATED have in the agreement which is not the role of CO%C3%96PERATIEVE CENTRALE RAIFFEISEN %E2%80%93 BOERENLEENBANK B.A.,%22RABOBANK NEDERLAND%22, NEW YORK BRANCH?",Book Runners,2,1,0
169,What company is the Agent but not the Arranger in the agreement?,"BANK OF AMERICA, N.A.",2,1,0
169,Who are the Authorized Signatorys of BARCLAYS BANK PLC?,"Anwar S. Young, John M. Olsen, Mark Walton, Noam S. Azachi",2,0,1
169,What are the roles in the agreement of the company where Jeff Bliss is employed?,"Agent, Arranger, Lender",2,0,1
169,What are the roles in the agreement of the company where Timothy J. Devane is employed?,"Agent, Arranger, Lender",2,0,1
169,"What are the roles in the agreement of the company associated with 550 South Caldwell Street\nCharlotte, North Carolina 28202?","Borrower, PARENT",2,0,1
169,"What are the roles in the agreement of the company associated with 150 South Wacker Drive, Suite 2200\nChicago, Illinois 60606?","Administrative Agent, Agent, Arranger, Book Runner, Book Runners, Documentation, Lead, Lender, Syndication",2,0,1
169,What are the roles in the agreement of the company associated with NEW YORK BRANCH?,"Administrative Agent, Agent, Arranger, Book Runner, Book Runners, Documentation, Lead, Lender, Syndication",2,0,1
169,"Who is the Chief Accounting Officer and Controller of CHIQUITA BRANDS INTERNATIONAL, INC.?",Joseph B. Johnson,2,1,0
169,"Who is the Chief Accounting Officer and Treasurer of CHIQUITA BRANDS INTERNATIONAL, INC.?",Joseph B. Johnson,2,1,0
169,"Who is the Chief Accounting Officer and Vice President of CHIQUITA BRANDS INTERNATIONAL, INC.?",Joseph B. Johnson,2,1,0
169,"Who is the Controller and Treasurer of CHIQUITA BRANDS INTERNATIONAL, INC.?",Joseph B. Johnson,2,1,0
169,"Who is the Controller and Vice President of CHIQUITA BRANDS INTERNATIONAL, INC.?",Joseph B. Johnson,2,1,0
169,"Who is the Treasurer and Vice President of CHIQUITA BRANDS INTERNATIONAL, INC.?",Joseph B. Johnson,2,1,0
169,"Who is the Vice President of the company associated with 550 South Caldwell StreetCharlotte, North Carolina 28202?",Joseph B. Johnson,3,0,0
169,"Who is the Controller of the company associated with 550 South Caldwell StreetCharlotte, North Carolina 28202?",Joseph B. Johnson,3,0,0
169,"Who is the Treasurer of the company associated with 550 South Caldwell StreetCharlotte, North Carolina 28202?",Joseph B. Johnson,3,0,0
169,"Who is the Chief Accounting Officer of the company associated with 550 South Caldwell StreetCharlotte, North Carolina 28202?",Joseph B. Johnson,3,0,0
169,Who is the Executive Director of the company where Jeff Bliss is employed?,Timothy J. Devane,3,0,0
169,Who is the Vice President of the company where Timothy J. Devane is employed?,Jeff Bliss,3,0,0
97,What are the roles in the agreement of the company where Dague Retzlaff is employed?,"AGENT, Agent, LENDER, Lender",2,0,1
97,Who is the Authorized Signatory and Vice President of GENERAL ELECTRIC CAPITAL CORPORATION?,Dague Retzlaff,2,1,0
97,"Who is the Chief Counsel- %09 %09HFS Real Estate of the company associated with 500 West Monroe Street %09 %09Chicago, Illinois 60661?",Diana Pennington,3,0,0
97,"Who is the Managing Director of the company associated with 500 West Monroe Street %09 %09Chicago, Illinois 60661?",Jeffrey M. Muchmore,3,0,0
97,Who is the Managing Director of the company where Diana Pennington is employed?,Jeffrey M. Muchmore,3,0,0
97,Who is the Chief Counsel- %09 %09HFS Real Estate of the company where Jeffrey M. Muchmore is employed?,Diana Pennington,3,0,0
83,Who are the Authorized Signatorys of ROYAL BANK OF CANADA?,"Bertram H. Tang, Sheldon Pinto",2,0,1
83,Who are the Managing Directors of SUMITOMO MITSUI BANKING CORP?,"Shuji Yabe, Suzanne M. Rode",2,0,1
83,Who are the VP %26 General Managers of BANK OF TAIWAN?,"Eric Chen, Jane Chang, Kang Yang",2,0,1
83,Who are the Directors of BNP PARIBAS?,"Eugene Dempsey, Lacy Houstoun, Michael Miller, Richard Ong Pho, Todd Rodgers",2,0,1
83,"Who are the Senior Vice Presidents of WESTERN DIGITAL TECHNOLOGIES, INC?","Andrew Hietala, Michael Dixon, Michael Ray, Rita E. Dillon, Steve Levi, Steve Ryan",2,0,1
83,"Who are the Chief Financial Officers of WESTERN DIGITAL TECHNOLOGIES, INC?","Tim Leyden, Timothy Leyden",2,0,1
83,"Who are the Vice Presidents of WESTERN DIGITAL IRELAND, LTD?","Charles De Clapiers, Elizabeth Willi, Jeannette Lu, Johnetta Bush, Joseph Carrillo, Mark C. Skrzynski, Maureen P. Maroney, Rian DuBach, Richard J. Ameny Jr., Sandy Lee, Shibani Faehnle, Susan Takeda",2,0,1
83,What are the roles in the agreement of the company where Keith Winzenried is employed?,"Administrative Agent, L%2FC Issuer, Lender",2,0,1
83,What are the roles in the agreement of the company where Teresita Siao is employed?,"Administrative Agent, L%2FC Issuer, Lender",2,0,1
83,What are the roles in the agreement of the company where Michael Dixon is employed?,"Cayman Borrower%3A, US Borrower",2,0,1
83,What are the roles in the agreement of the company where Tim Leyden is employed?,"Cayman Borrower%3A, US Borrower",2,0,1
83,What are the roles in the agreement of the company where Steve Ryan is employed?,"Cayman Borrower%3A, US Borrower",2,0,1
83,What are the roles in the agreement of the company where Michael Ray is employed?,"Cayman Borrower%3A, US Borrower",2,0,1
83,What are the roles in the agreement of the company where Andrew Hietala is employed?,"Cayman Borrower%3A, US Borrower",2,0,1
83,What are the roles in the agreement of the company where Rita E. Dillon is employed?,"Cayman Borrower%3A, US Borrower",2,0,1
83,What are the roles in the agreement of the company where Timothy Leyden is employed?,"Cayman Borrower%3A, US Borrower",2,0,1
83,What are the roles in the agreement of the company where Steve Levi is employed?,"Cayman Borrower%3A, US Borrower",2,0,1
83,"What are the roles in the agreement of the company associated with 10 South Dearborn Street, Floor 7\n\nChicago, IL 60603?","Administrative Agent, L%2FC Issuer, Lender, Swing Line",2,0,1
83,"What are the roles in the agreement of the company associated with 10 South Dearborn Street, Floor 7\n\nChicago, IL 60603\n\n?","Administrative Agent, L%2FC Issuer, Lender, Swing Line",2,0,1
83,"What are the roles in the agreement of the company associated with 1301 Second Avenue, Floor 25\n\nSeattle, WA 98101?","Administrative Agent, L%2FC Issuer, Lender, Swing Line",2,0,1
83,"What are the roles in the agreement of the company associated with 1301 Second Avenue, Floor 25\n\nSeattle, WA 98101\n\n?","Administrative Agent, L%2FC Issuer, Lender, Swing Line",2,0,1
83,"Who is the General Counsel and Secretary of WESTERN DIGITAL TECHNOLOGIES, INC?",Michael Ray,2,1,0
83,Who is the Credit Executive of the company which is the L%2Fc Issuer in the agreement?,Keith Winzenried,2,1,0
83,"Who is the Credit Executive of the company associated with 10 South Dearborn Street, Floor 7Chicago, IL 60603?",Keith Winzenried,3,0,0
83,"Who is the Credit Executive of the company associated with 1301 Second Avenue, Floor 25Seattle, WA 98101?",Keith Winzenried,3,0,0
83,"Who is the Corporate Banking, Directo of the company where Ivan Vera is employed?",Juan Segundo,3,0,0
83,Who is the VP Credit and Documentation of the company where Juan Segundo is employed?,Ivan Vera,3,0,0
83,Who is the Associate Director of the company where Robert K. Reddington is employed?,Johanna Minaya,3,0,0
83,Who is the Credit Documentation Manager of the company where Johanna Minaya is employed?,Robert K. Reddington,3,0,0
83,Who is the SVP %26 COO of the company where James Hua is employed?,Danny Leung,3,0,0
83,Who is the SVP of the company where Danny Leung is employed?,James Hua,3,0,0
83,Who is the Credit Executive of the company where Teresita Siao is employed?,Keith Winzenried,3,0,0
83,Who is the Credit Executive of the company where Teresita Siao is employed?,Keith Winzenried,3,0,0
83,Who is the General Counsel of the company where Michael Dixon is employed?,Michael Ray,3,0,0
83,Who is the Secretary of the company where Michael Dixon is employed?,Michael Ray,3,0,0
83,Who is the General Counsel of the company where Tim Leyden is employed?,Michael Ray,3,0,0
83,Who is the Secretary of the company where Tim Leyden is employed?,Michael Ray,3,0,0
83,Who is the General Counsel of the company where Steve Ryan is employed?,Michael Ray,3,0,0
83,Who is the Secretary of the company where Steve Ryan is employed?,Michael Ray,3,0,0
83,Who is the General Counsel of the company where Andrew Hietala is employed?,Michael Ray,3,0,0
83,Who is the Secretary of the company where Andrew Hietala is employed?,Michael Ray,3,0,0
83,Who is the General Counsel of the company where Rita E. Dillon is employed?,Michael Ray,3,0,0
83,Who is the Secretary of the company where Rita E. Dillon is employed?,Michael Ray,3,0,0
83,Who is the General Counsel of the company where Timothy Leyden is employed?,Michael Ray,3,0,0
83,Who is the Secretary of the company where Timothy Leyden is employed?,Michael Ray,3,0,0
83,Who is the General Counsel of the company where Steve Levi is employed?,Michael Ray,3,0,0
83,Who is the Secretary of the company where Steve Levi is employed?,Michael Ray,3,0,0
68,"What roles do both JPMORGAN CHASE BANK, N.A. and BANK OF AMERICA, N.A. have in the agreement?","Agent, Issuer, Lender",1,1,1
68,"What role does JPMORGAN CHASE BANK, N.A. have in the agreement which is not the role of REGIONS BANK?",Issuer,2,1,0
68,"What role does JPMORGAN CHASE BANK, N.A. have in the agreement which is not the role of CITIZENS BANK, N.A.?",Issuer,2,1,0
68,"What role does BANK OF AMERICA, N.A. have in the agreement which is not the role of CITIZENS BANK, N.A.?",Issuer,2,1,0
68,Who are the Directors of REGIONS BANK?,"Jonas L. Robinson, T. Barrett Vawter",2,0,1
68,"Who are the Senior Vice Presidents of CITIZENS BANK, N.A.?","John F. Simon, John Wilgus, Kerri Colwell",2,0,1
68,What are the roles in the agreement of the company where Austin Lotito is employed?,"Agent, Issuer, Lender",2,0,1
68,What are the roles in the agreement of the company where T. Barrett Vawter is employed?,"Agent, Lender",2,0,1
68,What are the roles in the agreement of the company where Jonas L. Robinson is employed?,"Agent, Lender",2,0,1
68,What are the roles in the agreement of the company where Cletise Ussery is employed?,"Agent, Issuer, Lender",2,0,1
68,What are the roles in the agreement of the company where John Wilgus is employed?,"Agent, Lender",2,0,1
68,What are the roles in the agreement of the company where John F. Simon is employed?,"Agent, Lender",2,0,1
68,What are the roles in the agreement of the company where Kerri Colwell is employed?,"Agent, Lender",2,0,1
68,"What are the roles in the agreement of the company associated with 900 W. Trade St.\nCharlotte, NC 28255?","Administrative, Agent, Documentation, Issuer, L%2FC, Lender, Syndication",2,0,1
68,Who is the Chief Executive Officer of the company which is the Borrower in the agreement?,George J. Carter,2,1,0
6,Who is the Deputy Branch Manager and Vice President of BANK OF CHINA?,Ying Chen,2,1,0
6,Who is the Authorized Agent of the company which is the Borrower in the agreement?,J. Shea Morgenroth,2,1,0
54,Who are the Managing Directors of 2018-1 IH BORROWER LP?,"Chuckie Reddy, Jonathan Olsen",2,0,1
54,Who is the Senior Vice President of the company which is the Borrower in the agreement?,Jonathan Olsen,2,1,0
54,"Who is the Senior Vice President of the company associated with c%2Fo Blackstone Real Estate Advisors L.P., 345 Park Avenue, New York, New York 10154?",Jonathan Olsen,3,0,0
54,Who is the Senior Vice President of the company where Chuckie Reddy is employed?,Jonathan Olsen,3,0,0
40,"What role does JPMORGAN CHASE BANK, N.A have in the agreement which is not the role of ASSOCIATED BANK, NATIONAL ASSOCIATION?",Issuing Bank,2,1,0
40,"Who are the Senior Vice Presidents of ASSOCIATED BANK, NATIONAL ASSOCIATION?","Edward J. Chidiac, James Cribbet",2,0,1
40,What are the roles in the agreement of the company where David Reading is employed?,"Agent, Lender",2,0,1
40,What are the roles in the agreement of the company where Hector J. Varona is employed?,"Agent, Issuing Bank, Lender",2,0,1
40,What are the roles in the agreement of the company where Edward J. Chidiac is employed?,"Agent, Lender",2,0,1
40,What are the roles in the agreement of the company where James Cribbet is employed?,"Agent, Lender",2,0,1
40,"What are the roles in the agreement of the company associated with 10 South Dearborn Street, Floor L2, Chicago, IL 60603-2003?","Administrative, Agent,",2,0,1
40,Who is the Executive Director of the company which is the Issuing Bank in the agreement?,Hector J. Varona,2,1,0
40,"Who is the Chief Financial Officer of the company associated with 59 Maiden Lane, 38th Floor, New York, NY 10038?",Michael H. Weiner,3,0,0
56,"Who are the Directors of UBS AG, Stamford Branch?","Chris Walton, Darlene Arias, Kenneth Chin",2,0,1
56,"Who are the Authorized Signatorys of CREDIT SUISSE AG, CAYMAN ISLANDS BRANCH?","D. Andrew Maletta, Judith Smith, Melissa James, Rebecca Kratz",2,0,1
56,What are the roles in the agreement of the company where Melissa James is employed?,"Agent, Lender",2,0,1
56,What are the roles in the agreement of the company where Judith Smith is employed?,"Agent, Lender",2,0,1
56,What are the roles in the agreement of the company where Rebecca Kratz is employed?,"Agent, Lender",2,0,1
56,What are the roles in the agreement of the company where D. Andrew Maletta is employed?,"Agent, Lender",2,0,1
56,"Who is the Executive Vice President, General Counsel and Secretary of WMG Acquisition Corp.?",Paul M. Robinson,2,1,0
4,What role does .P. MORGAN SECURITIES LLC have in the agreement which is not the role of GOLDMAN SACHS BANK USA?,Syndication Agent,2,1,0
4,"Who are the Vice Presidents of BANK OF AMERICA, N.A.?","Frank Byrne, Ronnie Glen",2,0,1
4,What are the roles in the agreement of the company where Robert Ehudin is employed?,"Administrative Agent, Bookrunner, L%2FC Issuer, Lead Arranger, Swing Line Lender",2,0,1
4,Who is the Authorized Signatory of the company which is the Administrative Agent in the agreement?,Robert Ehudin,2,1,0
4,Who is the Authorized Signatory of the company which is the Swing Line Lender in the agreement?,Robert Ehudin,2,1,0
4,Who is the Authorized Signatory of the company which is the L%2Fc Issuer in the agreement?,Robert Ehudin,2,1,0
42,"Who are the Senior Vice Presidents of PANERA, LLC?","Alan Garson, Michael J. Bufano",2,0,1
42,Who are the Managing Directors of REGIONS BANK?,"Helene P. Sprung, Jay R. Goldstein",2,0,1
42,"Who are the Vice Presidents of PNC BANK, NATIONAL ASSOCIATION?","Anthony Luppino, Kelly Weaver, Maureen S. Malphus, Paul Spearing",2,0,1
42,"Who is the Chief Financial Officer and Chief Financialofficer of PANERA, LLC?",Michael J. Bufano,2,1,0
42,"Who is the Chief Financial Officer and Treasurer of PANERA, LLC?",Michael J. Bufano,2,1,0
42,"Who is the Chief Financialofficer and Treasurer of PANERA, LLC?",Michael J. Bufano,2,1,0
42,"Who is the Vice President of the company associated with 900 West Trade St.Charlotte, NC 28255-0001?",Kelly Weaver,3,0,0
42,"Who is the Vice President of the company associated with New York, NY?",Kelly Weaver,3,0,0
42,Who is the Chief FinancialOfficer of the company where Alan Garson is employed?,Michael J. Bufano,3,0,0
42,Who is the Chief Financial Officer of the company where Alan Garson is employed?,Michael J. Bufano,3,0,0
42,Who is the Treasurer of the company where Alan Garson is employed?,Michael J. Bufano,3,0,0
95,"Who are the Vice Presidents of BANK OF AMERICA, N.A.?","Angela Lau, Yinghua Zhang",2,0,1
95,"Who are the Vice Presidents of Bank of America, N.A.?","Angela Lau, Yinghua Zhang",2,0,1
95,What are the roles in the agreement of the company where Yinghua Zhang is employed?,"AGENT, Agent, LENDER",2,0,1
95,What are the roles in the agreement of the company where Angela Lau is employed?,"AGENT, Agent, LENDER",2,0,1
95,Who is the Chief Operating Officer of the company which is the Credit Parties in the agreement?,Daniel J. Booth,2,1,0
95,"Who is the Chief Operating Officer of the company associated with 200 International Circle, Suite 3500Hunt Valley, Maryland 21030?",Daniel J. Booth,3,0,0
95,"Who is the Jr., Esq. of the company associated with 425 Park AvenueNew York, New York 10022?",John R. Fallon,3,0,0
95,What is the address of Global Corporate Debt Products of the company where Jean Hood is employed?,"100 N. Tryon StreetMail Code%3A NC1 -007-17-11Charlotte, NC 28255",3,0,0
95,What is the address of Agency Management of the company where Jean Hood is employed?,"1455 Market StreetMail Code%3A CA5-701-05-19San Francisco, California 94103-1399",3,0,0
157,Who is the CEO of the company associated with 1100 Placid Avenue Plano TX 75074?,Mark W. King,3,0,0
157,"Who is the Vice President of the company associated with 2727 N. Harwood, 10th FloorDallas, Texas 75201?",Jason Purser,3,0,0
157,"Who is the Owner of Record of the company associated with 2727 N. Harwood, 10th FloorDallas, Texas 75201?",Nicholas Nadolsky,3,0,0
157,"Who is the CEO of the company associated with 480 S. Honduras CD, Juraez, Mexico?",Mark W. King,3,0,0
157,Who is the CEO of the company associated with 903 E. Walnut St. Garland TX 75040?,Mark W. King,3,0,0
157,Who is the CEO of the company associated with 1137 E. Walnut St. Garland TX 75040?,Mark W. King,3,0,0
157,Who is the CEO of the company associated with 725 E. Walnut St. Garland TX 75040?,Mark W. King,3,0,0
157,Who is the CEO of the company associated with 905 E. Walnut St. Garland TX 75040?,Mark W. King,3,0,0
157,"Who is the CEO of the company associated with 905 E. Walnut StreetGarland, Texas 75040?",Mark W. King,3,0,0
157,Who is the CEO of the company associated with 912 E. Walnut St. Garland TX 75040?,Mark W. King,3,0,0
157,Who is the Vice President of the company associated with Texas?,Jason Purser,3,0,0
157,Who is the Owner of Record of the company associated with Texas?,Nicholas Nadolsky,3,0,0
157,Who is the Owner of Record of the company where Jason Purser is employed?,Nicholas Nadolsky,3,0,0
157,Who is the Vice President of the company where Nicholas Nadolsky is employed?,Jason Purser,3,0,0
157,What is the address of MEXICO LOCATION %28Contract Manufacturing%29 of the company where Mark W. King is employed?,"480 S. Honduras CD, Juraez, Mexico",3,0,0
157,What is the address of FRONT END%2FTEST BUILDING of the company where Mark W. King is employed?,903 E. Walnut St. Garland TX 75040,3,0,0
157,What is the address of OPTO BUILDING of the company where Mark W. King is employed?,725 E. Walnut St. Garland TX 75040,3,0,0
157,What is the address of MICRO BUILDING AND CORPORATE OFFICE of the company where Mark W. King is employed?,905 E. Walnut St. Garland TX 75040,3,0,0
157,What is the address of ASSEMBLY BUILDING of the company where Mark W. King is employed?,912 E. Walnut St. Garland TX 75040,3,0,0
143,"What roles do both Citizens Bank, National Association and Fifth Third Bank have in the agreement?","arranger, arrangers, book runner, book runners, bookrunner, bookrunners",1,1,1
143,"What roles do both Citizens Bank, National Association and Wells Fargo Securities, LLC have in the agreement?","arranger, arrangers, book runner, book runners, bookrunner, bookrunners",1,1,1
143,"What roles do both Fifth Third Bank and Wells Fargo Securities, LLC have in the agreement?","arranger, arrangers, book runner, book runners, bookrunner, bookrunners",1,1,1
143,Which companies are both the joint lead arranger and the joint bookrunners in the agreement?,"Citizens Bank, National Association, Fifth Third Bank, Wells Fargo Securities, LLC",1,1,1
143,Which companies are both the joint lead arranger and the joint bookrunner in the agreement?,"Citizens Bank, National Association, Fifth Third Bank, Wells Fargo Securities, LLC",1,1,1
143,Which companies are both the joint lead arranger and the joint book runner in the agreement?,"Citizens Bank, National Association, Fifth Third Bank, Wells Fargo Securities, LLC",1,1,1
143,"Who are the Vice Presidents of Wells Fargo Bank, National Association?","Anthony Luppino, Maureen Malphus, Michael H. Keith, Ravi Pillay",2,0,1
143,"What are the roles in the agreement of the company associated with 1808 Aston Avenue, Suite 250\nCarlsbad, CA 92008?","Issuing, Lender",2,0,1
143,"Who is the Chief Financial Officer and President of WINGSTOP HOLDINGS, INC.?",Michael J. Skipworth,2,1,0
142,"What role does HSBC BANK CANADA have in the agreement which is not the role of JPMORGAN CHASE BANK, N.A.?",Documentation Agents,2,1,0
142,Who are the Vice Presidents of BARCLAYS BANK PLC?,"Marguerite Sutton, Todd Vaubel",2,0,1
142,Who are the Corporate Secretarys of TRANSCANADA PIPELINES LIMITED?,"Christine R. Johnston, Jon A. Dobson",2,0,1
142,Who are the Authorized Signatorys of ROYAL BANK OF CANADA?,"John Niedermier, Lexanne Cooper, Mark Williamson, Szymon Ordys, Tammy Oldenburg, Tim VandeGriend",2,0,1
142,"Who are the Directors of CANADIAN IMPERIAL BANK OFCOMMERCE, NEW YORK BRANCH?","Anar Ramji, Brian L. Banke, Gordon Yip, James Campbell, John S. McGill, Michael Linder, Michael Zeller, Ming K. Chu",2,0,1
142,"Who are the Managing Directors of CANADIAN IMPERIAL BANK OFCOMMERCE, NEW YORK BRANCH?","James D. Weinstein, Jeff Ferrell, Randy Geislinger, Rob MacKinnon",2,0,1
142,What are the roles in the agreement of the company where Jason Lang is employed?,"Documentation Agents, Lender",2,0,1
142,What are the roles in the agreement of the company where Juan J. Javellana is employed?,"Agent, Lender",2,0,1
142,"Who is the Controller and Principal Financial Officer of COLUMBIA PIPELINE GROUP, INC.?",Nathaniel A. Brown,2,1,0
142,"Who is the Treasurer and Vice-President, Finance of TRANSCANADA PIPELINES LIMITED?",Joel E. Hunter,2,1,0
142,Who is the Executive Director of the company which is the Agent in the agreement?,Juan J. Javellana,2,1,0
142,Who is the Senior Financing Manager of the company where Raj Acharya is employed?,Martin Eyok,3,0,0
142,Who is the Financing Manager of the company where Martin Eyok is employed?,Raj Acharya,3,0,0
142,Who is the Associate of the company where Jeff Cebryk is employed?,Jonathan Leach,3,0,0
142,Who is the Treasurer of the company where Christine R. Johnston is employed?,Joel E. Hunter,3,0,0
142,"Who is the Vice-President, Finance of the company where Christine R. Johnston is employed?",Joel E. Hunter,3,0,0
142,"Who is the Vice-President, Law of the company where Jon A. Dobson is employed?",Christine R. Johnston,3,0,0
142,Who is the Treasurer of the company where Jon A. Dobson is employed?,Joel E. Hunter,3,0,0
142,"Who is the Vice-President, Finance of the company where Jon A. Dobson is employed?",Joel E. Hunter,3,0,0
142,"Who is the Vice-President, Law of the company where Joel E. Hunter is employed?",Christine R. Johnston,3,0,0
156,"What roles do both BNP PARIBAS and WELLS FARGO BANK, NATIONAL ASSOCIATION have in the agreement?","Issuing Bank, Joint Bookrunners, Joint Lead Arrangers, Lender",1,1,1
156,"What role does JPMORGAN CHASE BANK, N.A. have in the agreement which is not the role of WELLS FARGO CAPITAL FINANCE CORPORATION CANADA?",Lende,2,1,0
156,"What role does JPMORGAN CHASE BANK, N.A. have in the agreement which is not the role of BNP PARIBAS?",Lende,2,1,0
156,"What role does JPMORGAN CHASE BANK, N.A. have in the agreement which is not the role of WELLS FARGO BANK, NATIONAL ASSOCIATION?",Lende,2,1,0
156,"What role does BNP PARIBAS have in the agreement which is not the role of WELLS FARGO BANK, NATIONAL ASSOCIATION?",bookrunners,2,1,0
156,What company is the Lender but not the Issuing Bank in the agreement?,"Deutsche Bank AG, New York Branch",2,1,0
156,Who are the Vice Presidents of BNP PARIBAS?,"Christopher Cassidy, Philip Tancorra",2,0,1
156,Who are the Directors of VIAVI SOLUTIONS UK LIMITED?,"Guelay Mese, Henk Derksen",2,0,1
156,"Who are the Its Authorized Signatorys of WELLS FARGO BANK, NATIONAL ASSOCIATION?","Brian Lane, Patricia Del Busto",2,0,1
156,What are the roles in the agreement of the company where Timothy Lee is employed?,"Issuing Bank, Lende",2,0,1
156,What are the roles in the agreement of the company where Carmela Massari is employed?,"Issuing Bank, Lender",2,0,1
156,What are the roles in the agreement of the company where Philip Tancorra is employed?,"Issuing Bank, Joint Bookrunners, Joint Lead Arrangers, Lender, bookrunners",2,0,1
156,What are the roles in the agreement of the company where Christopher Cassidy is employed?,"Issuing Bank, Joint Bookrunners, Joint Lead Arrangers, Lender, bookrunners",2,0,1
156,What are the roles in the agreement of the company where Patricia Del Busto is employed?,"Agent, Bookrunner, Issuing Bank, Joint Bookrunners, Joint Lead Arrangers, Lead Arranger, Lender, Security Agent, administrative agent, lead arrangers",2,0,1
156,What are the roles in the agreement of the company where Brian Lane is employed?,"Agent, Bookrunner, Issuing Bank, Joint Bookrunners, Joint Lead Arrangers, Lead Arranger, Lender, Security Agent, administrative agent, lead arrangers",2,0,1
156,What are the roles in the agreement of the company associated with Canadian?,"BORROWERS, Canadian Borrower",2,0,1
156,What are the roles in the agreement of the company associated with U.S.?,"BORROWERS, U.S. Borrower",2,0,1
156,What are the roles in the agreement of the company associated with UK?,"BORROWERS, UK Borrower",2,0,1
156,"What are the roles in the agreement of the company associated with 1800 Century Park East, Suite 1100\n 	\nLos Angeles, CA 90067?","Agent, Bookrunner, Issuing Bank, Joint Bookrunners, Joint Lead Arrangers, Lead Arranger, Lender, Lender Group, Security Agent, UK Security Agent, administrative agent, lead arrangers",2,0,1
156,Who is the Chief Financial Officer and Vice President of VIAVI SOLUTIONS LICENSING LLC?,Henk Derksen,2,1,0
156,Who is the Chief Financial Officer and Executive Vice President And Chief Financial Officer of VIAVI SOLUTIONS UK LIMITED?,Henk Derksen,2,1,0
156,Who is the Executive Director of the company which is the Lende in the agreement?,Timothy Lee,2,1,0
156,Who is the President and Treasurer of the company associated with Canadian?,Kevin Siebert,3,0,0
156,Who is the Managing Director of the company associated with German?,Andreas-Christoph Beyertt,3,0,0
156,Who is the Chief Financial Officer of the company associated with UK?,Henk Derksen,3,0,0
156,Who is the Executive Vice President and Chief Financial Officer of the company associated with UK?,Henk Derksen,3,0,0
156,Who is the Chief Financial Officer of the company associated with U.S.?,Henk Derksen,3,0,0
156,Who is the Vice President of the company associated with U.S.?,Henk Derksen,3,0,0
156,Who is the Chief Financial Officer of the company where Guelay Mese is employed?,Henk Derksen,3,0,0
156,Who is the Executive Vice President and Chief Financial Officer of the company where Guelay Mese is employed?,Henk Derksen,3,0,0
80,"Who are the Senior Vice Presidents of PNC Bank, National Association?","Michael Pugsley, Richard C. Brown",2,0,1
80,"Who are the Vice Presidents of HSBC Bank USA, National Association?","Blake Gronich, Chris Burns, Daglas P Panchal, Mary K Lundin",2,0,1
80,"Who is the Chief Financial Officer and Executive Vice President of CREE, INC?",Michael E. McDevitt,2,1,0
80,Who is the Chairman and Chief Executive  Officer of E-CONOLIGHT LLC?,Charles M. Swoboda,2,1,0
80,Who is the Chairman and President of E-CONOLIGHT LLC?,Charles M. Swoboda,2,1,0
80,Who is the Chief Executive  Officer and President of E-CONOLIGHT LLC?,Charles M. Swoboda,2,1,0
94,What roles do both FIFTH THIRD BANK and JEFFERIES FINANCE LLC have in the agreement?,"Arrangers, Bookrunners, Lender",1,1,1
94,What role does FIFTH THIRD BANK have in the agreement which is not the role of PNC CAPITAL MARKETS LLC?,Lender,2,1,0
94,What role does FIFTH THIRD BANK have in the agreement which is not the role of SUMITOMO MITSUI BANKING CORPORATION?,Lender,2,1,0
94,"What role does FIFTH THIRD BANK have in the agreement which is not the role of SUNTRUST ROBINSON HUMPHREY, INC.?",Lender,2,1,0
94,"What role does PNC BANK, NATIONAL ASSOCIATION have in the agreement which is not the role of JEFFERIES FINANCE LLC?",Bank,2,1,0
94,"What role does PNC BANK, NATIONAL ASSOCIATION have in the agreement which is not the role of NATIXIS, NEW YORK BRANCH?",Bank,2,1,0
94,"What role does PNC BANK, NATIONAL ASSOCIATION have in the agreement which is not the role of RBS CITIZENS, N.A.?",Bank,2,1,0
94,"Who are the Senior Vice Presidents of RBS CITIZENS, N.A.?","Cheryl Carangelo, Richard C. Brown, William D. Priester",2,0,1
94,What are the roles in the agreement of the company where E. Joseph Hess is employed?,"Agent, Arrangers, Bookrunners, Lender",2,0,1
94,What are the roles in the agreement of the company where Edward T. Crook is employed?,"Agent, Lender",2,0,1
94,What are the roles in the agreement of the company where J. St%C3%A9phane Lautner is employed?,"Agent, Lender",2,0,1
94,What are the roles in the agreement of the company where William D. Priester is employed?,"Agent, Lender",2,0,1
94,What are the roles in the agreement of the company where Richard C. Brown is employed?,"Agent, Lender",2,0,1
94,What are the roles in the agreement of the company where Cheryl Carangelo is employed?,"Agent, Lender",2,0,1
94,"Who is the Assistant Secretary and Chief Financialofficer of SALIX PHARMACEUTICALS, LTD.?",Adam C. Derbyshire,2,1,0
94,"Who is the Assistant Secretary and Executive Vice President,Finance And Administration of SALIX PHARMACEUTICALS, LTD.?",Adam C. Derbyshire,2,1,0
94,"Who is the Assistant Secretary and Treasurer of SALIX PHARMACEUTICALS, LTD.?",Adam C. Derbyshire,2,1,0
94,"Who is the Chief Financialofficer and Executive Vice President,Finance And Administration of SALIX PHARMACEUTICALS, LTD.?",Adam C. Derbyshire,2,1,0
94,"Who is the Chief Financialofficer and Treasurer of SALIX PHARMACEUTICALS, LTD.?",Adam C. Derbyshire,2,1,0
94,"Who is the Executive Vice President,Finance And Administration and Treasurer of SALIX PHARMACEUTICALS, LTD.?",Adam C. Derbyshire,2,1,0
94,"Who is the Chief FinancialOfficer of the company associated with 8510 Colonnade Center Drive, Raleigh, North Carolina 27615?",Adam C. Derbyshire,3,0,0
94,"Who is the Treasurer of the company associated with 8510 Colonnade Center Drive, Raleigh, North Carolina 27615?",Adam C. Derbyshire,3,0,0
94,"Who is the Executive Vice President,Finance and Administration of the company associated with 8510 Colonnade Center Drive, Raleigh, North Carolina 27615?",Adam C. Derbyshire,3,0,0
94,"Who is the Assistant Secretary of the company associated with 8510 Colonnade Center Drive, Raleigh, North Carolina 27615?",Adam C. Derbyshire,3,0,0
94,Who is the Vice President of the company where Edward T. Crook is employed?,J. St%C3%A9phane Lautner,3,0,0
94,Who is the Managing Director of the company where J. St%C3%A9phane Lautner is employed?,Edward T. Crook,3,0,0
57,What roles do both Citibank N.A. and Deutsche Bank Securities Inc. have in the agreement?,"arranger, book manager, book runner, bookrunner, bookrunners, lead arranger",1,1,1
57,"What roles do both Citibank N.A. and JPMorgan Chase Bank, N.A have in the agreement?","arranger, book manager, book runner, bookrunner, bookrunners, lead arranger",1,1,1
57,"What roles do both Citibank N.A. and Merrill Lynch, Pierce, Fenner %26 Smith Incorporated have in the agreement?","arranger, book manager, book runner, bookrunner, bookrunners, lead arranger",1,1,1
57,"What roles do both Deutsche Bank Securities Inc. and JPMorgan Chase Bank, N.A have in the agreement?","arranger, book manager, book runner, bookrunner, bookrunners, lead arranger",1,1,1
57,"What roles do both Deutsche Bank Securities Inc. and Merrill Lynch, Pierce, Fenner %26 Smith Incorporated have in the agreement?","arranger, book manager, book runner, bookrunner, bookrunners, lead arranger",1,1,1
57,"What roles do both JPMorgan Chase Bank, N.A and Merrill Lynch, Pierce, Fenner %26 Smith Incorporated have in the agreement?","arranger, book manager, book runner, bookrunner, bookrunners, lead arranger",1,1,1
57,Which companies are both the lead bookrunner and the joint bookrunners in the agreement?,"Citibank N.A., Deutsche Bank Securities Inc., JPMorgan Chase Bank, N.A, Merrill Lynch, Pierce, Fenner %26 Smith Incorporated",1,1,1
57,Which companies are both the lead arranger and the joint bookrunners in the agreement?,"Citibank N.A., Deutsche Bank Securities Inc., JPMorgan Chase Bank, N.A, Merrill Lynch, Pierce, Fenner %26 Smith Incorporated",1,1,1
57,Which companies are both the lead bookrunner and the joint lead arranger in the agreement?,"Citibank N.A., Deutsche Bank Securities Inc., JPMorgan Chase Bank, N.A, Merrill Lynch, Pierce, Fenner %26 Smith Incorporated",1,1,1
57,Which companies are both the lead arranger and the joint lead arranger in the agreement?,"Citibank N.A., Deutsche Bank Securities Inc., JPMorgan Chase Bank, N.A, Merrill Lynch, Pierce, Fenner %26 Smith Incorporated",1,1,1
57,Which companies are both the lead arranger and the joint bookrunner in the agreement?,"Citibank N.A., Deutsche Bank Securities Inc., JPMorgan Chase Bank, N.A, Merrill Lynch, Pierce, Fenner %26 Smith Incorporated",1,1,1
57,Which companies are both the joint book runner and the lead bookrunner in the agreement?,"Citibank N.A., Deutsche Bank Securities Inc., JPMorgan Chase Bank, N.A, Merrill Lynch, Pierce, Fenner %26 Smith Incorporated",1,1,1
57,Which companies are both the lead arranger and the joint book runner in the agreement?,"Citibank N.A., Deutsche Bank Securities Inc., JPMorgan Chase Bank, N.A, Merrill Lynch, Pierce, Fenner %26 Smith Incorporated",1,1,1
57,Which companies are both the joint book manager and the lead bookrunner in the agreement?,"Citibank N.A., Deutsche Bank Securities Inc., JPMorgan Chase Bank, N.A, Merrill Lynch, Pierce, Fenner %26 Smith Incorporated",1,1,1
57,Which companies are both the lead arranger and the joint book manager in the agreement?,"Citibank N.A., Deutsche Bank Securities Inc., JPMorgan Chase Bank, N.A, Merrill Lynch, Pierce, Fenner %26 Smith Incorporated",1,1,1
57,"What role does BANK OF AMERICA, N.A. have in the agreement which is not the role of Deutsche Bank AG New York Branch?",Agent,2,1,0
57,"What role does BANK OF AMERICA, N.A. have in the agreement which is not the role of JPMorgan Chase Bank, N.A.?",Agent,2,1,0
57,What role does Deutsche Bank AG New York Branch have in the agreement which is not the role of Bank of America?,Issuer,2,1,0
57,"What role does JPMorgan Chase Bank, N.A. have in the agreement which is not the role of Bank of America?",Issuer,2,1,0
57,Who are the Directors of Bank of America?,"John W. Deegan, Ming K. Chu, Mukesh Singh, Sydney G. Dennis",2,0,1
57,"Who are the Vice Presidents of Citibank, N.A.?","Alysha Salinger, Henry Pennell, Kara P. Van Duzee, Katherine L. Hurley, Lauren Steiner, Michael Vondriska, Robert Sullivan, Virginia Cosenza",2,0,1
57,What are the roles in the agreement of the company where Chuck B. Kyrish is employed?,"Borrower, Company",2,0,1
57,What are the roles in the agreement of the company where John W. Deegan is employed?,"Agent, Lender",2,0,1
57,What are the roles in the agreement of the company where Ming K. Chu is employed?,"Agent, Lender",2,0,1
57,What are the roles in the agreement of the company where Sydney G. Dennis is employed?,"Agent, Lender",2,0,1
57,What are the roles in the agreement of the company where Mukesh Singh is employed?,"Agent, Lender",2,0,1
57,Who is the Treasurer and Vice President of CELANESE US HOLDINGS LLC?,Chuck B. Kyrish,2,1,0
57,Who is the Senior Vice President of the company which is the Holdings in the agreement?,Scott A. Richardson,2,1,0
57,Who is the Managing Director of the company where Betsy Briggs is employed?,Julien Tizorin,3,0,0
57,Who is the Associate Director of the company where Julien Tizorin is employed?,Betsy Briggs,3,0,0
5,What company is the Lead Arrangers but not the Documentation Agents in the agreement?,WELLS FARGO SECURITIES,2,1,0
5,Who are the Senior Vice Presidents of PNC BANK?,"Denise Smyth, Robert Masters, Roy E. Alexander",2,0,1
5,What are the roles in the agreement of the company where Roy E. Alexander is employed?,"Documentation Agents, Lead Arrangers",2,0,1
5,What are the roles in the agreement of the company where Denise Smyth is employed?,"Documentation Agents, Lead Arrangers",2,0,1
5,What are the roles in the agreement of the company where Robert Masters is employed?,"Documentation Agents, Lead Arrangers",2,0,1
5,Who is the Vice President of the company where Denise Smyth is employed?,Roy E. Alexander,3,0,0
5,Who is the Vice President of the company where Robert Masters is employed?,Roy E. Alexander,3,0,0
1,What are the roles in the agreement of the company where Alexandra M. Knights is employed?,"Administrative Agent, Arranger, Bookrunner, Lender, Lenders",2,0,1
1,"Who is the Treasurer and Vice President of FRANKLIN RESOURCES, INC.?",Mark Constant,2,1,0
1,Who is the Authorized Signatory of the company which is the Administrative Agent in the agreement?,Alexandra M. Knights,2,1,0
1,Who is the Authorized Signatory of the company which is the Lenders in the agreement?,Alexandra M. Knights,2,1,0
1,Who is the Authorized Signatory of the company which is the Lender in the agreement?,Alexandra M. Knights,2,1,0
1,Who is the Authorized Signatory of the company which is the Bookrunner in the agreement?,Alexandra M. Knights,2,1,0
1,Who is the Authorized Signatory of the company which is the Arranger in the agreement?,Alexandra M. Knights,2,1,0
53,What are the roles in the agreement of the company where Charles M. Joye III is employed?,"AGENT, L%2FC Issuer, Lender",2,0,1
53,Who is the Cao and Cfo of JAMBA JUICE ADVERTISING FUND INC.?,Marie Perry,2,1,0
53,Who is the Cao and Evp of JAMBA JUICE ADVERTISING FUND INC.?,Marie Perry,2,1,0
53,Who is the Cao and Secretary of JAMBA JUICE ADVERTISING FUND INC.?,Marie Perry,2,1,0
53,Who is the Cao and Treasurer of JAMBA JUICE ADVERTISING FUND INC.?,Marie Perry,2,1,0
53,Who is the Cfo and Evp of JAMBA JUICE ADVERTISING FUND INC.?,Marie Perry,2,1,0
53,Who is the Cfo and Secretary of JAMBA JUICE ADVERTISING FUND INC.?,Marie Perry,2,1,0
53,Who is the Cfo and Treasurer of JAMBA JUICE ADVERTISING FUND INC.?,Marie Perry,2,1,0
53,Who is the Evp and Secretary of JAMBA JUICE ADVERTISING FUND INC.?,Marie Perry,2,1,0
53,Who is the Evp and Treasurer of JAMBA JUICE ADVERTISING FUND INC.?,Marie Perry,2,1,0
53,Who is the Secretary and Treasurer of JAMBA JUICE ADVERTISING FUND INC.?,Marie Perry,2,1,0
53,Who is the Senior Vice President of the company which is the Lender in the agreement?,Charles M. Joye III,2,1,0
53,Who is the Senior Vice President of the company which is the L%2Fc Issuer in the agreement?,Charles M. Joye III,2,1,0
53,Who is the Senior Vice President of the company which is the Agent in the agreement?,Charles M. Joye III,2,1,0
47,"What role does MERRILL LYNCH, PIERCE, FENNER %26 SMITH INCORPORATED, have in the agreement which is not the role of THE BANK OF TOKYO-MITSUBISHI UFJ, LTD.?",Joint Lead Arrangers,2,1,0
47,"What role does MERRILL LYNCH, PIERCE, FENNER %26 SMITH INCORPORATED, have in the agreement which is not the role of DEUTSCHE BANK AG NEW YORK BRANCH?",Joint Bookrunners,2,1,0
47,"What role does PNC CAPITAL MARKETS LLC, have in the agreement which is not the role of THE BANK OF TOKYO-MITSUBISHI UFJ, LTD.?",Joint Lead Arrangers,2,1,0
47,"What role does PNC CAPITAL MARKETS LLC, have in the agreement which is not the role of DEUTSCHE BANK AG NEW YORK BRANCH?",Joint Bookrunners,2,1,0
47,"What role does WELLS FARGO SECURITIES, LLC, have in the agreement which is not the role of THE BANK OF TOKYO-MITSUBISHI UFJ, LTD.?",Joint Lead Arrangers,2,1,0
47,"What role does WELLS FARGO SECURITIES, LLC, have in the agreement which is not the role of DEUTSCHE BANK AG NEW YORK BRANCH?",Joint Bookrunners,2,1,0
47,"What role does PNC BANK, NATIONAL ASSOCIATION have in the agreement which is not the role of WELLS FARGO BANK, NATIONAL ASSOCIATION?",co-Syndication Agents,2,1,0
47,"What role does THE BANK OF TOKYO-MITSUBISHI UFJ, LTD. have in the agreement which is not the role of BANK OF AMERICA, N.A.?",Joint Bookrunners,2,1,0
47,"What role does THE BANK OF TOKYO-MITSUBISHI UFJ, LTD. have in the agreement which is not the role of DEUTSCHE BANK AG NEW YORK BRANCH?",Joint Bookrunners,2,1,0
47,"What role does BANK OF AMERICA, N.A. have in the agreement which is not the role of WELLS FARGO BANK, NATIONAL ASSOCIATION?",co-Syndication Agents,2,1,0
47,"What role does WELLS FARGO BANK, NATIONAL ASSOCIATION have in the agreement which is not the role of DEUTSCHE BANK AG NEW YORK BRANCH?","Administrative Agent,",2,1,0
47,What company is the Joint Bookrunners but not the Joint Lead Arrangers in the agreement?,"THE BANK OF TOKYO-MITSUBISHI UFJ, LTD.",2,1,0
47,"Who are the Senior Vice Presidents of BANK OF AMERICA, N.A.?","Kristie Li, Robert LaPorte",2,0,1
47,Who are the Vice Presidents of DEUTSCHE BANK AG NEW YORK BRANCH?,"Anthony Galea, John P. Treadwell Jr., Marni McManus, Ming K. Chu, Philip F. Kurpiewski, Virginia Cosenza",2,0,1
47,What are the roles in the agreement of the company where Bremmer Kneib is employed?,"Lender, co-Syndication Agents",2,0,1
47,What are the roles in the agreement of the company where Brian McNany is employed?,"Joint Bookrunners, Lender, co-Syndication Agents",2,0,1
47,What are the roles in the agreement of the company where Robert LaPorte is employed?,"Lender, co-Syndication Agents",2,0,1
47,What are the roles in the agreement of the company where Kristie Li is employed?,"Lender, co-Syndication Agents",2,0,1
47,What are the roles in the agreement of the company where Kirk Tesch is employed?,"Administrative Agent,, Lender",2,0,1
47,What are the roles in the agreement of the company where Philip F. Kurpiewski is employed?,"Joint Lead Arrangers, Lender, co-Syndication Agents",2,0,1
47,What are the roles in the agreement of the company where Ming K. Chu is employed?,"Joint Lead Arrangers, Lender, co-Syndication Agents",2,0,1
47,What are the roles in the agreement of the company where Virginia Cosenza is employed?,"Joint Lead Arrangers, Lender, co-Syndication Agents",2,0,1
47,What are the roles in the agreement of the company where Marni McManus is employed?,"Joint Lead Arrangers, Lender, co-Syndication Agents",2,0,1
47,What are the roles in the agreement of the company where John P. Treadwell Jr. is employed?,"Joint Lead Arrangers, Lender, co-Syndication Agents",2,0,1
47,What are the roles in the agreement of the company where Anthony Galea is employed?,"Joint Lead Arrangers, Lender, co-Syndication Agents",2,0,1
47,"What are the roles in the agreement of the company associated with 301 South College Street, 14th Floor\n\nCharlotte, NC 28202?","Administrative Agent,, Lender",2,0,1
47,"What are the roles in the agreement of the company associated with MAC D1109-019\n\n1525 West W.T. Harris Blvd.\n\nCharlotte, NC 28262?","Administrative Agent,, Lender",2,0,1
47,Who is the Chief Financial Officer and Treasurer of the company which is the Borrower in the agreement?,James Edgemond,2,1,0
47,"Who is the Managing Director of the company which is the Administrative Agent, in the agreement?",Kirk Tesch,2,1,0
47,"Who is the Chief Financial Officer and Treasurer of the company associated with 1040 Spring StreetSilver Spring, Maryland 20910?",James Edgemond,3,0,0
47,"Who is the Chief Financial Officer and Treasurer of the company associated with 1735 Connecticut Avenue, N.W.Washington, District of Columbia 20009?",James Edgemond,3,0,0
47,"Who is the Managing Director of the company associated with 301 South College Street, 14th FloorCharlotte, NC 28202?",Kirk Tesch,3,0,0
47,"Who is the Managing Director of the company associated with MAC D1109-0191525 West W.T. Harris Blvd.Charlotte, NC 28262?",Kirk Tesch,3,0,0
152,What company is the BORROWER but not the Borrower in the agreement?,"MVP REALTY ADVISORS, LLC",2,1,0
152,"Who is the Esq. of the company associated with 400 West Market Street, Suite 3200Louisville, Kentucky 40202?",Barry A. Hines,3,0,0
152,"Who is the Esq of the company associated with 8880 West Sunset Road, Suite 240Las Vegas, Nevada 89148?",Craig D. Burr,3,0,0
152,Who is the Esq of the company where Michael Thomas is employed?,Craig D. Burr,3,0,0
146,"What roles do both WILMINGTON TRUST, NATIONAL ASSOCIATION and WILMINGTON TRUST have in the agreement?","Collateral Administrator, Collateral Agent, Custodian",1,1,1
146,Who are the Vice Presidents of WILMINGTON TRUST?,"Adam Scozzafava, Victoria Chant",2,0,1
146,What are the roles in the agreement of the company where Marisa J. Beeney is employed?,"Collateral Manager, Equityholder, sole member",2,0,1
146,What are the roles in the agreement of the company where Victoria Chant is employed?,"Collateral Administrator, Collateral Agent, Custodian",2,0,1
146,What are the roles in the agreement of the company where Adam Scozzafava is employed?,"Collateral Administrator, Collateral Agent, Custodian",2,0,1
146,Who is the Chief Compliance Officer and Chief Legal Officer of BLACKSTONE PRIVATE CREDIT FUND?,Marisa J. Beeney,2,1,0
146,Who is the Chief Compliance Officer and Secretary of BLACKSTONE PRIVATE CREDIT FUND?,Marisa J. Beeney,2,1,0
146,Who is the Chief Legal Officer and Secretary of BLACKSTONE PRIVATE CREDIT FUND?,Marisa J. Beeney,2,1,0
90,Who are the Authorized Signatorys of GOLDMAN SACHS BANK USA?,"Donna DeMagistris, Thomas M. Manning",2,0,1
90,Who are the Executive Directors of TRUIST BANK?,"Carlos Cruz, Michael Maguire",2,0,1
90,Who are the Vice Presidents of JPMORGAN CHASE BANK?,"Christopher A. Salek, Michael Vondriska, William C. Whitaker",2,0,1
90,Who are the Senior Vice Presidents of SANTANDER BANK?,"Christopher Matheson, David C. Beckett, Irv Roa, Michael S. Barnett",2,0,1
90,Who are the Directors of ING BANK N.V.?,"Annie Chung, Brad Matthews, Clement Yu, Ming K. Chu, Mukesh Singh, Sean Hassett, Todd Grossnickle",2,0,1
90,Who are the Managing Directors of ING BANK N.V.?,"Barry Fehily, Kaye Ea, Kevin D. Higgins, Michael Pearce",2,0,1
90,Who is the Treasurer of the company where Christopher A. Salek is employed?,William C. Whitaker,3,0,0
90,Who is the Treasurer of the company where Michael Vondriska is employed?,William C. Whitaker,3,0,0
84,What are the positions held by both Chwan-Ming Ho and Edward Chen?,"General Manager, VP",1,1,1
84,What are the positions held by both Chwan-Ming Ho and Li Hua Huang?,"General Manager, VP",1,1,1
84,What are the positions held by both Edward Chen and Li Hua Huang?,"General Manager, VP",1,1,1
84,What is the position held by Alexander Wu but not by Chwan-Ming Ho?,SVP,1,2,0
84,What is the position held by Alexander Wu but not by Edward Chen?,SVP,1,2,0
84,What is the position held by Alexander Wu but not by Li Hua Huang?,SVP,1,2,0
84,What role does DEUTSCHE BANK SECURITIES INC. have in the agreement which is not the role of J.P. MORGAN SECURITIES LLC?,Documentation Agent,2,1,0
84,"What role does DEUTSCHE BANK SECURITIES INC. have in the agreement which is not the role of MERRILL LYNCH, PIERCE, FENNER %26 SMITH INCORPORATED?",Documentation Agent,2,1,0
84,What company is the Lender but not the Administrative Agent in the agreement?,Taiwan Cooperative Bank,2,1,0
84,Who are the Authorized Signatorys of ROYAL BANK OF CANADA?,"Joshua Freedman, Michael King",2,0,1
84,Who are the General Managers of BANK OF TAIWAN?,"Alexander Wu, Chwan-Ming Ho",2,0,1
84,Who are the General Managers of E.SUN COMMERCIAL BANK?,"Edward Chen, Li Hua Huang",2,0,1
84,Who are the VPs of E.SUN COMMERCIAL BANK?,"Edward Chen, Li Hua Huang",2,0,1
84,Who are the Vice Presidents of DEUTSCHE BANK AG?,"Joshua Turner, Ming K. Chu, Virginia Cosenza",2,0,1
84,Who are the Managing Directors of Credit Agricole Corporate and Investment Bank?,"Amy Trapp, Helga Blum, Kazuhisa Matsuda, Tanya Crossley",2,0,1
84,Who are the Directors of Bank of America?,"Amie L. Edwards, Andrea S. Chen, Bill O%C2%92Daly, Lana Gifas",2,0,1
84,"Who are the Senior Vice Presidents of HEALTH CARE REIT, INC.?","Brian Tuerff, James M. Armstrong, Michael A. Crabtree, Samuel A. Bluso",2,0,1
84,Who are the Vice Presidents of KeyBank National Association?,"Bershunda J. Taylor, Christina P. Blackwell, John C. Rowland, Kirby R. Holman, Kristy Ahee, Laura Conway, Scott O%C2%92Connell",2,0,1
84,What are the roles in the agreement of the company where John C. Rowland is employed?,"ADMINISTRATIVE AGENT, Administrative Agent, L%2FC ISSUER%3A",2,0,1
84,What are the roles in the agreement of the company where Audrey Pishnery is employed?,"ADMINISTRATIVE AGENT, Administrative Agent, L%2FC ISSUER%3A",2,0,1
84,What are the roles in the agreement of the company where Kristy Ahee is employed?,"ADMINISTRATIVE AGENT, Administrative Agent, L%2FC ISSUER%3A",2,0,1
84,What are the roles in the agreement of the company where Bershunda J. Taylor is employed?,"ADMINISTRATIVE AGENT, Administrative Agent, L%2FC ISSUER%3A",2,0,1
84,What are the roles in the agreement of the company where Laura Conway is employed?,"ADMINISTRATIVE AGENT, Administrative Agent, L%2FC ISSUER%3A",2,0,1
84,What are the roles in the agreement of the company where Scott O%C2%92Connell is employed?,"ADMINISTRATIVE AGENT, Administrative Agent, L%2FC ISSUER%3A",2,0,1
84,What are the roles in the agreement of the company where Kirby R. Holman is employed?,"ADMINISTRATIVE AGENT, Administrative Agent, L%2FC ISSUER%3A",2,0,1
84,What are the roles in the agreement of the company where Elsa O%C2%92Brien is employed?,"ADMINISTRATIVE AGENT, Administrative Agent, L%2FC ISSUER%3A",2,0,1
84,What are the roles in the agreement of the company where Christina P. Blackwell is employed?,"ADMINISTRATIVE AGENT, Administrative Agent, L%2FC ISSUER%3A",2,0,1
84,"What are the roles in the agreement of the company associated with 127 Public Square\n\nCleveland, Ohio 44114-1306?","ADMINISTRATIVE AGENT, Administrative Agent, L%2FC ISSUER%3A, LC Issuer, Lender, Swingline    Lender",2,0,1
84,"What are the roles in the agreement of the company associated with 4910 Tiedeman Rd.\n\nMail Code: OH-01-51-0311\n\nBrooklyn, Ohio 44144?","ADMINISTRATIVE AGENT, Administrative Agent, L%2FC ISSUER%3A, LC Issuer, Lender, Swingline    Lender",2,0,1
84,"Who is the Chairman Of The Board and Chief Executive Officer of Health Care REIT, Inc.?",Mr. George L. Chapman,2,1,0
84,"Who is the Servicing Officer of the company associated with 127 Public SquareCleveland, Ohio 44114-1306?",Audrey Pishnery,3,0,0
84,"Who is the Manager of the company associated with 127 Public SquareCleveland, Ohio 44114-1306?",Elsa O%C2%92Brien,3,0,0
84,"Who is the Chairman of the Board of the company associated with 4500 Dorr StreetToledo, Ohio 43615-4040?",Mr. George L. Chapman,3,0,0
84,"Who is the Chief Executive Officer of the company associated with 4500 Dorr StreetToledo, Ohio 43615-4040?",Mr. George L. Chapman,3,0,0
84,"Who is the Treasurer of the company associated with 4500 Dorr StreetToledo, Ohio 43615-4040?",Michael A. Crabtree,3,0,0
84,"Who is the Servicing Officer of the company associated with 4910 Tiedeman Rd.Mail Code%3A OH-01-51-0311Brooklyn, Ohio 44144?",Audrey Pishnery,3,0,0
84,"Who is the Manager of the company associated with 4910 Tiedeman Rd.Mail Code%3A OH-01-51-0311Brooklyn, Ohio 44144?",Elsa O%C2%92Brien,3,0,0
84,Who is the SVP of the company where Chwan-Ming Ho is employed?,Alexander Wu,3,0,0
84,Who is the VP of the company where Alexander Wu is employed?,Chwan-Ming Ho,3,0,0
84,Who is the Treasurer of the company where Samuel A. Bluso is employed?,Michael A. Crabtree,3,0,0
84,Who is the Treasurer of the company where James M. Armstrong is employed?,Michael A. Crabtree,3,0,0
84,Who is the Treasurer of the company where Brian Tuerff is employed?,Michael A. Crabtree,3,0,0
84,Who is the Servicing Officer of the company where John C. Rowland is employed?,Audrey Pishnery,3,0,0
84,Who is the Manager of the company where John C. Rowland is employed?,Elsa O%C2%92Brien,3,0,0
84,Who is the Manager of the company where Audrey Pishnery is employed?,Elsa O%C2%92Brien,3,0,0
84,Who is the Servicing Officer of the company where Kristy Ahee is employed?,Audrey Pishnery,3,0,0
84,Who is the Manager of the company where Kristy Ahee is employed?,Elsa O%C2%92Brien,3,0,0
84,Who is the Servicing Officer of the company where Bershunda J. Taylor is employed?,Audrey Pishnery,3,0,0
84,Who is the Manager of the company where Bershunda J. Taylor is employed?,Elsa O%C2%92Brien,3,0,0
84,Who is the Servicing Officer of the company where Laura Conway is employed?,Audrey Pishnery,3,0,0
84,Who is the Manager of the company where Laura Conway is employed?,Elsa O%C2%92Brien,3,0,0
84,Who is the Servicing Officer of the company where Scott O%C2%92Connell is employed?,Audrey Pishnery,3,0,0
84,Who is the Manager of the company where Scott O%C2%92Connell is employed?,Elsa O%C2%92Brien,3,0,0
84,Who is the Servicing Officer of the company where Kirby R. Holman is employed?,Audrey Pishnery,3,0,0
84,Who is the Manager of the company where Kirby R. Holman is employed?,Elsa O%C2%92Brien,3,0,0
84,Who is the Servicing Officer of the company where Elsa O%C2%92Brien is employed?,Audrey Pishnery,3,0,0
84,Who is the Servicing Officer of the company where Christina P. Blackwell is employed?,Audrey Pishnery,3,0,0
84,Who is the Manager of the company where Christina P. Blackwell is employed?,Elsa O%C2%92Brien,3,0,0
85,What are the roles in the agreement of the company where Kenneth Butler is employed?,"Agent, Lender",2,0,1
85,"What are the roles in the agreement of the company associated with 300 Galleria Parkway, Suite 800\nAtlanta, GA 30339?","Agent, Lender",2,0,1
85,"Who is the Assistant Controller and Chief Financial Officer of CROSS COUNTRY HEALTHCARE, INC.?",Emil Hensel,2,1,0
85,"Who is the Assistant Controller and Vice President of CROSS COUNTRY HEALTHCARE, INC.?",Emil Hensel,2,1,0
85,"Who is the Assistant Controller and Vice President%09 of CROSS COUNTRY HEALTHCARE, INC.?",Emil Hensel,2,1,0
85,"Who is the Chief Financial Officer and Vice President of CROSS COUNTRY HEALTHCARE, INC.?",Emil Hensel,2,1,0
85,"Who is the Chief Financial Officer and Vice President%09 of CROSS COUNTRY HEALTHCARE, INC.?",Emil Hensel,2,1,0
85,"Who is the Vice President and Vice President%09 of CROSS COUNTRY HEALTHCARE, INC.?",Emil Hensel,2,1,0
85,"Who is the Assistant Controller and Chief Financial Officer of CEJKA SEARCH, INC.?",Emil Hensel,2,1,0
85,"Who is the Assistant Controller and Vice President of CEJKA SEARCH, INC.?",Emil Hensel,2,1,0
85,"Who is the Assistant Controller and Vice President%09 of CEJKA SEARCH, INC.?",Emil Hensel,2,1,0
85,"Who is the Chief Financial Officer and Vice President of CEJKA SEARCH, INC.?",Emil Hensel,2,1,0
85,"Who is the Chief Financial Officer and Vice President%09 of CEJKA SEARCH, INC.?",Emil Hensel,2,1,0
85,"Who is the Vice President and Vice President%09 of CEJKA SEARCH, INC.?",Emil Hensel,2,1,0
85,Who is the Senior Vice President of the company which is the Lender in the agreement?,Kenneth Butler,2,1,0
85,Who is the Senior Vice President of the company which is the Agent in the agreement?,Kenneth Butler,2,1,0
85,"Who is the Senior Vice President of the company associated with 300 Galleria Parkway, Suite 800Atlanta, GA 30339?",Kenneth Butler,3,0,0
85,"Who is the Chief Financial Officer of the company associated with 4 City Place Drive, Suite 300Creve Coeur, Missouri 63141?",Emil Hensel,3,0,0
85,"Who is the Vice President of the company associated with 4 City Place Drive, Suite 300Creve Coeur, Missouri 63141?",Emil Hensel,3,0,0
85,"Who is the Vice President%09 of the company associated with 4 City Place Drive, Suite 300Creve Coeur, Missouri 63141?",Emil Hensel,3,0,0
85,"Who is the Assistant Controller of the company associated with 4 City Place Drive, Suite 300Creve Coeur, Missouri 63141?",Emil Hensel,3,0,0
85,"Who is the Chief Financial Officer of the company associated with 6551 Park of Commerce Blvd. NWBoca Raton, Florida 33487?",Emil Hensel,3,0,0
85,"Who is the Vice President of the company associated with 6551 Park of Commerce Blvd. NWBoca Raton, Florida 33487?",Emil Hensel,3,0,0
85,"Who is the Vice President%09 of the company associated with 6551 Park of Commerce Blvd. NWBoca Raton, Florida 33487?",Emil Hensel,3,0,0
85,"Who is the Assistant Controller of the company associated with 6551 Park of Commerce Blvd. NWBoca Raton, Florida 33487?",Emil Hensel,3,0,0
85,Who is the Assistant Controller of the company where Susan E. Ball is employed?,Emil Hensel,3,0,0
85,Who is the Chief Financial Officer of the company where Susan E. Ball is employed?,Emil Hensel,3,0,0
85,Who is the Vice President of the company where Susan E. Ball is employed?,Emil Hensel,3,0,0
85,Who is the Vice President%09 of the company where Susan E. Ball is employed?,Emil Hensel,3,0,0
85,Who is the Assistant Controller of the company where Susan E. Ball is employed?,Emil Hensel,3,0,0
85,Who is the Chief Financial Officer of the company where Susan E. Ball is employed?,Emil Hensel,3,0,0
85,Who is the Vice President of the company where Susan E. Ball is employed?,Emil Hensel,3,0,0
85,Who is the Vice President%09 of the company where Susan E. Ball is employed?,Emil Hensel,3,0,0
91,What are the roles in the agreement of the company where Thomas M. Foncannon is employed?,"LENDER, Lender",2,0,1
91,"What are the roles in the agreement of the company associated with Bank of Oklahoma\n1625 Broadway, Suite 1100\nDenver, Colorado 80202?","LENDER, Lender",2,0,1
91,"What are the roles in the agreement of the company associated with P.O. Box 248817\nOklahoma City, Oklahoma 73124-8817?","LENDER, Lender",2,0,1
91,Who is the Chief Executive Officer and President of EARTHSTONE ENERGY INC?,Ray Singleton,2,1,0
91,"Who is the President of the company associated with 633 17th Street, Suite 1900Denver, Colorado 80202-3619?",Ray Singleton,3,0,0
91,"Who is the Chief Executive Officer of the company associated with 633 17th Street, Suite 1900Denver, Colorado 80202-3619?",Ray Singleton,3,0,0
91,"Who is the Senior Vice President of the company associated with Bank of Oklahoma1625 Broadway, Suite 1100Denver, Colorado 80202?",Thomas M. Foncannon,3,0,0
91,"Who is the Senior Vice President of the company associated with P.O. Box 248817Oklahoma City, Oklahoma 73124-8817?",Thomas M. Foncannon,3,0,0
91,What is the address of Address for Notices%3A of the company where Ray Singleton is employed?,"633 17th Street, Suite 1900Denver, Colorado 80202-3619",3,0,0
91,What is the address of Address for Notices%3A of the company where Thomas M. Foncannon is employed?,"Bank of Oklahoma1625 Broadway, Suite 1100Denver, Colorado 80202",3,0,0
91,What is the address of Payment Processing Center of the company where Thomas M. Foncannon is employed?,"P.O. Box 248817Oklahoma City, Oklahoma 73124-8817",3,0,0
147,What role does Bank of America have in the agreement which is not the role of Credit Suisse AG?,L%2FC Issuer,2,1,0
147,What role does Bank of America have in the agreement which is not the role of Deutsche Bank?,L%2FC Issuer,2,1,0
147,What role does Citibank have in the agreement which is not the role of Credit Suisse AG?,L%2FC Issuer,2,1,0
147,What role does Citibank have in the agreement which is not the role of Deutsche Bank?,L%2FC Issuer,2,1,0
147,What role does Credit Suisse AG have in the agreement which is not the role of Goldman Sachs Bank USA?,L%2FCIssuer,2,1,0
147,"What role does Credit Suisse AG have in the agreement which is not the role of Mizuho Bank, Ltd.?",L%2FCIssuer,2,1,0
147,What role does Credit Suisse AG have in the agreement which is not the role of Barclays Bank PLC?,L%2FCIssuer,2,1,0
147,What role does Credit Suisse AG have in the agreement which is not the role of JPMORGAN CHASE BANK?,L%2FCIssuer,2,1,0
147,"What role does Credit Suisse AG have in the agreement which is not the role of Morgan Stanley Senior Funding, Inc.?",L%2FCIssuer,2,1,0
147,What role does Deutsche Bank have in the agreement which is not the role of Goldman Sachs Bank USA?,L%2FCIssuer,2,1,0
147,"What role does Deutsche Bank have in the agreement which is not the role of Mizuho Bank, Ltd.?",L%2FCIssuer,2,1,0
147,What role does Deutsche Bank have in the agreement which is not the role of Barclays Bank PLC?,L%2FCIssuer,2,1,0
147,What role does Deutsche Bank have in the agreement which is not the role of JPMORGAN CHASE BANK?,L%2FCIssuer,2,1,0
147,"What role does Deutsche Bank have in the agreement which is not the role of Morgan Stanley Senior Funding, Inc.?",L%2FCIssuer,2,1,0
147,"What role does JPMORGAN CHASE BANK have in the agreement which is not the role of Morgan Stanley Senior Funding, Inc.?",Agent,2,1,0
147,What company is the L%2FC Issuer but not the Lender in the agreement?,HSBC BANK USA,2,1,0
147,Who are the Directors of Barclays Bank PLC?,"Joseph L. Corah, Ronnie Glenn",2,0,1
147,"Who are the Authorized Signatorys of Morgan Stanley Senior Funding, Inc.?","Graham Robertson, Komal Shah, Whitney Gaston",2,0,1
147,Who are the Vice Presidents of HSBC BANK USA?,"Eugene Yermash, Jack Kelly, Michael Strobel, Philip Tancorra",2,0,1
147,What are the roles in the agreement of the company where Thomas Manning is employed?,"L%2FC Issuer, Lender",2,0,1
147,What are the roles in the agreement of the company where Raymond Ventura is employed?,"L%2FC Issuer, Lender",2,0,1
147,What are the roles in the agreement of the company where Joseph L. Corah is employed?,"L%2FC Issuer, Lender",2,0,1
147,What are the roles in the agreement of the company where Ronnie Glenn is employed?,"L%2FC Issuer, Lender",2,0,1
147,What are the roles in the agreement of the company where Dawn Lee Lum is employed?,"Agent, L%2FC Issuer, Lender",2,0,1
147,What are the roles in the agreement of the company where Graham Robertson is employed?,"L%2FC Issuer, Lender",2,0,1
147,What are the roles in the agreement of the company where Komal Shah is employed?,"L%2FC Issuer, Lender",2,0,1
147,What are the roles in the agreement of the company where Whitney Gaston is employed?,"L%2FC Issuer, Lender",2,0,1
147,"What are the roles in the agreement of the company associated with 500 Stanton Christiana Rd.\n\nNCC5 / 1st Floor\n\nNewark, DE 19713\n\n?","Administrative, Agent, Collateral, L%2FC Issuer, Lender",2,0,1
147,"Who is the Chief Administrative Officer and Executive Vice President of PPD Development, L.P.?",B. Judd Hartman,2,1,0
147,"Who is the Chief Administrative Officer and General Counsel of PPD Development, L.P.?",B. Judd Hartman,2,1,0
147,"Who is the Chief Administrative Officer and Secretary of PPD Development, L.P.?",B. Judd Hartman,2,1,0
147,"Who is the Executive Vice President and General Counsel of PPD Development, L.P.?",B. Judd Hartman,2,1,0
147,"Who is the Executive Vice President and Secretary of PPD Development, L.P.?",B. Judd Hartman,2,1,0
147,"Who is the General Counsel and Secretary of PPD Development, L.P.?",B. Judd Hartman,2,1,0
147,Who is the Executive Director of the company which is the Agent in the agreement?,Dawn Lee Lum,2,1,0
147,"Who is the Executive Director of the company associated with 500 Stanton Christiana Rd.NCC5 %2F 1st FloorNewark, DE 19713?",Dawn Lee Lum,3,0,0
153,"What roles do both CITIZENS BANK, N.A. and SILICON VALLEY BANK have in the agreement?","Co-Syndication Agents, Joint Bookrunners, Joint Lead Arrangers",1,1,1
153,"What roles do both SILICON VALLEY BANK and PNC BANK, NATIONAL ASSOCIATION have in the agreement?","Co-Syndication Agents, Issuing Bank, Lender",1,1,1
153,What roles do both SILICON VALLEY BANK and TRUIST BANK have in the agreement?,"Co-Syndication Agents, Issuing Bank, Lender",1,1,1
153,"What roles do both PNC BANK, NATIONAL ASSOCIATION and TRUIST BANK have in the agreement?","Co-Syndication Agents, Issuing Bank, Lender",1,1,1
153,"What role does CITIZENS BANK, N.A. have in the agreement which is not the role of JPMORGAN CHASE BANK, N.A.?",Co-Syndication Agents,2,1,0
153,"What role does CITIZENS BANK, N.A. have in the agreement which is not the role of PNC CAPITAL MARKETS LLC?",Co-Syndication Agents,2,1,0
153,"What role does CITIZENS BANK, N.A. have in the agreement which is not the role of TRUIST SECURITIES, INC.?",Co-Syndication Agents,2,1,0
153,What company is the Administrative Agent but not the Issuing Bank in the agreement?,"AVID TECHNOLOGY, INC",2,1,0
153,What company is the Administrative Agent but not the Lender in the agreement?,"AVID TECHNOLOGY, INC",2,1,0
153,"Who are the Senior Vice Presidents of HSBC BANK USA, NATIONAL ASSOCIATION?","David A. Wild, Kyle Patterson",2,0,1
153,Who are the Directors of TRUIST BANK?,"Francis Groccia, Michael J. McWalters, Renata I. Levine",2,0,1
153,What are the roles in the agreement of the company where Grace Mahood is employed?,"Administrative Agent, Agent, Issuing Bank, Lender",2,0,1
153,What are the roles in the agreement of the company where Daniel Russell is employed?,"Co-Syndication Agents, Issuing Bank, Lender",2,0,1
153,What are the roles in the agreement of the company where Michael J. McWalters is employed?,"Co-Syndication Agents, Issuing Bank, Lender",2,0,1
153,What are the roles in the agreement of the company where Francis Groccia is employed?,"Co-Syndication Agents, Issuing Bank, Lender",2,0,1
153,What are the roles in the agreement of the company where Renata I. Levine is employed?,"Co-Syndication Agents, Issuing Bank, Lender",2,0,1
153,Who is the Authorized Signatory of the company which is the Agent in the agreement?,Grace Mahood,2,1,0
153,Who is the Executive Vice President and Chief Financial Officer of the company which is the Borrower in the agreement?,Kenneth Gayron,2,1,0
153,"Who is the Executive Vice President and Chief Financial Officer of the company associated with 75 Network Drive, Burlington, MA 01803?",Kenneth Gayron,3,0,0
46,What are the roles in the agreement of the company where Gregory R. Russano is employed?,"Agent, Lender",2,0,1
46,"What are the roles in the agreement of the company associated with 830 Morris Turnpike, 3rd Floor\n\nShort Hills, NJ 07078?","Agent, Lender",2,0,1
46,"Who is the Chief Executive Officer and Manager of MVC GP II, LLC?",James Pinto,2,1,0
46,Who is the Senior Vice President of the company which is the Agent in the agreement?,Gregory R. Russano,2,1,0
46,"Who is the Senior Vice President of the company associated with 830 Morris Turnpike, 3rd FloorShort Hills, NJ 07078?",Gregory R. Russano,3,0,0
46,"Who is the VP of the company associated with at Wintrust Bank231 S. LaSalle Street2nd FloorChicago, IL 60604?",John Paul Hills,3,0,0
52,"What role does Citibank, N.A. have in the agreement which is not the role of JPMorgan Chase Bank, N.A.?",Agent,2,1,0
52,What company is the Agent but not the Agents in the agreement?,"The Bank of Tokyo-Mitsubishi UFJ, Ltd.",2,1,0
52,Who are the Directors of BANK OF THE WEST?,"Adriana Collins, Lauren Hom, Michelle C. Phillips",2,0,1
52,"Who are the Authorized Signatorys of MORGAN STANLEY BANK, N.A.?","Annie Carr, John Flores, Michael King",2,0,1
52,Who are the Vice Presidents of THE NORTHERN TRUST COMPANY?,"Carolyn Kee, Jeff Benedix, John Lascody",2,0,1
52,Who are the Managing Directors of WELLS FARGO BANK?,"Barry Bergman, James Travagline",2,0,1
52,"What are the roles in the agreement of the company associated with 1615 Brett Road\n Building #3\nNew Castle, DE 19720?","Administrative, Agent, Agents, Bank, Documentation, Servicing",2,0,1
52,"What are the roles in the agreement of the company associated with 270 Park Avenue\nNew York, NY 10017?","Administrative, Agents, Arrangers, Bank, Bookrunners, Joint, Joint Lead",2,0,1
52,"What are the roles in the agreement of the company associated with 301 South College St.\nCharlotte, NC 28288?","Administrative, Agents, Bank",2,0,1
52,Who is the Treasurer and Vice President Of Tax of Clorox Company?,Charles R. Conradi,2,1,0
52,"Who is the Treasurer of the company associated with 1221 Broadway     %09Oakland, California 94612?",Charles R. Conradi,3,0,0
52,"Who is the Vice President of Tax of the company associated with 1221 Broadway     %09Oakland, California 94612?",Charles R. Conradi,3,0,0
52,"Who is the Executive Vice President of the company associated with 1221 Broadway     %09Oakland, California 94612?",Laura Stein,3,0,0
52,Who is the Treasurer of the company where Laura Stein is employed?,Charles R. Conradi,3,0,0
52,Who is the Vice President of Tax of the company where Laura Stein is employed?,Charles R. Conradi,3,0,0
52,Who is the Executive Vice President of the company where Charles R. Conradi is employed?,Laura Stein,3,0,0
78,Who is the CLO %2F EVP of the company which is the Administrative Agent in the agreement?,Phil Thomas,2,1,0
78,Who is the Chief Executive Officer of the company which is the Borrower in the agreement?,Abraham Mirman,2,1,0
78,"Who is the Chief Executive Officer of the company associated with 1900 Grant StreetSuite 720Denver, CO 80203?",Abraham Mirman,3,0,0
78,"Who is the CLO %2F EVP of the company associated with One Information Way, Suite 300Little Rock, Arkansas 72202?",Phil Thomas,3,0,0
44,Who are the Senior Vice Presidents of BANK OF AMERICA?,"John M. Hall, Tiffany E. Gardner",2,0,1
44,What are the roles in the agreement of the company where John M. Hall is employed?,"ADMINISTRATIVE AGENT, L%2FC Issuer, LENDER",2,0,1
44,What are the roles in the agreement of the company where Tiffany E. Gardner is employed?,"ADMINISTRATIVE AGENT, L%2FC Issuer, LENDER",2,0,1
44,What are the roles in the agreement of the company where Maria A. McClain is employed?,"ADMINISTRATIVE AGENT, L%2FC Issuer, LENDER",2,0,1
44,"What are the roles in the agreement of the company associated with NC1-026-06-03\n900 W. Trade St.\nCharlotte, NC 28255?","ADMINISTRATIVE AGENT, L%2FC Issuer, LENDER, Swing Line Lender",2,0,1
44,"What are the roles in the agreement of the company associated with One Independence Center\nMail Code: NC1-001-05-46\nCharlotte, NC 28255-0001?","ADMINISTRATIVE AGENT, L%2FC Issuer, LENDER, Swing Line Lender",2,0,1
44,"What are the roles in the agreement of the company associated with PA6-580-02-30\n1 Fleet Way\nScranton, PA 18507\nAttention: Alfonso Malave Jr.?","ADMINISTRATIVE AGENT, L%2FC Issuer, LENDER, Swing Line Lender",2,0,1
44,Who is the Vice President of the company which is the Administrative Agent in the agreement?,Maria A. McClain,2,1,0
44,Who is the Vice President of the company which is the L%2Fc Issuer in the agreement?,Maria A. McClain,2,1,0
44,"Who is the Chief Financial Officer of the company associated with 430 Airport RoadGreeneville, Tennessee 37745?",Rodney L. Bell,3,0,0
44,"Who is the Vice President of the company associated with NC1-026-06-03900 W. Trade St.Charlotte, NC 28255?",Maria A. McClain,3,0,0
44,"Who is the Vice President of the company associated with One Independence CenterMail Code%3A NC1-001-05-46Charlotte, NC 28255-0001?",Maria A. McClain,3,0,0
44,"Who is the Vice President of the company associated with PA6-580-02-301 Fleet WayScranton, PA 18507Attention%3A Alfonso Malave Jr.?",Maria A. McClain,3,0,0
44,Who is the Vice President of the company where John M. Hall is employed?,Maria A. McClain,3,0,0
44,Who is the Vice President of the company where Tiffany E. Gardner is employed?,Maria A. McClain,3,0,0
44,What is the address of Trade Finance of the company which is the Administrative Agent in the agreement?,BANK OF AMERICA,3,0,0
44,What is the address of Trade Finance of the company which is the L%2Fc Issuer in the agreement?,BANK OF AMERICA,3,0,0
44,What is the address of Trade Finance of the company where John M. Hall is employed?,"PA6-580-02-301 Fleet WayScranton, PA 18507Attention%3A Alfonso Malave Jr.",3,0,0
44,What is the address of Trade Finance of the company where Maria A. McClain is employed?,"PA6-580-02-301 Fleet WayScranton, PA 18507Attention%3A Alfonso Malave Jr.",3,0,0
44,What is the address of Trade Finance of the company where Tiffany E. Gardner is employed?,"PA6-580-02-301 Fleet WayScranton, PA 18507Attention%3A Alfonso Malave Jr.",3,0,0
50,What role does U.S. BANK NATIONAL ASSOCIATION have in the agreement which is not the role of WELLS FARGO BANK?,Agents,2,1,0
50,"What role does U.S. BANK NATIONAL ASSOCIATION have in the agreement which is not the role of JPMORGAN CHASE BANK, N.A.?",Agents,2,1,0
50,What role does WELLS FARGO BANK have in the agreement which is not the role of SILICON VALLEY BANK?,Agent,2,1,0
50,What role does WELLS FARGO BANK have in the agreement which is not the role of ZIONS FIRST NATIONAL BANK?,Agent,2,1,0
50,What role does WELLS FARGO BANK have in the agreement which is not the role of PNC BANK?,Agent,2,1,0
50,Who are the Directors of WELLS FARGO BANK?,"Darin Mullis, Yinghua Zhang",2,0,1
50,Who are the Senior Vice Presidents of ZIONS FIRST NATIONAL BANK?,"Michael R. Brough, William D. Priester",2,0,1
50,Who are the Vice Presidents of PNC BANK?,"David Green, Laura Woodward, Philip K. Lievscher",2,0,1
50,What are the roles in the agreement of the company where Darin Mullis is employed?,"Agent, Lender",2,0,1
50,What are the roles in the agreement of the company where Yinghua Zhang is employed?,"Agent, Lender",2,0,1
50,What are the roles in the agreement of the company where Derek R. Brunelle is employed?,"Agents, Lender",2,0,1
50,What are the roles in the agreement of the company where William D. Priester is employed?,"Agents, Lender",2,0,1
50,What are the roles in the agreement of the company where Michael R. Brough is employed?,"Agents, Lender",2,0,1
50,What are the roles in the agreement of the company where Laura Woodward is employed?,"Agents, Lender",2,0,1
50,What are the roles in the agreement of the company where Philip K. Lievscher is employed?,"Agents, Lender",2,0,1
50,What are the roles in the agreement of the company where David Green is employed?,"Agents, Lender",2,0,1
50,"What are the roles in the agreement of the company associated with 10 South Dearborn, Floor L2\n\nChicago, Illinois 60603\n\n?","Administrative, Agent, Arrangers, Collateral, Joint Bookrunners, Joint Lead, Lender, Swingline, Syndication",2,0,1
50,Who is the Chief Financial Officer of the company which is the Borrower in the agreement?,R. Bryan Riggsbee,2,1,0
2,Who are the Vice Presidents of THE HUNTINGTON NATIONAL BANK?,"Adam J. Kultgen, Phil Andresen",2,0,1
2,"Who are the Directors of BANK OF AMERICA, N.A?","Alysa Trakas, Anthony Hoye, Carl Hinrichs",2,0,1
2,"Who are the Senior Vice Presidents of HSBC BANK USA, N.A.?","Carl S. Tabacjar, Jr, Jaime Mariano, Mary F. Molnar",2,0,1
2,What are the roles in the agreement of the company associated with NEW\n\nYORK?,"Issuing, Lender",2,0,1
2,"Who is the Chief Financial Officer and Executive Vice President of DICK%C2%92S SPORTING GOODS, INC.?",Navdeep Gupta,2,1,0
2,Who is the Authorized Signatory of the company associated with NEWYORK?,Michael Borowiecki,3,0,0
145,Who are the Directors of PATH LTD?,"Guy Major, Joseph D. Glatt, Tammy Jennissen",2,0,1
145,What are the roles in the agreement of the company where Emily Ergang Pappas is employed?,"ADMINISTRATIVE AGENT, Administrative Agent, COLLATERAL AGENT, Collateral Agent,",2,0,1
145,Who is the Authorized Signatory and Chief Financial Officer of NFE BAHAMAS HOLDINGS LTD.?,Christopher Stephen Guinta,2,1,0
145,Who is the Chief Financial Officer and Director of NFE SUB LLC?,Christopher Stephen Guinta,2,1,0
145,Who is the Chief Financial Officer and Legal Representative of NFE SUB LLC?,Christopher Stephen Guinta,2,1,0
145,Who is the Chief Financial Officer and Manager of NFE SUB LLC?,Christopher Stephen Guinta,2,1,0
145,Who is the Director and Legal Representative of NFE SUB LLC?,Christopher Stephen Guinta,2,1,0
145,Who is the Director and Manager of NFE SUB LLC?,Christopher Stephen Guinta,2,1,0
145,Who is the Legal Representative and Manager of NFE SUB LLC?,Christopher Stephen Guinta,2,1,0
145,Who is the Associate Counsel of the company which is the Administrative Agent in the agreement?,Emily Ergang Pappas,2,1,0
145,"Who is the Associate Counsel of the company which is the Collateral Agent, in the agreement?",Emily Ergang Pappas,2,1,0
145,Who is the Associate Counsel of the company which is the Collateral Agent in the agreement?,Emily Ergang Pappas,2,1,0
145,Who is the Executive Assistant of the company associated with 111 W. 19th St. Fl. 8?,Lana Guardino,3,0,0
145,"Who is the Executive Assistant of the company associated with New York, NY  10011?",Lana Guardino,3,0,0
145,Who is the Vice President of the company where Guy Major is employed?,Joseph D. Glatt,3,0,0
145,Who is the Vice President of the company where Tammy Jennissen is employed?,Joseph D. Glatt,3,0,0
151,What roles do both CITIBANK and JPMORGAN CHASE BANK have in the agreement?,"Agent, Joint Bookrunners, Joint Lead Arrangers, L%2FC Issuer, Lender",1,1,1
151,What roles do both CITIBANK and BANK OF AMERICA have in the agreement?,"Joint Bookrunners, Joint Lead Arrangers, L%2FC Issuer, Lender",1,1,1
151,What roles do both CITIBANK and BARCLAYS BANK PLC have in the agreement?,"Agent, Joint Bookrunners, L%2FC Issuer, Lender",1,1,1
151,What roles do both JPMORGAN CHASE BANK and BANK OF AMERICA have in the agreement?,"Joint Bookrunners, Joint Lead Arrangers, L%2FC Issuer, Lender",1,1,1
151,What roles do both JPMORGAN CHASE BANK and BARCLAYS BANK PLC have in the agreement?,"Agent, Joint Bookrunners, L%2FC Issuer, Lender",1,1,1
151,What roles do both BANK OF AMERICA and BARCLAYS BANK PLC have in the agreement?,"Joint Bookrunners, L%2FC Issuer, Lender",1,1,1
151,What role does CITIBANK have in the agreement which is not the role of BANK OF AMERICA?,Agent,2,1,0
151,What role does CITIBANK have in the agreement which is not the role of BARCLAYS BANK PLC?,Joint Lead Arrangers,2,1,0
151,"What role does MIZUHO BANK, LTD., have in the agreement which is not the role of BARCLAYS BANK PLC?",Joint Lead Arrangers,2,1,0
151,What role does JPMORGAN CHASE BANK have in the agreement which is not the role of BANK OF AMERICA?,Agent,2,1,0
151,What role does JPMORGAN CHASE BANK have in the agreement which is not the role of BARCLAYS BANK PLC?,Joint Lead Arrangers,2,1,0
151,What company is the Agent but not the Joint Bookrunners in the agreement?,"MIZUHOBANK, LTD.",2,1,0
151,What company is the Agent but not the L%2FC Issuer in the agreement?,"MIZUHOBANK, LTD.",2,1,0
151,What company is the Joint Bookrunners but not the Joint Lead Arrangers in the agreement?,BARCLAYS BANK PLC,2,1,0
151,What company is the Joint Bookrunners but not the L%2FC Issuer in the agreement?,"MIZUHO BANK, LTD.,",2,1,0
151,What company is the Joint Lead Arrangers but not the L%2FC Issuer in the agreement?,"MIZUHO BANK, LTD.,",2,1,0
151,Who are the Managing Directors of BNP Paribas?,"Andrea S Chen, Iain P. Stewart, John Bosco, Michael Pearce",2,0,1
151,Who are the Executive Directors of JPMORGAN CHASE BANK?,"Anders Holmgaard, Gail Motonaga, Gregory T Martin, Tracy Rahn",2,0,1
151,Who are the Vice Presidents of BANK OF AMERICA?,"Christopher Coney, Richard Rivera, Robert Botcherby, Tanille Ingle",2,0,1
151,Who are the Authorized Signatorys of CREDIT SUISSE AG?,"Jack Lonker, Jessica Gavarkovs, Judith E. Smith, Michael King, Scott MacVicar, William E. Briggs IV",2,0,1
151,Who are the Directors of BARCLAYS BANK PLC?,"Annie Chung, Arjun Talwalkar, Cormac Langford, Jennifer S. O%E2%80%99Neill, Mindy K. Chu, Ronnie Glenn, Sean Hassett",2,0,1
151,What are the roles in the agreement of the company where Tracy Rahn is employed?,"Agent, Joint Bookrunners, Joint Lead Arrangers, L%2FC Issuer, Lender",2,0,1
151,What are the roles in the agreement of the company where Gregory T Martin is employed?,"Agent, Joint Bookrunners, Joint Lead Arrangers, L%2FC Issuer, Lender",2,0,1
151,What are the roles in the agreement of the company where Anders Holmgaard is employed?,"Agent, Joint Bookrunners, Joint Lead Arrangers, L%2FC Issuer, Lender",2,0,1
151,What are the roles in the agreement of the company where Gail Motonaga is employed?,"Agent, Joint Bookrunners, Joint Lead Arrangers, L%2FC Issuer, Lender",2,0,1
151,What are the roles in the agreement of the company where Christopher Coney is employed?,"Agent,, Joint Bookrunners, Joint Lead Arrangers, L%2FC Issuer, Lender",2,0,1
151,What are the roles in the agreement of the company where Richard Rivera is employed?,"Agent,, Joint Bookrunners, Joint Lead Arrangers, L%2FC Issuer, Lender",2,0,1
151,What are the roles in the agreement of the company where Robert Botcherby is employed?,"Agent,, Joint Bookrunners, Joint Lead Arrangers, L%2FC Issuer, Lender",2,0,1
151,What are the roles in the agreement of the company where Joseph L. Corah is employed?,"Agent,, Joint Bookrunners, Joint Lead Arrangers, L%2FC Issuer, Lender",2,0,1
151,What are the roles in the agreement of the company where Tanille Ingle is employed?,"Agent,, Joint Bookrunners, Joint Lead Arrangers, L%2FC Issuer, Lender",2,0,1
151,What are the roles in the agreement of the company where Cormac Langford is employed?,"Agent, Joint Bookrunners, L%2FC Issuer, Lender",2,0,1
151,What are the roles in the agreement of the company where Sean Hassett is employed?,"Agent, Joint Bookrunners, L%2FC Issuer, Lender",2,0,1
151,What are the roles in the agreement of the company where Mindy K. Chu is employed?,"Agent, Joint Bookrunners, L%2FC Issuer, Lender",2,0,1
151,What are the roles in the agreement of the company where Arjun Talwalkar is employed?,"Agent, Joint Bookrunners, L%2FC Issuer, Lender",2,0,1
151,What are the roles in the agreement of the company where Jennifer S. O%E2%80%99Neill is employed?,"Agent, Joint Bookrunners, L%2FC Issuer, Lender",2,0,1
151,What are the roles in the agreement of the company where Annie Chung is employed?,"Agent, Joint Bookrunners, L%2FC Issuer, Lender",2,0,1
151,What are the roles in the agreement of the company where Ronnie Glenn is employed?,"Agent, Joint Bookrunners, L%2FC Issuer, Lender",2,0,1
151,"Who is the Treasurer and Vice President, Tax And Treasury of THERMO FISHER SCIENTIFIC INC.?",Anthony H. Smith,2,1,0
151,"Who is the Drector of the company which is the Agent, in the agreement?",Joseph L. Corah,2,1,0
151,Who is the Drector of the company where Christopher Coney is employed?,Joseph L. Corah,3,0,0
151,Who is the Drector of the company where Richard Rivera is employed?,Joseph L. Corah,3,0,0
151,Who is the Drector of the company where Robert Botcherby is employed?,Joseph L. Corah,3,0,0
151,Who is the Drector of the company where Tanille Ingle is employed?,Joseph L. Corah,3,0,0
87,"Who are the Senior Vice Presidents of ARMSTRONG FLOORING, INC?","Jennifer Yan, Ronald D. Ford",2,0,1
87,Who are the Vice Presidents of MANUFACTURERS AND TRADERS TRUST COMPANY?,"Douglas B. Bingham, Sarah C. Lesser",2,0,1
87,Who is the Assistant Vice President of the company which is the Administrative Agent in the agreement?,Melissa Mullis,2,1,0
87,Who is the Chief Financial Officer of the company which is the Borrower in the agreement?,Ronald D. Ford,2,1,0
87,Who is the Chief Financial Officer of the company where Jennifer Yan is employed?,Ronald D. Ford,3,0,0
87,Who is the Treasurer of the company where Sarah C. Lesser is employed?,Douglas B. Bingham,3,0,0
93,Who are the Senior Vice Presidents of Stratus Properties Inc.?,"Erin D. Pickens, Sterling J. Silver",2,0,1
92,What company is the Bookrunner but not the Administrative Agent in the agreement?,BUSINESS DEVELOPMENT CORPORATION OF AMERICA,2,1,0
92,What company is the Bookrunner but not the Arranger in the agreement?,BUSINESS DEVELOPMENT CORPORATION OF AMERICA,2,1,0
92,What company is the Bookrunner but not the Lender in the agreement?,BUSINESS DEVELOPMENT CORPORATION OF AMERICA,2,1,0
92,"What are the roles in the agreement of the company associated with 10003 Woodloch Forest Drive\n\nSuite 950\n\nThe Woodlands, Texas 77380?","BORROWER, GUARANTORS",2,0,1
92,"Who is the President and President And Chief Executive Officer of PERNIX THERAPEUTICS, LLC?",Cooper C. Collins,2,1,0
92,"Who is the President and President And Chief Executive Officer,Pernix Therapeutics Holdings, Inc.,Sole Member And Sole Manager Of Pernix Therapeutics, Llc of PERNIX THERAPEUTICS, LLC?",Cooper C. Collins,2,1,0
92,"Who is the President And Chief Executive Officer and President And Chief Executive Officer,Pernix Therapeutics Holdings, Inc.,Sole Member And Sole Manager Of Pernix Therapeutics, Llc of PERNIX THERAPEUTICS, LLC?",Cooper C. Collins,2,1,0
92,"Who is the Director of the company associated with 7725 Woodmont Ave., %23200Bethesda, Maryland 20814?",Michael Min,3,0,0
92,"Who is the President and Chief Executive Officer of the company associated with 10003 Woodloch Forest DriveSuite 950The Woodlands, Texas 77380?",Cooper C. Collins,3,0,0
92,"Who is the President of the company associated with 10003 Woodloch Forest DriveSuite 950The Woodlands, Texas 77380?",Cooper C. Collins,3,0,0
92,"Who is the President and Chief Executive Officer,Pernix Therapeutics Holdings, Inc.,Sole Member and Sole Manager of Pernix Therapeutics, LLC of the company associated with 10003 Woodloch Forest DriveSuite 950The Woodlands, Texas 77380?",Cooper C. Collins,3,0,0
86,Who are the Vice Presidents of COMERICA BANK?,"Rosanne Parsill, Wayne Liao",2,0,1
86,What are the roles in the agreement of the company where Julie Yamauchi is employed?,"Administrative Agent, L%2FC Issuer, Lender, Swing Line Lender",2,0,1
86,"Who is the Cfo and Executive Vice President of ID ANALYTICS, INC?",Chris Power,2,1,0
86,Who is the Senior Vice President of the company which is the Swing Line Lender in the agreement?,Julie Yamauchi,2,1,0
86,Who is the Senior Vice President of the company which is the Administrative Agent in the agreement?,Julie Yamauchi,2,1,0
86,Who is the Senior Vice President of the company which is the L%2Fc Issuer in the agreement?,Julie Yamauchi,2,1,0
150,"What are the roles in the agreement of the company where R. Goldsborough, P. Healy is employed?","Administrative Agent, Collateral Agent",2,0,1
150,What are the roles in the agreement of the company where Raye Goldsborough is employed?,"Administrative Agent, Collateral Agent",2,0,1
150,"What are the roles in the agreement of the company associated with 500 Delaware Avenue, 11th Floor\n    Wilmington, DE 19081?","Administrative Agent, Collateral Agent",2,0,1
150,Who is the Authorized Signatory of the company which is the Fronting Lender in the agreement?,Jinah Lim,2,1,0
150,Who is the CEO of the company which is the Borrower in the agreement?,Tom Lesinski,2,1,0
150,Who is the Vice President of the company which is the Administrative Agent in the agreement?,Raye Goldsborough,2,1,0
150,Who is the Vice President of the company which is the Collateral Agent in the agreement?,Raye Goldsborough,2,1,0
150,"Who is the Vice President of the company associated with 500 Delaware Avenue, 11th Floor    Wilmington, DE 19081?",Raye Goldsborough,3,0,0
150,"Who is the CEO of the company associated with 6300 South Syracuse Way, Suite 300Centennial, CO 80111?",Tom Lesinski,3,0,0
150,Who is the CEO of the company where Ronnie Ng is employed?,Tom Lesinski,3,0,0
150,"Who is the Vice President of the company where R. Goldsborough, P. Healy is employed?",Raye Goldsborough,3,0,0
144,What are the roles in the agreement of the company where Maurice Amsellem is employed?,"AGENT, Agent, LENDER, Lender",2,0,1
144,"What are the roles in the agreement of the company associated with 7255 Woodmont Avenue, Suite 200\nBethesda, Maryland 20814?","AGENT, Agent, LENDER, Lender",2,0,1
144,Who is the Authorized Signatory of the company which is the Agent in the agreement?,Maurice Amsellem,2,1,0
144,"Who is the Authorized Signatory of the company associated with 7255 Woodmont Avenue, Suite 200Bethesda, Maryland 20814?",Maurice Amsellem,3,0,0
144,Who is the Treasurer of the company associated with 950 Winter StreetWaltham MA 02451?,Jos%C3%A9 I. Carmona,3,0,0
144,"Who is the Vice President of the company associated with Apollo Investment Corporation730 Fifth Avenue, 11th FloorNew York, New York 10019?",Joseph D. Glatt,3,0,0
144,"Who is the Vice President of the company associated with Apollo Investment Corporation9 West 57th Street, 37th FloorNew York, New York 10019?",Joseph D. Glatt,3,0,0
144,Who is the Treasurer of the company where Jose Carmona is employed?,Jos%C3%A9 I. Carmona,3,0,0
144,Who is the Vice President of the company where Jonathan Krain is employed?,Joseph D. Glatt,3,0,0
144,Who is the Vice President of the company where Howard Widra is employed?,Joseph D. Glatt,3,0,0
144,Who is the Vice President of the company where Sheriff Ibrahim is employed?,Joseph D. Glatt,3,0,0
51,What are the roles in the agreement of the company where Cody Gunsch is employed?,"Agent, Arrangers, Joint Bookrunners, Lender",2,0,1
51,"What are the roles in the agreement of the company associated with 1585 Broadway\n \nNew York, NY 10036?","Administrative, Agent, Arrangers, Collateral, Joint Bookrunners, Joint Lead, Lender",2,0,1
51,"What are the roles in the agreement of the company associated with Global Trust Services\n \n350 California St., 11th Floor\n \nSan Francisco, CA 94014?","Administrative, Agent, Collateral",2,0,1
51,"Who is the Treasurer and Vice President, Finance of CALPINE CORPORATION?",Zamir Rauf,2,1,0
51,Who is the Vice President of the company which is the Lender in the agreement?,Cody Gunsch,2,1,0
51,"Who is the Vice President of the company associated with 1585 Broadway New York, NY 10036?",Cody Gunsch,3,0,0
51,"Who is the Vice President, Finance of the company associated with 717 Texas Avenue Suite 1000 Houston, TX 77002?",Zamir Rauf,3,0,0
51,"Who is the Treasurer of the company associated with 717 Texas Avenue Suite 1000 Houston, TX 77002?",Zamir Rauf,3,0,0
51,"Who is the VP of the company associated with Global Trust Services 350 California St., 11th Floor San Francisco, CA 94014?",Sonia Flores,3,0,0
3,"What role does WELLS FARGO BANK, NATIONAL ASSOCIATION have in the agreement which is not the role of BANK OF AMERICA, N.A.?",Syndication Agent,2,1,0
3,What company is the Syndication Agent but not the Lender in the agreement?,"Wells Fargo Bank, National Association",2,1,0
3,What are the roles in the agreement of the company where Anand J. Jobanputra is employed?,"Lender, Syndication Agent",2,0,1
3,What are the roles in the agreement of the company where Cindy Jordan is employed?,"Administrative Agent, Lender",2,0,1
3,What are the roles in the agreement of the company where Kyle Pearson is employed?,"Administrative Agent, Lender",2,0,1
3,Who is the Vice President of the company where Cindy Jordan is employed?,Kyle Pearson,3,0,0
3,Who is the AVP of the company where Kyle Pearson is employed?,Cindy Jordan,3,0,0
45,Who is the Chief Financial Officer of the company which is the Borrower in the agreement?,Harold R. Carpenter,2,1,0
45,"Who is the Chief Financial Officer of the company associated with 150 Third Avenue SouthNashville, Tennessee 37201?",Harold R. Carpenter,3,0,0
45,"Who is the Client Services Representative of the company associated with 5065 Wooster Road, CN-OH-L2CBCincinnati, Ohio 45226-2326?","Cynthia M. Olson,",3,0,0
45,"Who is the Portfolio Manager of the company associated with 5065 Wooster Road, CN-OH-L2CBCincinnati, Ohio 45226-2326?",Eric Niedbalski,3,0,0
45,"Who is the Senior Vice President of the company associated with 5065 Wooster Road, CN-OH-L2CBCincinnati, Ohio 45226-2326?",Mark R. Cousineau,3,0,0
45,"Who is the Client Services Representative of the company associated with One U.S. Bank PlazaSt. Louis, Missouri  63101?","Cynthia M. Olson,",3,0,0
45,"Who is the Portfolio Manager of the company associated with One U.S. Bank PlazaSt. Louis, Missouri  63101?",Eric Niedbalski,3,0,0
45,"Who is the Senior Vice President of the company associated with One U.S. Bank PlazaSt. Louis, Missouri  63101?",Mark R. Cousineau,3,0,0
45,"Who is the Portfolio Manager of the company where Cynthia M. Olson, is employed?",Eric Niedbalski,3,0,0
45,"Who is the Senior Vice President of the company where Cynthia M. Olson, is employed?",Mark R. Cousineau,3,0,0
45,Who is the Client Services Representative of the company where Mark R. Cousineau is employed?,"Cynthia M. Olson,",3,0,0
45,Who is the Portfolio Manager of the company where Mark R. Cousineau is employed?,Eric Niedbalski,3,0,0
45,Who is the Client Services Representative of the company where Eric Niedbalski is employed?,"Cynthia M. Olson,",3,0,0
45,Who is the Senior Vice President of the company where Eric Niedbalski is employed?,Mark R. Cousineau,3,0,0
79,Who are the Authorized Signatorys of MORGAN STANLEY BANK?,"Michael King, Noel Purcell",2,0,1
79,Who are the Senior Vice Presidents of BRANCH BANKING AND TRUST COMPANY?,"Charles McLaughlin, Jean M. Brennan, Mark Edwards",2,0,1
79,"Who are the Directors of WELLS FARGO BANK, NATIONAL ASSOCIATION?","D. Bryan Gregory, Darlene Arias, Michael R Mellott",2,0,1
79,Who are the Vice Presidents of CITIGROUP GLOBAL MARKETS INC?,"Casey Gehrig, Cheryl Snoor, Derek Chang, Helen H. Gateson, John C. Rowland, John R. Roach, Jr.",2,0,1
79,What are the roles in the agreement of the company where Tari Mock is employed?,"Administrative Agent, Lenders",2,0,1
79,What are the roles in the agreement of the company where D. Bryan Gregory is employed?,"Administrative Agent, Lenders",2,0,1
79,What are the roles in the agreement of the company where Michael R Mellott is employed?,"Administrative Agent, Lenders",2,0,1
79,What are the roles in the agreement of the company where Darlene Arias is employed?,"Administrative Agent, Lenders",2,0,1
79,What are the roles in the agreement of the company where Helen H. Gateson is employed?,"Arrangers, Bookrunners, Syndication Agents",2,0,1
79,What are the roles in the agreement of the company where John C. Rowland is employed?,"Arrangers, Bookrunners, Syndication Agents",2,0,1
79,What are the roles in the agreement of the company where Cheryl Snoor is employed?,"Arrangers, Bookrunners, Syndication Agents",2,0,1
79,What are the roles in the agreement of the company where Casey Gehrig is employed?,"Arrangers, Bookrunners, Syndication Agents",2,0,1
79,"What are the roles in the agreement of the company where John R. Roach, Jr. is employed?","Arrangers, Bookrunners, Syndication Agents",2,0,1
79,What are the roles in the agreement of the company where Derek Chang is employed?,"Arrangers, Bookrunners, Syndication Agents",2,0,1
79,"What are the roles in the agreement of the company associated with Minneapolis Loan Center\n\nMAC N9303-110\n\n608 Second Avenue South, 11th Floor\n\nMinneapolis, Minnesota 55402-1916?","Arrangers, Bookrunners, Joint, Joint Lead",2,0,1
79,"What are the roles in the agreement of the company associated with 550 South Tryon Street, 6th Floor\n\nCharlotte, North Carolina 28202?","Administrative Agent, Lenders",2,0,1
79,"What are the roles in the agreement of the company associated with 1615 Brett Road, Ops III\n\nNew Castle, DE 19720?","Arrangers, Bookrunners, Joint, Joint Lead, Syndication Agents",2,0,1
79,Who is the Assistant Secretary and Chief Financial Officer of SELECT INCOME REIT?,John C. Popeo,2,1,0
79,Who is the Assistant Secretary and Treasurer of SELECT INCOME REIT?,John C. Popeo,2,1,0
79,Who is the Chief Financial Officer and Treasurer of SELECT INCOME REIT?,John C. Popeo,2,1,0
79,"Who is the Chief Financial Officer of the company associated with Two Newton Place255 Washington Street, Suite 300Newton, Massachusetts 02458-1634?",John C. Popeo,3,0,0
79,"Who is the Treasurer of the company associated with Two Newton Place255 Washington Street, Suite 300Newton, Massachusetts 02458-1634?",John C. Popeo,3,0,0
79,"Who is the Assistant Secretary of the company associated with Two Newton Place255 Washington Street, Suite 300Newton, Massachusetts 02458-1634?",John C. Popeo,3,0,0
79,"Who is the Authorized Signatory of the company associated with 200 Vesey St., 5th FloorNew York, NY 10281-8098?",Dan LePage,3,0,0
22,"What role does BANK OF AMERICA, N.A have in the agreement which is not the role of JPMORGAN CHASE BANK, N.A.?",Book Runner,2,1,0
22,"What role does BANK OF AMERICA, N.A have in the agreement which is not the role of WELLS FARGO BANK, NATIONAL ASSOCIATION?",Lender,2,1,0
22,What company is the Arranger but not the Book Runner in the agreement?,"JPMORGAN CHASE BANK, N.A.",2,1,0
22,What company is the Arranger but not the Lender in the agreement?,"WELLS FARGO BANK, NATIONAL ASSOCIATION",2,1,0
22,What company is the Book Runner but not the Lender in the agreement?,"WELLS FARGO BANK, NATIONAL ASSOCIATION",2,1,0
22,Who are the Authorized Signatorys of ROYAL BANK OF CANADA?,"Alexandre Camerlain, Heath Israel",2,0,1
22,What are the roles in the agreement of the company where Ajay Jagsi is employed?,"Arranger, Book Runner, Lender",2,0,1
22,What are the roles in the agreement of the company where Anca Loghin is employed?,"Arranger, Lender, Runner",2,0,1
22,"What are the roles in the agreement of the company associated with 1100 Abernathy Road\nSuite 1600\n130\n\nAtlanta, GA 30328?","Agent, Arranger, Book Runner, Joint, Joint Lead",2,0,1
22,"Who is the Chief Financialofficer and Executive Vice President of OIL STATES INTERNATIONAL, INC.,?",Lloyd A. Hajdik,2,1,0
22,"Who is the Chief Financialofficer and Treasurer of OIL STATES INTERNATIONAL, INC.,?",Lloyd A. Hajdik,2,1,0
22,"Who is the Executive Vice President and Treasurer of OIL STATES INTERNATIONAL, INC.,?",Lloyd A. Hajdik,2,1,0
22,Who is the Authorized Officer of the company which is the Runner in the agreement?,Anca Loghin,2,1,0
22,"Who is the Executive Vice President of the company associated with Three Allen Center333 Clay StreetSuite 4620Houston, Texas 77002?",Lloyd A. Hajdik,3,0,0
22,"Who is the Treasurer of the company associated with Three Allen Center333 Clay StreetSuite 4620Houston, Texas 77002?",Lloyd A. Hajdik,3,0,0
22,"Who is the Chief FinancialOfficer of the company associated with Three Allen Center333 Clay StreetSuite 4620Houston, Texas 77002?",Lloyd A. Hajdik,3,0,0
36,What are the roles in the agreement of the company where Reagan Philipp is employed?,"AGENT, Agent, Arranger, Bookrunner, Lender",2,0,1
36,Who is the Chief Financial Officer of the company which is the Borrower in the agreement?,Robert J. Nikl,2,1,0
36,Who is the Authorized Signatory of the company which is the Lender in the agreement?,Reagan Philipp,2,1,0
36,Who is the Authorized Signatory of the company which is the Arranger in the agreement?,Reagan Philipp,2,1,0
36,Who is the Authorized Signatory of the company which is the Bookrunner in the agreement?,Reagan Philipp,2,1,0
36,Who is the Authorized Signatory of the company which is the Agent in the agreement?,Reagan Philipp,2,1,0
123,What roles do both GOLDMAN SACHS BANK USA and RBC CAPITAL MARKETS have in the agreement?,"Agent, Arranger, Bookrunners",1,1,1
123,What role does GOLDMAN SACHS BANK USA have in the agreement which is not the role of RBC CAPITAL MARKETS?,Lender,2,1,0
123,What company is the Bookrunners but not the Arranger in the agreement?,CITIGROUP GLOBAL MARKETS INC,2,1,0
123,Who are the Authorized Signatorys of Credit Suisse AG?,"Bill O%C2%92Daly, Julia Ivanova, Kelly Heimrich, Robert Ehudin",2,0,1
123,Who are the Directors of ING Bank N.V?,"Andrew Payne, Ravneet Mumick, Sean Hassett",2,0,1
123,Who are the Vice Presidents of ING Bank N.V?,"Brandon K. Fiddler, Gene R. Riego De Dios, Shaun Hawley",2,0,1
123,Who is the Treasurer and Vice President of NEWELL RUBBERMAID INC?,John B. Ellis,2,1,0
123,What is the address of Branch of the company where Andrew Payne is employed?,Dublin,3,0,0
123,What is the address of Branch of the company where Bill O%C2%92Daly is employed?,Cayman Islands,3,0,0
123,What is the address of Branch of the company where Brandon K. Fiddler is employed?,Dublin,3,0,0
123,What is the address of Branch of the company where Gene R. Riego De Dios is employed?,Dublin,3,0,0
123,What is the address of Branch of the company where Julia Ivanova is employed?,Cayman Islands,3,0,0
123,What is the address of Branch of the company where Kelly Heimrich is employed?,Cayman Islands,3,0,0
123,What is the address of Branch of the company where Ravneet Mumick is employed?,Dublin,3,0,0
123,What is the address of Branch of the company where Robert Ehudin is employed?,Cayman Islands,3,0,0
123,What is the address of Branch of the company where Sean Hassett is employed?,Dublin,3,0,0
123,What is the address of Branch of the company where Shaun Hawley is employed?,Dublin,3,0,0
137,"What roles do both BANK OF AMERICA, N.A. and REGIONS BANK have in the agreement?","Bank, agent, agents",1,1,1
137,"What roles do both DEUTSCHE BANK SECURITIES INC. and MERRILL LYNCH, PIERCE, FENNER %26 SMITH INCORPORATED have in the agreement?","Arrangers, arranger, arrangers, book runner, bookrunner, bookrunners",1,1,1
137,What roles do both DEUTSCHE BANK SECURITIES INC. and REGIONS CAPITAL MARKETS have in the agreement?,"arranger, arrangers, book runner, bookrunner, bookrunners",1,1,1
137,"What roles do both MERRILL LYNCH, PIERCE, FENNER %26 SMITH INCORPORATED and REGIONS CAPITAL MARKETS have in the agreement?","arranger, arrangers, book runner, bookrunner, bookrunners",1,1,1
137,Which companies are both the joint lead arranger and the joint bookrunners in the agreement?,"DEUTSCHE BANK SECURITIES INC., MERRILL LYNCH, PIERCE, FENNER %26 SMITH INCORPORATED, REGIONS CAPITAL MARKETS",1,1,1
137,Which companies are both the joint lead arranger and the joint bookrunner in the agreement?,"DEUTSCHE BANK SECURITIES INC., MERRILL LYNCH, PIERCE, FENNER %26 SMITH INCORPORATED, REGIONS CAPITAL MARKETS",1,1,1
137,Which companies are both the joint lead arranger and the joint book runner in the agreement?,"DEUTSCHE BANK SECURITIES INC., MERRILL LYNCH, PIERCE, FENNER %26 SMITH INCORPORATED, REGIONS CAPITAL MARKETS",1,1,1
137,What role does DEUTSCHE BANK SECURITIES INC. have in the agreement which is not the role of REGIONS CAPITAL MARKETS?,Arrangers,2,1,0
137,What role does INITIAL ISSUING BANKS have in the agreement which is not the role of SWING LINE BANKS?,Lenders,2,1,0
137,What company is the Arrangers but not the arrangers in the agreement?,"REGIONS CAPITAL MARKETS,",2,1,0
137,What company is the Arrangers but not the joint bookrunners in the agreement?,"REGIONS CAPITAL MARKETS,",2,1,0
137,What company is the Arrangers but not the Bookrunners in the agreement?,DEUTSCHE BANK SECURITIES INC.,2,1,0
137,What company is the Issuing Banks but not the Lenders in the agreement?,SWING LINE BANKS,2,1,0
137,What company is the Lenders but not the Swing Line Banks in the agreement?,INITIAL LENDERS,2,1,0
137,Who are the Vice Presidents of Regions Bank?,"James Komperda, John Sletten, Joseph J. Seroke, Murray Mackinnon, T. Barrett Vawter",2,0,1
137,Who are the Senior Vice Presidents of U.S. BANK NATIONAL ASSOCIATION?,"Alexander L. Rody, Eric Searls, Scott DeJong",2,0,1
137,Who is the Secretary of the company which is the Guarantors in the agreement?,Christopher Eng,2,1,0
137,Who is the Authorized Signatory of the company where Julie Camarra is employed?,Joshua Freedman,3,0,0
137,Who is the Authorized Signatory of the company where Ian LaRoche is employed?,Joshua Freedman,3,0,0
122,"What role does BANK OF AMERICA, N.A. have in the agreement which is not the role of MORGAN STANLEY SENIOR FUNDING, INC.?",Lender,2,1,0
122,Who are the Authorized Signatorys of CREDIT SUISSE AG?,"Doreen Barr, Lingzi Huang, Michael King",2,0,1
122,"Who are the Vice Presidents of JPMORGAN CHASE BANK, N.A?","Anna Smith, Kristen M. Murphy, Maureen Maroney",2,0,1
122,Who are the Managing Directors of THE BANK OF NOVA SCOTIA?,"Andres Neumeier, Andy McClinton, Kenneth P. Sneider, Jr., Ross Levitsky, Thane Rattew, Tony Gordon",2,0,1
122,Who are the Directors of UNICREDIT BANK A.G.?,"Bill Seabrook, Christopher Choi, Craig M. Pinsly, CFA, Diederik Sluijs, Jody Feldman, Maria Lago, Michelle S. Dagenhart, N. J. Hardman, Robert Grillo",2,0,1
122,Who is the General Manager of the company associated with S.A. ROTTERDAM?,Zhao Caiyan,3,0,0
37,Who are the Senior Vice Presidents of Branch Banking and Trust Company?,"Felix Miranda, Mark Grover, Philip K. Liebscher",2,0,1
37,"Who are the Vice Presidents of Citizens Bank, N.A?","Bryan Ervin, John Kushnerick, Judith A. Huckins, Kelly Nash, Raj Nambiar, Steven Dixon, Tad Stainbrook",2,0,1
37,What are the roles in the agreement of the company where Maria F. Maia is employed?,"L%2FC Issuer, Lender",2,0,1
37,"Who is the Chief Financial Officer and Executive Vice President of Waste Connections, Inc.?",Worthing F. Jackman,2,1,0
37,Who is the Managing Director of the company which is the L%2Fc Issuer in the agreement?,Maria F. Maia,2,1,0
37,"Who is the Chief Financial Officer of the company associated with 3 Waterway Square Place, Suite 110The Woodlands, TX 77380?",Worthing F. Jackman,3,0,0
37,"Who is the Executive Vice President of the company associated with 3 Waterway Square Place, Suite 110The Woodlands, TX 77380?",Worthing F. Jackman,3,0,0
23,What role does SILICON VALLEY BANK have in the agreement which is not the role of KEYBANK NATIONAL ASSOCIATION?,Collateral Agent,2,1,0
23,"Who are the Chief Financial Officers of VIVINT SOLAR DEVELOPER, LLC,?","Paul Dickson, Tom vonReichbauer",2,0,1
23,"Who are the Authorized Signatorys of ROYAL BANK OF CANADA,?","Komal Shah, Mark W. Condon, Michael King, Nawshaer Safi",2,0,1
23,"Who are the Managing Directors of DEUTSCHE BANK AG, NEW YORK BRANCH,?","Andrew Sidford, Jeremy Eisman, Jordan Kanis",2,0,1
23,"Who are the Directors of DEUTSCHE BANK AG, NEW YORK BRANCH,?","Kyle Hatze, Michael Agrimis, Myra Martinez",2,0,1
23,What are the roles in the agreement of the company where Jonathan M. Bouvet is employed?,"Administrative Agent, L%2FC Issuer, Lender",2,0,1
23,Who is the Senior Vice President of the company which is the Administrative Agent in the agreement?,Jonathan M. Bouvet,2,1,0
35,What is the position held by John P. Rielly but not by Timothy B. Goodell?,Chief Financial Officer,1,2,0
35,"What role does JPMORGAN CHASE BANK, N.A have in the agreement which is not the role of Goldman Sachs Bank USA?",Agent,2,1,0
35,"What role does JPMORGAN CHASE BANK, N.A have in the agreement which is not the role of The Royal Bank of Scotland plc?",Agent,2,1,0
35,"What role does JPMORGAN CHASE BANK, N.A have in the agreement which is not the role of Wells Fargo Bank, National Association?",Agent,2,1,0
35,"What role does JPMORGAN CHASE BANK, N.A have in the agreement which is not the role of JPMorgan Chase Bank, N.A.?",Bank,2,1,0
35,"What role does JPMORGAN CHASE BANK, N.A have in the agreement which is not the role of JPMorgan Chase Bank, N.A?",Lender,2,1,0
35,"What role does Goldman Sachs Bank USA have in the agreement which is not the role of JPMorgan Chase Bank, N.A.?",Bank,2,1,0
35,"What role does Goldman Sachs Bank USA have in the agreement which is not the role of JPMorgan Chase Bank, N.A?",Lender,2,1,0
35,What role does Goldman Sachs Bank USA have in the agreement which is not the role of THE ROYAL BANK OF SCOTLAND PLC?,Lender,2,1,0
35,"What role does The Royal Bank of Scotland plc have in the agreement which is not the role of JPMorgan Chase Bank, N.A.?",Bank,2,1,0
35,"What role does The Royal Bank of Scotland plc have in the agreement which is not the role of JPMorgan Chase Bank, N.A?",Lender,2,1,0
35,What role does The Royal Bank of Scotland plc have in the agreement which is not the role of THE ROYAL BANK OF SCOTLAND PLC?,Lender,2,1,0
35,"What role does Wells Fargo Bank, National Association have in the agreement which is not the role of JPMorgan Chase Bank, N.A.?",Bank,2,1,0
35,"What role does Wells Fargo Bank, National Association have in the agreement which is not the role of JPMorgan Chase Bank, N.A?",Lender,2,1,0
35,"What role does Wells Fargo Bank, National Association have in the agreement which is not the role of THE ROYAL BANK OF SCOTLAND PLC?",Lender,2,1,0
35,"What role does JPMorgan Chase Bank, N.A. have in the agreement which is not the role of JPMorgan Chase Bank, N.A?",Lender,2,1,0
35,"What role does JPMorgan Chase Bank, N.A have in the agreement which is not the role of THE ROYAL BANK OF SCOTLAND PLC?",Agent,2,1,0
35,What company is the Agent but not the Lender in the agreement?,"JPMorgan Chase Bank, N.A",2,1,0
35,Who are the Authorized Signatorys of THE ROYAL BANK OF SCOTLAND PLC?,"Leon Mo, Michael King, Rebecca Kratz, Steve Ray",2,0,1
35,Who are the Managing Directors of CREDIT AGRICOLE CORPORATE AND INVESTMENT BANK?,"Cheryl LaBelle, David Gurghigian, James D. Weinstein, Michael Willis, Veronica Incera",2,0,1
35,"Who are the Directors of COMMERZBANK AG,?","Claudia Zarate, J. Frazell, Nurys Maleki, Steven Smith",2,0,1
35,Who are the Senior Vice Presidents of HESS CORPORATION?,"DeVon J. Lang, Joe Hykle, John P. Rielly, Kelton Glasscock, Sophia Love, Timothy B. Goodell",2,0,1
35,Who are the Vice Presidents of U.S. Bank National Association?,"Debra Hrelja, Glen Binder, Hans Beekmans, John M. Eyerman, Kevin Sparks, Maureen Maroney, Nicolas Anberree, Peter Carini, Raza Jafferi",2,0,1
35,What are the roles in the agreement of the company where Leon Mo is employed?,"Agents, Bank",2,0,1
35,What are the roles in the agreement of the company where Rebecca Kratz is employed?,"Agents, Bank",2,0,1
35,What are the roles in the agreement of the company where Steve Ray is employed?,"Agents, Bank",2,0,1
35,What are the roles in the agreement of the company where Michael King is employed?,"Agents, Bank",2,0,1
35,What are the roles in the agreement of the company associated with New York?,"Lender, Swingline",2,0,1
35,"What are the roles in the agreement of the company associated with 500 Stanton Christiana Rd, Ops 2, Floor 3\n\nNewark, Delaware 19713?","Administrative, Agent, Bank, Issuing, Lender, Swingline",2,0,1
35,"What are the roles in the agreement of the company associated with 270 Park Avenue\n\nNew York, NY 10017?","Administrative, Agent, Bank, Issuing",2,0,1
35,"Who is the Chief Financial Officer of the company associated with 1185 Avenue of the AmericasNew York, New York 10036?",John P. Rielly,3,0,0
35,"Who is the General Counsel of the company associated with 1185 Avenue of the AmericasNew York, New York 10036?",Timothy B. Goodell,3,0,0
35,Who is the Managing Director of the company associated with GRAND CAYMAN?,Diane Pockaj,3,0,0
35,Who is the Managing Director of the company associated with NEW YORK?,Diane Pockaj,3,0,0
35,Who is the Executive Vice President of the company associated with New York?,Haifeng Xu,3,0,0
35,"Who is the Associate Director, of the company where Steve Aloupis is employed?",Hsing H. Huang,3,0,0
35,Who is the Managing Director Capital Markets of the company where Hsing H. Huang is employed?,Steve Aloupis,3,0,0
35,Who is the Managing Director of the company where Claudia Zarate is employed?,Diane Pockaj,3,0,0
35,Who is the Managing Director of the company where Steven Smith is employed?,Diane Pockaj,3,0,0
35,Who is the Managing Director of the company where J. Frazell is employed?,Diane Pockaj,3,0,0
35,Who is the Managing Director of the company where Nurys Maleki is employed?,Diane Pockaj,3,0,0
35,Who is the Chief Financial Officer of the company where Kelton Glasscock is employed?,John P. Rielly,3,0,0
35,Who is the General Counsel of the company where Kelton Glasscock is employed?,Timothy B. Goodell,3,0,0
35,Who is the Chief Financial Officer of the company where Timothy B. Goodell is employed?,John P. Rielly,3,0,0
35,Who is the Chief Financial Officer of the company where Joe Hykle is employed?,John P. Rielly,3,0,0
35,Who is the General Counsel of the company where Joe Hykle is employed?,Timothy B. Goodell,3,0,0
35,Who is the General Counsel of the company where John P. Rielly is employed?,Timothy B. Goodell,3,0,0
35,Who is the Chief Financial Officer of the company where Sophia Love is employed?,John P. Rielly,3,0,0
35,Who is the General Counsel of the company where Sophia Love is employed?,Timothy B. Goodell,3,0,0
35,Who is the Chief Financial Officer of the company where DeVon J. Lang is employed?,John P. Rielly,3,0,0
35,Who is the General Counsel of the company where DeVon J. Lang is employed?,Timothy B. Goodell,3,0,0
35,What is the address of Branch of the company where Haifeng Xu is employed?,New York,3,0,0
21,Who are the Authorized Persons of BLACKSTONE SECURED LENDING FUND?,"Eric Liaw, Marisa Beeney",2,0,1
21,Who are the Authorized Signatorys of GOLDMAN SACHS BANK USA?,"Danielle Spar, Robert J. Shusterman",2,0,1
21,"Who is the Secretary and Treasurer of LD LOWER HOLDINGS, INC.?",Dawn M. Wilson,2,1,0
108,Who are the Vice Presidents of KEYBANK NATIONAL ASSOCIATION?,"Andrew White, Gregory W. Lane, Lori Y. Jensen",2,0,1
108,"Who is the Executive Vice President and Secretary of Retreat at State College, LLC?",Randall H. Brown,2,1,0
108,"Who is the Executive Vice President and Treasurer of Retreat at State College, LLC?",Randall H. Brown,2,1,0
108,"Who is the Executive Vice President and Vice President of Retreat at State College, LLC?",Randall H. Brown,2,1,0
108,"Who is the Secretary and Treasurer of Retreat at State College, LLC?",Randall H. Brown,2,1,0
108,"Who is the Secretary and Vice President of Retreat at State College, LLC?",Randall H. Brown,2,1,0
108,"Who is the Treasurer and Vice President of Retreat at State College, LLC?",Randall H. Brown,2,1,0
134,"Who are the Vice Presidents of JPMorgan Chase Bank, N.A?","Mohammad S Hasan, Nelson Arteaga",2,0,1
134,What are the roles in the agreement of the company where Mohammad S Hasan is employed?,"Agent, Lender",2,0,1
134,What are the roles in the agreement of the company where Nelson Arteaga is employed?,"Agent, Lender",2,0,1
134,Who is the Authorized Signatory of the company which is the Borrower in the agreement?,Darren Drake,2,1,0
120,"What role does WELLS FARGO SECURITIES LLC have in the agreement which is not the role of MERRILL LYNCH, PIERCE, FENNER %26 SMITH INCORPORATED?",Arranger,2,1,0
120,Who are the Senior Vice Presidents of PNC BANK?,"John T. Murphy, Kent Gorman, Winita Lau",2,0,1
120,Who are the Senior Vice Presidents of BANK HAPOALIM B.M?,"Charles McLaughlin, Curt Steiner, Mark A. Edwards",2,0,1
120,Who are the Vice Presidents of BANK HAPOALIM B.M?,"Cheryl Sneor, Greg Conner, James P. Surless, Lori Chambers, Rory Desmond",2,0,1
120,Who is the Chief Financial Officer and Executive Vice President of EQUITY COMMONWEALTH?,Adam Markman,2,1,0
120,Who is the Chief Financial Officer and Treasurer of EQUITY COMMONWEALTH?,Adam Markman,2,1,0
120,Who is the Executive Vice President and Treasurer of EQUITY COMMONWEALTH?,Adam Markman,2,1,0
120,"Who is the Deputy Gm and Vp of MEGA INTERNATIONAL COMMERCIAL BANK CO., LTD?",Angela Chen,2,1,0
120,Who is the Director and Executive Head of THE BANK OF NOVA SCOTIA?,Chad Hale,2,1,0
121,What is the position held by Angela Chen but not by Jane Chang?,DGM,1,2,0
121,What is the position held by Kefel Xu but not by Paul Hultgren?,Branch Manager,1,2,0
121,"What role does U.S. BANK NATIONAL ASSOCIATION have in the agreement which is not the role of WELLS FARGO SECURITIES, LLC?",Agent,2,1,0
121,"Who are the Authorized Signatorys of Mizuho Bank, Ltd?","Donna DeMagistris, Victor Pierzchalski",2,0,1
121,Who are the Managing Directors of Bank of the West?,"Joshua R. Pirozzolo, Shuji Yabe",2,0,1
121,Who are the VPs of Bank of Taiwan?,"Jane Chang, Murtuza Ziauddin",2,0,1
121,"Who are the SVPs of BANK OF EAST ASIA, LIMITED?","James Hua, Kitty Sin",2,0,1
121,Who are the Vice Presidents of PNC Bank?,"Christopher R. Hermann, Corey J. Davis, Derek Chang",2,0,1
121,Who are the Directors of The Metropolitan Life Insurance Company?,"Chris Hursey, Paul Hultgren, Steven R. Bruno",2,0,1
121,Who are the Senior Vice Presidents of HSBC Bank USA?,"Carla Balesano, Joseph Philbin, Michael Dixon, Michele Dragonetti",2,0,1
121,Who are the Vice Presidents of FIFTH THIRD BANK?,"Daniel Vilarelle, Darran Wee, Eric Harvey, Mary R. Wright, Peter C. Underwood, S. Bradley McDougall, Shirley Shipley",2,0,1
121,Who is the Branch Manager and Svp of BANK OF CHINA?,Kefel Xu,2,1,0
121,Who is the Dgm and Vp of Mega International Commercial Bank?,Angela Chen,2,1,0
121,Who is the General Counsel and Secretary of FIFTH THIRD BANK?,Peter C. Underwood,2,1,0
121,Who is the General Manager of the company where Murtuza Ziauddin is employed?,Jane Chang,3,0,0
121,Who is the SVP of the company where Steven R. Bruno is employed?,Paul Hultgren,3,0,0
121,Who is the SVP of the company where Chris Hursey is employed?,Paul Hultgren,3,0,0
121,Who is the General Counsel of the company where S. Bradley McDougall is employed?,Peter C. Underwood,3,0,0
121,Who is the Secretary of the company where S. Bradley McDougall is employed?,Peter C. Underwood,3,0,0
121,Who is the General Counsel of the company where Shirley Shipley is employed?,Peter C. Underwood,3,0,0
121,Who is the Secretary of the company where Shirley Shipley is employed?,Peter C. Underwood,3,0,0
121,Who is the General Counsel of the company where Eric Harvey is employed?,Peter C. Underwood,3,0,0
121,Who is the Secretary of the company where Eric Harvey is employed?,Peter C. Underwood,3,0,0
121,Who is the General Counsel of the company where Mary R. Wright is employed?,Peter C. Underwood,3,0,0
121,Who is the Secretary of the company where Mary R. Wright is employed?,Peter C. Underwood,3,0,0
121,Who is the General Counsel of the company where Daniel Vilarelle is employed?,Peter C. Underwood,3,0,0
121,Who is the Secretary of the company where Daniel Vilarelle is employed?,Peter C. Underwood,3,0,0
121,Who is the General Counsel of the company where Darran Wee is employed?,Peter C. Underwood,3,0,0
121,Who is the Secretary of the company where Darran Wee is employed?,Peter C. Underwood,3,0,0
121,What is the address of BRANCH of the company where James Hua is employed?,NEW YORK,3,0,0
121,What is the address of BRANCH of the company where Kitty Sin is employed?,NEW YORK,3,0,0
135,"What roles do both Citigroup Global Markets Inc. and DNB Markets, Inc. have in the agreement?","arranger, book runner, bookrunner, bookrunners",1,1,1
135,What roles do both Citigroup Global Markets Inc. and J.P. Morgan Securities LLC have in the agreement?,"arranger, book runner, bookrunner, bookrunners",1,1,1
135,"What roles do both Citigroup Global Markets Inc. and Merrill Lynch, Pierce, Fenner %26 Smith Incorporated have in the agreement?","book runner, bookrunner, bookrunners",1,1,1
135,"What roles do both Citigroup Global Markets Inc. and Mizuho Bank, Ltd. have in the agreement?","arranger, book runner, bookrunner, bookrunners",1,1,1
135,"What roles do both Citigroup Global Markets Inc. and Wells Fargo Securities, LLC have in the agreement?","arranger, book runner, bookrunner, bookrunners",1,1,1
135,"What roles do both DNB Markets, Inc. and J.P. Morgan Securities LLC have in the agreement?","arranger, book runner, bookrunner, bookrunners",1,1,1
135,"What roles do both DNB Markets, Inc. and Merrill Lynch, Pierce, Fenner %26 Smith Incorporated have in the agreement?","book runner, bookrunner, bookrunners",1,1,1
135,"What roles do both DNB Markets, Inc. and Mizuho Bank, Ltd. have in the agreement?","arranger, book runner, bookrunner, bookrunners",1,1,1
135,"What roles do both DNB Markets, Inc. and Wells Fargo Securities, LLC have in the agreement?","arranger, book runner, bookrunner, bookrunners",1,1,1
135,"What roles do both J.P. Morgan Securities LLC and Merrill Lynch, Pierce, Fenner %26 Smith Incorporated have in the agreement?","book runner, bookrunner, bookrunners",1,1,1
135,"What roles do both J.P. Morgan Securities LLC and Mizuho Bank, Ltd. have in the agreement?","arranger, book runner, bookrunner, bookrunners",1,1,1
135,"What roles do both J.P. Morgan Securities LLC and Wells Fargo Securities, LLC have in the agreement?","arranger, book runner, bookrunner, bookrunners",1,1,1
135,"What roles do both Merrill Lynch, Pierce, Fenner %26 Smith Incorporated and Mizuho Bank, Ltd. have in the agreement?","book runner, bookrunner, bookrunners",1,1,1
135,"What roles do both Merrill Lynch, Pierce, Fenner %26 Smith Incorporated and Wells Fargo Securities, LLC have in the agreement?","book runner, bookrunner, bookrunners",1,1,1
135,"What roles do both Mizuho Bank, Ltd. and Wells Fargo Securities, LLC have in the agreement?","arranger, book runner, bookrunner, bookrunners",1,1,1
135,Which companies are both the lead arranger and the joint bookrunners in the agreement?,"Citigroup Global Markets Inc., DNB Markets, Inc., J.P. Morgan Securities LLC, Mizuho Bank, Ltd., Wells Fargo Securities, LLC",1,1,1
135,Which companies are both the lead arranger and the joint bookrunner in the agreement?,"Citigroup Global Markets Inc., DNB Markets, Inc., J.P. Morgan Securities LLC, Mizuho Bank, Ltd., Wells Fargo Securities, LLC",1,1,1
135,Which companies are both the lead arranger and the joint book runner in the agreement?,"Citigroup Global Markets Inc., DNB Markets, Inc., J.P. Morgan Securities LLC, Mizuho Bank, Ltd., Wells Fargo Securities, LLC",1,1,1
135,"What role does MIZUHO BANK, LTD have in the agreement which is not the role of PIERCE?",Agents,2,1,0
135,"What role does MIZUHO BANK, LTD have in the agreement which is not the role of SMITH INCORPORATED?",Agents,2,1,0
135,"What role does MIZUHO BANK, LTD have in the agreement which is not the role of WELLS FARGO SECURITIES, LLC?",Agents,2,1,0
135,Who are the Managing Directors of BNP PARIBAS?,"Cheryl LaBelle, Joseph ONISCHUK",2,0,1
135,Who are the Senior Vice Presidents of BRANCH BANKING AND TRUST COMPANY?,"Cathleen Buckley, DeVon J. Lang",2,0,1
135,Who are the Directors of DEUTSCHE BANK AG NEW YORK BRANCH?,"Adam H. Fey, Andreas Bubenzer-Paim, Darlene Arias, Mark Sparrow",2,0,1
135,"Who are the Authorized Signatorys of MORGAN STANLEY BANK, N.A.?","Leon Mo, Michael King, Richard Antl, William Reid",2,0,1
135,"Who are the Managing Directors of WELLS FARGO BANK, NATIONAL ASSOCIATION?","David Kee, Gumaro Tijerina, Michael A. Tribolet, Michiel Van der Voort",2,0,1
135,"Who are the Vice Presidents of PLAINS ALL AMERICAN PIPELINE, L.P.?","Christine Aharonian, David Valentine, Gabriel Juarez, Hans Beekmans, John C. Lozano, Les Werme, M. Colin Warman, Mark Oberreuter, Reginald CRICHLOW, Rosanne Parsill, Shannon Juhan, Sharon S. Spurlin, Virginia Cosenza",2,0,1
135,What are the roles in the agreement of the company where Stephanie Balette is employed?,"Agent, Lender",2,0,1
135,What are the roles in the agreement of the company where David Kee is employed?,"Agent, Agents, Lender",2,0,1
135,What are the roles in the agreement of the company where Michael A. Tribolet is employed?,"Agent, Agents, Lender",2,0,1
135,What are the roles in the agreement of the company where Michiel Van der Voort is employed?,"Agent, Agents, Lender",2,0,1
135,What are the roles in the agreement of the company where Gumaro Tijerina is employed?,"Agent, Agents, Lender",2,0,1
135,Who is the Managing Director of the company where Hans Beekmans is employed?,Cheryl LaBelle,3,0,0
135,Who is the Vice President of the company where Cheryl LaBelle is employed?,Hans Beekmans,3,0,0
135,Who is the Treasurer of the company where Les Werme is employed?,Sharon S. Spurlin,3,0,0
135,Who is the Treasurer of the company where Shannon Juhan is employed?,Sharon S. Spurlin,3,0,0
135,Who is the Treasurer of the company where John C. Lozano is employed?,Sharon S. Spurlin,3,0,0
135,Who is the Treasurer of the company where Mark Oberreuter is employed?,Sharon S. Spurlin,3,0,0
135,Who is the Treasurer of the company where Gabriel Juarez is employed?,Sharon S. Spurlin,3,0,0
135,Who is the Treasurer of the company where Reginald CRICHLOW is employed?,Sharon S. Spurlin,3,0,0
135,Who is the Treasurer of the company where Rosanne Parsill is employed?,Sharon S. Spurlin,3,0,0
135,Who is the Treasurer of the company where David Valentine is employed?,Sharon S. Spurlin,3,0,0
135,Who is the Treasurer of the company where Virginia Cosenza is employed?,Sharon S. Spurlin,3,0,0
135,Who is the Treasurer of the company where M. Colin Warman is employed?,Sharon S. Spurlin,3,0,0
135,Who is the Treasurer of the company where Christine Aharonian is employed?,Sharon S. Spurlin,3,0,0
135,Who is the Treasurer of the company where Hans Beekmans is employed?,Sharon S. Spurlin,3,0,0
109,"Who are the Directors of Liberated Syndication Inc., Webmayhem Inc, and pair Networks, Inc?","Denis Yevstifeyey, Douglas Polinksy, J. Gregory Smith",2,0,1
109,"Who is the Ceo and Chief Executive Officer And Chairman Of The Board of Liberated Syndication Inc., Webmayhem Inc, and pair Networks, Inc?",Christopher J. Spencer,2,1,0
109,Who is the CEO of the company where Denis Yevstifeyey is employed?,Christopher J. Spencer,3,0,0
109,Who is the Chief Executive Officer and Chairman of the Board of the company where Denis Yevstifeyey is employed?,Christopher J. Spencer,3,0,0
109,Who is the Chief Financial Officer of the company where Denis Yevstifeyey is employed?,John Busshaus,3,0,0
109,Who is the CEO of the company where John Busshaus is employed?,Christopher J. Spencer,3,0,0
109,Who is the Chief Executive Officer and Chairman of the Board of the company where John Busshaus is employed?,Christopher J. Spencer,3,0,0
109,Who is the CEO of the company where J. Gregory Smith is employed?,Christopher J. Spencer,3,0,0
109,Who is the Chief Executive Officer and Chairman of the Board of the company where J. Gregory Smith is employed?,Christopher J. Spencer,3,0,0
109,Who is the Chief Financial Officer of the company where J. Gregory Smith is employed?,John Busshaus,3,0,0
109,Who is the Chief Financial Officer of the company where Christopher J. Spencer is employed?,John Busshaus,3,0,0
109,Who is the CEO of the company where Douglas Polinksy is employed?,Christopher J. Spencer,3,0,0
109,Who is the Chief Executive Officer and Chairman of the Board of the company where Douglas Polinksy is employed?,Christopher J. Spencer,3,0,0
109,Who is the Chief Financial Officer of the company where Douglas Polinksy is employed?,John Busshaus,3,0,0
20,What are the roles in the agreement of the company where Benjamin Mlot is employed?,"Administrative Agent, Lender",2,0,1
20,Who is the Director of the company which is the Lender in the agreement?,Benjamin Mlot,2,1,0
20,Who is the Director of the company which is the Administrative Agent in the agreement?,Benjamin Mlot,2,1,0
34,"What are the roles in the agreement of the company associated with 27175 Energy Way\n\nNovi, MI  48377?","sole, sole manager",2,0,1
34,"What are the roles in the agreement of the company associated with 200 West Street\n\nNew York, New York  10282-2198?","Administrative, Agent",2,0,1
34,"What are the roles in the agreement of the company associated with 200 West Street\nNew York, New York 10282-2198?","Administrative, Agent",2,0,1
34,"What are the roles in the agreement of the company associated with 30 Hudson Street, 36th Floor\nJersey City, NJ 07302?","Administrative, Agent",2,0,1
34,"Who is the Chief Financial Officer and Executive Vice President of MICHIGAN ELECTRIC TRANSMISSION COMPANY, LLC?","Cameron M. Bready,",2,1,0
34,"Who is the General Counsel and Secretary of MICHIGAN ELECTRIC TRANSMISSION COMPANY, LLC?",Wendy A. McIntyre,2,1,0
34,"Who is the General Counsel and Vice President of MICHIGAN ELECTRIC TRANSMISSION COMPANY, LLC?",Wendy A. McIntyre,2,1,0
34,"Who is the Secretary and Vice President of MICHIGAN ELECTRIC TRANSMISSION COMPANY, LLC?",Wendy A. McIntyre,2,1,0
34,Who is the Chief Financial Officer of the company where Rejji P. Hayes is employed?,"Cameron M. Bready,",3,0,0
34,Who is the Executive Vice President of the company where Rejji P. Hayes is employed?,"Cameron M. Bready,",3,0,0
34,Who is the General Counsel of the company where Rejji P. Hayes is employed?,Wendy A. McIntyre,3,0,0
34,Who is the Secretary of the company where Rejji P. Hayes is employed?,Wendy A. McIntyre,3,0,0
34,Who is the Vice President of the company where Rejji P. Hayes is employed?,Wendy A. McIntyre,3,0,0
34,Who is the Chief Financial Officer of the company where Wendy A. McIntyre is employed?,"Cameron M. Bready,",3,0,0
34,Who is the Executive Vice President of the company where Wendy A. McIntyre is employed?,"Cameron M. Bready,",3,0,0
34,"Who is the Vice President, Finance and Treasurer of the company where Wendy A. McIntyre is employed?",Rejji P. Hayes,3,0,0
34,"Who is the Vice President, Finance and Treasurer of the company where Cameron M. Bready, is employed?",Rejji P. Hayes,3,0,0
34,"Who is the General Counsel of the company where Cameron M. Bready, is employed?",Wendy A. McIntyre,3,0,0
34,"Who is the Secretary of the company where Cameron M. Bready, is employed?",Wendy A. McIntyre,3,0,0
34,"Who is the Vice President of the company where Cameron M. Bready, is employed?",Wendy A. McIntyre,3,0,0
18,"What role does REGIONS BANK have in the agreement which is not the role of CAPITAL ONE, NATIONAL ASSOCIATION?",Syndication Agent,2,1,0
18,"What role does REGIONS BANK have in the agreement which is not the role of WELLS FARGO BANK, NATIONAL ASSOCIATION?",Syndication Agent,2,1,0
18,"What role does CAPITAL ONE, NATIONAL ASSOCIATION have in the agreement which is not the role of WELLS FARGO BANK, NATIONAL ASSOCIATION?",Documentation Agent,2,1,0
18,"Who are the Senior Vice Presidents of RAYMOND JAMES BANK, N.A.?","Dennis Szczesuil, Ghi Gavin, Kevin A. Stacker",2,0,1
18,"Who are the Vice Presidents of WELLS FARGO BANK, NATIONAL ASSOCIATION?","Craig V. Koshkarian, Elizabeth Dove",2,0,1
18,What are the roles in the agreement of the company where Craig V. Koshkarian is employed?,"Administrative Agent, Lender",2,0,1
18,What are the roles in the agreement of the company where Elizabeth Dove is employed?,"Administrative Agent, Lender",2,0,1
18,"What are the roles in the agreement of the company associated with 10 South Wacker Drive\nChicago, IL 60606?","Administrative Agent, Lender",2,0,1
18,"What are the roles in the agreement of the company associated with Minneapolis Loan Center\nMAC N9300-091\n600 South 4th Street, 9th Floor\nMinneapolis, Minnesota 55415?","Administrative Agent, Lender",2,0,1
18,Who is the Chief Financial Officer and Managing Director of BLACK CREEK DIVERSIFIED PROPERTY OPERATING PARTNERSHIP LP?,Lainie Minnick,2,1,0
18,Who is the Chief Financial Officer and Treasurer of BLACK CREEK DIVERSIFIED PROPERTY OPERATING PARTNERSHIP LP?,Lainie Minnick,2,1,0
18,Who is the Managing Director and Treasurer of BLACK CREEK DIVERSIFIED PROPERTY OPERATING PARTNERSHIP LP?,Lainie Minnick,2,1,0
30,What company is the LENDERS but not the Agent in the agreement?,"BANK OF AMERICA, N.A",2,1,0
24,"What role does REGIONS BANK have in the agreement which is not the role of JPMORGAN CHASE BANK, N.A.?",AGENTS,2,1,0
24,"What role does REGIONS BANK have in the agreement which is not the role of JPMorgan Chase Bank, N.A.?",AGENTS,2,1,0
24,"What role does SUNTRUST BANK have in the agreement which is not the role of JPMORGAN CHASE BANK, N.A.?",AGENTS,2,1,0
24,"What role does SUNTRUST BANK have in the agreement which is not the role of JPMorgan Chase Bank, N.A.?",AGENTS,2,1,0
24,Who are the Senior Vice Presidents of PNC BANK NATIONAL ASSOCIATION?,"Chad McMasters, J. Lee Hord",2,0,1
24,"Who are the Vice Presidents of JPMORGAN CHASE BANK, N.A.?","Courtney Jones, Jaime Gitler, Jessica Trombly, Paul E. Burgan",2,0,1
24,What are the roles in the agreement of the company where James A. Fleming is employed?,"General Partner, sole arranger, sole bookrunner, sole general partner, sole manager",2,0,1
24,What are the roles in the agreement of the company where Paul E. Burgan is employed?,"AGENT, Agent, BOOKRUNNER, LEAD ARRANGER, Lender",2,0,1
24,What are the roles in the agreement of the company where Jaime Gitler is employed?,"AGENT, Agent, BOOKRUNNER, LEAD ARRANGER, Lender",2,0,1
24,What are the roles in the agreement of the company where Courtney Jones is employed?,"AGENT, Agent, BOOKRUNNER, LEAD ARRANGER, Lender",2,0,1
24,What are the roles in the agreement of the company where Jessica Trombly is employed?,"AGENT, Agent, BOOKRUNNER, LEAD ARRANGER, Lender",2,0,1
24,What are the roles in the agreement of the company where Sangeeta Mahadevan is employed?,"Agent, Lender",2,0,1
24,"What are the roles in the agreement of the company associated with One Federal Street\nBoston, Massachusetts 02110-1726?","Administrative, Agent, Loan and Agency Services Group",2,0,1
24,"What are the roles in the agreement of the company associated with 383 Madison Avenue, 24th Floor\nNew York, New York 10179\n?","Administrative, Agent, Lender, Loan and Agency Services Group",2,0,1
24,"What are the roles in the agreement of the company associated with 500 Stanton Christiana Road, 3rd Floor\nNewark, DE 19713-2107?","Administrative, Agent, Lender, Loan and Agency Services Group",2,0,1
24,"Who is the Chief Financial Officer and Executive Vice President of COLUMBIA PROPERTY TRUSTOPERATING PARTNERSHIP, L.P.?",James A. Fleming,2,1,0
24,"Who is the Partner of the company associated with 1180 Peachtree Street, NEAtlanta, GA 30309?",J. Craig Lee,3,0,0
131,Who are the Authorized Signatorys of BLACKSTONE PRIVATE CREDIT FUND?,"John Bumgarner, Marisa J. Beeney, Matthieu Milgrom",2,0,1
131,Who is the Senior Vice President of the company which is the Collateral Agent in the agreement?,"Ralph J. Creasia, Jr.",2,1,0
125,"Who are the Senior Vice Presidents of BANK OF AMERICA, N.A.?","David R. Barney, Eric J. Cosgrove",2,0,1
125,Who is the Controller and Treasurer of Public Service Company of New Mexico?,Joseph D. Tarry,2,1,0
125,Who is the Controller and Vice President of Public Service Company of New Mexico?,Joseph D. Tarry,2,1,0
125,Who is the Treasurer and Vice President of Public Service Company of New Mexico?,Joseph D. Tarry,2,1,0
125,"Who is the Vice President of the company associated with 414 Silver Ave. SW, MS0905Albuquerque, New Mexico 87102-3289?",Joseph D. Tarry,3,0,0
125,"Who is the Controller of the company associated with 414 Silver Ave. SW, MS0905Albuquerque, New Mexico 87102-3289?",Joseph D. Tarry,3,0,0
125,"Who is the Treasurer of the company associated with 414 Silver Ave. SW, MS0905Albuquerque, New Mexico 87102-3289?",Joseph D. Tarry,3,0,0
119,"Who is the Chief Operating Officer and President of VAALCO GABON %28ETAME%29, INC?",W. Russell Scheirman,2,1,0
118,What role does BARCLAYS BANK PLC have in the agreement which is not the role of CREDIT SUISSE SECURITIES %28USA%29 LLC?,AGENT,2,1,0
118,What role does BARCLAYS BANK PLC have in the agreement which is not the role of GOLDMAN SACHS BANK USA?,AGENT,2,1,0
118,What company is the AGENT but not the ARRANGERS in the agreement?,WELLS FARGO BANK,2,1,0
118,What company is the AGENT but not the BOOKRUNNERS in the agreement?,WELLS FARGO BANK,2,1,0
118,Who are the Directors of SUNTRUST BANK?,"Daniel R. Van Aken, J. Haynes Gentry III",2,0,1
118,Who are the Managing Directors of COOPERATIEVE CENTRALERAIFFEISEN-BOERENLEENBANK?,"Carl A. Mayer III, Peter Duncan",2,0,1
118,Who are the Authorized Signatorys of GOLDMAN SACHS BANK USA?,"Charles D. Johnston, Christopher Day, Kelly Chin, Samuel Miller",2,0,1
118,Who are the Vice Presidents of BMO Harris Financing Inc.?,"Brendan Korb, Daniel J. Miller, Hal Nelson, Joan Spiotto, Ronnie Glenn",2,0,1
118,What are the roles in the agreement of the company where Kelly Chin is employed?,"AGENTS, ARRANGERS, BOOKRUNNERS",2,0,1
118,What are the roles in the agreement of the company where Samuel Miller is employed?,"AGENTS, ARRANGERS, BOOKRUNNERS",2,0,1
118,What are the roles in the agreement of the company where Christopher Day is employed?,"AGENTS, ARRANGERS, BOOKRUNNERS",2,0,1
118,What are the roles in the agreement of the company where Charles D. Johnston is employed?,"AGENTS, ARRANGERS, BOOKRUNNERS",2,0,1
118,What are the roles in the agreement of the company associated with CAYMAN ISLANDS?,"AGENTS, DOCUMENTATION",2,0,1
118,"Who is the General Counsel and Secretary of POST HOLDINGS, INC.?",Diedre J. Gray,2,1,0
118,"Who is the General Counsel and Svp of POST HOLDINGS, INC.?",Diedre J. Gray,2,1,0
118,"Who is the Secretary and Svp of POST HOLDINGS, INC.?",Diedre J. Gray,2,1,0
118,Who is the Executive Director of the company where Carl A. Mayer III is employed?,Peter Glawe,3,0,0
118,Who is the Executive Director of the company where Peter Duncan is employed?,Peter Glawe,3,0,0
124,"What role does BANK OF AMERICA, N.A. have in the agreement which is not the role of TD BANK, N.A.?",Syndication Agents,2,1,0
124,"What role does KEYBANK NATIONAL ASSOCIATION have in the agreement which is not the role of TD BANK, N.A.?",Syndication Agents,2,1,0
124,"What role does TD BANK, N.A. have in the agreement which is not the role of JPMORGAN CHASE BANK, N.A?",Documentation Agents,2,1,0
124,"Who are the Vice Presidents of FIRST NIAGARA BANK, N.A.,?","Michael K. Makaitis, Randall R. Phillips",2,0,1
124,Who are the Senior Vice Presidents of CITIBANK N.A.?,"Christine Keating, Craig Welch, Michael McMahon, Thomas C. Strasenburgh",2,0,1
124,What are the roles in the agreement of the company where Peter M. Killea is employed?,"Bookrunners, Lender, Syndication Agents",2,0,1
124,"Who is the Chief Financial Officer and Executive Vice President Of Finance of MONRO MUFFLER BRAKE, INC?",Catherine D%C2%92Amico,2,1,0
124,"Who is the Chief Financial Officer and Treasurer of MONRO MUFFLER BRAKE, INC?",Catherine D%C2%92Amico,2,1,0
124,"Who is the Executive Vice President Of Finance and Treasurer of MONRO MUFFLER BRAKE, INC?",Catherine D%C2%92Amico,2,1,0
130,"What role does JPMORGAN CHASE BANK, N.A. have in the agreement which is not the role of RBC CAPITAL MARKETS?",Collateral Agent,2,1,0
130,"What role does PNC BANK, NATIONAL ASSOCIATION have in the agreement which is not the role of JPMORGAN CHASE BANK, N.A?",LENDER,2,1,0
130,"What role does BANK OF AMERICA, N.A have in the agreement which is not the role of JPMORGAN CHASE BANK, N.A?",LENDER,2,1,0
130,"What role does JPMORGAN CHASE BANK, N.A have in the agreement which is not the role of ROYAL BANK OF CANADA?",Issuing Bank,2,1,0
130,What company is the Issuing Bank but not the LENDER in the agreement?,"JPMORGAN CHASE BANK, N.A",2,1,0
130,"Who are the Managing Directors of FIFTH THIRD BANK, NATIONAL ASSOCIATION?","Mark Holm, Mike Ross",2,0,1
130,"Who are the Senior Vice Presidents of UMB BANK, N.A.?","Cory Miller, Michael L. Monninger",2,0,1
130,Who are the Directors of BANCORPSOUTH BANK?,"Aaron Wade, J. Carlos Navarrete, Jacob McGee",2,0,1
130,What are the roles in the agreement of the company where Kevin Couch is employed?,"Issuing Bank, LENDER",2,0,1
130,What are the roles in the agreement of the company where Stephanie Balette is employed?,"Agent, Issuing Bank",2,0,1
130,What are the roles in the agreement of the company where John Flores is employed?,"Agent, Issuing Bank,",2,0,1
130,What are the roles in the agreement of the company where Yvonne Brazier is employed?,"Agent, Issuing Bank,",2,0,1
130,"What are the roles in the agreement of the company associated with 2200 Ross Avenue, 9th Floor\n\nDallas, TX 75201?","lead, lead arranger, lead bookrunner",2,0,1
130,"Who is the Chief Financial Office and Chief Financial Officer of MURPHY OIL USA, INC.?",Mindy K. West,2,1,0
130,"Who is the Chief Financial Office and Executive Vice President, Fuels of MURPHY OIL USA, INC.?",Mindy K. West,2,1,0
130,"Who is the Chief Financial Office and Treasurer of MURPHY OIL USA, INC.?",Mindy K. West,2,1,0
130,"Who is the Chief Financial Officer and Executive Vice President, Fuels of MURPHY OIL USA, INC.?",Mindy K. West,2,1,0
130,"Who is the Chief Financial Officer and Treasurer of MURPHY OIL USA, INC.?",Mindy K. West,2,1,0
130,"Who is the Executive Vice President, Fuels and Treasurer of MURPHY OIL USA, INC.?",Mindy K. West,2,1,0
130,"Who is the Manager, Agency Services of the company where John Flores is employed?",Yvonne Brazier,3,0,0
130,Who is the Authorized Signatory of the company where Yvonne Brazier is employed?,John Flores,3,0,0
25,Who is the SVP of the company which is the Lender in the agreement?,William P. McLoughlin,2,1,0
31,"What roles do both THE BANK OF TOKYO-MITSUBISHI UFJ, LTD. and U.S. BANK NATIONAL ASSOCIATION have in the agreement?","AGENTS, BOOK RUNNERS, Lender",1,1,1
31,"What roles do both THE BANK OF TOKYO-MITSUBISHI UFJ, LTD. and CANADIAN IMPERIAL BANK OF COMMERCE, NEW YORK AGENCY have in the agreement?","AGENTS, BOOK RUNNERS, Lender",1,1,1
31,"What roles do both U.S. BANK NATIONAL ASSOCIATION and CANADIAN IMPERIAL BANK OF COMMERCE, NEW YORK AGENCY have in the agreement?","AGENTS, BOOK RUNNERS, Lender",1,1,1
31,"What role does WELLS FARGO BANK, NATIONAL ASSOCIATION have in the agreement which is not the role of BANK OF CHINA, LOS ANGELES BRANCH?",Lender,2,1,0
31,"What role does WELLS FARGO BANK, NATIONAL ASSOCIATION have in the agreement which is not the role of JPMORGAN CHASE BANK, N.A.?",AGENTS,2,1,0
31,"What role does WELLS FARGO BANK, NATIONAL ASSOCIATION have in the agreement which is not the role of BANK OF AMERICA, N.A.?",AGENTS,2,1,0
31,"What role does JPMORGAN CHASE BANK, N.A. have in the agreement which is not the role of STANDARD CHARTERED BANK?",AGENT,2,1,0
31,"What role does JPMORGAN CHASE BANK, N.A. have in the agreement which is not the role of THE BANK OF TOKYO-MITSUBISHI UFJ, LTD.?",AGENT,2,1,0
31,"What role does JPMORGAN CHASE BANK, N.A. have in the agreement which is not the role of U.S. BANK NATIONAL ASSOCIATION?",AGENT,2,1,0
31,"What role does JPMORGAN CHASE BANK, N.A. have in the agreement which is not the role of CANADIAN IMPERIAL BANK OF COMMERCE, NEW YORK AGENCY?",AGENT,2,1,0
31,What company is the AGENT but not the Agent in the agreement?,"JPMORGAN CHASE BANK, N.A.",2,1,0
31,"Who are the Executive Directors of CANADIAN IMPERIAL BANK OF COMMERCE, NEW YORK AGENCY?","Eoin Roche, Richard J. Poworoznek",2,0,1
31,Who are the Authorized Signatorys of GOLDMAN SACHS BANK USA?,"Mark Walton, Robert Casey",2,0,1
31,"Who are the Directors of HSBC BANK USA, NATIONAL ASSOCIATION?","George Manchenko, Scott W. Reynolds",2,0,1
31,"Who are the Vice Presidents of BANK OF AMERICA, N.A.?","Anthea Del Bianco, Dhiren Desai, Kurban H. Merchant, Maureen Maroney, Oscar D. Cortez",2,0,1
31,What are the roles in the agreement of the company where Robert K. Reddington is employed?,"AGENTS, BOOK RUNNERS, Lender",2,0,1
31,What are the roles in the agreement of the company where Johanna Minaya is employed?,"AGENTS, BOOK RUNNERS, Lender",2,0,1
31,What are the roles in the agreement of the company where Richard J. Poworoznek is employed?,"AGENTS, BOOK RUNNERS, Lender",2,0,1
31,What are the roles in the agreement of the company where Eoin Roche is employed?,"AGENTS, BOOK RUNNERS, Lender",2,0,1
31,What are the roles in the agreement of the company where Anthea Del Bianco is employed?,"AGENT, Agent, Lender",2,0,1
31,What are the roles in the agreement of the company where Dhiren Desai is employed?,"AGENT, Agent, Lender",2,0,1
31,What are the roles in the agreement of the company where Maureen Maroney is employed?,"AGENT, Agent, Lender",2,0,1
31,What are the roles in the agreement of the company where Kurban H. Merchant is employed?,"AGENT, Agent, Lender",2,0,1
31,What are the roles in the agreement of the company where Oscar D. Cortez is employed?,"AGENT, Agent, Lender",2,0,1
31,"What are the roles in the agreement of the company associated with 1455 Market Street, 5th Floor\n\n 	\nMail Code: CA5-701-05-19\n\n 	\nSan Francisco, California 94103?","Administrative, Agent",2,0,1
31,"What are the roles in the agreement of the company associated with 901 Main Street, 64th Floor\n\n 	\nMail Code: TX1-492-64-01\n\n 	\nDallas, Texas 75202-3714?","Administrative, Agent",2,0,1
31,Who is the Branch Manager and Vice President of THE BANK OF CHINA?,Haiyong Yang,2,1,0
31,Who is the Associate Director of the company where Robert K. Reddington is employed?,Johanna Minaya,3,0,0
31,Who is the Documentation Manager of the company where Johanna Minaya is employed?,Robert K. Reddington,3,0,0
19,"Who are the Directors of MUFG Bank, Ltd.?","Katherine Robinson, Katie Cunningham",2,0,1
19,Who are the Authorized Signatorys of ROYAL BANK OF CANADA?,"Annie Carr, John Flores",2,0,1
19,What are the roles in the agreement of the company where John Flores is employed?,"Administrative Agent, Issuing Bank, Lender",2,0,1
19,What are the roles in the agreement of the company where Annie Carr is employed?,"Administrative Agent, Issuing Bank, Lender",2,0,1
19,What are the roles in the agreement of the company where Rodica Dutka is employed?,"Administrative Agent, Issuing Bank, Lender",2,0,1
19,"Who is the Ceo and President of CASEY%E2%80%99S GENERAL STORES, INC.?",Terry W. Handley,2,1,0
19,"Who is the Manager, Agency of the company which is the Administrative Agent in the agreement?",Rodica Dutka,2,1,0
19,"Who is the Manager, Agency of the company which is the Issuing Bank in the agreement?",Rodica Dutka,2,1,0
19,Who is the Executive Director of the company where Robert Graff is employed?,Timothy J. Devane,3,0,0
19,Who is the Managing Director of the company where Timothy J. Devane is employed?,Robert Graff,3,0,0
19,"Who is the Manager, Agency of the company where John Flores is employed?",Rodica Dutka,3,0,0
19,"Who is the Manager, Agency of the company where Annie Carr is employed?",Rodica Dutka,3,0,0
27,What are the roles in the agreement of the company where Adam Moses is employed?,"Borrower, Lender",2,0,1
27,"What are the roles in the agreement of the company associated with Ares Management LLC, 2000 Avenue of the Stars, 12th Floor, Los Angeles, CA  90067?","Borrower, Lender",2,0,1
27,"What are the roles in the agreement of the company associated with 2029 Century Park East, 33rd Floor, Los Angeles, CA 90067?","Borrower, Lender",2,0,1
27,Who is the Chief Financial and Officer of GASTAR MIDCO HOLDINGS LLC?,Michael A. Gerlich,2,1,0
27,Who is the Chief Financial and Secretary of GASTAR MIDCO HOLDINGS LLC?,Michael A. Gerlich,2,1,0
27,Who is the Chief Financial and Senior Vice President of GASTAR MIDCO HOLDINGS LLC?,Michael A. Gerlich,2,1,0
27,Who is the Officer and Secretary of GASTAR MIDCO HOLDINGS LLC?,Michael A. Gerlich,2,1,0
27,Who is the Officer and Senior Vice President of GASTAR MIDCO HOLDINGS LLC?,Michael A. Gerlich,2,1,0
27,Who is the Secretary and Senior Vice President of GASTAR MIDCO HOLDINGS LLC?,Michael A. Gerlich,2,1,0
27,"Who is the Authorized Signatory of the company associated with Ares Management LLC, 2000 Avenue of the Stars, 12th Floor, Los Angeles, CA  90067?",Gary Levin,3,0,0
27,Who is the Authorized Signatory of the company where Eric Waxman is employed?,Gary Levin,3,0,0
33,What roles do both J.P. MORGAN SECURITIES LLC and UBS SECURITIES LLC have in the agreement?,"Agent, Arrangers, Bookrunners",1,1,1
33,Who are the Authorized Signatorys of CREDIT SUISSE AG?,"Christopher Day, Jean-Marc Vauclair",2,0,1
33,"Who is the Chief Financial Officer and Secretary of PLY GEM INDUSTRIES, INC.,?",Shawn K. Poe,2,1,0
33,"Who is the Chief Financial Officer and Treasurer of PLY GEM INDUSTRIES, INC.,?",Shawn K. Poe,2,1,0
33,"Who is the Chief Financial Officer and Vice President of PLY GEM INDUSTRIES, INC.,?",Shawn K. Poe,2,1,0
33,"Who is the Secretary and Treasurer of PLY GEM INDUSTRIES, INC.,?",Shawn K. Poe,2,1,0
33,"Who is the Secretary and Vice President of PLY GEM INDUSTRIES, INC.,?",Shawn K. Poe,2,1,0
33,"Who is the Treasurer and Vice President of PLY GEM INDUSTRIES, INC.,?",Shawn K. Poe,2,1,0
126,"What roles do both BANK OF AMERICA, N.A. and BNP PARIBAS have in the agreement?","Lenders, agent, agents",1,1,1
126,"What roles do both BANK OF AMERICA, N.A. and JPMORGAN CHASE BANK, N.A. have in the agreement?","Lenders, agent, agents",1,1,1
126,"What roles do both BANK OF AMERICA, N.A. and MIZUHO BANK, LTD. have in the agreement?","Lenders, agent, agents",1,1,1
126,"What roles do both BANK OF AMERICA, N.A. and MUFG BANK, LTD. have in the agreement?","Lenders, agent, agents",1,1,1
126,"What roles do both BANK OF AMERICA, N.A. and SUMITOMO MITSUI BANKING CORPORATION have in the agreement?","Lenders, agent, agents",1,1,1
126,"What roles do both BNP PARIBAS and JPMORGAN CHASE BANK, N.A. have in the agreement?","Lenders, agent, agents",1,1,1
126,"What roles do both BNP PARIBAS and MIZUHO BANK, LTD. have in the agreement?","Lenders, agent, agents",1,1,1
126,"What roles do both BNP PARIBAS and MUFG BANK, LTD. have in the agreement?","Lenders, agent, agents",1,1,1
126,What roles do both BNP PARIBAS and SUMITOMO MITSUI BANKING CORPORATION have in the agreement?,"Lenders, agent, agents",1,1,1
126,"What roles do both CITIBANK, N.A. and JPMORGAN CHASE BANK, N.A. have in the agreement?","Arrangers, Bookrunners, Lenders",1,1,1
126,"What roles do both CITIBANK, N.A. and MIZUHO BANK, LTD. have in the agreement?","Arrangers, Bookrunners, Lenders",1,1,1
126,"What roles do both CITIBANK, N.A. and MUFG BANK, LTD. have in the agreement?","Arrangers, Bookrunners, Lenders",1,1,1
126,"What roles do both CITIBANK, N.A. and SUMITOMO MITSUI BANKING CORPORATION have in the agreement?","Arrangers, Bookrunners, Lenders",1,1,1
126,"What roles do both JPMORGAN CHASE BANK, N.A. and MIZUHO BANK, LTD. have in the agreement?","Arrangers, Bookrunners, Lenders, agent, agents",1,1,1
126,"What roles do both JPMORGAN CHASE BANK, N.A. and MUFG BANK, LTD. have in the agreement?","Arrangers, Bookrunners, Lenders, agent, agents",1,1,1
126,"What roles do both JPMORGAN CHASE BANK, N.A. and SUMITOMO MITSUI BANKING CORPORATION have in the agreement?","Arrangers, Bookrunners, Lenders, agent, agents",1,1,1
126,"What roles do both MIZUHO BANK, LTD. and MUFG BANK, LTD. have in the agreement?","Arrangers, Bookrunners, Lenders, agent, agents",1,1,1
126,"What roles do both MIZUHO BANK, LTD. and SUMITOMO MITSUI BANKING CORPORATION have in the agreement?","Arrangers, Bookrunners, Lenders, agent, agents",1,1,1
126,"What roles do both MUFG BANK, LTD. and SUMITOMO MITSUI BANKING CORPORATION have in the agreement?","Arrangers, Bookrunners, Lenders, agent, agents",1,1,1
126,"What role does BANK OF AMERICA, N.A. have in the agreement which is not the role of CITIBANK, N.A.?",agents,2,1,0
126,"What role does BNP PARIBAS have in the agreement which is not the role of CITIBANK, N.A.?",agents,2,1,0
126,"What role does CITIBANK, N.A. have in the agreement which is not the role of JPMORGAN CHASE BANK, N.A.?",Agent,2,1,0
126,"What role does CITIBANK, N.A. have in the agreement which is not the role of MIZUHO BANK, LTD.?",Agent,2,1,0
126,"What role does CITIBANK, N.A. have in the agreement which is not the role of MUFG BANK, LTD.?",Agent,2,1,0
126,"What role does CITIBANK, N.A. have in the agreement which is not the role of SUMITOMO MITSUI BANKING CORPORATION?",Agent,2,1,0
126,Who are the Senior Vice Presidents of DBS BANK LTD?,"Dan Beckwith, Juliana Fong",2,0,1
126,"Who are the Executive Directors of INDUSTRIAL AND COMMERCIAL BANK OF CHINA LIMITED, NEW YORK BRANCH?","Dayi Liu, Rita Walz-Cuccioli, Tracy Rahn",2,0,1
126,"Who are the Managing Directors of BANCO SANTANDER, S.A., NEW YORK BRANCH?","Andrew Sidford, Michael Maguire, Michelle C. Phillips, Xavier Ruiz Sena",2,0,1
126,"Who are the Directors of HSBC BANK USA, NATIONAL ASSOCIATION?","Brendan Heneghan, Brett Bonet, Gordon Yip, Lillian Kim, Tony Huang",2,0,1
126,"Who are the Vice Presidents of WELLS FARGO BANK, NATIONAL ASSOCIATION?","Derek Jensen, Karim Remtoula, Min Park, Puneet Lakhotia, Richard J. Ameny, Jr., Susan M. Olsen",2,0,1
126,Who is the Treasurer of the company which is the Borrower in the agreement?,Sergio A. Cadavid,2,1,0
132,Who are the Directors of BANK OF MONTREAL?,"Amy Prager, James Mastroianna",2,0,1
132,"Who are the Authorized Signatorys of CREDIT SUISSE AG, NEW YORK BRANCH?","Andrew Griffin, Doreen Barr, Ryan Durkin",2,0,1
132,"What are the roles in the agreement of the company associated with 115 South LaSalle Street\n\nChicago, Illinois 60603?","Administrative, Agent, L%2FC Issuer",2,0,1
132,"Who is the Executive Vice President And Treasurer and Executive Vice President, Chief Financial Officer And Treasurer of OBS FINANCIAL SERVICES, INC.?",Gary G. Zyla,2,1,0
132,"Who is the Executive Vice President And Treasurer and Vice President And Treasurer of OBS FINANCIAL SERVICES, INC.?",Gary G. Zyla,2,1,0
132,"Who is the Executive Vice President, Chief Financial Officer And Treasurer and Vice President And Treasurer of OBS FINANCIAL SERVICES, INC.?",Gary G. Zyla,2,1,0
132,"Who is the Executive Vice President, Chief Financial Officer And Treasurer and Vice President And Treasurer of OBS HOLDINGS, INC.?",Gary G. Zyla,2,1,0
133,What company is the Agent but not the Lender in the agreement?,"MERRILL LYNCH, PIERCE,FENNER %26 SMITH,",2,1,0
133,What are the roles in the agreement of the company where William Allen is employed?,"Agent, Lender",2,0,1
127,"Who are the Vice Presidents of CITIBANK, N.A.?","Eugene Yermash, Ryan M. Black",2,0,1
127,Who are the Authorized Signatorys of GOLDMAN SACHS BANK?,"Annie Carr, Julie Lilienfeld",2,0,1
127,Who are the Directors of DEUTSCHE BANK AG?,"Annie Chung, Darren Merten, Ming K. Chu, Teddy Koch",2,0,1
127,What are the roles in the agreement of the company where Ming K. Chu is employed?,"Agents, Lender",2,0,1
127,What are the roles in the agreement of the company where Annie Chung is employed?,"Agents, Lender",2,0,1
127,What are the roles in the agreement of the company where Darren Merten is employed?,"Agents, Lender",2,0,1
127,What are the roles in the agreement of the company where Teddy Koch is employed?,"Agents, Lender",2,0,1
127,What are the roles in the agreement of the company where Eugene Yermash is employed?,"Agents, Lender",2,0,1
127,What are the roles in the agreement of the company where Ryan M. Black is employed?,"Agents, Lender",2,0,1
127,What are the roles in the agreement of the company where Tracy Rahn is employed?,"Agents, Lender",2,0,1
127,What are the roles in the agreement of the company where Annie Carr is employed?,"Agents, Lender",2,0,1
127,What are the roles in the agreement of the company where Julie Lilienfeld is employed?,"Agents, Lender",2,0,1
127,What are the roles in the agreement of the company associated with NEW YORK?,"Agents, Co-Syndication, Lender, Swing Line",2,0,1
127,What are the roles in the agreement of the company associated with USA?,"Agents, Co-Syndication, Lender, Swing Line",2,0,1
127,Who is the Treasurer and Vice President of BIOGEN INC.?,Michael Dambach,2,1,0
127,Who is the Assistant Vice President of the company which is the Agent in the agreement?,Taelitha Bonds-Harris,2,1,0
127,Who is the Executive Director of the company associated with USA?,Tracy Rahn,3,0,0
32,What roles do both BARCLAYS BANK PLC and J.P. MORGAN SECURITIES LLC have in the agreement?,"Agents, Arrangers, Bookrunners",1,1,1
32,"What roles do both BARCLAYS BANK PLC and J.P. MORGAN SECURITIES LLC, have in the agreement?","Agent, Arranger, Bookrunner",1,1,1
32,What roles do both BARCLAYS BANK PLC and UBS SECURITIES LLC have in the agreement?,"Agent, Agents, Arranger, Arrangers, Bookrunner, Bookrunners",1,1,1
32,What roles do both BARCLAYS BANK PLC and HSBC BANK CANADA have in the agreement?,"Arranger, Arrangers, Bookrunner, Bookrunners, Lender",1,1,1
32,What roles do both BARCLAYS BANK PLC and ROYAL BANK OF CANADA have in the agreement?,"Agent, Agents, Arranger, Lender",1,1,1
32,What roles do both J.P. MORGAN SECURITIES LLC and UBS SECURITIES LLC have in the agreement?,"Agents, Arrangers, Bookrunners",1,1,1
32,"What roles do both J.P. MORGAN SECURITIES LLC, and UBS SECURITIES LLC have in the agreement?","Agent, Arranger, Bookrunner",1,1,1
32,What roles do both UBS SECURITIES LLC and HSBC BANK CANADA have in the agreement?,"Arranger, Arrangers, Bookrunner, Bookrunners",1,1,1
32,What roles do both UBS SECURITIES LLC and ROYAL BANK OF CANADA have in the agreement?,"Agent, Agents, Arranger",1,1,1
32,What role does BARCLAYS BANK PLC have in the agreement which is not the role of UBS SECURITIES LLC?,Lender,2,1,0
32,What role does J.P. MORGAN SECURITIES LLC have in the agreement which is not the role of RBC CAPITAL MARKETS?,Agents,2,1,0
32,What role does J.P. MORGAN SECURITIES LLC have in the agreement which is not the role of HSBC BANK CANADA?,Agents,2,1,0
32,"What role does J.P. MORGAN SECURITIES LLC, have in the agreement which is not the role of HSBC BANK CANADA?",Agent,2,1,0
32,"What role does J.P. MORGAN SECURITIES LLC, have in the agreement which is not the role of ROYAL BANK OF CANADA?",Bookrunner,2,1,0
32,What company is the Agents but not the Arranger in the agreement?,J.P. MORGAN SECURITIES LLC,2,1,0
32,What company is the Agents but not the Arrangers in the agreement?,ROYAL BANK OF CANADA,2,1,0
32,What company is the Agents but not the Bookrunners in the agreement?,ROYAL BANK OF CANADA,2,1,0
32,What company is the Arranger but not the Bookrunner in the agreement?,ROYAL BANK OF CANADA,2,1,0
32,What company is the Bookrunner but not the Bookrunners in the agreement?,"J.P. MORGAN SECURITIES LLC,",2,1,0
32,Who are the Authorized Signatorys of ROYAL BANK OF CANADA?,"John Hanbury, Mark Lumpkin, Jr., Rebecca Camden",2,0,1
32,Who are the Directors of UBS LIMITED?,"Alan Greenhow, Ann E. Sutton, J. Campbell, John Stholl",2,0,1
32,What are the roles in the agreement of the company where Gregg L. Byers is employed?,"Agent, Arranger, Bookrunner",2,0,1
32,What are the roles in the agreement of the company where Barbara S. Wang is employed?,"Agent, Agents, Arranger, Arrangers, Bookrunner, Bookrunners",2,0,1
32,What are the roles in the agreement of the company where Douglas Brandes is employed?,"Arranger, Arrangers, Bank, Bookrunner, Bookrunners, Lender",2,0,1
32,What are the roles in the agreement of the company where Todd Patchell is employed?,"Arranger, Arrangers, Bank, Bookrunner, Bookrunners, Lender",2,0,1
32,What are the roles in the agreement of the company where John Hanbury is employed?,"Agent, Agents, Arranger, Lender",2,0,1
32,What are the roles in the agreement of the company where Rebecca Camden is employed?,"Agent, Agents, Arranger, Lender",2,0,1
32,"What are the roles in the agreement of the company where Mark Lumpkin, Jr. is employed?","Agent, Agents, Arranger, Lender",2,0,1
32,"What are the roles in the agreement of the company associated with 13-15 avenue de la Liberté, L-1931 Luxembourg?","Borrower, Initial, The Company",2,0,1
32,What are the roles in the agreement of the company associated with Netherlands?,"Borrowers, Designated, Subsidiaries",2,0,1
32,What are the roles in the agreement of the company associated with Canada?,"Borrowers, Designated, Subsidiaries",2,0,1
32,What are the roles in the agreement of the company associated with Norway?,"Borrowers, Designated, Subsidiaries",2,0,1
32,"What are the roles in the agreement of the company associated with Corporate Trust & Loan Agency, Level 27\n\n8 Canada Square\n\nLondon E14 5HQ?","Administrative, Agent, Co-Documentation, Co-Syndication, Collateral",2,0,1
32,"What are the roles in the agreement of the company associated with Level 27, 8 Canada Square\n\nLondon E14 5HQ?","Administrative, Agent, Co-Documentation, Co-Syndication, Collateral",2,0,1
32,Who is the Director Corporate Banking of the company where Tony Baratta is employed?,Chris Golding,3,0,0
32,Who is the Managing Director Corporate Coverage Canada of the company where Chris Golding is employed?,Tony Baratta,3,0,0
32,Who is the Assistant Vice President of the company where Douglas Brandes is employed?,Todd Patchell,3,0,0
32,Who is the Vice President Commercial Banking of the company where Todd Patchell is employed?,Douglas Brandes,3,0,0
32,What is the address of registered office of the company which is the Holdco in the agreement?,CHC HELICOPTER HOLDING S.%C3%80 R.L.,3,0,0
32,What is the address of registered office of the company which is the The Company in the agreement?,6922767 HOLDING S.%C3%80 R.L.,3,0,0
26,What roles do both BARCLAYS BANK PLC and CREDIT SUISSE LOAN FUNDING LLC have in the agreement?,"Agents, Bookrunners, Lead Arrangers",1,1,1
26,"What roles do both BARCLAYS BANK PLC and MIZUHO BANK, LTD. have in the agreement?","Agents, Bookrunners, Lead Arrangers",1,1,1
26,"What roles do both BARCLAYS BANK PLC and MUFG BANK, LTD. have in the agreement?","Bookrunners, Lead Arrangers, Lender",1,1,1
26,"What roles do both CREDIT SUISSE LOAN FUNDING LLC and MIZUHO BANK, LTD. have in the agreement?","Agents, Bookrunners, Lead Arrangers",1,1,1
26,"What roles do both MORGAN STANLEY SENIOR FUNDING, INC. and MUFG BANK, LTD. have in the agreement?","Agent, Bookrunners, Lead Arrangers",1,1,1
26,"What role does WELLS FARGO BANK, NATIONAL ASSOCIATION have in the agreement which is not the role of CREDIT SUISSE LOAN FUNDING LLC?",Lender,2,1,0
26,"What role does WELLS FARGO BANK, NATIONAL ASSOCIATION have in the agreement which is not the role of MIZUHO BANK, LTD.?",Lender,2,1,0
26,"What role does WELLS FARGO BANK, NATIONAL ASSOCIATION have in the agreement which is not the role of MUFG BANK, LTD.?",Agents,2,1,0
26,What role does BARCLAYS BANK PLC have in the agreement which is not the role of CREDIT SUISSE LOAN FUNDING LLC?,Lender,2,1,0
26,"What role does BARCLAYS BANK PLC have in the agreement which is not the role of MIZUHO BANK, LTD.?",Lender,2,1,0
26,"What role does BARCLAYS BANK PLC have in the agreement which is not the role of MUFG BANK, LTD.?",Agents,2,1,0
26,"What role does CREDIT SUISSE LOAN FUNDING LLC have in the agreement which is not the role of MORGAN STANLEY SENIOR FUNDING, INC.?",Agents,2,1,0
26,"What role does CREDIT SUISSE LOAN FUNDING LLC have in the agreement which is not the role of MUFG BANK, LTD.?",Agents,2,1,0
26,What role does CREDIT SUISSE LOAN FUNDING LLC have in the agreement which is not the role of WELLS FARGO SECURITIES LLC?,Agents,2,1,0
26,"What role does MIZUHO BANK, LTD. have in the agreement which is not the role of MORGAN STANLEY SENIOR FUNDING, INC.?",Agents,2,1,0
26,"What role does MIZUHO BANK, LTD. have in the agreement which is not the role of MUFG BANK, LTD.?",Agents,2,1,0
26,"What role does MIZUHO BANK, LTD. have in the agreement which is not the role of WELLS FARGO SECURITIES LLC?",Agents,2,1,0
26,"What role does MORGAN STANLEY SENIOR FUNDING, INC. have in the agreement which is not the role of WELLS FARGO SECURITIES LLC?",Agent,2,1,0
26,What company is the Agents but not the Bookrunners in the agreement?,"WELLS FARGO BANK, NATIONAL ASSOCIATION",2,1,0
26,What company is the Agents but not the Lead Arrangers in the agreement?,"WELLS FARGO BANK, NATIONAL ASSOCIATION",2,1,0
26,Who are the Senior Vice Presidents of City National Bank?,"Andrew D. Holtz, Breck Fleming",2,0,1
26,Who are the Treasurers of BRISTOL-MEYERS SQUIBB COMPANY?,"Jeffrey Galik, jeffrey.galik",2,0,1
26,Who are the Corporate Secretarys of BRISTOL-MEYERS SQUIBB COMPANY?,"Katherine Kelly, Katherine.kelly",2,0,1
26,Who are the Authorized Signatorys of Cayman Islands Brank?,"Anish Shah, Emerson Almeida, John Toronto, Tracy Rahn",2,0,1
26,Who are the Vice Presidents of DEUTSCHE BANK?,"Ade Adedeji, Ryan M. Black, Veli-Matti Abohen, Virginia Cosenza, William P. Herold",2,0,1
26,Who are the Directors of THE BANK OF NEW YORK MELLON?,"Clifford A. Mull, Jill Wong, Jonathan Logan, Jordan Harris, Joshua Hovermale, Katherine Bass, Ming K. Chu, Ronnie Glenn, Scott O%E2%80%99Connell",2,0,1
26,"Who are the Managing Directors of Santander Bank, N.A?","Brian Crowley, Christopher Sked, Fabio Della Malva, Gary Herzog, Iain Stewart, Marc Fussbahn, Michelle C. Phillips, Pedro Bell, Veronica Incera, Xavier Ruiz Sena",2,0,1
26,"What are the roles in the agreement of the company associated with 1585 Broadway\nNew York, NY 10036?","Administrative, Agent, Syndication",2,0,1
26,Who is the Senior Vice President of the company where jeffrey.galik is employed?,Jeffrey Galik,3,0,0
26,Who is the Senior Vice President of the company where Katherine.kelly is employed?,Jeffrey Galik,3,0,0
26,Who is the Senior Vice President of the company where Katherine Kelly is employed?,Jeffrey Galik,3,0,0
26,What is the address of BRANCH of the company where Ade Adedeji is employed?,NEW YORK,3,0,0
26,What is the address of BRANCH of the company where Ryan M. Black is employed?,NEW YORK,3,0,0
26,What is the address of BRANCH of the company where Veli-Matti Abohen is employed?,NEW YORK,3,0,0
26,What is the address of BRANCH of the company where Virginia Cosenza is employed?,NEW YORK,3,0,0
26,What is the address of BRANCH of the company where William P. Herold is employed?,NEW YORK,3,0,0
