document_number,question,answer,num_hops,num_set_operations,multiple_answer_dimension
17,What company is both the grantor and pledgor in the agreement?,exgen renewables iv llc,1,1,0
17,What company is both the grantor and borrower in the agreement?,exgen renewables iv llc,1,1,0
17,What company is both the pledgor and borrower in the agreement?,exgen renewables iv llc,1,1,0
17,What company is both the lead bookrunner and bookrunner in the agreement?,morgan stanley senior funding inc,1,1,0
17,What company is both the lead bookrunner and syndication agent in the agreement?,morgan stanley senior funding inc,1,1,0
17,What company is both the lead bookrunner and lead arranger in the agreement?,morgan stanley senior funding inc,1,1,0
17,What company is both the lead bookrunner and arranger in the agreement?,morgan stanley senior funding inc,1,1,0
17,What company is both the lead bookrunner and documentation agent in the agreement?,morgan stanley senior funding inc,1,1,0
17,What company is both the bookrunner and syndication agent in the agreement?,morgan stanley senior funding inc,1,1,0
17,What company is both the bookrunner and lead arranger in the agreement?,morgan stanley senior funding inc,1,1,0
17,What company is both the bookrunner and arranger in the agreement?,morgan stanley senior funding inc,1,1,0
17,What company is both the bookrunner and documentation agent in the agreement?,morgan stanley senior funding inc,1,1,0
17,What company is both the syndication agent and lead arranger in the agreement?,morgan stanley senior funding inc,1,1,0
17,What company is both the syndication agent and arranger in the agreement?,morgan stanley senior funding inc,1,1,0
17,What company is both the syndication agent and documentation agent in the agreement?,morgan stanley senior funding inc,1,1,0
17,What company is both the lead arranger and arranger in the agreement?,morgan stanley senior funding inc,1,1,0
17,What company is both the lead arranger and documentation agent in the agreement?,morgan stanley senior funding inc,1,1,0
17,What company is both the arranger and documentation agent in the agreement?,morgan stanley senior funding inc,1,1,0
17,What company is both the collateral wilmington trust national association agent and depositary bank in the agreement?,wilmington trust national association,1,1,0
17,What company is both the collateral wilmington trust national association agent and collateral agent in the agreement?,wilmington trust national association,1,1,0
17,What company is both the depositary bank and collateral agent in the agreement?,wilmington trust national association,1,1,0
102,What company is both the borrowers and administrative borrower in the agreement?,digirad corporation,1,1,0
102,What company is both the borrowers and borrower in the agreement?,digirad corporation,1,1,0
102,What company is both the administrative borrower and borrower in the agreement?,digirad corporation,1,1,0
102,What company is both the agent and sole lead arranger in the agreement?,wells fargo bank national association,1,1,0
102,What company is both the agent and sole book runner in the agreement?,wells fargo bank national association,1,1,0
102,What company is both the agent and book runner in the agreement?,wells fargo bank national association,1,1,0
102,What company is both the agent and runner in the agreement?,wells fargo bank national association,1,1,0
102,What company is both the agent and administrative agent in the agreement?,wells fargo bank national association,1,1,0
102,What company is both the agent and lender in the agreement?,wells fargo bank national association,1,1,0
102,What company is both the agent and arranger in the agreement?,wells fargo bank national association,1,1,0
102,What company is both the sole lead arranger and sole book runner in the agreement?,wells fargo bank national association,1,1,0
102,What company is both the sole lead arranger and book runner in the agreement?,wells fargo bank national association,1,1,0
102,What company is both the sole lead arranger and runner in the agreement?,wells fargo bank national association,1,1,0
102,What company is both the sole lead arranger and administrative agent in the agreement?,wells fargo bank national association,1,1,0
102,What company is both the sole lead arranger and lender in the agreement?,wells fargo bank national association,1,1,0
102,What company is both the sole lead arranger and arranger in the agreement?,wells fargo bank national association,1,1,0
102,What company is both the sole book runner and book runner in the agreement?,wells fargo bank national association,1,1,0
102,What company is both the sole book runner and runner in the agreement?,wells fargo bank national association,1,1,0
102,What company is both the sole book runner and administrative agent in the agreement?,wells fargo bank national association,1,1,0
102,What company is both the sole book runner and lender in the agreement?,wells fargo bank national association,1,1,0
102,What company is both the sole book runner and arranger in the agreement?,wells fargo bank national association,1,1,0
102,What company is both the book runner and runner in the agreement?,wells fargo bank national association,1,1,0
102,What company is both the book runner and administrative agent in the agreement?,wells fargo bank national association,1,1,0
102,What company is both the book runner and lender in the agreement?,wells fargo bank national association,1,1,0
102,What company is both the book runner and arranger in the agreement?,wells fargo bank national association,1,1,0
102,What company is both the runner and administrative agent in the agreement?,wells fargo bank national association,1,1,0
102,What company is both the runner and lender in the agreement?,wells fargo bank national association,1,1,0
102,What company is both the runner and arranger in the agreement?,wells fargo bank national association,1,1,0
102,What company is both the administrative agent and lender in the agreement?,wells fargo bank national association,1,1,0
102,What company is both the administrative agent and arranger in the agreement?,wells fargo bank national association,1,1,0
102,What company is both the lender and arranger in the agreement?,wells fargo bank national association,1,1,0
116,What company is both the agent and issuing lender in the agreement?,cibc bank usa,1,1,0
116,What company is both the agent and administrative agent in the agreement?,cibc bank usa,1,1,0
116,What company is both the agent and lender in the agreement?,cibc bank usa,1,1,0
116,What company is both the agent and arranger in the agreement?,cibc bank usa,1,1,0
116,What company is both the issuing lender and administrative agent in the agreement?,cibc bank usa,1,1,0
116,What company is both the issuing lender and lender in the agreement?,cibc bank usa,1,1,0
116,What company is both the issuing lender and arranger in the agreement?,cibc bank usa,1,1,0
116,What company is both the administrative agent and lender in the agreement?,cibc bank usa,1,1,0
116,What company is both the administrative agent and arranger in the agreement?,cibc bank usa,1,1,0
116,What company is both the lender and arranger in the agreement?,cibc bank usa,1,1,0
117,What company is both the bookrunner and joint bookrunner in the agreement?,bofa securities inc,1,1,0
117,What company is both the joint lead arranger and arranger in the agreement?,wells fargo securities llc,1,1,0
117,What company is both the agent and lender in the agreement?,bank of america na,1,1,0
117,What company is both the agent and syndication agent in the agreement?,bank of america na,1,1,0
117,What company is both the lender and syndication agent in the agreement?,bank of america na,1,1,0
117,What company is both the agent and issuing lender in the agreement?,jpmorgan chase bank na,1,1,0
117,What company is both the agent and joint bookrunner in the agreement?,jpmorgan chase bank na,1,1,0
117,What company is both the agent and bookrunner in the agreement?,jpmorgan chase bank na,1,1,0
117,What company is both the agent and syndication agent in the agreement?,jpmorgan chase bank na,1,1,0
117,What company is both the agent and swing line lender in the agreement?,jpmorgan chase bank na,1,1,0
117,What company is both the agent and administrative agent in the agreement?,jpmorgan chase bank na,1,1,0
117,What company is both the agent and lender in the agreement?,jpmorgan chase bank na,1,1,0
117,What company is both the agent and joint lead arranger in the agreement?,jpmorgan chase bank na,1,1,0
117,What company is both the agent and arranger in the agreement?,jpmorgan chase bank na,1,1,0
117,What company is both the issuing lender and joint bookrunner in the agreement?,jpmorgan chase bank na,1,1,0
117,What company is both the issuing lender and bookrunner in the agreement?,jpmorgan chase bank na,1,1,0
117,What company is both the issuing lender and syndication agent in the agreement?,jpmorgan chase bank na,1,1,0
117,What company is both the issuing lender and swing line lender in the agreement?,jpmorgan chase bank na,1,1,0
117,What company is both the issuing lender and administrative agent in the agreement?,jpmorgan chase bank na,1,1,0
117,What company is both the issuing lender and lender in the agreement?,jpmorgan chase bank na,1,1,0
117,What company is both the issuing lender and joint lead arranger in the agreement?,jpmorgan chase bank na,1,1,0
117,What company is both the issuing lender and arranger in the agreement?,jpmorgan chase bank na,1,1,0
117,What company is both the joint bookrunner and bookrunner in the agreement?,jpmorgan chase bank na,1,1,0
117,What company is both the joint bookrunner and syndication agent in the agreement?,jpmorgan chase bank na,1,1,0
117,What company is both the joint bookrunner and swing line lender in the agreement?,jpmorgan chase bank na,1,1,0
117,What company is both the joint bookrunner and administrative agent in the agreement?,jpmorgan chase bank na,1,1,0
117,What company is both the joint bookrunner and lender in the agreement?,jpmorgan chase bank na,1,1,0
117,What company is both the joint bookrunner and joint lead arranger in the agreement?,jpmorgan chase bank na,1,1,0
117,What company is both the joint bookrunner and arranger in the agreement?,jpmorgan chase bank na,1,1,0
117,What company is both the bookrunner and syndication agent in the agreement?,jpmorgan chase bank na,1,1,0
117,What company is both the bookrunner and swing line lender in the agreement?,jpmorgan chase bank na,1,1,0
117,What company is both the bookrunner and administrative agent in the agreement?,jpmorgan chase bank na,1,1,0
117,What company is both the bookrunner and lender in the agreement?,jpmorgan chase bank na,1,1,0
117,What company is both the bookrunner and joint lead arranger in the agreement?,jpmorgan chase bank na,1,1,0
117,What company is both the bookrunner and arranger in the agreement?,jpmorgan chase bank na,1,1,0
117,What company is both the syndication agent and swing line lender in the agreement?,jpmorgan chase bank na,1,1,0
117,What company is both the syndication agent and administrative agent in the agreement?,jpmorgan chase bank na,1,1,0
117,What company is both the syndication agent and lender in the agreement?,jpmorgan chase bank na,1,1,0
117,What company is both the syndication agent and joint lead arranger in the agreement?,jpmorgan chase bank na,1,1,0
117,What company is both the syndication agent and arranger in the agreement?,jpmorgan chase bank na,1,1,0
117,What company is both the swing line lender and administrative agent in the agreement?,jpmorgan chase bank na,1,1,0
117,What company is both the swing line lender and lender in the agreement?,jpmorgan chase bank na,1,1,0
117,What company is both the swing line lender and joint lead arranger in the agreement?,jpmorgan chase bank na,1,1,0
117,What company is both the swing line lender and arranger in the agreement?,jpmorgan chase bank na,1,1,0
117,What company is both the administrative agent and lender in the agreement?,jpmorgan chase bank na,1,1,0
117,What company is both the administrative agent and joint lead arranger in the agreement?,jpmorgan chase bank na,1,1,0
117,What company is both the administrative agent and arranger in the agreement?,jpmorgan chase bank na,1,1,0
117,What company is both the lender and joint lead arranger in the agreement?,jpmorgan chase bank na,1,1,0
117,What company is both the lender and arranger in the agreement?,jpmorgan chase bank na,1,1,0
117,What company is both the joint lead arranger and arranger in the agreement?,jpmorgan chase bank na,1,1,0
117,What company is both the agent and lender in the agreement?,wells fargo bank national association,1,1,0
117,What company is both the agent and syndication agent in the agreement?,wells fargo bank national association,1,1,0
117,What company is both the lender and syndication agent in the agreement?,wells fargo bank national association,1,1,0
103,What company is both the agent and collateral agent in the agreement?,botticelli llc,1,1,0
103,What company is both the agent and lender in the agreement?,botticelli llc,1,1,0
103,What company is both the agent and administrative agent in the agreement?,botticelli llc,1,1,0
103,What company is both the collateral agent and lender in the agreement?,botticelli llc,1,1,0
103,What company is both the collateral agent and administrative agent in the agreement?,botticelli llc,1,1,0
103,What company is both the lender and administrative agent in the agreement?,botticelli llc,1,1,0
103,What company is both the agent and collateral agent in the agreement?,cortland capital market services llc,1,1,0
103,What company is both the agent and administrative agent in the agreement?,cortland capital market services llc,1,1,0
103,What company is both the collateral agent and administrative agent in the agreement?,cortland capital market services llc,1,1,0
16,What company is both the term lender and lender in the agreement?,crystal financial spv llc,1,1,0
16,What company is both the term agent and term lender in the agreement?,crystal financial llc,1,1,0
16,What company is both the term agent and lender in the agreement?,crystal financial llc,1,1,0
16,What company is both the term lender and lender in the agreement?,crystal financial llc,1,1,0
28,What company is both the partner and general partner in the agreement?,pharmakon management i llc,1,1,0
28,What company is both the agent and lender in the agreement?,akin gump strauss hauer and feld llp,1,1,0
28,What company is both the agent and collateral agent in the agreement?,akin gump strauss hauer and feld llp,1,1,0
28,What company is both the lender and collateral agent in the agreement?,akin gump strauss hauer and feld llp,1,1,0
28,What company is both the agent and lender in the agreement?,pharmakon advisors lp,1,1,0
28,What company is both the agent and investment manager in the agreement?,pharmakon advisors lp,1,1,0
28,What company is both the agent and collateral agent in the agreement?,pharmakon advisors lp,1,1,0
28,What company is both the lender and investment manager in the agreement?,pharmakon advisors lp,1,1,0
28,What company is both the lender and collateral agent in the agreement?,pharmakon advisors lp,1,1,0
28,What company is both the investment manager and collateral agent in the agreement?,pharmakon advisors lp,1,1,0
28,What company is both the additional credit party and credit party in the agreement?,collegium securities corporation,1,1,0
28,What company is both the agent and lender in the agreement?,biopharma credit plc,1,1,0
28,What company is both the agent and collateral agent in the agreement?,biopharma credit plc,1,1,0
28,What company is both the lender and collateral agent in the agreement?,biopharma credit plc,1,1,0
129,What company is both the bookrunner and arranger in the agreement?,jp morgan securities llc,1,1,0
129,What company is both the bookrunner and lead arranger in the agreement?,jp morgan securities llc,1,1,0
129,What company is both the arranger and lead arranger in the agreement?,jp morgan securities llc,1,1,0
129,What company is both the agent and issuing bank in the agreement?,jpmorgan chase bank na,1,1,0
129,What company is both the agent and administrative agent in the agreement?,jpmorgan chase bank na,1,1,0
129,What company is both the issuing bank and administrative agent in the agreement?,jpmorgan chase bank na,1,1,0
101,What company is both the agent and sole lead arranger in the agreement?,texas capital bank national association,1,1,0
101,What company is both the agent and sole book runner in the agreement?,texas capital bank national association,1,1,0
101,What company is both the agent and runner in the agreement?,texas capital bank national association,1,1,0
101,What company is both the agent and l c issuer in the agreement?,texas capital bank national association,1,1,0
101,What company is both the agent and administrative agent in the agreement?,texas capital bank national association,1,1,0
101,What company is both the agent and lender in the agreement?,texas capital bank national association,1,1,0
101,What company is both the agent and arranger in the agreement?,texas capital bank national association,1,1,0
101,What company is both the sole lead arranger and sole book runner in the agreement?,texas capital bank national association,1,1,0
101,What company is both the sole lead arranger and runner in the agreement?,texas capital bank national association,1,1,0
101,What company is both the sole lead arranger and l c issuer in the agreement?,texas capital bank national association,1,1,0
101,What company is both the sole lead arranger and administrative agent in the agreement?,texas capital bank national association,1,1,0
101,What company is both the sole lead arranger and lender in the agreement?,texas capital bank national association,1,1,0
101,What company is both the sole lead arranger and arranger in the agreement?,texas capital bank national association,1,1,0
101,What company is both the sole book runner and runner in the agreement?,texas capital bank national association,1,1,0
101,What company is both the sole book runner and l c issuer in the agreement?,texas capital bank national association,1,1,0
101,What company is both the sole book runner and administrative agent in the agreement?,texas capital bank national association,1,1,0
101,What company is both the sole book runner and lender in the agreement?,texas capital bank national association,1,1,0
101,What company is both the sole book runner and arranger in the agreement?,texas capital bank national association,1,1,0
101,What company is both the runner and l c issuer in the agreement?,texas capital bank national association,1,1,0
101,What company is both the runner and administrative agent in the agreement?,texas capital bank national association,1,1,0
101,What company is both the runner and lender in the agreement?,texas capital bank national association,1,1,0
101,What company is both the runner and arranger in the agreement?,texas capital bank national association,1,1,0
101,What company is both the l c issuer and administrative agent in the agreement?,texas capital bank national association,1,1,0
101,What company is both the l c issuer and lender in the agreement?,texas capital bank national association,1,1,0
101,What company is both the l c issuer and arranger in the agreement?,texas capital bank national association,1,1,0
101,What company is both the administrative agent and lender in the agreement?,texas capital bank national association,1,1,0
101,What company is both the administrative agent and arranger in the agreement?,texas capital bank national association,1,1,0
101,What company is both the lender and arranger in the agreement?,texas capital bank national association,1,1,0
100,What company is both the agent and administrative agent in the agreement?,bank of the west fifth third bank,1,1,0
100,What company is both the agent and administrative agent in the agreement?,jpmorgan chase bank na,1,1,0
100,What company is both the agent and administrative agent in the agreement?,mufg union bank na,1,1,0
100,What company is both the bookrunner and sole bookrunner in the agreement?,wells fargo securities llc,1,1,0
100,What company is both the bookrunner and arranger in the agreement?,wells fargo securities llc,1,1,0
100,What company is both the bookrunner and sole lead arranger in the agreement?,wells fargo securities llc,1,1,0
100,What company is both the sole bookrunner and arranger in the agreement?,wells fargo securities llc,1,1,0
100,What company is both the sole bookrunner and sole lead arranger in the agreement?,wells fargo securities llc,1,1,0
100,What company is both the arranger and sole lead arranger in the agreement?,wells fargo securities llc,1,1,0
100,What company is both the swingline lender and lender in the agreement?,bank of the west,1,1,0
100,What company is both the swingline lender and issuing lender in the agreement?,bank of the west,1,1,0
100,What company is both the lender and issuing lender in the agreement?,bank of the west,1,1,0
100,What company is both the swingline lender and lender in the agreement?,bbva compass,1,1,0
100,What company is both the swingline lender and issuing lender in the agreement?,bbva compass,1,1,0
100,What company is both the lender and issuing lender in the agreement?,bbva compass,1,1,0
100,What company is both the swingline lender and lender in the agreement?,citizens bank national association,1,1,0
100,What company is both the swingline lender and issuing lender in the agreement?,citizens bank national association,1,1,0
100,What company is both the lender and issuing lender in the agreement?,citizens bank national association,1,1,0
100,What company is both the swingline lender and lender in the agreement?,comerica bank,1,1,0
100,What company is both the swingline lender and issuing lender in the agreement?,comerica bank,1,1,0
100,What company is both the lender and issuing lender in the agreement?,comerica bank,1,1,0
100,What company is both the swingline lender and lender in the agreement?,east west bank,1,1,0
100,What company is both the swingline lender and issuing lender in the agreement?,east west bank,1,1,0
100,What company is both the lender and issuing lender in the agreement?,east west bank,1,1,0
100,What company is both the swingline lender and lender in the agreement?,fifth third bank,1,1,0
100,What company is both the swingline lender and issuing lender in the agreement?,fifth third bank,1,1,0
100,What company is both the lender and issuing lender in the agreement?,fifth third bank,1,1,0
100,What company is both the swingline lender and lender in the agreement?,hsbc bank usa,1,1,0
100,What company is both the swingline lender and issuing lender in the agreement?,hsbc bank usa,1,1,0
100,What company is both the lender and issuing lender in the agreement?,hsbc bank usa,1,1,0
100,What company is both the swingline lender and lender in the agreement?,jpmorgan chase bank,1,1,0
100,What company is both the swingline lender and issuing lender in the agreement?,jpmorgan chase bank,1,1,0
100,What company is both the lender and issuing lender in the agreement?,jpmorgan chase bank,1,1,0
100,What company is both the swingline lender and lender in the agreement?,mufg union bank,1,1,0
100,What company is both the swingline lender and issuing lender in the agreement?,mufg union bank,1,1,0
100,What company is both the lender and issuing lender in the agreement?,mufg union bank,1,1,0
100,What company is both the agent and issuing lender in the agreement?,suntrust bank,1,1,0
100,What company is both the agent and swingline lender in the agreement?,suntrust bank,1,1,0
100,What company is both the agent and administrative agent in the agreement?,suntrust bank,1,1,0
100,What company is both the agent and lender in the agreement?,suntrust bank,1,1,0
100,What company is both the issuing lender and swingline lender in the agreement?,suntrust bank,1,1,0
100,What company is both the issuing lender and administrative agent in the agreement?,suntrust bank,1,1,0
100,What company is both the issuing lender and lender in the agreement?,suntrust bank,1,1,0
100,What company is both the swingline lender and administrative agent in the agreement?,suntrust bank,1,1,0
100,What company is both the swingline lender and lender in the agreement?,suntrust bank,1,1,0
100,What company is both the administrative agent and lender in the agreement?,suntrust bank,1,1,0
100,What company is both the agent and issuing lender in the agreement?,wells fargo bank national association,1,1,0
100,What company is both the agent and swingline lender in the agreement?,wells fargo bank national association,1,1,0
100,What company is both the agent and administrative agent in the agreement?,wells fargo bank national association,1,1,0
100,What company is both the agent and lender in the agreement?,wells fargo bank national association,1,1,0
100,What company is both the issuing lender and swingline lender in the agreement?,wells fargo bank national association,1,1,0
100,What company is both the issuing lender and administrative agent in the agreement?,wells fargo bank national association,1,1,0
100,What company is both the issuing lender and lender in the agreement?,wells fargo bank national association,1,1,0
100,What company is both the swingline lender and administrative agent in the agreement?,wells fargo bank national association,1,1,0
100,What company is both the swingline lender and lender in the agreement?,wells fargo bank national association,1,1,0
100,What company is both the administrative agent and lender in the agreement?,wells fargo bank national association,1,1,0
114,What company is both the agent and lender in the agreement?,midcap financial trust,1,1,0
114,What company is both the borrowers and borrower in the agreement?,moduslink corporation,1,1,0
128,What company is both the joint bookrunners and bookrunners in the agreement?,bofa securities inc,1,1,0
128,What company is both the joint bookrunners and joint lead arranger in the agreement?,bofa securities inc,1,1,0
128,What company is both the joint bookrunners and arranger in the agreement?,bofa securities inc,1,1,0
128,What company is both the bookrunners and joint lead arranger in the agreement?,bofa securities inc,1,1,0
128,What company is both the bookrunners and arranger in the agreement?,bofa securities inc,1,1,0
128,What company is both the joint lead arranger and arranger in the agreement?,bofa securities inc,1,1,0
128,What company is both the agent and syndication agent in the agreement?,bank of america na,1,1,0
128,What company is both the agent and joint bookrunners in the agreement?,jpmorgan chase bank na,1,1,0
128,What company is both the agent and syndication agent in the agreement?,jpmorgan chase bank na,1,1,0
128,What company is both the agent and bookrunners in the agreement?,jpmorgan chase bank na,1,1,0
128,What company is both the agent and administrative agent in the agreement?,jpmorgan chase bank na,1,1,0
128,What company is both the agent and joint lead arranger in the agreement?,jpmorgan chase bank na,1,1,0
128,What company is both the agent and arranger in the agreement?,jpmorgan chase bank na,1,1,0
128,What company is both the joint bookrunners and syndication agent in the agreement?,jpmorgan chase bank na,1,1,0
128,What company is both the joint bookrunners and bookrunners in the agreement?,jpmorgan chase bank na,1,1,0
128,What company is both the joint bookrunners and administrative agent in the agreement?,jpmorgan chase bank na,1,1,0
128,What company is both the joint bookrunners and joint lead arranger in the agreement?,jpmorgan chase bank na,1,1,0
128,What company is both the joint bookrunners and arranger in the agreement?,jpmorgan chase bank na,1,1,0
128,What company is both the syndication agent and bookrunners in the agreement?,jpmorgan chase bank na,1,1,0
128,What company is both the syndication agent and administrative agent in the agreement?,jpmorgan chase bank na,1,1,0
128,What company is both the syndication agent and joint lead arranger in the agreement?,jpmorgan chase bank na,1,1,0
128,What company is both the syndication agent and arranger in the agreement?,jpmorgan chase bank na,1,1,0
128,What company is both the bookrunners and administrative agent in the agreement?,jpmorgan chase bank na,1,1,0
128,What company is both the bookrunners and joint lead arranger in the agreement?,jpmorgan chase bank na,1,1,0
128,What company is both the bookrunners and arranger in the agreement?,jpmorgan chase bank na,1,1,0
128,What company is both the administrative agent and joint lead arranger in the agreement?,jpmorgan chase bank na,1,1,0
128,What company is both the administrative agent and arranger in the agreement?,jpmorgan chase bank na,1,1,0
128,What company is both the joint lead arranger and arranger in the agreement?,jpmorgan chase bank na,1,1,0
29,What company is both the borrower and parent borrower in the agreement?,paychex advance llc,1,1,0
29,What company is both the agent and issuing bank in the agreement?,pnc bank national association,1,1,0
29,What company is both the agent and lender in the agreement?,pnc bank national association,1,1,0
29,What company is both the agent and administrative agent in the agreement?,pnc bank national association,1,1,0
29,What company is both the issuing bank and lender in the agreement?,pnc bank national association,1,1,0
29,What company is both the issuing bank and administrative agent in the agreement?,pnc bank national association,1,1,0
29,What company is both the lender and administrative agent in the agreement?,pnc bank national association,1,1,0
29,What company is both the parent and borrower in the agreement?,paychex inc,1,1,0
29,What company is both the parent and parent borrower in the agreement?,paychex inc,1,1,0
29,What company is both the borrower and parent borrower in the agreement?,paychex inc,1,1,0
39,What company is both the bookrunner and arranger in the agreement?,pnc capital markets llc,1,1,0
39,What company is both the agent and lender in the agreement?,bank of america na,1,1,0
39,What company is both the agent and co collateral agent in the agreement?,bank of america na,1,1,0
39,What company is both the lender and co collateral agent in the agreement?,bank of america na,1,1,0
39,What company is both the agent and lender in the agreement?,pnc bank national association,1,1,0
39,What company is both the agent and co collateral agent in the agreement?,pnc bank national association,1,1,0
39,What company is both the agent and administrative agent in the agreement?,pnc bank national association,1,1,0
39,What company is both the lender and co collateral agent in the agreement?,pnc bank national association,1,1,0
39,What company is both the lender and administrative agent in the agreement?,pnc bank national association,1,1,0
39,What company is both the co collateral agent and administrative agent in the agreement?,pnc bank national association,1,1,0
11,What company is both the initial lender and co book managers initial lender in the agreement?,jpmorgan chase bank na,1,1,0
11,What company is both the initial lender and joint lead arrangers initial lender in the agreement?,jpmorgan chase bank na,1,1,0
11,What company is both the initial lender and administrative agent in the agreement?,jpmorgan chase bank na,1,1,0
11,What company is both the co book managers initial lender and joint lead arrangers initial lender in the agreement?,jpmorgan chase bank na,1,1,0
11,What company is both the co book managers initial lender and administrative agent in the agreement?,jpmorgan chase bank na,1,1,0
11,What company is both the joint lead arrangers initial lender and administrative agent in the agreement?,jpmorgan chase bank na,1,1,0
11,What company is both the initial lender and co book managers initial lender in the agreement?,bank of america na,1,1,0
11,What company is both the initial lender and joint lead arrangers initial lender in the agreement?,bank of america na,1,1,0
11,What company is both the co book managers initial lender and joint lead arrangers initial lender in the agreement?,bank of america na,1,1,0
11,What company is both the initial lender and co book managers initial lender in the agreement?,barclays bank plc,1,1,0
11,What company is both the initial lender and joint lead arrangers initial lender in the agreement?,barclays bank plc,1,1,0
11,What company is both the co book managers initial lender and joint lead arrangers initial lender in the agreement?,barclays bank plc,1,1,0
11,What company is both the initial lender and co book managers initial lender in the agreement?,citibank na,1,1,0
11,What company is both the initial lender and joint lead arrangers initial lender in the agreement?,citibank na,1,1,0
11,What company is both the co book managers initial lender and joint lead arrangers initial lender in the agreement?,citibank na,1,1,0
11,What company is both the initial lender and co book managers initial lender in the agreement?,goldman sachs bank usa,1,1,0
11,What company is both the initial lender and joint lead arrangers initial lender in the agreement?,goldman sachs bank usa,1,1,0
11,What company is both the co book managers initial lender and joint lead arrangers initial lender in the agreement?,goldman sachs bank usa,1,1,0
11,What company is both the initial lender and co book managers initial lender in the agreement?,deutsche bank ag new york branch,1,1,0
11,What company is both the initial lender and joint lead arrangers initial lender in the agreement?,deutsche bank ag new york branch,1,1,0
11,What company is both the co book managers initial lender and joint lead arrangers initial lender in the agreement?,deutsche bank ag new york branch,1,1,0
110,What company is both the joint bookrunners and bookrunners in the agreement?,merrill lynch pierce fenner and smith incorporated,1,1,0
110,What company is both the joint bookrunners and arrangers in the agreement?,merrill lynch pierce fenner and smith incorporated,1,1,0
110,What company is both the joint bookrunners and joint lead arrangers in the agreement?,merrill lynch pierce fenner and smith incorporated,1,1,0
110,What company is both the bookrunners and arrangers in the agreement?,merrill lynch pierce fenner and smith incorporated,1,1,0
110,What company is both the bookrunners and joint lead arrangers in the agreement?,merrill lynch pierce fenner and smith incorporated,1,1,0
110,What company is both the arrangers and joint lead arrangers in the agreement?,merrill lynch pierce fenner and smith incorporated,1,1,0
110,What company is both the joint bookrunners and bookrunners in the agreement?,wells fargo securities llc,1,1,0
110,What company is both the joint bookrunners and arrangers in the agreement?,wells fargo securities llc,1,1,0
110,What company is both the joint bookrunners and joint lead arrangers in the agreement?,wells fargo securities llc,1,1,0
110,What company is both the bookrunners and arrangers in the agreement?,wells fargo securities llc,1,1,0
110,What company is both the bookrunners and joint lead arrangers in the agreement?,wells fargo securities llc,1,1,0
110,What company is both the arrangers and joint lead arrangers in the agreement?,wells fargo securities llc,1,1,0
110,What company is both the arrangers and joint lead arrangers in the agreement?,barclays bank plc,1,1,0
110,What company is both the joint bookrunners and bookrunners in the agreement?,jpmorgan chase bank na,1,1,0
110,What company is both the joint bookrunners and arrangers in the agreement?,jpmorgan chase bank na,1,1,0
110,What company is both the joint bookrunners and joint lead arrangers in the agreement?,jpmorgan chase bank na,1,1,0
110,What company is both the bookrunners and arrangers in the agreement?,jpmorgan chase bank na,1,1,0
110,What company is both the bookrunners and joint lead arrangers in the agreement?,jpmorgan chase bank na,1,1,0
110,What company is both the arrangers and joint lead arrangers in the agreement?,jpmorgan chase bank na,1,1,0
110,What company is both the joint bookrunners and bookrunners in the agreement?,the bank of tokyo mitsubishi ufj ltd,1,1,0
110,What company is both the joint bookrunners and arrangers in the agreement?,the bank of tokyo mitsubishi ufj ltd,1,1,0
110,What company is both the joint bookrunners and joint lead arrangers in the agreement?,the bank of tokyo mitsubishi ufj ltd,1,1,0
110,What company is both the bookrunners and arrangers in the agreement?,the bank of tokyo mitsubishi ufj ltd,1,1,0
110,What company is both the bookrunners and joint lead arrangers in the agreement?,the bank of tokyo mitsubishi ufj ltd,1,1,0
110,What company is both the arrangers and joint lead arrangers in the agreement?,the bank of tokyo mitsubishi ufj ltd,1,1,0
110,What company is both the agent and syndication agent in the agreement?,wells fargo bank national association,1,1,0
110,What company is both the agent and administrative agent in the agreement?,wells fargo bank national association,1,1,0
110,What company is both the syndication agent and administrative agent in the agreement?,wells fargo bank national association,1,1,0
110,What company is both the agent and joint bookrunners in the agreement?,mizuho bank ltd,1,1,0
110,What company is both the agent and bookrunners in the agreement?,mizuho bank ltd,1,1,0
110,What company is both the agent and arrangers in the agreement?,mizuho bank ltd,1,1,0
110,What company is both the agent and joint lead arrangers in the agreement?,mizuho bank ltd,1,1,0
110,What company is both the joint bookrunners and bookrunners in the agreement?,mizuho bank ltd,1,1,0
110,What company is both the joint bookrunners and arrangers in the agreement?,mizuho bank ltd,1,1,0
110,What company is both the joint bookrunners and joint lead arrangers in the agreement?,mizuho bank ltd,1,1,0
110,What company is both the bookrunners and arrangers in the agreement?,mizuho bank ltd,1,1,0
110,What company is both the bookrunners and joint lead arrangers in the agreement?,mizuho bank ltd,1,1,0
110,What company is both the arrangers and joint lead arrangers in the agreement?,mizuho bank ltd,1,1,0
104,What company is both the joint bookrunners and bookrunners in the agreement?,citigroup global markets inc,1,1,0
104,What company is both the joint bookrunners and arrangers in the agreement?,citigroup global markets inc,1,1,0
104,What company is both the joint bookrunners and joint lead arrangers in the agreement?,citigroup global markets inc,1,1,0
104,What company is both the bookrunners and arrangers in the agreement?,citigroup global markets inc,1,1,0
104,What company is both the bookrunners and joint lead arrangers in the agreement?,citigroup global markets inc,1,1,0
104,What company is both the arrangers and joint lead arrangers in the agreement?,citigroup global markets inc,1,1,0
104,What company is both the joint bookrunners and bookrunners in the agreement?,merrill lynch pierce fenner and smith incorporated,1,1,0
104,What company is both the joint bookrunners and arrangers in the agreement?,merrill lynch pierce fenner and smith incorporated,1,1,0
104,What company is both the joint bookrunners and joint lead arrangers in the agreement?,merrill lynch pierce fenner and smith incorporated,1,1,0
104,What company is both the bookrunners and arrangers in the agreement?,merrill lynch pierce fenner and smith incorporated,1,1,0
104,What company is both the bookrunners and joint lead arrangers in the agreement?,merrill lynch pierce fenner and smith incorporated,1,1,0
104,What company is both the arrangers and joint lead arrangers in the agreement?,merrill lynch pierce fenner and smith incorporated,1,1,0
104,What company is both the guarantor and material subsidiaries in the agreement?,convergys cmg insurance services llc,1,1,0
104,What company is both the guarantor and material subsidiaries in the agreement?,convergys customer management delaware llc,1,1,0
104,What company is both the guarantor and material subsidiaries in the agreement?,convergys customer management group canada holding inc,1,1,0
104,What company is both the guarantor and material subsidiaries in the agreement?,convergys customer management group inc,1,1,0
104,What company is both the guarantor and material subsidiaries in the agreement?,convergys customer management international inc,1,1,0
104,What company is both the guarantor and material subsidiaries in the agreement?,convergys government solutions llc,1,1,0
104,What company is both the guarantor and material subsidiaries in the agreement?,encore receivable management inc,1,1,0
104,What company is both the guarantor and material subsidiaries in the agreement?,intervoice llc,1,1,0
104,What company is both the guarantor and material subsidiaries in the agreement?,sgs holdings inc,1,1,0
104,What company is both the guarantor and material subsidiaries in the agreement?,stream global services az inc,1,1,0
104,What company is both the guarantor and material subsidiaries in the agreement?,stream global services inc,1,1,0
104,What company is both the guarantor and material subsidiaries in the agreement?,stream global services us inc,1,1,0
104,What company is both the guarantor and material subsidiaries in the agreement?,stream holdings corporation,1,1,0
104,What company is both the guarantor and material subsidiaries in the agreement?,stream international inc,1,1,0
104,What company is both the guarantor and material subsidiaries in the agreement?,stream new york inc,1,1,0
104,What company is both the agent and syndication agent in the agreement?,bank of america na,1,1,0
104,What company is both the agent and co documentation agent in the agreement?,bank of america na,1,1,0
104,What company is both the agent and administrative agent in the agreement?,bank of america na,1,1,0
104,What company is both the syndication agent and co documentation agent in the agreement?,bank of america na,1,1,0
104,What company is both the syndication agent and administrative agent in the agreement?,bank of america na,1,1,0
104,What company is both the co documentation agent and administrative agent in the agreement?,bank of america na,1,1,0
104,What company is both the agent and co documentation agent in the agreement?,pnc bank national association,1,1,0
104,What company is both the agent and administrative agent in the agreement?,pnc bank national association,1,1,0
104,What company is both the co documentation agent and administrative agent in the agreement?,pnc bank national association,1,1,0
104,What company is both the agent and administrative agent in the agreement?,the bank of tokyo mitsubishi ufj ltd,1,1,0
104,What company is both the agent and administrative agent in the agreement?,us bank national association,1,1,0
104,What company is both the agent and syndication agent in the agreement?,citibank na,1,1,0
104,What company is both the agent and co documentation agent in the agreement?,citibank na,1,1,0
104,What company is both the agent and administrative agent in the agreement?,citibank na,1,1,0
104,What company is both the syndication agent and co documentation agent in the agreement?,citibank na,1,1,0
104,What company is both the syndication agent and administrative agent in the agreement?,citibank na,1,1,0
104,What company is both the co documentation agent and administrative agent in the agreement?,citibank na,1,1,0
138,What company is both the agent and lender in the agreement?,us bank national association,1,1,0
138,What company is both the agent and joint bookrunners in the agreement?,us bank national association,1,1,0
138,What company is both the lender and joint bookrunners in the agreement?,us bank national association,1,1,0
138,What company is both the agent and lender in the agreement?,pnc bank national association,1,1,0
138,What company is both the agent and syndication agent in the agreement?,pnc bank national association,1,1,0
138,What company is both the agent and administrative agent in the agreement?,pnc bank national association,1,1,0
138,What company is both the lender and syndication agent in the agreement?,pnc bank national association,1,1,0
138,What company is both the lender and administrative agent in the agreement?,pnc bank national association,1,1,0
138,What company is both the syndication agent and administrative agent in the agreement?,pnc bank national association,1,1,0
138,What company is both the borrower and parent borrower in the agreement?,rexford industrial realty lp,1,1,0
139,What company is both the joint bookrunners and joint lead arrangers in the agreement?,fenner and smith incorporated,1,1,0
139,What company is both the rating agency and agency in the agreement?,fitch,1,1,0
139,What company is both the joint bookrunners and joint lead arrangers in the agreement?,jp morgan securities llc merrill lynch pierce fenner and smith incorporated citigroup global markets inc crédit agricole corporate and investment bank mizuho bank ltd rbc capital markets,1,1,0
139,What company is both the joint bookrunners and joint lead arrangers in the agreement?,rbc capital markets,1,1,0
139,What company is both the joint bookrunners and documentation agents in the agreement?,td securities usa llc,1,1,0
139,What company is both the agent and administrative agent lender in the agreement?,bank of america na,1,1,0
139,What company is both the agent and issuing bank lender in the agreement?,bank of america na,1,1,0
139,What company is both the agent and syndication agent in the agreement?,bank of america na,1,1,0
139,What company is both the agent and administrative agent in the agreement?,bank of america na,1,1,0
139,What company is both the agent and lender in the agreement?,bank of america na,1,1,0
139,What company is both the administrative agent lender and issuing bank lender in the agreement?,bank of america na,1,1,0
139,What company is both the administrative agent lender and syndication agent in the agreement?,bank of america na,1,1,0
139,What company is both the administrative agent lender and administrative agent in the agreement?,bank of america na,1,1,0
139,What company is both the administrative agent lender and lender in the agreement?,bank of america na,1,1,0
139,What company is both the issuing bank lender and syndication agent in the agreement?,bank of america na,1,1,0
139,What company is both the issuing bank lender and administrative agent in the agreement?,bank of america na,1,1,0
139,What company is both the issuing bank lender and lender in the agreement?,bank of america na,1,1,0
139,What company is both the syndication agent and administrative agent in the agreement?,bank of america na,1,1,0
139,What company is both the syndication agent and lender in the agreement?,bank of america na,1,1,0
139,What company is both the administrative agent and lender in the agreement?,bank of america na,1,1,0
139,What company is both the issuing bank lender and lender in the agreement?,barclays bank plc,1,1,0
139,What company is both the issuing bank lender and administrative agent lender in the agreement?,barclays bank plc,1,1,0
139,What company is both the lender and administrative agent lender in the agreement?,barclays bank plc,1,1,0
139,What company is both the issuing bank lender and lender in the agreement?,citibank na,1,1,0
139,What company is both the issuing bank lender and administrative agent lender in the agreement?,citibank na,1,1,0
139,What company is both the lender and administrative agent lender in the agreement?,citibank na,1,1,0
139,What company is both the issuing bank lender and lender in the agreement?,citizens bank na,1,1,0
139,What company is both the issuing bank lender and administrative agent lender in the agreement?,citizens bank na,1,1,0
139,What company is both the lender and administrative agent lender in the agreement?,citizens bank na,1,1,0
139,What company is both the issuing bank lender and lender in the agreement?,cobank acb,1,1,0
139,What company is both the issuing bank lender and administrative agent lender in the agreement?,cobank acb,1,1,0
139,What company is both the lender and administrative agent lender in the agreement?,cobank acb,1,1,0
139,What company is both the issuing bank lender and lender in the agreement?,fifth third bank,1,1,0
139,What company is both the issuing bank lender and administrative agent lender in the agreement?,fifth third bank,1,1,0
139,What company is both the lender and administrative agent lender in the agreement?,fifth third bank,1,1,0
139,What company is both the issuing bank lender and lender in the agreement?,land bank of taiwan new york branch,1,1,0
139,What company is both the issuing bank lender and administrative agent lender in the agreement?,land bank of taiwan new york branch,1,1,0
139,What company is both the lender and administrative agent lender in the agreement?,land bank of taiwan new york branch,1,1,0
139,What company is both the issuing bank lender and lender in the agreement?,mizuho bank ltd,1,1,0
139,What company is both the issuing bank lender and administrative agent lender in the agreement?,mizuho bank ltd,1,1,0
139,What company is both the lender and administrative agent lender in the agreement?,mizuho bank ltd,1,1,0
139,What company is both the issuing bank lender and lender in the agreement?,morgan stanley bank na,1,1,0
139,What company is both the issuing bank lender and administrative agent lender in the agreement?,morgan stanley bank na,1,1,0
139,What company is both the lender and administrative agent lender in the agreement?,morgan stanley bank na,1,1,0
139,What company is both the issuing bank lender and lender in the agreement?,morgan stanley senior funding inc,1,1,0
139,What company is both the issuing bank lender and administrative agent lender in the agreement?,morgan stanley senior funding inc,1,1,0
139,What company is both the lender and administrative agent lender in the agreement?,morgan stanley senior funding inc,1,1,0
139,What company is both the issuing bank lender and lender in the agreement?,pnc bank national association,1,1,0
139,What company is both the issuing bank lender and administrative agent lender in the agreement?,pnc bank national association,1,1,0
139,What company is both the lender and administrative agent lender in the agreement?,pnc bank national association,1,1,0
139,What company is both the issuing bank lender and lender in the agreement?,royal bank of canada,1,1,0
139,What company is both the issuing bank lender and administrative agent lender in the agreement?,royal bank of canada,1,1,0
139,What company is both the lender and administrative agent lender in the agreement?,royal bank of canada,1,1,0
139,What company is both the issuing bank lender and lender in the agreement?,societe generale,1,1,0
139,What company is both the issuing bank lender and administrative agent lender in the agreement?,societe generale,1,1,0
139,What company is both the lender and administrative agent lender in the agreement?,societe generale,1,1,0
139,What company is both the issuing bank lender and lender in the agreement?,sumitomo mitsui banking corporation,1,1,0
139,What company is both the issuing bank lender and administrative agent lender in the agreement?,sumitomo mitsui banking corporation,1,1,0
139,What company is both the lender and administrative agent lender in the agreement?,sumitomo mitsui banking corporation,1,1,0
139,What company is both the issuing bank lender and lender in the agreement?,suntrust bank,1,1,0
139,What company is both the issuing bank lender and administrative agent lender in the agreement?,suntrust bank,1,1,0
139,What company is both the lender and administrative agent lender in the agreement?,suntrust bank,1,1,0
139,What company is both the issuing bank lender and lender in the agreement?,td bank na,1,1,0
139,What company is both the issuing bank lender and administrative agent lender in the agreement?,td bank na,1,1,0
139,What company is both the lender and administrative agent lender in the agreement?,td bank na,1,1,0
139,What company is both the issuing bank lender and lender in the agreement?,the bank of tokyo mitsubishi ufj ltd,1,1,0
139,What company is both the issuing bank lender and administrative agent lender in the agreement?,the bank of tokyo mitsubishi ufj ltd,1,1,0
139,What company is both the lender and administrative agent lender in the agreement?,the bank of tokyo mitsubishi ufj ltd,1,1,0
139,What company is both the issuing bank lender and lender in the agreement?,toronto dominion new york llc,1,1,0
139,What company is both the issuing bank lender and administrative agent lender in the agreement?,toronto dominion new york llc,1,1,0
139,What company is both the lender and administrative agent lender in the agreement?,toronto dominion new york llc,1,1,0
139,What company is both the issuing bank lender and lender in the agreement?,wells fargo bank na,1,1,0
139,What company is both the issuing bank lender and administrative agent lender in the agreement?,wells fargo bank na,1,1,0
139,What company is both the lender and administrative agent lender in the agreement?,wells fargo bank na,1,1,0
139,What company is both the agent and lender in the agreement?,jpmorgan chase bank na,1,1,0
139,What company is both the agent and administrative agent lender in the agreement?,jpmorgan chase bank na,1,1,0
139,What company is both the agent and issuing bank lender in the agreement?,jpmorgan chase bank na,1,1,0
139,What company is both the lender and administrative agent lender in the agreement?,jpmorgan chase bank na,1,1,0
139,What company is both the lender and issuing bank lender in the agreement?,jpmorgan chase bank na,1,1,0
139,What company is both the administrative agent lender and issuing bank lender in the agreement?,jpmorgan chase bank na,1,1,0
139,What company is both the issuing bank lender and lender in the agreement?,crédit agricole corporate and investment bank,1,1,0
139,What company is both the issuing bank lender and administrative agent lender in the agreement?,crédit agricole corporate and investment bank,1,1,0
139,What company is both the lender and administrative agent lender in the agreement?,crédit agricole corporate and investment bank,1,1,0
139,What company is both the lenders and borrower in the agreement?,crown castle international corp,1,1,0
111,What company is both the joint bookrunners and bookrunners in the agreement?,suntrust robinson humphrey inc,1,1,0
111,What company is both the joint bookrunners and arrangers in the agreement?,suntrust robinson humphrey inc,1,1,0
111,What company is both the joint bookrunners and joint lead arrangers in the agreement?,suntrust robinson humphrey inc,1,1,0
111,What company is both the bookrunners and arrangers in the agreement?,suntrust robinson humphrey inc,1,1,0
111,What company is both the bookrunners and joint lead arrangers in the agreement?,suntrust robinson humphrey inc,1,1,0
111,What company is both the arrangers and joint lead arrangers in the agreement?,suntrust robinson humphrey inc,1,1,0
111,What company is both the joint bookrunners and bookrunners in the agreement?,wells fargo securities llc,1,1,0
111,What company is both the joint bookrunners and arrangers in the agreement?,wells fargo securities llc,1,1,0
111,What company is both the joint bookrunners and joint lead arrangers in the agreement?,wells fargo securities llc,1,1,0
111,What company is both the bookrunners and arrangers in the agreement?,wells fargo securities llc,1,1,0
111,What company is both the bookrunners and joint lead arrangers in the agreement?,wells fargo securities llc,1,1,0
111,What company is both the arrangers and joint lead arrangers in the agreement?,wells fargo securities llc,1,1,0
111,What company is both the guarantor and guarantors in the agreement?,enstar holdings us llc,1,1,0
111,What company is both the guarantor and guarantors in the agreement?,enstar us asia pac holdings limited,1,1,0
111,What company is both the guarantor and guarantors in the agreement?,kenmare holdings ltd,1,1,0
111,What company is both the joint bookrunners and bookrunners in the agreement?,national australia bank limited,1,1,0
111,What company is both the joint bookrunners and arrangers in the agreement?,national australia bank limited,1,1,0
111,What company is both the joint bookrunners and lender in the agreement?,national australia bank limited,1,1,0
111,What company is both the joint bookrunners and joint lead arrangers in the agreement?,national australia bank limited,1,1,0
111,What company is both the bookrunners and arrangers in the agreement?,national australia bank limited,1,1,0
111,What company is both the bookrunners and lender in the agreement?,national australia bank limited,1,1,0
111,What company is both the bookrunners and joint lead arrangers in the agreement?,national australia bank limited,1,1,0
111,What company is both the arrangers and lender in the agreement?,national australia bank limited,1,1,0
111,What company is both the arrangers and joint lead arrangers in the agreement?,national australia bank limited,1,1,0
111,What company is both the lender and joint lead arrangers in the agreement?,national australia bank limited,1,1,0
111,What company is both the agent and co syndication agent in the agreement?,suntrust bank,1,1,0
111,What company is both the agent and lender in the agreement?,suntrust bank,1,1,0
111,What company is both the agent and administrative agent in the agreement?,suntrust bank,1,1,0
111,What company is both the co syndication agent and lender in the agreement?,suntrust bank,1,1,0
111,What company is both the co syndication agent and administrative agent in the agreement?,suntrust bank,1,1,0
111,What company is both the lender and administrative agent in the agreement?,suntrust bank,1,1,0
111,What company is both the agent and co syndication agent in the agreement?,wells fargo bank national association,1,1,0
111,What company is both the agent and lender in the agreement?,wells fargo bank national association,1,1,0
111,What company is both the agent and administrative agent in the agreement?,wells fargo bank national association,1,1,0
111,What company is both the co syndication agent and lender in the agreement?,wells fargo bank national association,1,1,0
111,What company is both the co syndication agent and administrative agent in the agreement?,wells fargo bank national association,1,1,0
111,What company is both the lender and administrative agent in the agreement?,wells fargo bank national association,1,1,0
10,What company is both the issuing bank and lender issuing bank in the agreement?,royal bank of canada,1,1,0
10,What company is both the issuing bank and administrative agent in the agreement?,royal bank of canada,1,1,0
10,What company is both the lender issuing bank and administrative agent in the agreement?,royal bank of canada,1,1,0
38,What company is both the joint bookrunners and bookrunners in the agreement?,citigroup global markets inc,1,1,0
38,What company is both the joint bookrunners and joint lead arranger in the agreement?,citigroup global markets inc,1,1,0
38,What company is both the joint bookrunners and arranger in the agreement?,citigroup global markets inc,1,1,0
38,What company is both the bookrunners and joint lead arranger in the agreement?,citigroup global markets inc,1,1,0
38,What company is both the bookrunners and arranger in the agreement?,citigroup global markets inc,1,1,0
38,What company is both the joint lead arranger and arranger in the agreement?,citigroup global markets inc,1,1,0
38,What company is both the joint bookrunners and bookrunners in the agreement?,jp morgan securities llc,1,1,0
38,What company is both the joint bookrunners and joint lead arranger in the agreement?,jp morgan securities llc,1,1,0
38,What company is both the joint bookrunners and arranger in the agreement?,jp morgan securities llc,1,1,0
38,What company is both the bookrunners and joint lead arranger in the agreement?,jp morgan securities llc,1,1,0
38,What company is both the bookrunners and arranger in the agreement?,jp morgan securities llc,1,1,0
38,What company is both the joint lead arranger and arranger in the agreement?,jp morgan securities llc,1,1,0
38,What company is both the joint bookrunners and bookrunners in the agreement?,merrill lynch pierce fenner and smith incorporated,1,1,0
38,What company is both the joint bookrunners and joint lead arranger in the agreement?,merrill lynch pierce fenner and smith incorporated,1,1,0
38,What company is both the joint bookrunners and arranger in the agreement?,merrill lynch pierce fenner and smith incorporated,1,1,0
38,What company is both the bookrunners and joint lead arranger in the agreement?,merrill lynch pierce fenner and smith incorporated,1,1,0
38,What company is both the bookrunners and arranger in the agreement?,merrill lynch pierce fenner and smith incorporated,1,1,0
38,What company is both the joint lead arranger and arranger in the agreement?,merrill lynch pierce fenner and smith incorporated,1,1,0
38,What company is both the joint bookrunners and bookrunners in the agreement?,wells fargo securities llc,1,1,0
38,What company is both the joint bookrunners and joint lead arranger in the agreement?,wells fargo securities llc,1,1,0
38,What company is both the joint bookrunners and arranger in the agreement?,wells fargo securities llc,1,1,0
38,What company is both the bookrunners and joint lead arranger in the agreement?,wells fargo securities llc,1,1,0
38,What company is both the bookrunners and arranger in the agreement?,wells fargo securities llc,1,1,0
38,What company is both the joint lead arranger and arranger in the agreement?,wells fargo securities llc,1,1,0
38,What company is both the co documentation agents and lender in the agreement?,bank of america na,1,1,0
38,What company is both the co documentation agents and lender in the agreement?,citibank na,1,1,0
38,What company is both the co documentation agents and joint bookrunners in the agreement?,mizuho bank ltd,1,1,0
38,What company is both the co documentation agents and bookrunners in the agreement?,mizuho bank ltd,1,1,0
38,What company is both the co documentation agents and lender in the agreement?,mizuho bank ltd,1,1,0
38,What company is both the co documentation agents and joint lead arranger in the agreement?,mizuho bank ltd,1,1,0
38,What company is both the co documentation agents and arranger in the agreement?,mizuho bank ltd,1,1,0
38,What company is both the joint bookrunners and bookrunners in the agreement?,mizuho bank ltd,1,1,0
38,What company is both the joint bookrunners and lender in the agreement?,mizuho bank ltd,1,1,0
38,What company is both the joint bookrunners and joint lead arranger in the agreement?,mizuho bank ltd,1,1,0
38,What company is both the joint bookrunners and arranger in the agreement?,mizuho bank ltd,1,1,0
38,What company is both the bookrunners and lender in the agreement?,mizuho bank ltd,1,1,0
38,What company is both the bookrunners and joint lead arranger in the agreement?,mizuho bank ltd,1,1,0
38,What company is both the bookrunners and arranger in the agreement?,mizuho bank ltd,1,1,0
38,What company is both the lender and joint lead arranger in the agreement?,mizuho bank ltd,1,1,0
38,What company is both the lender and arranger in the agreement?,mizuho bank ltd,1,1,0
38,What company is both the joint lead arranger and arranger in the agreement?,mizuho bank ltd,1,1,0
38,What company is both the co documentation agents and joint bookrunners in the agreement?,the bank of tokyo mitsubishi ufj ltd,1,1,0
38,What company is both the co documentation agents and bookrunners in the agreement?,the bank of tokyo mitsubishi ufj ltd,1,1,0
38,What company is both the co documentation agents and lender in the agreement?,the bank of tokyo mitsubishi ufj ltd,1,1,0
38,What company is both the co documentation agents and joint lead arranger in the agreement?,the bank of tokyo mitsubishi ufj ltd,1,1,0
38,What company is both the co documentation agents and arranger in the agreement?,the bank of tokyo mitsubishi ufj ltd,1,1,0
38,What company is both the joint bookrunners and bookrunners in the agreement?,the bank of tokyo mitsubishi ufj ltd,1,1,0
38,What company is both the joint bookrunners and lender in the agreement?,the bank of tokyo mitsubishi ufj ltd,1,1,0
38,What company is both the joint bookrunners and joint lead arranger in the agreement?,the bank of tokyo mitsubishi ufj ltd,1,1,0
38,What company is both the joint bookrunners and arranger in the agreement?,the bank of tokyo mitsubishi ufj ltd,1,1,0
38,What company is both the bookrunners and lender in the agreement?,the bank of tokyo mitsubishi ufj ltd,1,1,0
38,What company is both the bookrunners and joint lead arranger in the agreement?,the bank of tokyo mitsubishi ufj ltd,1,1,0
38,What company is both the bookrunners and arranger in the agreement?,the bank of tokyo mitsubishi ufj ltd,1,1,0
38,What company is both the lender and joint lead arranger in the agreement?,the bank of tokyo mitsubishi ufj ltd,1,1,0
38,What company is both the lender and arranger in the agreement?,the bank of tokyo mitsubishi ufj ltd,1,1,0
38,What company is both the joint lead arranger and arranger in the agreement?,the bank of tokyo mitsubishi ufj ltd,1,1,0
38,What company is both the syndication agent and lender in the agreement?,wells fargo bank national association,1,1,0
38,What company is both the agent and lender in the agreement?,jpmorgan chase bank na,1,1,0
38,What company is both the agent and administrative agent in the agreement?,jpmorgan chase bank na,1,1,0
38,What company is both the lender and administrative agent in the agreement?,jpmorgan chase bank na,1,1,0
12,What company is both the lender and administrative agent in the agreement?,mizuho bank ltd,1,1,0
107,What company is both the bookrunners and arrangers in the agreement?,barclays capital,1,1,0
107,What company is both the bookrunners and arrangers in the agreement?,citigroup global markets inc,1,1,0
107,What company is both the agent and collateral agent in the agreement?,global markets inc,1,1,0
107,What company is both the agent and administrative agent in the agreement?,global markets inc,1,1,0
107,What company is both the collateral agent and administrative agent in the agreement?,global markets inc,1,1,0
107,What company is both the bookrunners and arrangers in the agreement?,jp morgan securities inc,1,1,0
107,What company is both the bookrunners and agents in the agreement?,jp morgan securities inc,1,1,0
107,What company is both the bookrunners and barclays capital agents in the agreement?,jp morgan securities inc,1,1,0
107,What company is both the arrangers and agents in the agreement?,jp morgan securities inc,1,1,0
107,What company is both the arrangers and barclays capital agents in the agreement?,jp morgan securities inc,1,1,0
107,What company is both the agents and barclays capital agents in the agreement?,jp morgan securities inc,1,1,0
107,What company is both the bookrunner and arrangers in the agreement?,rbc capital markets,1,1,0
107,What company is both the bookrunner and joint bookrunner in the agreement?,rbc capital markets,1,1,0
107,What company is both the bookrunner and lead arrangers in the agreement?,rbc capital markets,1,1,0
107,What company is both the arrangers and joint bookrunner in the agreement?,rbc capital markets,1,1,0
107,What company is both the arrangers and lead arrangers in the agreement?,rbc capital markets,1,1,0
107,What company is both the joint bookrunner and lead arrangers in the agreement?,rbc capital markets,1,1,0
107,What company is both the agent and collateral agent in the agreement?,wells fargo foothill inc,1,1,0
107,What company is both the agent and bookrunners in the agreement?,wells fargo foothill inc,1,1,0
107,What company is both the agent and arrangers in the agreement?,wells fargo foothill inc,1,1,0
107,What company is both the agent and administrative agent in the agreement?,wells fargo foothill inc,1,1,0
107,What company is both the agent and documentation agent in the agreement?,wells fargo foothill inc,1,1,0
107,What company is both the collateral agent and bookrunners in the agreement?,wells fargo foothill inc,1,1,0
107,What company is both the collateral agent and arrangers in the agreement?,wells fargo foothill inc,1,1,0
107,What company is both the collateral agent and administrative agent in the agreement?,wells fargo foothill inc,1,1,0
107,What company is both the collateral agent and documentation agent in the agreement?,wells fargo foothill inc,1,1,0
107,What company is both the bookrunners and arrangers in the agreement?,wells fargo foothill inc,1,1,0
107,What company is both the bookrunners and administrative agent in the agreement?,wells fargo foothill inc,1,1,0
107,What company is both the bookrunners and documentation agent in the agreement?,wells fargo foothill inc,1,1,0
107,What company is both the arrangers and administrative agent in the agreement?,wells fargo foothill inc,1,1,0
107,What company is both the arrangers and documentation agent in the agreement?,wells fargo foothill inc,1,1,0
107,What company is both the administrative agent and documentation agent in the agreement?,wells fargo foothill inc,1,1,0
107,What company is both the collateral trustee and trustee in the agreement?,wilmington trust fsb,1,1,0
107,What company is both the guarantor and grantor in the agreement?,easylink services international corporation,1,1,0
107,What company is both the guarantor and domestic guarantor in the agreement?,easylink services international corporation,1,1,0
107,What company is both the grantor and domestic guarantor in the agreement?,easylink services international corporation,1,1,0
107,What company is both the guarantor and grantor in the agreement?,easylink services usa inc,1,1,0
107,What company is both the guarantor and domestic guarantor in the agreement?,easylink services usa inc,1,1,0
107,What company is both the grantor and domestic guarantor in the agreement?,easylink services usa inc,1,1,0
107,What company is both the grantor and borrower in the agreement?,ocelot merger sub inc,1,1,0
107,What company is both the guarantor and grantor in the agreement?,open text usa inc,1,1,0
107,What company is both the guarantor and domestic guarantor in the agreement?,open text usa inc,1,1,0
107,What company is both the grantor and domestic guarantor in the agreement?,open text usa inc,1,1,0
107,What company is both the guarantor and grantor in the agreement?,xpedite systems llc,1,1,0
107,What company is both the guarantor and domestic guarantor in the agreement?,xpedite systems llc,1,1,0
107,What company is both the grantor and domestic guarantor in the agreement?,xpedite systems llc,1,1,0
107,What company is both the agent and lead arrangers in the agreement?,barclays bank plc,1,1,0
107,What company is both the agent and intercreditor agent in the agreement?,barclays bank plc,1,1,0
107,What company is both the agent and collateral agent in the agreement?,barclays bank plc,1,1,0
107,What company is both the agent and arrangers in the agreement?,barclays bank plc,1,1,0
107,What company is both the agent and lead arranger in the agreement?,barclays bank plc,1,1,0
107,What company is both the agent and administrative agent in the agreement?,barclays bank plc,1,1,0
107,What company is both the agent and lender in the agreement?,barclays bank plc,1,1,0
107,What company is both the agent and arranger in the agreement?,barclays bank plc,1,1,0
107,What company is both the agent and documentation agent in the agreement?,barclays bank plc,1,1,0
107,What company is both the lead arrangers and intercreditor agent in the agreement?,barclays bank plc,1,1,0
107,What company is both the lead arrangers and collateral agent in the agreement?,barclays bank plc,1,1,0
107,What company is both the lead arrangers and arrangers in the agreement?,barclays bank plc,1,1,0
107,What company is both the lead arrangers and lead arranger in the agreement?,barclays bank plc,1,1,0
107,What company is both the lead arrangers and administrative agent in the agreement?,barclays bank plc,1,1,0
107,What company is both the lead arrangers and lender in the agreement?,barclays bank plc,1,1,0
107,What company is both the lead arrangers and arranger in the agreement?,barclays bank plc,1,1,0
107,What company is both the lead arrangers and documentation agent in the agreement?,barclays bank plc,1,1,0
107,What company is both the intercreditor agent and collateral agent in the agreement?,barclays bank plc,1,1,0
107,What company is both the intercreditor agent and arrangers in the agreement?,barclays bank plc,1,1,0
107,What company is both the intercreditor agent and lead arranger in the agreement?,barclays bank plc,1,1,0
107,What company is both the intercreditor agent and administrative agent in the agreement?,barclays bank plc,1,1,0
107,What company is both the intercreditor agent and lender in the agreement?,barclays bank plc,1,1,0
107,What company is both the intercreditor agent and arranger in the agreement?,barclays bank plc,1,1,0
107,What company is both the intercreditor agent and documentation agent in the agreement?,barclays bank plc,1,1,0
107,What company is both the collateral agent and arrangers in the agreement?,barclays bank plc,1,1,0
107,What company is both the collateral agent and lead arranger in the agreement?,barclays bank plc,1,1,0
107,What company is both the collateral agent and administrative agent in the agreement?,barclays bank plc,1,1,0
107,What company is both the collateral agent and lender in the agreement?,barclays bank plc,1,1,0
107,What company is both the collateral agent and arranger in the agreement?,barclays bank plc,1,1,0
107,What company is both the collateral agent and documentation agent in the agreement?,barclays bank plc,1,1,0
107,What company is both the arrangers and lead arranger in the agreement?,barclays bank plc,1,1,0
107,What company is both the arrangers and administrative agent in the agreement?,barclays bank plc,1,1,0
107,What company is both the arrangers and lender in the agreement?,barclays bank plc,1,1,0
107,What company is both the arrangers and arranger in the agreement?,barclays bank plc,1,1,0
107,What company is both the arrangers and documentation agent in the agreement?,barclays bank plc,1,1,0
107,What company is both the lead arranger and administrative agent in the agreement?,barclays bank plc,1,1,0
107,What company is both the lead arranger and lender in the agreement?,barclays bank plc,1,1,0
107,What company is both the lead arranger and arranger in the agreement?,barclays bank plc,1,1,0
107,What company is both the lead arranger and documentation agent in the agreement?,barclays bank plc,1,1,0
107,What company is both the administrative agent and lender in the agreement?,barclays bank plc,1,1,0
107,What company is both the administrative agent and arranger in the agreement?,barclays bank plc,1,1,0
107,What company is both the administrative agent and documentation agent in the agreement?,barclays bank plc,1,1,0
107,What company is both the lender and arranger in the agreement?,barclays bank plc,1,1,0
107,What company is both the lender and documentation agent in the agreement?,barclays bank plc,1,1,0
107,What company is both the arranger and documentation agent in the agreement?,barclays bank plc,1,1,0
107,What company is both the guarantor and domestic guarantor in the agreement?,gxs holdings inc,1,1,0
107,What company is both the guarantor and domestic guarantor in the agreement?,gxs international inc,1,1,0
107,What company is both the guarantor and guarantors in the agreement?,gxs worldwide inc,1,1,0
107,What company is both the guarantor and domestic guarantor in the agreement?,gxs worldwide inc,1,1,0
107,What company is both the guarantors and domestic guarantor in the agreement?,gxs worldwide inc,1,1,0
107,What company is both the guarantor and grantor in the agreement?,open text holdings inc,1,1,0
107,What company is both the guarantor and domestic guarantor in the agreement?,open text holdings inc,1,1,0
107,What company is both the grantor and domestic guarantor in the agreement?,open text holdings inc,1,1,0
107,What company is both the guarantor and domestic guarantor in the agreement?,gxs inc,1,1,0
107,What company is both the guarantor and grantor in the agreement?,open text canada ltd,1,1,0
107,What company is both the guarantor and domestic guarantor in the agreement?,open text canada ltd,1,1,0
107,What company is both the grantor and domestic guarantor in the agreement?,open text canada ltd,1,1,0
107,What company is both the guarantor and grantor in the agreement?,open text corporation,1,1,0
107,What company is both the guarantor and domestic guarantor in the agreement?,open text corporation,1,1,0
107,What company is both the grantor and domestic guarantor in the agreement?,open text corporation,1,1,0
107,What company is both the guarantor and grantor in the agreement?,open text inc,1,1,0
107,What company is both the guarantor and domestic guarantor in the agreement?,open text inc,1,1,0
107,What company is both the grantor and domestic guarantor in the agreement?,open text inc,1,1,0
107,What company is both the guarantor and grantor in the agreement?,open text ulc,1,1,0
107,What company is both the guarantor and domestic guarantor in the agreement?,open text ulc,1,1,0
107,What company is both the grantor and domestic guarantor in the agreement?,open text ulc,1,1,0
107,What company is both the guarantor and domestic guarantor in the agreement?,vignette partnership lp,1,1,0
112,What company is both the joint bookrunners and bookrunners in the agreement?,merrill lynch pierce fennerand smith incorporated,1,1,0
112,What company is both the joint bookrunners and arrangers in the agreement?,merrill lynch pierce fennerand smith incorporated,1,1,0
112,What company is both the joint bookrunners and joint lead arrangers in the agreement?,merrill lynch pierce fennerand smith incorporated,1,1,0
112,What company is both the bookrunners and arrangers in the agreement?,merrill lynch pierce fennerand smith incorporated,1,1,0
112,What company is both the bookrunners and joint lead arrangers in the agreement?,merrill lynch pierce fennerand smith incorporated,1,1,0
112,What company is both the arrangers and joint lead arrangers in the agreement?,merrill lynch pierce fennerand smith incorporated,1,1,0
112,What company is both the agent and lender in the agreement?,bank of america na,1,1,0
112,What company is both the agent and syndication agent in the agreement?,bank of america na,1,1,0
112,What company is both the lender and syndication agent in the agreement?,bank of america na,1,1,0
112,What company is both the agent and joint bookrunners in the agreement?,jpmorgan chase bank na,1,1,0
112,What company is both the agent and syndication agent in the agreement?,jpmorgan chase bank na,1,1,0
112,What company is both the agent and bookrunners in the agreement?,jpmorgan chase bank na,1,1,0
112,What company is both the agent and arrangers in the agreement?,jpmorgan chase bank na,1,1,0
112,What company is both the agent and administrative agent in the agreement?,jpmorgan chase bank na,1,1,0
112,What company is both the agent and lender in the agreement?,jpmorgan chase bank na,1,1,0
112,What company is both the agent and joint lead arrangers in the agreement?,jpmorgan chase bank na,1,1,0
112,What company is both the joint bookrunners and syndication agent in the agreement?,jpmorgan chase bank na,1,1,0
112,What company is both the joint bookrunners and bookrunners in the agreement?,jpmorgan chase bank na,1,1,0
112,What company is both the joint bookrunners and arrangers in the agreement?,jpmorgan chase bank na,1,1,0
112,What company is both the joint bookrunners and administrative agent in the agreement?,jpmorgan chase bank na,1,1,0
112,What company is both the joint bookrunners and lender in the agreement?,jpmorgan chase bank na,1,1,0
112,What company is both the joint bookrunners and joint lead arrangers in the agreement?,jpmorgan chase bank na,1,1,0
112,What company is both the syndication agent and bookrunners in the agreement?,jpmorgan chase bank na,1,1,0
112,What company is both the syndication agent and arrangers in the agreement?,jpmorgan chase bank na,1,1,0
112,What company is both the syndication agent and administrative agent in the agreement?,jpmorgan chase bank na,1,1,0
112,What company is both the syndication agent and lender in the agreement?,jpmorgan chase bank na,1,1,0
112,What company is both the syndication agent and joint lead arrangers in the agreement?,jpmorgan chase bank na,1,1,0
112,What company is both the bookrunners and arrangers in the agreement?,jpmorgan chase bank na,1,1,0
112,What company is both the bookrunners and administrative agent in the agreement?,jpmorgan chase bank na,1,1,0
112,What company is both the bookrunners and lender in the agreement?,jpmorgan chase bank na,1,1,0
112,What company is both the bookrunners and joint lead arrangers in the agreement?,jpmorgan chase bank na,1,1,0
112,What company is both the arrangers and administrative agent in the agreement?,jpmorgan chase bank na,1,1,0
112,What company is both the arrangers and lender in the agreement?,jpmorgan chase bank na,1,1,0
112,What company is both the arrangers and joint lead arrangers in the agreement?,jpmorgan chase bank na,1,1,0
112,What company is both the administrative agent and lender in the agreement?,jpmorgan chase bank na,1,1,0
112,What company is both the administrative agent and joint lead arrangers in the agreement?,jpmorgan chase bank na,1,1,0
112,What company is both the lender and joint lead arrangers in the agreement?,jpmorgan chase bank na,1,1,0
106,What company is both the borrowers and lenders in the agreement?,black mountain cogeninc,1,1,0
106,What company is both the borrowers and lenders in the agreement?,blue ridge generation llc,1,1,0
106,What company is both the joint bookrunner and bookrunner in the agreement?,citigroup global marketsinc,1,1,0
106,What company is both the joint bookrunner and bookrunners in the agreement?,citigroup global marketsinc,1,1,0
106,What company is both the joint bookrunner and joint lead arranger in the agreement?,citigroup global marketsinc,1,1,0
106,What company is both the joint bookrunner and arranger in the agreement?,citigroup global marketsinc,1,1,0
106,What company is both the bookrunner and bookrunners in the agreement?,citigroup global marketsinc,1,1,0
106,What company is both the bookrunner and joint lead arranger in the agreement?,citigroup global marketsinc,1,1,0
106,What company is both the bookrunner and arranger in the agreement?,citigroup global marketsinc,1,1,0
106,What company is both the bookrunners and joint lead arranger in the agreement?,citigroup global marketsinc,1,1,0
106,What company is both the bookrunners and arranger in the agreement?,citigroup global marketsinc,1,1,0
106,What company is both the joint lead arranger and arranger in the agreement?,citigroup global marketsinc,1,1,0
106,What company is both the joint bookrunner and bookrunner in the agreement?,deutsche bank securities inc,1,1,0
106,What company is both the joint bookrunner and bookrunners in the agreement?,deutsche bank securities inc,1,1,0
106,What company is both the joint bookrunner and arrangers in the agreement?,deutsche bank securities inc,1,1,0
106,What company is both the joint bookrunner and joint lead arranger in the agreement?,deutsche bank securities inc,1,1,0
106,What company is both the joint bookrunner and arranger in the agreement?,deutsche bank securities inc,1,1,0
106,What company is both the joint bookrunner and joint lead arrangers in the agreement?,deutsche bank securities inc,1,1,0
106,What company is both the bookrunner and bookrunners in the agreement?,deutsche bank securities inc,1,1,0
106,What company is both the bookrunner and arrangers in the agreement?,deutsche bank securities inc,1,1,0
106,What company is both the bookrunner and joint lead arranger in the agreement?,deutsche bank securities inc,1,1,0
106,What company is both the bookrunner and arranger in the agreement?,deutsche bank securities inc,1,1,0
106,What company is both the bookrunner and joint lead arrangers in the agreement?,deutsche bank securities inc,1,1,0
106,What company is both the bookrunners and arrangers in the agreement?,deutsche bank securities inc,1,1,0
106,What company is both the bookrunners and joint lead arranger in the agreement?,deutsche bank securities inc,1,1,0
106,What company is both the bookrunners and arranger in the agreement?,deutsche bank securities inc,1,1,0
106,What company is both the bookrunners and joint lead arrangers in the agreement?,deutsche bank securities inc,1,1,0
106,What company is both the arrangers and joint lead arranger in the agreement?,deutsche bank securities inc,1,1,0
106,What company is both the arrangers and arranger in the agreement?,deutsche bank securities inc,1,1,0
106,What company is both the arrangers and joint lead arrangers in the agreement?,deutsche bank securities inc,1,1,0
106,What company is both the joint lead arranger and arranger in the agreement?,deutsche bank securities inc,1,1,0
106,What company is both the joint lead arranger and joint lead arrangers in the agreement?,deutsche bank securities inc,1,1,0
106,What company is both the arranger and joint lead arrangers in the agreement?,deutsche bank securities inc,1,1,0
106,What company is both the borrowers and lenders in the agreement?,dynegy equipment llc,1,1,0
106,What company is both the borrowers and lenders in the agreement?,dynegy marketing and trade llc,1,1,0
106,What company is both the borrowers and lenders in the agreement?,dynegy power generation inc,1,1,0
106,What company is both the borrowers and lenders in the agreement?,dynegy south bay llc,1,1,0
106,What company is both the joint bookrunner and bookrunner in the agreement?,rbc capital markets,1,1,0
106,What company is both the joint bookrunner and bookrunners in the agreement?,rbc capital markets,1,1,0
106,What company is both the joint bookrunner and arrangers in the agreement?,rbc capital markets,1,1,0
106,What company is both the joint bookrunner and joint lead arranger in the agreement?,rbc capital markets,1,1,0
106,What company is both the joint bookrunner and arranger in the agreement?,rbc capital markets,1,1,0
106,What company is both the joint bookrunner and joint lead arrangers in the agreement?,rbc capital markets,1,1,0
106,What company is both the bookrunner and bookrunners in the agreement?,rbc capital markets,1,1,0
106,What company is both the bookrunner and arrangers in the agreement?,rbc capital markets,1,1,0
106,What company is both the bookrunner and joint lead arranger in the agreement?,rbc capital markets,1,1,0
106,What company is both the bookrunner and arranger in the agreement?,rbc capital markets,1,1,0
106,What company is both the bookrunner and joint lead arrangers in the agreement?,rbc capital markets,1,1,0
106,What company is both the bookrunners and arrangers in the agreement?,rbc capital markets,1,1,0
106,What company is both the bookrunners and joint lead arranger in the agreement?,rbc capital markets,1,1,0
106,What company is both the bookrunners and arranger in the agreement?,rbc capital markets,1,1,0
106,What company is both the bookrunners and joint lead arrangers in the agreement?,rbc capital markets,1,1,0
106,What company is both the arrangers and joint lead arranger in the agreement?,rbc capital markets,1,1,0
106,What company is both the arrangers and arranger in the agreement?,rbc capital markets,1,1,0
106,What company is both the arrangers and joint lead arrangers in the agreement?,rbc capital markets,1,1,0
106,What company is both the joint lead arranger and arranger in the agreement?,rbc capital markets,1,1,0
106,What company is both the joint lead arranger and joint lead arrangers in the agreement?,rbc capital markets,1,1,0
106,What company is both the arranger and joint lead arrangers in the agreement?,rbc capital markets,1,1,0
106,What company is both the borrowers and lenders in the agreement?,sithe energiesinc,1,1,0
106,What company is both the borrowers and lenders in the agreement?,sithe independence llc,1,1,0
106,What company is both the borrowers and lenders in the agreement?,sithe independence power partners lp,1,1,0
106,What company is both the joint bookrunner and bookrunner in the agreement?,ubs securities llc,1,1,0
106,What company is both the joint bookrunner and bookrunners in the agreement?,ubs securities llc,1,1,0
106,What company is both the joint bookrunner and arrangers in the agreement?,ubs securities llc,1,1,0
106,What company is both the joint bookrunner and joint lead arranger in the agreement?,ubs securities llc,1,1,0
106,What company is both the joint bookrunner and arranger in the agreement?,ubs securities llc,1,1,0
106,What company is both the joint bookrunner and joint lead arrangers in the agreement?,ubs securities llc,1,1,0
106,What company is both the bookrunner and bookrunners in the agreement?,ubs securities llc,1,1,0
106,What company is both the bookrunner and arrangers in the agreement?,ubs securities llc,1,1,0
106,What company is both the bookrunner and joint lead arranger in the agreement?,ubs securities llc,1,1,0
106,What company is both the bookrunner and arranger in the agreement?,ubs securities llc,1,1,0
106,What company is both the bookrunner and joint lead arrangers in the agreement?,ubs securities llc,1,1,0
106,What company is both the bookrunners and arrangers in the agreement?,ubs securities llc,1,1,0
106,What company is both the bookrunners and joint lead arranger in the agreement?,ubs securities llc,1,1,0
106,What company is both the bookrunners and arranger in the agreement?,ubs securities llc,1,1,0
106,What company is both the bookrunners and joint lead arrangers in the agreement?,ubs securities llc,1,1,0
106,What company is both the arrangers and joint lead arranger in the agreement?,ubs securities llc,1,1,0
106,What company is both the arrangers and arranger in the agreement?,ubs securities llc,1,1,0
106,What company is both the arrangers and joint lead arrangers in the agreement?,ubs securities llc,1,1,0
106,What company is both the joint lead arranger and arranger in the agreement?,ubs securities llc,1,1,0
106,What company is both the joint lead arranger and joint lead arrangers in the agreement?,ubs securities llc,1,1,0
106,What company is both the arranger and joint lead arrangers in the agreement?,ubs securities llc,1,1,0
106,What company is both the borrowers and lenders in the agreement?,casco bay energy company llc,1,1,0
106,What company is both the borrowers and lenders in the agreement?,dynegy kendall energy llc,1,1,0
106,What company is both the borrowers and lenders in the agreement?,dynegy morro bay llc,1,1,0
106,What company is both the borrowers and lenders in the agreement?,dynegy moss landing llc,1,1,0
106,What company is both the borrowers and lenders in the agreement?,dynegy oakland llc,1,1,0
106,What company is both the borrowers and lenders in the agreement?,ontelaunee power operating company llc,1,1,0
106,What company is both the joint bookrunner and bookrunner in the agreement?,barclays bank plc,1,1,0
106,What company is both the joint bookrunner and bookrunners in the agreement?,barclays bank plc,1,1,0
106,What company is both the joint bookrunner and arrangers in the agreement?,barclays bank plc,1,1,0
106,What company is both the joint bookrunner and lender in the agreement?,barclays bank plc,1,1,0
106,What company is both the joint bookrunner and joint lead arranger in the agreement?,barclays bank plc,1,1,0
106,What company is both the joint bookrunner and arranger in the agreement?,barclays bank plc,1,1,0
106,What company is both the joint bookrunner and joint lead arrangers in the agreement?,barclays bank plc,1,1,0
106,What company is both the bookrunner and bookrunners in the agreement?,barclays bank plc,1,1,0
106,What company is both the bookrunner and arrangers in the agreement?,barclays bank plc,1,1,0
106,What company is both the bookrunner and lender in the agreement?,barclays bank plc,1,1,0
106,What company is both the bookrunner and joint lead arranger in the agreement?,barclays bank plc,1,1,0
106,What company is both the bookrunner and arranger in the agreement?,barclays bank plc,1,1,0
106,What company is both the bookrunner and joint lead arrangers in the agreement?,barclays bank plc,1,1,0
106,What company is both the bookrunners and arrangers in the agreement?,barclays bank plc,1,1,0
106,What company is both the bookrunners and lender in the agreement?,barclays bank plc,1,1,0
106,What company is both the bookrunners and joint lead arranger in the agreement?,barclays bank plc,1,1,0
106,What company is both the bookrunners and arranger in the agreement?,barclays bank plc,1,1,0
106,What company is both the bookrunners and joint lead arrangers in the agreement?,barclays bank plc,1,1,0
106,What company is both the arrangers and lender in the agreement?,barclays bank plc,1,1,0
106,What company is both the arrangers and joint lead arranger in the agreement?,barclays bank plc,1,1,0
106,What company is both the arrangers and arranger in the agreement?,barclays bank plc,1,1,0
106,What company is both the arrangers and joint lead arrangers in the agreement?,barclays bank plc,1,1,0
106,What company is both the lender and joint lead arranger in the agreement?,barclays bank plc,1,1,0
106,What company is both the lender and arranger in the agreement?,barclays bank plc,1,1,0
106,What company is both the lender and joint lead arrangers in the agreement?,barclays bank plc,1,1,0
106,What company is both the joint lead arranger and arranger in the agreement?,barclays bank plc,1,1,0
106,What company is both the joint lead arranger and joint lead arrangers in the agreement?,barclays bank plc,1,1,0
106,What company is both the arranger and joint lead arrangers in the agreement?,barclays bank plc,1,1,0
106,What company is both the holdings and intermediate holdings in the agreement?,dynegy gas investments holdings llc,1,1,0
106,What company is both the joint bookrunner and bookrunner in the agreement?,goldman sachs bank usa,1,1,0
106,What company is both the joint bookrunner and bookrunners in the agreement?,goldman sachs bank usa,1,1,0
106,What company is both the joint bookrunner and arrangers in the agreement?,goldman sachs bank usa,1,1,0
106,What company is both the joint bookrunner and lender in the agreement?,goldman sachs bank usa,1,1,0
106,What company is both the joint bookrunner and joint lead arranger in the agreement?,goldman sachs bank usa,1,1,0
106,What company is both the joint bookrunner and arranger in the agreement?,goldman sachs bank usa,1,1,0
106,What company is both the joint bookrunner and joint lead arrangers in the agreement?,goldman sachs bank usa,1,1,0
106,What company is both the bookrunner and bookrunners in the agreement?,goldman sachs bank usa,1,1,0
106,What company is both the bookrunner and arrangers in the agreement?,goldman sachs bank usa,1,1,0
106,What company is both the bookrunner and lender in the agreement?,goldman sachs bank usa,1,1,0
106,What company is both the bookrunner and joint lead arranger in the agreement?,goldman sachs bank usa,1,1,0
106,What company is both the bookrunner and arranger in the agreement?,goldman sachs bank usa,1,1,0
106,What company is both the bookrunner and joint lead arrangers in the agreement?,goldman sachs bank usa,1,1,0
106,What company is both the bookrunners and arrangers in the agreement?,goldman sachs bank usa,1,1,0
106,What company is both the bookrunners and lender in the agreement?,goldman sachs bank usa,1,1,0
106,What company is both the bookrunners and joint lead arranger in the agreement?,goldman sachs bank usa,1,1,0
106,What company is both the bookrunners and arranger in the agreement?,goldman sachs bank usa,1,1,0
106,What company is both the bookrunners and joint lead arrangers in the agreement?,goldman sachs bank usa,1,1,0
106,What company is both the arrangers and lender in the agreement?,goldman sachs bank usa,1,1,0
106,What company is both the arrangers and joint lead arranger in the agreement?,goldman sachs bank usa,1,1,0
106,What company is both the arrangers and arranger in the agreement?,goldman sachs bank usa,1,1,0
106,What company is both the arrangers and joint lead arrangers in the agreement?,goldman sachs bank usa,1,1,0
106,What company is both the lender and joint lead arranger in the agreement?,goldman sachs bank usa,1,1,0
106,What company is both the lender and arranger in the agreement?,goldman sachs bank usa,1,1,0
106,What company is both the lender and joint lead arrangers in the agreement?,goldman sachs bank usa,1,1,0
106,What company is both the joint lead arranger and arranger in the agreement?,goldman sachs bank usa,1,1,0
106,What company is both the joint lead arranger and joint lead arrangers in the agreement?,goldman sachs bank usa,1,1,0
106,What company is both the arranger and joint lead arrangers in the agreement?,goldman sachs bank usa,1,1,0
106,What company is both the borrowers and subordinated borrowers in the agreement?,dynegy power llc,1,1,0
106,What company is both the borrowers and lenders in the agreement?,dynegy power llc,1,1,0
106,What company is both the borrowers and borrower in the agreement?,dynegy power llc,1,1,0
106,What company is both the borrowers and parent borrower in the agreement?,dynegy power llc,1,1,0
106,What company is both the subordinated borrowers and lenders in the agreement?,dynegy power llc,1,1,0
106,What company is both the subordinated borrowers and borrower in the agreement?,dynegy power llc,1,1,0
106,What company is both the subordinated borrowers and parent borrower in the agreement?,dynegy power llc,1,1,0
106,What company is both the lenders and borrower in the agreement?,dynegy power llc,1,1,0
106,What company is both the lenders and parent borrower in the agreement?,dynegy power llc,1,1,0
106,What company is both the borrower and parent borrower in the agreement?,dynegy power llc,1,1,0
106,What company is both the agent and collateral trustee in the agreement?,royal bank of canada,1,1,0
106,What company is both the agent and trustee in the agreement?,royal bank of canada,1,1,0
106,What company is both the agent and administrative agent in the agreement?,royal bank of canada,1,1,0
106,What company is both the agent and lender in the agreement?,royal bank of canada,1,1,0
106,What company is both the collateral trustee and trustee in the agreement?,royal bank of canada,1,1,0
106,What company is both the collateral trustee and administrative agent in the agreement?,royal bank of canada,1,1,0
106,What company is both the collateral trustee and lender in the agreement?,royal bank of canada,1,1,0
106,What company is both the trustee and administrative agent in the agreement?,royal bank of canada,1,1,0
106,What company is both the trustee and lender in the agreement?,royal bank of canada,1,1,0
106,What company is both the administrative agent and lender in the agreement?,royal bank of canada,1,1,0
13,What company is both the collateral agent and lender in the agreement?,jefferies finance llc,1,1,0
13,What company is both the collateral agent and administrative agent in the agreement?,jefferies finance llc,1,1,0
13,What company is both the lender and administrative agent in the agreement?,jefferies finance llc,1,1,0
60,What company is both the bookrunners and arrangers in the agreement?,bofa securities inc,1,1,0
60,What company is both the agency and ratings agency in the agreement?,fitch ratings,1,1,0
60,What company is both the agency and ratings agency in the agreement?,moodys investors service inc,1,1,0
60,What company is both the bookrunners and arrangers in the agreement?,wells fargo securities llc,1,1,0
60,What company is both the documentation agents and agents in the agreement?,bank of america na,1,1,0
60,What company is both the bookrunners and arrangers in the agreement?,bank of montreal,1,1,0
60,What company is both the bookrunners and agents in the agreement?,bank of montreal,1,1,0
60,What company is both the arrangers and agents in the agreement?,bank of montreal,1,1,0
60,What company is both the bookrunners and arrangers in the agreement?,capital one national association,1,1,0
60,What company is both the bookrunners and agents in the agreement?,capital one national association,1,1,0
60,What company is both the arrangers and agents in the agreement?,capital one national association,1,1,0
60,What company is both the documentation agents and agents in the agreement?,fifth third bank national association,1,1,0
60,What company is both the documentation agents and agents in the agreement?,goldman sachs bank usa,1,1,0
60,What company is both the bookrunners and arrangers in the agreement?,jpmorgan chase bank na,1,1,0
60,What company is both the bookrunners and agents in the agreement?,jpmorgan chase bank na,1,1,0
60,What company is both the arrangers and agents in the agreement?,jpmorgan chase bank na,1,1,0
60,What company is both the arrangers and agents in the agreement?,mizuho bank ltd,1,1,0
60,What company is both the bookrunners and arrangers in the agreement?,mufg bank ltd,1,1,0
60,What company is both the documentation agents and agents in the agreement?,regions bank,1,1,0
60,What company is both the documentation agents and agents in the agreement?,td bank na,1,1,0
60,What company is both the bookrunners and arrangers in the agreement?,the bank of nova scotia,1,1,0
60,What company is both the bookrunners and agents in the agreement?,the bank of nova scotia,1,1,0
60,What company is both the arrangers and agents in the agreement?,the bank of nova scotia,1,1,0
60,What company is both the bookrunners and arrangers in the agreement?,us bank national association,1,1,0
60,What company is both the bookrunners and agents in the agreement?,us bank national association,1,1,0
60,What company is both the arrangers and agents in the agreement?,us bank national association,1,1,0
60,What company is both the agent and bookrunners in the agreement?,citibank na,1,1,0
60,What company is both the agent and arrangers in the agreement?,citibank na,1,1,0
60,What company is both the agent and administrative agent in the agreement?,citibank na,1,1,0
60,What company is both the bookrunners and arrangers in the agreement?,citibank na,1,1,0
60,What company is both the bookrunners and administrative agent in the agreement?,citibank na,1,1,0
60,What company is both the arrangers and administrative agent in the agreement?,citibank na,1,1,0
74,What company is both the bookrunners and arrangers in the agreement?,credit suisse securities usa llc,1,1,0
74,What company is both the bookrunners and arrangers in the agreement?,keybanc capital markets inc,1,1,0
74,What company is both the bookrunners and arrangers in the agreement?,suntrust robinson humphreyinc,1,1,0
74,What company is both the lc issuer and administrative agent in the agreement?,keybank national association,1,1,0
48,What company is both the delegate borrower and general partner borrower in the agreement?,enbridge energy partners lp,1,1,0
48,What company is both the delegate borrower and borrower in the agreement?,enbridge energy partners lp,1,1,0
48,What company is both the general partner borrower and borrower in the agreement?,enbridge energy partners lp,1,1,0
149,What company is both the collateral agent and lead arranger in the agreement?,feac agent llc,1,1,0
149,What company is both the collateral agent and administrative agent in the agreement?,feac agent llc,1,1,0
149,What company is both the lead arranger and administrative agent in the agreement?,feac agent llc,1,1,0
161,What company is both the joint lead arrangers and co syndication agents in the agreement?,bmo capital markets,1,1,0
161,What company is both the lender and joint lead arrangers in the agreement?,the huntington national bank,1,1,0
161,What company is both the lender and co syndication agents in the agreement?,the huntington national bank,1,1,0
161,What company is both the joint lead arrangers and co syndication agents in the agreement?,the huntington national bank,1,1,0
161,What company is both the lender and co syndication agents in the agreement?,truist bank,1,1,0
160,What company is both the joint bookrunners and joint lead arrangers in the agreement?,bofa securities inc,1,1,0
160,What company is both the joint bookrunners and joint lead arrangers in the agreement?,morgan stanley senior funding inc,1,1,0
160,What company is both the joint bookrunners and issuing bank in the agreement?,barclays bank plc,1,1,0
160,What company is both the joint bookrunners and joint lead arrangers in the agreement?,barclays bank plc,1,1,0
160,What company is both the joint bookrunners and administrative agent in the agreement?,barclays bank plc,1,1,0
160,What company is both the issuing bank and joint lead arrangers in the agreement?,barclays bank plc,1,1,0
160,What company is both the issuing bank and administrative agent in the agreement?,barclays bank plc,1,1,0
160,What company is both the joint lead arrangers and administrative agent in the agreement?,barclays bank plc,1,1,0
160,What company is both the joint bookrunners and issuing bank in the agreement?,jpmorgan chase bank na,1,1,0
160,What company is both the joint bookrunners and joint lead arrangers in the agreement?,jpmorgan chase bank na,1,1,0
160,What company is both the issuing bank and joint lead arrangers in the agreement?,jpmorgan chase bank na,1,1,0
148,What company is both the joint bookrunners and joint lead arrangers in the agreement?,wells fargo securities llc,1,1,0
148,What company is both the documentation agents and lender in the agreement?,national westminster bank plc,1,1,0
148,What company is both the lender and co syndication agents in the agreement?,td bank,1,1,0
148,What company is both the documentation agents and lender in the agreement?,the bank of nova scotia,1,1,0
148,What company is both the documentation agents and lender in the agreement?,us bank national association,1,1,0
148,What company is both the lender and administrative agent in the agreement?,bank of america,1,1,0
148,What company is both the lender and co syndication agents in the agreement?,bnp paribas,1,1,0
49,What company is both the administrative borrower and borrower in the agreement?,rg parent llc,1,1,0
75,What company is both the sole bookrunner and sole lead arranger in the agreement?,jp morgan securities llc,1,1,0
61,What company is both the sole arranger and sole bookrunner in the agreement?,bofa securities inc,1,1,0
61,What company is both the sole arranger and bookrunner in the agreement?,bofa securities inc,1,1,0
61,What company is both the sole arranger and lead arranger in the agreement?,bofa securities inc,1,1,0
61,What company is both the sole arranger and arranger in the agreement?,bofa securities inc,1,1,0
61,What company is both the sole bookrunner and bookrunner in the agreement?,bofa securities inc,1,1,0
61,What company is both the sole bookrunner and lead arranger in the agreement?,bofa securities inc,1,1,0
61,What company is both the sole bookrunner and arranger in the agreement?,bofa securities inc,1,1,0
61,What company is both the bookrunner and lead arranger in the agreement?,bofa securities inc,1,1,0
61,What company is both the bookrunner and arranger in the agreement?,bofa securities inc,1,1,0
61,What company is both the lead arranger and arranger in the agreement?,bofa securities inc,1,1,0
61,What company is both the agent and lender in the agreement?,jpmorgan chase bank na,1,1,0
61,What company is both the agent and lender in the agreement?,wells fargo bank national association,1,1,0
61,What company is both the agent and lender in the agreement?,citibank na,1,1,0
61,What company is both the agent and lender in the agreement?,bank of america na,1,1,0
61,What company is both the agent and syndication agent in the agreement?,bank of america na,1,1,0
61,What company is both the agent and administrative agent in the agreement?,bank of america na,1,1,0
61,What company is both the lender and syndication agent in the agreement?,bank of america na,1,1,0
61,What company is both the lender and administrative agent in the agreement?,bank of america na,1,1,0
61,What company is both the syndication agent and administrative agent in the agreement?,bank of america na,1,1,0
61,What company is both the agent and lender in the agreement?,bnp paribas,1,1,0
61,What company is both the agent and syndication agent in the agreement?,bnp paribas,1,1,0
61,What company is both the lender and syndication agent in the agreement?,bnp paribas,1,1,0
77,What company is both the oint bookrunners and joint lead arrangers in the agreement?,fenner and smith incorporated,1,1,0
77,What company is both the oint bookrunners and joint lead arrangers in the agreement?,jp morgan securities llc,1,1,0
77,What company is both the oint bookrunners and joint lead arrangers in the agreement?,suntrust robinson humphrey,1,1,0
77,What company is both the oint bookrunners and joint lead arrangers in the agreement?,wells fargo securities llc,1,1,0
77,What company is both the co syndication agent and lender in the agreement?,bank of america,1,1,0
77,What company is both the co documentation agent and lender in the agreement?,goldman sachs bank usa,1,1,0
77,What company is both the co syndication agent and oint bookrunners in the agreement?,mufg union bank,1,1,0
77,What company is both the co syndication agent and lender in the agreement?,mufg union bank,1,1,0
77,What company is both the co syndication agent and joint lead arrangers in the agreement?,mufg union bank,1,1,0
77,What company is both the oint bookrunners and lender in the agreement?,mufg union bank,1,1,0
77,What company is both the oint bookrunners and joint lead arrangers in the agreement?,mufg union bank,1,1,0
77,What company is both the lender and joint lead arrangers in the agreement?,mufg union bank,1,1,0
77,What company is both the co syndication agent and lender in the agreement?,suntrust bank,1,1,0
77,What company is both the co documentation agent and lender in the agreement?,us bank national association,1,1,0
77,What company is both the co syndication agent and lender in the agreement?,wells fargo bank national association,1,1,0
77,What company is both the issuing bank and lender in the agreement?,jpmorgan chase bank,1,1,0
77,What company is both the issuing bank and administrative agent in the agreement?,jpmorgan chase bank,1,1,0
77,What company is both the lender and administrative agent in the agreement?,jpmorgan chase bank,1,1,0
63,What company is both the swing line lender and lender in the agreement?,farm credit mid america pca,1,1,0
63,What company is both the agent and lender in the agreement?,us bank national association,1,1,0
63,What company is both the agent and lc issuer in the agreement?,us bank national association,1,1,0
63,What company is both the agent and administrative agent in the agreement?,us bank national association,1,1,0
63,What company is both the lender and lc issuer in the agreement?,us bank national association,1,1,0
63,What company is both the lender and administrative agent in the agreement?,us bank national association,1,1,0
63,What company is both the lc issuer and administrative agent in the agreement?,us bank national association,1,1,0
88,What company is both the agent and issuing bank in the agreement?,mufg union bank,1,1,0
88,What company is both the agent and swing line lender in the agreement?,mufg union bank,1,1,0
88,What company is both the agent and lender in the agreement?,mufg union bank,1,1,0
88,What company is both the issuing bank and swing line lender in the agreement?,mufg union bank,1,1,0
88,What company is both the issuing bank and lender in the agreement?,mufg union bank,1,1,0
88,What company is both the swing line lender and lender in the agreement?,mufg union bank,1,1,0
162,What company is both the joint bookrunners and joint lead arrangers in the agreement?,wells fargo securities llc,1,1,0
162,What company is both the guarantor and holdings in the agreement?,nabors industries ltd,1,1,0
162,What company is both the joint bookrunners and lender in the agreement?,citibank na,1,1,0
162,What company is both the joint bookrunners and joint lead arrangers in the agreement?,citibank na,1,1,0
162,What company is both the joint bookrunners and administrative agent in the agreement?,citibank na,1,1,0
162,What company is both the lender and joint lead arrangers in the agreement?,citibank na,1,1,0
162,What company is both the lender and administrative agent in the agreement?,citibank na,1,1,0
162,What company is both the joint lead arrangers and administrative agent in the agreement?,citibank na,1,1,0
163,What company is both the lenders and borrower in the agreement?,commvault systems inc,1,1,0
163,What company is both the sole bookrunner and bookrunner in the agreement?,jpmorgan chase bank na,1,1,0
163,What company is both the sole bookrunner and swingline lender in the agreement?,jpmorgan chase bank na,1,1,0
163,What company is both the sole bookrunner and administrative agent in the agreement?,jpmorgan chase bank na,1,1,0
163,What company is both the sole bookrunner and issuing bank in the agreement?,jpmorgan chase bank na,1,1,0
163,What company is both the sole bookrunner and lender in the agreement?,jpmorgan chase bank na,1,1,0
163,What company is both the bookrunner and swingline lender in the agreement?,jpmorgan chase bank na,1,1,0
163,What company is both the bookrunner and administrative agent in the agreement?,jpmorgan chase bank na,1,1,0
163,What company is both the bookrunner and issuing bank in the agreement?,jpmorgan chase bank na,1,1,0
163,What company is both the bookrunner and lender in the agreement?,jpmorgan chase bank na,1,1,0
163,What company is both the swingline lender and administrative agent in the agreement?,jpmorgan chase bank na,1,1,0
163,What company is both the swingline lender and issuing bank in the agreement?,jpmorgan chase bank na,1,1,0
163,What company is both the swingline lender and lender in the agreement?,jpmorgan chase bank na,1,1,0
163,What company is both the administrative agent and issuing bank in the agreement?,jpmorgan chase bank na,1,1,0
163,What company is both the administrative agent and lender in the agreement?,jpmorgan chase bank na,1,1,0
163,What company is both the issuing bank and lender in the agreement?,jpmorgan chase bank na,1,1,0
89,What company is both the joint bookrunners and bookrunners in the agreement?,barclays bank plc,1,1,0
89,What company is both the joint bookrunners and arrangers in the agreement?,barclays bank plc,1,1,0
89,What company is both the joint bookrunners and joint lead arrangers in the agreement?,barclays bank plc,1,1,0
89,What company is both the bookrunners and arrangers in the agreement?,barclays bank plc,1,1,0
89,What company is both the bookrunners and joint lead arrangers in the agreement?,barclays bank plc,1,1,0
89,What company is both the arrangers and joint lead arrangers in the agreement?,barclays bank plc,1,1,0
89,What company is both the joint bookrunners and bookrunners in the agreement?,citigroup global markets inc,1,1,0
89,What company is both the joint bookrunners and arrangers in the agreement?,citigroup global markets inc,1,1,0
89,What company is both the joint bookrunners and joint lead arrangers in the agreement?,citigroup global markets inc,1,1,0
89,What company is both the bookrunners and arrangers in the agreement?,citigroup global markets inc,1,1,0
89,What company is both the bookrunners and joint lead arrangers in the agreement?,citigroup global markets inc,1,1,0
89,What company is both the arrangers and joint lead arrangers in the agreement?,citigroup global markets inc,1,1,0
89,What company is both the joint bookrunners and bookrunners in the agreement?,deutsche bank securities inc,1,1,0
89,What company is both the joint bookrunners and arrangers in the agreement?,deutsche bank securities inc,1,1,0
89,What company is both the joint bookrunners and joint lead arrangers in the agreement?,deutsche bank securities inc,1,1,0
89,What company is both the bookrunners and arrangers in the agreement?,deutsche bank securities inc,1,1,0
89,What company is both the bookrunners and joint lead arrangers in the agreement?,deutsche bank securities inc,1,1,0
89,What company is both the arrangers and joint lead arrangers in the agreement?,deutsche bank securities inc,1,1,0
89,What company is both the joint bookrunners and bookrunners in the agreement?,golub capital llc,1,1,0
89,What company is both the joint bookrunners and arrangers in the agreement?,golub capital llc,1,1,0
89,What company is both the joint bookrunners and joint lead arrangers in the agreement?,golub capital llc,1,1,0
89,What company is both the bookrunners and arrangers in the agreement?,golub capital llc,1,1,0
89,What company is both the bookrunners and joint lead arrangers in the agreement?,golub capital llc,1,1,0
89,What company is both the arrangers and joint lead arrangers in the agreement?,golub capital llc,1,1,0
89,What company is both the joint bookrunners and bookrunners in the agreement?,keybanc capital markets inc,1,1,0
89,What company is both the joint bookrunners and arrangers in the agreement?,keybanc capital markets inc,1,1,0
89,What company is both the joint bookrunners and joint lead arrangers in the agreement?,keybanc capital markets inc,1,1,0
89,What company is both the bookrunners and arrangers in the agreement?,keybanc capital markets inc,1,1,0
89,What company is both the bookrunners and joint lead arrangers in the agreement?,keybanc capital markets inc,1,1,0
89,What company is both the arrangers and joint lead arrangers in the agreement?,keybanc capital markets inc,1,1,0
89,What company is both the joint bookrunners and bookrunners in the agreement?,macquarie capital usa inc,1,1,0
89,What company is both the joint bookrunners and arrangers in the agreement?,macquarie capital usa inc,1,1,0
89,What company is both the joint bookrunners and joint lead arrangers in the agreement?,macquarie capital usa inc,1,1,0
89,What company is both the bookrunners and arrangers in the agreement?,macquarie capital usa inc,1,1,0
89,What company is both the bookrunners and joint lead arrangers in the agreement?,macquarie capital usa inc,1,1,0
89,What company is both the arrangers and joint lead arrangers in the agreement?,macquarie capital usa inc,1,1,0
89,What company is both the joint bookrunners and bookrunners in the agreement?,jpmorgan chase bank,1,1,0
89,What company is both the joint bookrunners and arrangers in the agreement?,jpmorgan chase bank,1,1,0
89,What company is both the joint bookrunners and administrative agent in the agreement?,jpmorgan chase bank,1,1,0
89,What company is both the joint bookrunners and joint lead arrangers in the agreement?,jpmorgan chase bank,1,1,0
89,What company is both the bookrunners and arrangers in the agreement?,jpmorgan chase bank,1,1,0
89,What company is both the bookrunners and administrative agent in the agreement?,jpmorgan chase bank,1,1,0
89,What company is both the bookrunners and joint lead arrangers in the agreement?,jpmorgan chase bank,1,1,0
89,What company is both the arrangers and administrative agent in the agreement?,jpmorgan chase bank,1,1,0
89,What company is both the arrangers and joint lead arrangers in the agreement?,jpmorgan chase bank,1,1,0
89,What company is both the administrative agent and joint lead arrangers in the agreement?,jpmorgan chase bank,1,1,0
62,What company is both the bookrunner and arranger in the agreement?,td securities usa llc,1,1,0
62,What company is both the agent and administrative agent in the agreement?,toronto dominion texas llc,1,1,0
76,What company is both the bookrunners and arrangers in the agreement?,deutsche bank securities inc,1,1,0
76,What company is both the bookrunners and arrangers in the agreement?,rbc capital markets,1,1,0
76,What company is both the bookrunners and arrangers in the agreement?,suntrust robinson humphrey inc,1,1,0
76,What company is both the bookrunners and arrangers in the agreement?,the bank of montreal,1,1,0
76,What company is both the bookrunners and arrangers in the agreement?,the bank of tokyo mitsubishi ufj ltd,1,1,0
76,What company is both the collateral agent and bookrunners in the agreement?,morgan stanley senior funding inc,1,1,0
76,What company is both the collateral agent and arrangers in the agreement?,morgan stanley senior funding inc,1,1,0
76,What company is both the collateral agent and administrative agent in the agreement?,morgan stanley senior funding inc,1,1,0
76,What company is both the bookrunners and arrangers in the agreement?,morgan stanley senior funding inc,1,1,0
76,What company is both the bookrunners and administrative agent in the agreement?,morgan stanley senior funding inc,1,1,0
76,What company is both the arrangers and administrative agent in the agreement?,morgan stanley senior funding inc,1,1,0
8,What company is both the bookrunners and arrangers in the agreement?,fennerand smith incorporated,1,1,0
8,What company is both the bookrunners and arrangers in the agreement?,merrill lynch,1,1,0
8,What company is both the joint lead arranger and arranger in the agreement?,merrill lynch pierce fennerand smith incorporated,1,1,0
8,What company is both the bookrunners and arrangers in the agreement?,pierce,1,1,0
8,What company is both the joint bookrunners and joint bookrunner in the agreement?,wells fargo securities llc,1,1,0
8,What company is both the joint bookrunners and bookrunner in the agreement?,wells fargo securities llc,1,1,0
8,What company is both the joint bookrunners and bookrunners in the agreement?,wells fargo securities llc,1,1,0
8,What company is both the joint bookrunners and arrangers in the agreement?,wells fargo securities llc,1,1,0
8,What company is both the joint bookrunners and joint lead arranger in the agreement?,wells fargo securities llc,1,1,0
8,What company is both the joint bookrunners and arranger in the agreement?,wells fargo securities llc,1,1,0
8,What company is both the joint bookrunner and bookrunner in the agreement?,wells fargo securities llc,1,1,0
8,What company is both the joint bookrunner and bookrunners in the agreement?,wells fargo securities llc,1,1,0
8,What company is both the joint bookrunner and arrangers in the agreement?,wells fargo securities llc,1,1,0
8,What company is both the joint bookrunner and joint lead arranger in the agreement?,wells fargo securities llc,1,1,0
8,What company is both the joint bookrunner and arranger in the agreement?,wells fargo securities llc,1,1,0
8,What company is both the bookrunner and bookrunners in the agreement?,wells fargo securities llc,1,1,0
8,What company is both the bookrunner and arrangers in the agreement?,wells fargo securities llc,1,1,0
8,What company is both the bookrunner and joint lead arranger in the agreement?,wells fargo securities llc,1,1,0
8,What company is both the bookrunner and arranger in the agreement?,wells fargo securities llc,1,1,0
8,What company is both the bookrunners and arrangers in the agreement?,wells fargo securities llc,1,1,0
8,What company is both the bookrunners and joint lead arranger in the agreement?,wells fargo securities llc,1,1,0
8,What company is both the bookrunners and arranger in the agreement?,wells fargo securities llc,1,1,0
8,What company is both the arrangers and joint lead arranger in the agreement?,wells fargo securities llc,1,1,0
8,What company is both the arrangers and arranger in the agreement?,wells fargo securities llc,1,1,0
8,What company is both the joint lead arranger and arranger in the agreement?,wells fargo securities llc,1,1,0
8,What company is both the agent and administrative agent in the agreement?,wells fargo bank national association,1,1,0
72,What company is both the syndication agents and book runners in the agreement?,goldman sachs bank usa,1,1,0
72,What company is both the syndication agents and arrangers in the agreement?,goldman sachs bank usa,1,1,0
72,What company is both the syndication agents and lead arrangers in the agreement?,goldman sachs bank usa,1,1,0
72,What company is both the book runners and arrangers in the agreement?,goldman sachs bank usa,1,1,0
72,What company is both the book runners and lead arrangers in the agreement?,goldman sachs bank usa,1,1,0
72,What company is both the arrangers and lead arrangers in the agreement?,goldman sachs bank usa,1,1,0
72,What company is both the book runners and arrangers in the agreement?,wells fargo securities llc,1,1,0
72,What company is both the book runners and lead arrangers in the agreement?,wells fargo securities llc,1,1,0
72,What company is both the arrangers and lead arrangers in the agreement?,wells fargo securities llc,1,1,0
72,What company is both the book runners and arrangers in the agreement?,citigroup global markets inc,1,1,0
72,What company is both the book runners and lead arrangers in the agreement?,citigroup global markets inc,1,1,0
72,What company is both the arrangers and lead arrangers in the agreement?,citigroup global markets inc,1,1,0
66,What company is both the bookrunners and arrangers in the agreement?,bank of the west,1,1,0
66,What company is both the bookrunners and agents in the agreement?,bank of the west,1,1,0
66,What company is both the arrangers and agents in the agreement?,bank of the west,1,1,0
66,What company is both the bookrunners and arrangers in the agreement?,bnp paribas securities corp,1,1,0
66,What company is both the bookrunners and agents in the agreement?,bnp paribas securities corp,1,1,0
66,What company is both the arrangers and agents in the agreement?,bnp paribas securities corp,1,1,0
66,What company is both the bookrunners and arrangers in the agreement?,bofa securities inc,1,1,0
66,What company is both the bookrunners and agents in the agreement?,bofa securities inc,1,1,0
66,What company is both the arrangers and agents in the agreement?,bofa securities inc,1,1,0
66,What company is both the bookrunners and arrangers in the agreement?,citigroup global markets inc,1,1,0
66,What company is both the bookrunners and agents in the agreement?,citigroup global markets inc,1,1,0
66,What company is both the arrangers and agents in the agreement?,citigroup global markets inc,1,1,0
66,What company is both the bookrunners and arrangers in the agreement?,keybanc capital markets inc,1,1,0
66,What company is both the bookrunners and arrangers in the agreement?,wells fargo securities llc,1,1,0
66,What company is both the swingline lender and term loan a lender in the agreement?,bank of america na,1,1,0
66,What company is both the swingline lender and lender in the agreement?,bank of america na,1,1,0
66,What company is both the swingline lender and issuing lender in the agreement?,bank of america na,1,1,0
66,What company is both the term loan a lender and lender in the agreement?,bank of america na,1,1,0
66,What company is both the term loan a lender and issuing lender in the agreement?,bank of america na,1,1,0
66,What company is both the lender and issuing lender in the agreement?,bank of america na,1,1,0
66,What company is both the swingline lender and term loan a lender in the agreement?,bank of thewest,1,1,0
66,What company is both the swingline lender and lender in the agreement?,bank of thewest,1,1,0
66,What company is both the swingline lender and issuing lender in the agreement?,bank of thewest,1,1,0
66,What company is both the term loan a lender and lender in the agreement?,bank of thewest,1,1,0
66,What company is both the term loan a lender and issuing lender in the agreement?,bank of thewest,1,1,0
66,What company is both the lender and issuing lender in the agreement?,bank of thewest,1,1,0
66,What company is both the issuing lender and agents in the agreement?,barclays bank plc,1,1,0
66,What company is both the issuing lender and swingline lender in the agreement?,barclays bank plc,1,1,0
66,What company is both the issuing lender and bookrunners in the agreement?,barclays bank plc,1,1,0
66,What company is both the issuing lender and arrangers in the agreement?,barclays bank plc,1,1,0
66,What company is both the issuing lender and term loan a lender in the agreement?,barclays bank plc,1,1,0
66,What company is both the issuing lender and lender in the agreement?,barclays bank plc,1,1,0
66,What company is both the agents and swingline lender in the agreement?,barclays bank plc,1,1,0
66,What company is both the agents and bookrunners in the agreement?,barclays bank plc,1,1,0
66,What company is both the agents and arrangers in the agreement?,barclays bank plc,1,1,0
66,What company is both the agents and term loan a lender in the agreement?,barclays bank plc,1,1,0
66,What company is both the agents and lender in the agreement?,barclays bank plc,1,1,0
66,What company is both the swingline lender and bookrunners in the agreement?,barclays bank plc,1,1,0
66,What company is both the swingline lender and arrangers in the agreement?,barclays bank plc,1,1,0
66,What company is both the swingline lender and term loan a lender in the agreement?,barclays bank plc,1,1,0
66,What company is both the swingline lender and lender in the agreement?,barclays bank plc,1,1,0
66,What company is both the bookrunners and arrangers in the agreement?,barclays bank plc,1,1,0
66,What company is both the bookrunners and term loan a lender in the agreement?,barclays bank plc,1,1,0
66,What company is both the bookrunners and lender in the agreement?,barclays bank plc,1,1,0
66,What company is both the arrangers and term loan a lender in the agreement?,barclays bank plc,1,1,0
66,What company is both the arrangers and lender in the agreement?,barclays bank plc,1,1,0
66,What company is both the term loan a lender and lender in the agreement?,barclays bank plc,1,1,0
66,What company is both the swingline lender and term loan a lender in the agreement?,capital one national association,1,1,0
66,What company is both the swingline lender and lender in the agreement?,capital one national association,1,1,0
66,What company is both the swingline lender and issuing lender in the agreement?,capital one national association,1,1,0
66,What company is both the term loan a lender and lender in the agreement?,capital one national association,1,1,0
66,What company is both the term loan a lender and issuing lender in the agreement?,capital one national association,1,1,0
66,What company is both the lender and issuing lender in the agreement?,capital one national association,1,1,0
66,What company is both the issuing lender and swingline lender in the agreement?,citibank na,1,1,0
66,What company is both the issuing lender and revolver in the agreement?,citibank na,1,1,0
66,What company is both the issuing lender and term loan a lender in the agreement?,citibank na,1,1,0
66,What company is both the issuing lender and lender in the agreement?,citibank na,1,1,0
66,What company is both the swingline lender and revolver in the agreement?,citibank na,1,1,0
66,What company is both the swingline lender and term loan a lender in the agreement?,citibank na,1,1,0
66,What company is both the swingline lender and lender in the agreement?,citibank na,1,1,0
66,What company is both the revolver and term loan a lender in the agreement?,citibank na,1,1,0
66,What company is both the revolver and lender in the agreement?,citibank na,1,1,0
66,What company is both the term loan a lender and lender in the agreement?,citibank na,1,1,0
66,What company is both the swingline lender and term loan a lender in the agreement?,hsbc bank usa national association,1,1,0
66,What company is both the swingline lender and lender in the agreement?,hsbc bank usa national association,1,1,0
66,What company is both the swingline lender and issuing lender in the agreement?,hsbc bank usa national association,1,1,0
66,What company is both the term loan a lender and lender in the agreement?,hsbc bank usa national association,1,1,0
66,What company is both the term loan a lender and issuing lender in the agreement?,hsbc bank usa national association,1,1,0
66,What company is both the lender and issuing lender in the agreement?,hsbc bank usa national association,1,1,0
66,What company is both the swingline lender and term loan a lender in the agreement?,jpmorgan chase bank na,1,1,0
66,What company is both the swingline lender and lender in the agreement?,jpmorgan chase bank na,1,1,0
66,What company is both the swingline lender and issuing lender in the agreement?,jpmorgan chase bank na,1,1,0
66,What company is both the term loan a lender and lender in the agreement?,jpmorgan chase bank na,1,1,0
66,What company is both the term loan a lender and issuing lender in the agreement?,jpmorgan chase bank na,1,1,0
66,What company is both the lender and issuing lender in the agreement?,jpmorgan chase bank na,1,1,0
66,What company is both the swingline lender and lender in the agreement?,keybank national association,1,1,0
66,What company is both the swingline lender and issuing lender in the agreement?,keybank national association,1,1,0
66,What company is both the lender and issuing lender in the agreement?,keybank national association,1,1,0
66,What company is both the issuing lender and agents in the agreement?,mufg bank ltd,1,1,0
66,What company is both the issuing lender and swingline lender in the agreement?,mufg bank ltd,1,1,0
66,What company is both the issuing lender and bookrunners in the agreement?,mufg bank ltd,1,1,0
66,What company is both the issuing lender and arrangers in the agreement?,mufg bank ltd,1,1,0
66,What company is both the issuing lender and lender in the agreement?,mufg bank ltd,1,1,0
66,What company is both the agents and swingline lender in the agreement?,mufg bank ltd,1,1,0
66,What company is both the agents and bookrunners in the agreement?,mufg bank ltd,1,1,0
66,What company is both the agents and arrangers in the agreement?,mufg bank ltd,1,1,0
66,What company is both the agents and lender in the agreement?,mufg bank ltd,1,1,0
66,What company is both the swingline lender and bookrunners in the agreement?,mufg bank ltd,1,1,0
66,What company is both the swingline lender and arrangers in the agreement?,mufg bank ltd,1,1,0
66,What company is both the swingline lender and lender in the agreement?,mufg bank ltd,1,1,0
66,What company is both the bookrunners and arrangers in the agreement?,mufg bank ltd,1,1,0
66,What company is both the bookrunners and lender in the agreement?,mufg bank ltd,1,1,0
66,What company is both the arrangers and lender in the agreement?,mufg bank ltd,1,1,0
66,What company is both the swingline lender and term loan a lender in the agreement?,pnc bank national association,1,1,0
66,What company is both the swingline lender and lender in the agreement?,pnc bank national association,1,1,0
66,What company is both the swingline lender and issuing lender in the agreement?,pnc bank national association,1,1,0
66,What company is both the term loan a lender and lender in the agreement?,pnc bank national association,1,1,0
66,What company is both the term loan a lender and issuing lender in the agreement?,pnc bank national association,1,1,0
66,What company is both the lender and issuing lender in the agreement?,pnc bank national association,1,1,0
66,What company is both the swingline lender and term loan a lender in the agreement?,silicon valley bank,1,1,0
66,What company is both the swingline lender and lender in the agreement?,silicon valley bank,1,1,0
66,What company is both the swingline lender and issuing lender in the agreement?,silicon valley bank,1,1,0
66,What company is both the term loan a lender and lender in the agreement?,silicon valley bank,1,1,0
66,What company is both the term loan a lender and issuing lender in the agreement?,silicon valley bank,1,1,0
66,What company is both the lender and issuing lender in the agreement?,silicon valley bank,1,1,0
66,What company is both the swingline lender and term loan a lender in the agreement?,the huntington national bank,1,1,0
66,What company is both the swingline lender and lender in the agreement?,the huntington national bank,1,1,0
66,What company is both the swingline lender and issuing lender in the agreement?,the huntington national bank,1,1,0
66,What company is both the term loan a lender and lender in the agreement?,the huntington national bank,1,1,0
66,What company is both the term loan a lender and issuing lender in the agreement?,the huntington national bank,1,1,0
66,What company is both the lender and issuing lender in the agreement?,the huntington national bank,1,1,0
66,What company is both the issuing lender and agents in the agreement?,us bank national association,1,1,0
66,What company is both the issuing lender and swingline lender in the agreement?,us bank national association,1,1,0
66,What company is both the issuing lender and bookrunners in the agreement?,us bank national association,1,1,0
66,What company is both the issuing lender and arrangers in the agreement?,us bank national association,1,1,0
66,What company is both the issuing lender and lender in the agreement?,us bank national association,1,1,0
66,What company is both the agents and swingline lender in the agreement?,us bank national association,1,1,0
66,What company is both the agents and bookrunners in the agreement?,us bank national association,1,1,0
66,What company is both the agents and arrangers in the agreement?,us bank national association,1,1,0
66,What company is both the agents and lender in the agreement?,us bank national association,1,1,0
66,What company is both the swingline lender and bookrunners in the agreement?,us bank national association,1,1,0
66,What company is both the swingline lender and arrangers in the agreement?,us bank national association,1,1,0
66,What company is both the swingline lender and lender in the agreement?,us bank national association,1,1,0
66,What company is both the bookrunners and arrangers in the agreement?,us bank national association,1,1,0
66,What company is both the bookrunners and lender in the agreement?,us bank national association,1,1,0
66,What company is both the arrangers and lender in the agreement?,us bank national association,1,1,0
66,What company is both the agent and issuing lender in the agreement?,wells fargo bank national association,1,1,0
66,What company is both the agent and swingline lender in the agreement?,wells fargo bank national association,1,1,0
66,What company is both the agent and term loan a lender in the agreement?,wells fargo bank national association,1,1,0
66,What company is both the agent and lender in the agreement?,wells fargo bank national association,1,1,0
66,What company is both the issuing lender and swingline lender in the agreement?,wells fargo bank national association,1,1,0
66,What company is both the issuing lender and term loan a lender in the agreement?,wells fargo bank national association,1,1,0
66,What company is both the issuing lender and lender in the agreement?,wells fargo bank national association,1,1,0
66,What company is both the swingline lender and term loan a lender in the agreement?,wells fargo bank national association,1,1,0
66,What company is both the swingline lender and lender in the agreement?,wells fargo bank national association,1,1,0
66,What company is both the term loan a lender and lender in the agreement?,wells fargo bank national association,1,1,0
66,What company is both the swingline lender and term loan a lender in the agreement?,dnb capital llc,1,1,0
66,What company is both the swingline lender and lender in the agreement?,dnb capital llc,1,1,0
66,What company is both the swingline lender and issuing lender in the agreement?,dnb capital llc,1,1,0
66,What company is both the term loan a lender and lender in the agreement?,dnb capital llc,1,1,0
66,What company is both the term loan a lender and issuing lender in the agreement?,dnb capital llc,1,1,0
66,What company is both the lender and issuing lender in the agreement?,dnb capital llc,1,1,0
99,What company is both the agent and collateral agent in the agreement?,bank of america na,1,1,0
99,What company is both the agent and administrative agent in the agreement?,bank of america na,1,1,0
99,What company is both the collateral agent and administrative agent in the agreement?,bank of america na,1,1,0
99,What company is both the agent and joint bookrunners in the agreement?,coöperatieve centrale raiffeisen boerenleenbank ba,1,1,0
99,What company is both the agent and collateral agent in the agreement?,coöperatieve centrale raiffeisen boerenleenbank ba,1,1,0
99,What company is both the agent and bookrunners in the agreement?,coöperatieve centrale raiffeisen boerenleenbank ba,1,1,0
99,What company is both the agent and arrangers in the agreement?,coöperatieve centrale raiffeisen boerenleenbank ba,1,1,0
99,What company is both the agent and administrative agent in the agreement?,coöperatieve centrale raiffeisen boerenleenbank ba,1,1,0
99,What company is both the joint bookrunners and collateral agent in the agreement?,coöperatieve centrale raiffeisen boerenleenbank ba,1,1,0
99,What company is both the joint bookrunners and bookrunners in the agreement?,coöperatieve centrale raiffeisen boerenleenbank ba,1,1,0
99,What company is both the joint bookrunners and arrangers in the agreement?,coöperatieve centrale raiffeisen boerenleenbank ba,1,1,0
99,What company is both the joint bookrunners and administrative agent in the agreement?,coöperatieve centrale raiffeisen boerenleenbank ba,1,1,0
99,What company is both the collateral agent and bookrunners in the agreement?,coöperatieve centrale raiffeisen boerenleenbank ba,1,1,0
99,What company is both the collateral agent and arrangers in the agreement?,coöperatieve centrale raiffeisen boerenleenbank ba,1,1,0
99,What company is both the collateral agent and administrative agent in the agreement?,coöperatieve centrale raiffeisen boerenleenbank ba,1,1,0
99,What company is both the bookrunners and arrangers in the agreement?,coöperatieve centrale raiffeisen boerenleenbank ba,1,1,0
99,What company is both the bookrunners and administrative agent in the agreement?,coöperatieve centrale raiffeisen boerenleenbank ba,1,1,0
99,What company is both the arrangers and administrative agent in the agreement?,coöperatieve centrale raiffeisen boerenleenbank ba,1,1,0
99,What company is both the bookrunners and arrangers in the agreement?,merrill lynch pierce fennerand smith incorporated,1,1,0
99,What company is both the bookrunners and joint lead arrangers in the agreement?,merrill lynch pierce fennerand smith incorporated,1,1,0
99,What company is both the arrangers and joint lead arrangers in the agreement?,merrill lynch pierce fennerand smith incorporated,1,1,0
99,What company is both the agent and joint bookrunners in the agreement?,rabobank nederland,1,1,0
99,What company is both the agent and collateral agent in the agreement?,rabobank nederland,1,1,0
99,What company is both the agent and bookrunners in the agreement?,rabobank nederland,1,1,0
99,What company is both the agent and arrangers in the agreement?,rabobank nederland,1,1,0
99,What company is both the agent and administrative agent in the agreement?,rabobank nederland,1,1,0
99,What company is both the joint bookrunners and collateral agent in the agreement?,rabobank nederland,1,1,0
99,What company is both the joint bookrunners and bookrunners in the agreement?,rabobank nederland,1,1,0
99,What company is both the joint bookrunners and arrangers in the agreement?,rabobank nederland,1,1,0
99,What company is both the joint bookrunners and administrative agent in the agreement?,rabobank nederland,1,1,0
99,What company is both the collateral agent and bookrunners in the agreement?,rabobank nederland,1,1,0
99,What company is both the collateral agent and arrangers in the agreement?,rabobank nederland,1,1,0
99,What company is both the collateral agent and administrative agent in the agreement?,rabobank nederland,1,1,0
99,What company is both the bookrunners and arrangers in the agreement?,rabobank nederland,1,1,0
99,What company is both the bookrunners and administrative agent in the agreement?,rabobank nederland,1,1,0
99,What company is both the arrangers and administrative agent in the agreement?,rabobank nederland,1,1,0
99,What company is both the bookrunners and arrangers in the agreement?,wells fargo securities llc,1,1,0
99,What company is both the bookrunners and joint lead arrangers in the agreement?,wells fargo securities llc,1,1,0
99,What company is both the arrangers and joint lead arrangers in the agreement?,wells fargo securities llc,1,1,0
99,What company is both the agent and collateral agent in the agreement?,regions bank,1,1,0
99,What company is both the agent and lender in the agreement?,regions bank,1,1,0
99,What company is both the agent and administrative agent in the agreement?,regions bank,1,1,0
99,What company is both the collateral agent and lender in the agreement?,regions bank,1,1,0
99,What company is both the collateral agent and administrative agent in the agreement?,regions bank,1,1,0
99,What company is both the lender and administrative agent in the agreement?,regions bank,1,1,0
99,What company is both the agent and collateral agent in the agreement?,suntrust bank,1,1,0
99,What company is both the agent and lender in the agreement?,suntrust bank,1,1,0
99,What company is both the agent and administrative agent in the agreement?,suntrust bank,1,1,0
99,What company is both the collateral agent and lender in the agreement?,suntrust bank,1,1,0
99,What company is both the collateral agent and administrative agent in the agreement?,suntrust bank,1,1,0
99,What company is both the lender and administrative agent in the agreement?,suntrust bank,1,1,0
99,What company is both the agent and collateral agent in the agreement?,the bank of tokyo mitsubishi ufj ltd,1,1,0
99,What company is both the agent and lender in the agreement?,the bank of tokyo mitsubishi ufj ltd,1,1,0
99,What company is both the agent and administrative agent in the agreement?,the bank of tokyo mitsubishi ufj ltd,1,1,0
99,What company is both the collateral agent and lender in the agreement?,the bank of tokyo mitsubishi ufj ltd,1,1,0
99,What company is both the collateral agent and administrative agent in the agreement?,the bank of tokyo mitsubishi ufj ltd,1,1,0
99,What company is both the lender and administrative agent in the agreement?,the bank of tokyo mitsubishi ufj ltd,1,1,0
99,What company is both the agent and collateral agent in the agreement?,us bank national association,1,1,0
99,What company is both the agent and lender in the agreement?,us bank national association,1,1,0
99,What company is both the agent and administrative agent in the agreement?,us bank national association,1,1,0
99,What company is both the collateral agent and lender in the agreement?,us bank national association,1,1,0
99,What company is both the collateral agent and administrative agent in the agreement?,us bank national association,1,1,0
99,What company is both the lender and administrative agent in the agreement?,us bank national association,1,1,0
99,What company is both the agent and collateral agent in the agreement?,wells fargo bank national association,1,1,0
99,What company is both the agent and administrative agent in the agreement?,wells fargo bank national association,1,1,0
99,What company is both the collateral agent and administrative agent in the agreement?,wells fargo bank national association,1,1,0
99,What company is both the agent and bank in the agreement?,wellsfargobanknationalassociation,1,1,0
99,What company is both the agent and swing line bank in the agreement?,wellsfargobanknationalassociation,1,1,0
99,What company is both the agent and collateral agent in the agreement?,wellsfargobanknationalassociation,1,1,0
99,What company is both the agent and administrative agent in the agreement?,wellsfargobanknationalassociation,1,1,0
99,What company is both the agent and lender in the agreement?,wellsfargobanknationalassociation,1,1,0
99,What company is both the bank and swing line bank in the agreement?,wellsfargobanknationalassociation,1,1,0
99,What company is both the bank and collateral agent in the agreement?,wellsfargobanknationalassociation,1,1,0
99,What company is both the bank and administrative agent in the agreement?,wellsfargobanknationalassociation,1,1,0
99,What company is both the bank and lender in the agreement?,wellsfargobanknationalassociation,1,1,0
99,What company is both the swing line bank and collateral agent in the agreement?,wellsfargobanknationalassociation,1,1,0
99,What company is both the swing line bank and administrative agent in the agreement?,wellsfargobanknationalassociation,1,1,0
99,What company is both the swing line bank and lender in the agreement?,wellsfargobanknationalassociation,1,1,0
99,What company is both the collateral agent and administrative agent in the agreement?,wellsfargobanknationalassociation,1,1,0
99,What company is both the collateral agent and lender in the agreement?,wellsfargobanknationalassociation,1,1,0
99,What company is both the administrative agent and lender in the agreement?,wellsfargobanknationalassociation,1,1,0
167,What company is both the sole book manager and sole lead arranger in the agreement?,bank of america merrill lynch,1,1,0
167,What company is both the lender and swingline lender in the agreement?,bank of america na,1,1,0
167,What company is both the lender and l c issuer in the agreement?,bank of america na,1,1,0
167,What company is both the lender and administrative agent in the agreement?,bank of america na,1,1,0
167,What company is both the swingline lender and l c issuer in the agreement?,bank of america na,1,1,0
167,What company is both the swingline lender and administrative agent in the agreement?,bank of america na,1,1,0
167,What company is both the l c issuer and administrative agent in the agreement?,bank of america na,1,1,0
98,What company is both the agent and l c issuer in the agreement?,bank of america na,1,1,0
98,What company is both the agent and administrative agent in the agreement?,bank of america na,1,1,0
98,What company is both the agent and swing line lender in the agreement?,bank of america na,1,1,0
98,What company is both the agent and lender in the agreement?,bank of america na,1,1,0
98,What company is both the l c issuer and administrative agent in the agreement?,bank of america na,1,1,0
98,What company is both the l c issuer and swing line lender in the agreement?,bank of america na,1,1,0
98,What company is both the l c issuer and lender in the agreement?,bank of america na,1,1,0
98,What company is both the administrative agent and swing line lender in the agreement?,bank of america na,1,1,0
98,What company is both the administrative agent and lender in the agreement?,bank of america na,1,1,0
98,What company is both the swing line lender and lender in the agreement?,bank of america na,1,1,0
98,What company is both the joint book managers and arrangers in the agreement?,jp morgan securities llc,1,1,0
98,What company is both the joint book managers and book managers in the agreement?,jp morgan securities llc,1,1,0
98,What company is both the arrangers and book managers in the agreement?,jp morgan securities llc,1,1,0
98,What company is both the agent and syndication agent in the agreement?,jpmorgan chase bank na,1,1,0
98,What company is both the agent and administrative agent in the agreement?,jpmorgan chase bank na,1,1,0
98,What company is both the syndication agent and administrative agent in the agreement?,jpmorgan chase bank na,1,1,0
98,What company is both the joint book managers and arrangers in the agreement?,merrill lynch pierce fennerand smith incorporated,1,1,0
98,What company is both the joint book managers and book managers in the agreement?,merrill lynch pierce fennerand smith incorporated,1,1,0
98,What company is both the joint book managers and joint lead arrangers in the agreement?,merrill lynch pierce fennerand smith incorporated,1,1,0
98,What company is both the arrangers and book managers in the agreement?,merrill lynch pierce fennerand smith incorporated,1,1,0
98,What company is both the arrangers and joint lead arrangers in the agreement?,merrill lynch pierce fennerand smith incorporated,1,1,0
98,What company is both the book managers and joint lead arrangers in the agreement?,merrill lynch pierce fennerand smith incorporated,1,1,0
98,What company is both the agent and administrative agent and lender in the agreement?,bank of america,1,1,0
98,What company is both the agent and l c issuer in the agreement?,bank of america,1,1,0
98,What company is both the agent and administrative agent in the agreement?,bank of america,1,1,0
98,What company is both the agent and swing line lender in the agreement?,bank of america,1,1,0
98,What company is both the agent and lender in the agreement?,bank of america,1,1,0
98,What company is both the administrative agent and lender and l c issuer in the agreement?,bank of america,1,1,0
98,What company is both the administrative agent and lender and administrative agent in the agreement?,bank of america,1,1,0
98,What company is both the administrative agent and lender and swing line lender in the agreement?,bank of america,1,1,0
98,What company is both the administrative agent and lender and lender in the agreement?,bank of america,1,1,0
98,What company is both the l c issuer and administrative agent in the agreement?,bank of america,1,1,0
98,What company is both the l c issuer and swing line lender in the agreement?,bank of america,1,1,0
98,What company is both the l c issuer and lender in the agreement?,bank of america,1,1,0
98,What company is both the administrative agent and swing line lender in the agreement?,bank of america,1,1,0
98,What company is both the administrative agent and lender in the agreement?,bank of america,1,1,0
98,What company is both the swing line lender and lender in the agreement?,bank of america,1,1,0
166,What company is both the bookrunners and lender in the agreement?,australia and new zealand banking group limited,1,1,0
166,What company is both the bookrunners and lead arrangers in the agreement?,australia and new zealand banking group limited,1,1,0
166,What company is both the lender and lead arrangers in the agreement?,australia and new zealand banking group limited,1,1,0
166,What company is both the bookrunners and lender in the agreement?,barclays bank plc,1,1,0
166,What company is both the bookrunners and lender in the agreement?,icici bank limited,1,1,0
166,What company is both the bookrunners and lead arrangers in the agreement?,icici bank limited,1,1,0
166,What company is both the lender and lead arrangers in the agreement?,icici bank limited,1,1,0
166,What company is both the guarantor and mortgagor in the agreement?,novelis corporation,1,1,0
166,What company is both the bookrunners and lender in the agreement?,state bank of india,1,1,0
166,What company is both the bookrunners and lender in the agreement?,the bank of tokyo mitsubishi ufj ltd,1,1,0
166,What company is both the bookrunners and lender in the agreement?,bank of baroda,1,1,0
166,What company is both the bookrunners and lead arrangers in the agreement?,bank of baroda,1,1,0
166,What company is both the lender and lead arrangers in the agreement?,bank of baroda,1,1,0
166,What company is both the bookrunners and lender in the agreement?,axis bank limited,1,1,0
166,What company is both the bookrunners and lead arrangers in the agreement?,axis bank limited,1,1,0
166,What company is both the lender and lead arrangers in the agreement?,axis bank limited,1,1,0
166,What company is both the bookrunners and lender in the agreement?,kotak mahindra bank limited,1,1,0
166,What company is both the collateral agent and bookrunners in the agreement?,standard chartered bank,1,1,0
166,What company is both the collateral agent and lender in the agreement?,standard chartered bank,1,1,0
166,What company is both the collateral agent and administrative agent in the agreement?,standard chartered bank,1,1,0
166,What company is both the bookrunners and lender in the agreement?,standard chartered bank,1,1,0
166,What company is both the bookrunners and administrative agent in the agreement?,standard chartered bank,1,1,0
166,What company is both the lender and administrative agent in the agreement?,standard chartered bank,1,1,0
67,What company is both the additional credit party and credit party in the agreement?,coherus intermediate corp,1,1,0
67,What company is both the additional credit party and credit party in the agreement?,intekrin therapeutics inc,1,1,0
67,What company is both the agent and collateral agent in the agreement?,biopharma credit plc,1,1,0
67,What company is both the issuer and credit party in the agreement?,coherus biosciences inc,1,1,0
67,What company is both the issuer and borrower in the agreement?,coherus biosciences inc,1,1,0
67,What company is both the credit party and borrower in the agreement?,coherus biosciences inc,1,1,0
73,What company is both the joint bookrunners and joint lead arrangers in the agreement?,barclays bank plc,1,1,0
73,What company is both the joint bookrunners and joint lead arrangers in the agreement?,suntrust robinson humphrey inc,1,1,0
73,What company is both the joint bookrunners and joint lead arrangers in the agreement?,wells fargo securities llc,1,1,0
73,What company is both the joint bookrunners and collateral agent in the agreement?,bank of america,1,1,0
73,What company is both the joint bookrunners and l c issuer in the agreement?,bank of america,1,1,0
73,What company is both the joint bookrunners and administrative agent in the agreement?,bank of america,1,1,0
73,What company is both the joint bookrunners and swing line lender in the agreement?,bank of america,1,1,0
73,What company is both the joint bookrunners and joint lead arrangers in the agreement?,bank of america,1,1,0
73,What company is both the collateral agent and l c issuer in the agreement?,bank of america,1,1,0
73,What company is both the collateral agent and administrative agent in the agreement?,bank of america,1,1,0
73,What company is both the collateral agent and swing line lender in the agreement?,bank of america,1,1,0
73,What company is both the collateral agent and joint lead arrangers in the agreement?,bank of america,1,1,0
73,What company is both the l c issuer and administrative agent in the agreement?,bank of america,1,1,0
73,What company is both the l c issuer and swing line lender in the agreement?,bank of america,1,1,0
73,What company is both the l c issuer and joint lead arrangers in the agreement?,bank of america,1,1,0
73,What company is both the administrative agent and swing line lender in the agreement?,bank of america,1,1,0
73,What company is both the administrative agent and joint lead arrangers in the agreement?,bank of america,1,1,0
73,What company is both the swing line lender and joint lead arrangers in the agreement?,bank of america,1,1,0
73,What company is both the joint bookrunners and joint lead arrangers in the agreement?,credit suisse securities usa llc,1,1,0
73,What company is both the joint bookrunners and joint lead arrangers in the agreement?,deutsche bank securities inc,1,1,0
9,What company is both the joint bookrunner and bookrunner in the agreement?,jp morgan securities llc,1,1,0
9,What company is both the joint bookrunner and arrangers in the agreement?,jp morgan securities llc,1,1,0
9,What company is both the joint bookrunner and joint lead arranger in the agreement?,jp morgan securities llc,1,1,0
9,What company is both the joint bookrunner and arranger in the agreement?,jp morgan securities llc,1,1,0
9,What company is both the joint bookrunner and joint lead arrangers in the agreement?,jp morgan securities llc,1,1,0
9,What company is both the bookrunner and arrangers in the agreement?,jp morgan securities llc,1,1,0
9,What company is both the bookrunner and joint lead arranger in the agreement?,jp morgan securities llc,1,1,0
9,What company is both the bookrunner and arranger in the agreement?,jp morgan securities llc,1,1,0
9,What company is both the bookrunner and joint lead arrangers in the agreement?,jp morgan securities llc,1,1,0
9,What company is both the arrangers and joint lead arranger in the agreement?,jp morgan securities llc,1,1,0
9,What company is both the arrangers and arranger in the agreement?,jp morgan securities llc,1,1,0
9,What company is both the arrangers and joint lead arrangers in the agreement?,jp morgan securities llc,1,1,0
9,What company is both the joint lead arranger and arranger in the agreement?,jp morgan securities llc,1,1,0
9,What company is both the joint lead arranger and joint lead arrangers in the agreement?,jp morgan securities llc,1,1,0
9,What company is both the arranger and joint lead arrangers in the agreement?,jp morgan securities llc,1,1,0
9,What company is both the agent and syndication agent in the agreement?,jpmorgan chase bank,1,1,0
9,What company is both the agent and co documentation agent in the agreement?,jpmorgan chase bank,1,1,0
9,What company is both the agent and administrative agent in the agreement?,jpmorgan chase bank,1,1,0
9,What company is both the syndication agent and co documentation agent in the agreement?,jpmorgan chase bank,1,1,0
9,What company is both the syndication agent and administrative agent in the agreement?,jpmorgan chase bank,1,1,0
9,What company is both the co documentation agent and administrative agent in the agreement?,jpmorgan chase bank,1,1,0
9,What company is both the joint bookrunner and bookrunner in the agreement?,rbs securities inc,1,1,0
9,What company is both the joint bookrunner and arrangers in the agreement?,rbs securities inc,1,1,0
9,What company is both the joint bookrunner and joint lead arranger in the agreement?,rbs securities inc,1,1,0
9,What company is both the joint bookrunner and arranger in the agreement?,rbs securities inc,1,1,0
9,What company is both the joint bookrunner and joint lead arrangers in the agreement?,rbs securities inc,1,1,0
9,What company is both the bookrunner and arrangers in the agreement?,rbs securities inc,1,1,0
9,What company is both the bookrunner and joint lead arranger in the agreement?,rbs securities inc,1,1,0
9,What company is both the bookrunner and arranger in the agreement?,rbs securities inc,1,1,0
9,What company is both the bookrunner and joint lead arrangers in the agreement?,rbs securities inc,1,1,0
9,What company is both the arrangers and joint lead arranger in the agreement?,rbs securities inc,1,1,0
9,What company is both the arrangers and arranger in the agreement?,rbs securities inc,1,1,0
9,What company is both the arrangers and joint lead arrangers in the agreement?,rbs securities inc,1,1,0
9,What company is both the joint lead arranger and arranger in the agreement?,rbs securities inc,1,1,0
9,What company is both the joint lead arranger and joint lead arrangers in the agreement?,rbs securities inc,1,1,0
9,What company is both the arranger and joint lead arrangers in the agreement?,rbs securities inc,1,1,0
9,What company is both the agent and syndication agent in the agreement?,the royal bank of scotland,1,1,0
9,What company is both the agent and co documentation agent in the agreement?,the royal bank of scotland,1,1,0
9,What company is both the agent and administrative agent in the agreement?,the royal bank of scotland,1,1,0
9,What company is both the syndication agent and co documentation agent in the agreement?,the royal bank of scotland,1,1,0
9,What company is both the syndication agent and administrative agent in the agreement?,the royal bank of scotland,1,1,0
9,What company is both the co documentation agent and administrative agent in the agreement?,the royal bank of scotland,1,1,0
9,What company is both the agent and agents in the agreement?,bank of america na,1,1,0
9,What company is both the agent and co documentation agent in the agreement?,bank of america na,1,1,0
9,What company is both the agent and syndication agent in the agreement?,bank of america na,1,1,0
9,What company is both the agent and administrative agent in the agreement?,bank of america na,1,1,0
9,What company is both the agent and swing line lender in the agreement?,bank of america na,1,1,0
9,What company is both the agent and lender in the agreement?,bank of america na,1,1,0
9,What company is both the agents and co documentation agent in the agreement?,bank of america na,1,1,0
9,What company is both the agents and syndication agent in the agreement?,bank of america na,1,1,0
9,What company is both the agents and administrative agent in the agreement?,bank of america na,1,1,0
9,What company is both the agents and swing line lender in the agreement?,bank of america na,1,1,0
9,What company is both the agents and lender in the agreement?,bank of america na,1,1,0
9,What company is both the co documentation agent and syndication agent in the agreement?,bank of america na,1,1,0
9,What company is both the co documentation agent and administrative agent in the agreement?,bank of america na,1,1,0
9,What company is both the co documentation agent and swing line lender in the agreement?,bank of america na,1,1,0
9,What company is both the co documentation agent and lender in the agreement?,bank of america na,1,1,0
9,What company is both the syndication agent and administrative agent in the agreement?,bank of america na,1,1,0
9,What company is both the syndication agent and swing line lender in the agreement?,bank of america na,1,1,0
9,What company is both the syndication agent and lender in the agreement?,bank of america na,1,1,0
9,What company is both the administrative agent and swing line lender in the agreement?,bank of america na,1,1,0
9,What company is both the administrative agent and lender in the agreement?,bank of america na,1,1,0
9,What company is both the swing line lender and lender in the agreement?,bank of america na,1,1,0
9,What company is both the agent and joint bookrunner in the agreement?,barclays bank plc,1,1,0
9,What company is both the agent and bookrunner in the agreement?,barclays bank plc,1,1,0
9,What company is both the agent and co documentation agent in the agreement?,barclays bank plc,1,1,0
9,What company is both the agent and syndication agent in the agreement?,barclays bank plc,1,1,0
9,What company is both the agent and swing line lender in the agreement?,barclays bank plc,1,1,0
9,What company is both the agent and arrangers in the agreement?,barclays bank plc,1,1,0
9,What company is both the agent and administrative agent in the agreement?,barclays bank plc,1,1,0
9,What company is both the agent and lender in the agreement?,barclays bank plc,1,1,0
9,What company is both the agent and joint lead arranger in the agreement?,barclays bank plc,1,1,0
9,What company is both the agent and arranger in the agreement?,barclays bank plc,1,1,0
9,What company is both the agent and joint lead arrangers in the agreement?,barclays bank plc,1,1,0
9,What company is both the joint bookrunner and bookrunner in the agreement?,barclays bank plc,1,1,0
9,What company is both the joint bookrunner and co documentation agent in the agreement?,barclays bank plc,1,1,0
9,What company is both the joint bookrunner and syndication agent in the agreement?,barclays bank plc,1,1,0
9,What company is both the joint bookrunner and swing line lender in the agreement?,barclays bank plc,1,1,0
9,What company is both the joint bookrunner and arrangers in the agreement?,barclays bank plc,1,1,0
9,What company is both the joint bookrunner and administrative agent in the agreement?,barclays bank plc,1,1,0
9,What company is both the joint bookrunner and lender in the agreement?,barclays bank plc,1,1,0
9,What company is both the joint bookrunner and joint lead arranger in the agreement?,barclays bank plc,1,1,0
9,What company is both the joint bookrunner and arranger in the agreement?,barclays bank plc,1,1,0
9,What company is both the joint bookrunner and joint lead arrangers in the agreement?,barclays bank plc,1,1,0
9,What company is both the bookrunner and co documentation agent in the agreement?,barclays bank plc,1,1,0
9,What company is both the bookrunner and syndication agent in the agreement?,barclays bank plc,1,1,0
9,What company is both the bookrunner and swing line lender in the agreement?,barclays bank plc,1,1,0
9,What company is both the bookrunner and arrangers in the agreement?,barclays bank plc,1,1,0
9,What company is both the bookrunner and administrative agent in the agreement?,barclays bank plc,1,1,0
9,What company is both the bookrunner and lender in the agreement?,barclays bank plc,1,1,0
9,What company is both the bookrunner and joint lead arranger in the agreement?,barclays bank plc,1,1,0
9,What company is both the bookrunner and arranger in the agreement?,barclays bank plc,1,1,0
9,What company is both the bookrunner and joint lead arrangers in the agreement?,barclays bank plc,1,1,0
9,What company is both the co documentation agent and syndication agent in the agreement?,barclays bank plc,1,1,0
9,What company is both the co documentation agent and swing line lender in the agreement?,barclays bank plc,1,1,0
9,What company is both the co documentation agent and arrangers in the agreement?,barclays bank plc,1,1,0
9,What company is both the co documentation agent and administrative agent in the agreement?,barclays bank plc,1,1,0
9,What company is both the co documentation agent and lender in the agreement?,barclays bank plc,1,1,0
9,What company is both the co documentation agent and joint lead arranger in the agreement?,barclays bank plc,1,1,0
9,What company is both the co documentation agent and arranger in the agreement?,barclays bank plc,1,1,0
9,What company is both the co documentation agent and joint lead arrangers in the agreement?,barclays bank plc,1,1,0
9,What company is both the syndication agent and swing line lender in the agreement?,barclays bank plc,1,1,0
9,What company is both the syndication agent and arrangers in the agreement?,barclays bank plc,1,1,0
9,What company is both the syndication agent and administrative agent in the agreement?,barclays bank plc,1,1,0
9,What company is both the syndication agent and lender in the agreement?,barclays bank plc,1,1,0
9,What company is both the syndication agent and joint lead arranger in the agreement?,barclays bank plc,1,1,0
9,What company is both the syndication agent and arranger in the agreement?,barclays bank plc,1,1,0
9,What company is both the syndication agent and joint lead arrangers in the agreement?,barclays bank plc,1,1,0
9,What company is both the swing line lender and arrangers in the agreement?,barclays bank plc,1,1,0
9,What company is both the swing line lender and administrative agent in the agreement?,barclays bank plc,1,1,0
9,What company is both the swing line lender and lender in the agreement?,barclays bank plc,1,1,0
9,What company is both the swing line lender and joint lead arranger in the agreement?,barclays bank plc,1,1,0
9,What company is both the swing line lender and arranger in the agreement?,barclays bank plc,1,1,0
9,What company is both the swing line lender and joint lead arrangers in the agreement?,barclays bank plc,1,1,0
9,What company is both the arrangers and administrative agent in the agreement?,barclays bank plc,1,1,0
9,What company is both the arrangers and lender in the agreement?,barclays bank plc,1,1,0
9,What company is both the arrangers and joint lead arranger in the agreement?,barclays bank plc,1,1,0
9,What company is both the arrangers and arranger in the agreement?,barclays bank plc,1,1,0
9,What company is both the arrangers and joint lead arrangers in the agreement?,barclays bank plc,1,1,0
9,What company is both the administrative agent and lender in the agreement?,barclays bank plc,1,1,0
9,What company is both the administrative agent and joint lead arranger in the agreement?,barclays bank plc,1,1,0
9,What company is both the administrative agent and arranger in the agreement?,barclays bank plc,1,1,0
9,What company is both the administrative agent and joint lead arrangers in the agreement?,barclays bank plc,1,1,0
9,What company is both the lender and joint lead arranger in the agreement?,barclays bank plc,1,1,0
9,What company is both the lender and arranger in the agreement?,barclays bank plc,1,1,0
9,What company is both the lender and joint lead arrangers in the agreement?,barclays bank plc,1,1,0
9,What company is both the joint lead arranger and arranger in the agreement?,barclays bank plc,1,1,0
9,What company is both the joint lead arranger and joint lead arrangers in the agreement?,barclays bank plc,1,1,0
9,What company is both the arranger and joint lead arrangers in the agreement?,barclays bank plc,1,1,0
9,What company is both the swing line lender and lender in the agreement?,branch banking and trust company,1,1,0
9,What company is both the agent and agents in the agreement?,citibank na,1,1,0
9,What company is both the agent and co documentation agent in the agreement?,citibank na,1,1,0
9,What company is both the agent and syndication agent in the agreement?,citibank na,1,1,0
9,What company is both the agent and administrative agent in the agreement?,citibank na,1,1,0
9,What company is both the agent and swing line lender in the agreement?,citibank na,1,1,0
9,What company is both the agent and lender in the agreement?,citibank na,1,1,0
9,What company is both the agents and co documentation agent in the agreement?,citibank na,1,1,0
9,What company is both the agents and syndication agent in the agreement?,citibank na,1,1,0
9,What company is both the agents and administrative agent in the agreement?,citibank na,1,1,0
9,What company is both the agents and swing line lender in the agreement?,citibank na,1,1,0
9,What company is both the agents and lender in the agreement?,citibank na,1,1,0
9,What company is both the co documentation agent and syndication agent in the agreement?,citibank na,1,1,0
9,What company is both the co documentation agent and administrative agent in the agreement?,citibank na,1,1,0
9,What company is both the co documentation agent and swing line lender in the agreement?,citibank na,1,1,0
9,What company is both the co documentation agent and lender in the agreement?,citibank na,1,1,0
9,What company is both the syndication agent and administrative agent in the agreement?,citibank na,1,1,0
9,What company is both the syndication agent and swing line lender in the agreement?,citibank na,1,1,0
9,What company is both the syndication agent and lender in the agreement?,citibank na,1,1,0
9,What company is both the administrative agent and swing line lender in the agreement?,citibank na,1,1,0
9,What company is both the administrative agent and lender in the agreement?,citibank na,1,1,0
9,What company is both the swing line lender and lender in the agreement?,citibank na,1,1,0
9,What company is both the swing line lender and lender in the agreement?,goldman sachs bank usa,1,1,0
9,What company is both the swing line lender and lender in the agreement?,royal bank of canada,1,1,0
9,What company is both the co documentation agents and swing line lender in the agreement?,the royal bank of scotland plc,1,1,0
9,What company is both the co documentation agents and lender in the agreement?,the royal bank of scotland plc,1,1,0
9,What company is both the co documentation agents and agents in the agreement?,the royal bank of scotland plc,1,1,0
9,What company is both the swing line lender and lender in the agreement?,the royal bank of scotland plc,1,1,0
9,What company is both the swing line lender and agents in the agreement?,the royal bank of scotland plc,1,1,0
9,What company is both the lender and agents in the agreement?,the royal bank of scotland plc,1,1,0
9,What company is both the agent and co documentation agent in the agreement?,jpmorgan chase bank na,1,1,0
9,What company is both the agent and syndication agent in the agreement?,jpmorgan chase bank na,1,1,0
9,What company is both the agent and administrative agent in the agreement?,jpmorgan chase bank na,1,1,0
9,What company is both the agent and swing line lender in the agreement?,jpmorgan chase bank na,1,1,0
9,What company is both the agent and lender in the agreement?,jpmorgan chase bank na,1,1,0
9,What company is both the co documentation agent and syndication agent in the agreement?,jpmorgan chase bank na,1,1,0
9,What company is both the co documentation agent and administrative agent in the agreement?,jpmorgan chase bank na,1,1,0
9,What company is both the co documentation agent and swing line lender in the agreement?,jpmorgan chase bank na,1,1,0
9,What company is both the co documentation agent and lender in the agreement?,jpmorgan chase bank na,1,1,0
9,What company is both the syndication agent and administrative agent in the agreement?,jpmorgan chase bank na,1,1,0
9,What company is both the syndication agent and swing line lender in the agreement?,jpmorgan chase bank na,1,1,0
9,What company is both the syndication agent and lender in the agreement?,jpmorgan chase bank na,1,1,0
9,What company is both the administrative agent and swing line lender in the agreement?,jpmorgan chase bank na,1,1,0
9,What company is both the administrative agent and lender in the agreement?,jpmorgan chase bank na,1,1,0
9,What company is both the swing line lender and lender in the agreement?,jpmorgan chase bank na,1,1,0
9,What company is both the swing line lender and lender in the agreement?,credit suisse ag cayman islands branch,1,1,0
59,What company is both the lender and swing line lender in the agreement?,abn amro capital usa llc,1,1,0
59,What company is both the lender and arrangers in the agreement?,abn amro capital usa llc,1,1,0
59,What company is both the swing line lender and arrangers in the agreement?,abn amro capital usa llc,1,1,0
59,What company is both the swing line lender and lender in the agreement?,arvest bank,1,1,0
59,What company is both the swing line lender and lender in the agreement?,bank of america na,1,1,0
59,What company is both the swing line lender and agents in the agreement?,bank of america na,1,1,0
59,What company is both the lender and agents in the agreement?,bank of america na,1,1,0
59,What company is both the lender and swing line lender in the agreement?,bank of the west,1,1,0
59,What company is both the lender and arrangers in the agreement?,bank of the west,1,1,0
59,What company is both the lender and agents in the agreement?,bank of the west,1,1,0
59,What company is both the swing line lender and arrangers in the agreement?,bank of the west,1,1,0
59,What company is both the swing line lender and agents in the agreement?,bank of the west,1,1,0
59,What company is both the arrangers and agents in the agreement?,bank of the west,1,1,0
59,What company is both the lender and swing line lender in the agreement?,bmo harris bank na,1,1,0
59,What company is both the lender and arrangers in the agreement?,bmo harris bank na,1,1,0
59,What company is both the lender and agents in the agreement?,bmo harris bank na,1,1,0
59,What company is both the swing line lender and arrangers in the agreement?,bmo harris bank na,1,1,0
59,What company is both the swing line lender and agents in the agreement?,bmo harris bank na,1,1,0
59,What company is both the arrangers and agents in the agreement?,bmo harris bank na,1,1,0
59,What company is both the swing line lender and lender in the agreement?,bokf na,1,1,0
59,What company is both the swing line lender and lender in the agreement?,branch banking and trust company,1,1,0
59,What company is both the swing line lender and agents in the agreement?,branch banking and trust company,1,1,0
59,What company is both the lender and agents in the agreement?,branch banking and trust company,1,1,0
59,What company is both the swing line lender and lender in the agreement?,citibank na,1,1,0
59,What company is both the swing line lender and agents in the agreement?,citibank na,1,1,0
59,What company is both the lender and agents in the agreement?,citibank na,1,1,0
59,What company is both the lender and swing line lender in the agreement?,farm credit mid america pca,1,1,0
59,What company is both the lender and arrangers in the agreement?,farm credit mid america pca,1,1,0
59,What company is both the swing line lender and arrangers in the agreement?,farm credit mid america pca,1,1,0
59,What company is both the lender and swing line lender in the agreement?,fifth third bank,1,1,0
59,What company is both the lender and arrangers in the agreement?,fifth third bank,1,1,0
59,What company is both the lender and agents in the agreement?,fifth third bank,1,1,0
59,What company is both the swing line lender and arrangers in the agreement?,fifth third bank,1,1,0
59,What company is both the swing line lender and agents in the agreement?,fifth third bank,1,1,0
59,What company is both the arrangers and agents in the agreement?,fifth third bank,1,1,0
59,What company is both the swing line lender and lender in the agreement?,first national bank of omaha,1,1,0
59,What company is both the swing line lender and lender in the agreement?,générale,1,1,0
59,What company is both the swing line lender and lender in the agreement?,jpmorgan chase bank na,1,1,0
59,What company is both the swing line lender and lender in the agreement?,pnc bank national association,1,1,0
59,What company is both the lender and swing line lender in the agreement?,us bank,1,1,0
59,What company is both the lender and arrangers in the agreement?,us bank,1,1,0
59,What company is both the swing line lender and arrangers in the agreement?,us bank,1,1,0
59,What company is both the agent and lc issuer in the agreement?,us bank national association,1,1,0
59,What company is both the agent and administrative agent in the agreement?,us bank national association,1,1,0
59,What company is both the agent and swing line lender in the agreement?,us bank national association,1,1,0
59,What company is both the agent and lender in the agreement?,us bank national association,1,1,0
59,What company is both the lc issuer and administrative agent in the agreement?,us bank national association,1,1,0
59,What company is both the lc issuer and swing line lender in the agreement?,us bank national association,1,1,0
59,What company is both the lc issuer and lender in the agreement?,us bank national association,1,1,0
59,What company is both the administrative agent and swing line lender in the agreement?,us bank national association,1,1,0
59,What company is both the administrative agent and lender in the agreement?,us bank national association,1,1,0
59,What company is both the swing line lender and lender in the agreement?,us bank national association,1,1,0
65,What company is both the bookrunners and arrangers in the agreement?,bofa securities,1,1,0
65,What company is both the bookrunners and arrangers in the agreement?,citizens ban,1,1,0
65,What company is both the collateral trustee and trustee in the agreement?,citizens bank,1,1,0
65,What company is both the bookrunners and arrangers in the agreement?,credit suisse,1,1,0
65,What company is both the bookrunners and arrangers in the agreement?,dbsi,1,1,0
65,What company is both the bookrunners and arrangers in the agreement?,fifth third,1,1,0
65,What company is both the bookrunners and arrangers in the agreement?,goldman,1,1,0
65,What company is both the bookrunners and arrangers in the agreement?,keybank,1,1,0
65,What company is both the rating agency and agency in the agreement?,standardand poors financial services llc,1,1,0
65,What company is both the bookrunners and arrangers in the agreement?,truist securities,1,1,0
65,What company is both the swingline lender and lender in the agreement?,bank of america na,1,1,0
65,What company is both the swingline lender and revolving lender in the agreement?,bank of america na,1,1,0
65,What company is both the lender and revolving lender in the agreement?,bank of america na,1,1,0
65,What company is both the agent and revolving lender in the agreement?,citizens bank na,1,1,0
65,What company is both the agent and issuer in the agreement?,citizens bank na,1,1,0
65,What company is both the agent and swingline lender in the agreement?,citizens bank na,1,1,0
65,What company is both the agent and l c issuer in the agreement?,citizens bank na,1,1,0
65,What company is both the agent and administrative agent in the agreement?,citizens bank na,1,1,0
65,What company is both the agent and lender in the agreement?,citizens bank na,1,1,0
65,What company is both the revolving lender and issuer in the agreement?,citizens bank na,1,1,0
65,What company is both the revolving lender and swingline lender in the agreement?,citizens bank na,1,1,0
65,What company is both the revolving lender and l c issuer in the agreement?,citizens bank na,1,1,0
65,What company is both the revolving lender and administrative agent in the agreement?,citizens bank na,1,1,0
65,What company is both the revolving lender and lender in the agreement?,citizens bank na,1,1,0
65,What company is both the issuer and swingline lender in the agreement?,citizens bank na,1,1,0
65,What company is both the issuer and l c issuer in the agreement?,citizens bank na,1,1,0
65,What company is both the issuer and administrative agent in the agreement?,citizens bank na,1,1,0
65,What company is both the issuer and lender in the agreement?,citizens bank na,1,1,0
65,What company is both the swingline lender and l c issuer in the agreement?,citizens bank na,1,1,0
65,What company is both the swingline lender and administrative agent in the agreement?,citizens bank na,1,1,0
65,What company is both the swingline lender and lender in the agreement?,citizens bank na,1,1,0
65,What company is both the l c issuer and administrative agent in the agreement?,citizens bank na,1,1,0
65,What company is both the l c issuer and lender in the agreement?,citizens bank na,1,1,0
65,What company is both the administrative agent and lender in the agreement?,citizens bank na,1,1,0
65,What company is both the swingline lender and lender in the agreement?,fifth third bank,1,1,0
65,What company is both the swingline lender and revolving lender in the agreement?,fifth third bank,1,1,0
65,What company is both the lender and revolving lender in the agreement?,fifth third bank,1,1,0
65,What company is both the swingline lender and lender in the agreement?,goldman sachs bank usa,1,1,0
65,What company is both the swingline lender and revolving lender in the agreement?,goldman sachs bank usa,1,1,0
65,What company is both the lender and revolving lender in the agreement?,goldman sachs bank usa,1,1,0
65,What company is both the swingline lender and lender in the agreement?,keybank national association,1,1,0
65,What company is both the swingline lender and revolving lender in the agreement?,keybank national association,1,1,0
65,What company is both the lender and revolving lender in the agreement?,keybank national association,1,1,0
65,What company is both the swingline lender and lender in the agreement?,truist bank,1,1,0
65,What company is both the swingline lender and revolving lender in the agreement?,truist bank,1,1,0
65,What company is both the lender and revolving lender in the agreement?,truist bank,1,1,0
65,What company is both the swingline lender and lender in the agreement?,credit suisse ag cayman islands branch,1,1,0
65,What company is both the swingline lender and revolving lender in the agreement?,credit suisse ag cayman islands branch,1,1,0
65,What company is both the lender and revolving lender in the agreement?,credit suisse ag cayman islands branch,1,1,0
65,What company is both the lender and revolving lender in the agreement?,deutsche bank ag new york branch,1,1,0
71,What company is both the bookrunner and sole bookrunner in the agreement?,bank of america merrill lynch,1,1,0
71,What company is both the bookrunner and arranger in the agreement?,bank of america merrill lynch,1,1,0
71,What company is both the bookrunner and sole lead arranger in the agreement?,bank of america merrill lynch,1,1,0
71,What company is both the sole bookrunner and arranger in the agreement?,bank of america merrill lynch,1,1,0
71,What company is both the sole bookrunner and sole lead arranger in the agreement?,bank of america merrill lynch,1,1,0
71,What company is both the arranger and sole lead arranger in the agreement?,bank of america merrill lynch,1,1,0
164,What company is both the joint book runners and lead arrangers in the agreement?,suntrust robinson humphrey inc,1,1,0
164,What company is both the syndication agents and lender in the agreement?,regions bank,1,1,0
164,What company is both the syndication agents and lender in the agreement?,truist bank,1,1,0
164,What company is both the lender and joint book runners in the agreement?,us bank national association,1,1,0
164,What company is both the lender and lc issuer in the agreement?,us bank national association,1,1,0
164,What company is both the lender and administrative agent in the agreement?,us bank national association,1,1,0
164,What company is both the joint book runners and lc issuer in the agreement?,us bank national association,1,1,0
164,What company is both the joint book runners and administrative agent in the agreement?,us bank national association,1,1,0
164,What company is both the lc issuer and administrative agent in the agreement?,us bank national association,1,1,0
170,What company is both the swing line lender and administrative agent in the agreement?,bank of america,1,1,0
170,What company is both the book manager and lead arranger in the agreement?,citigroup global markets inc,1,1,0
170,What company is both the agent and lender in the agreement?,goldman sachs bank usa,1,1,0
170,What company is both the book manager and lead arranger in the agreement?,merrill lynch pierce fenner and smith incorporated,1,1,0
170,What company is both the agent and lender in the agreement?,morgan stanley bank na,1,1,0
170,What company is both the book manager and lead arranger in the agreement?,wells fargo securities llc,1,1,0
170,What company is both the agent and co syndication agent in the agreement?,bank of america na,1,1,0
170,What company is both the agent and co documentation agent in the agreement?,bank of america na,1,1,0
170,What company is both the agent and l c issuer in the agreement?,bank of america na,1,1,0
170,What company is both the agent and administrative agent in the agreement?,bank of america na,1,1,0
170,What company is both the agent and swing line lender in the agreement?,bank of america na,1,1,0
170,What company is both the agent and lender in the agreement?,bank of america na,1,1,0
170,What company is both the co syndication agent and co documentation agent in the agreement?,bank of america na,1,1,0
170,What company is both the co syndication agent and l c issuer in the agreement?,bank of america na,1,1,0
170,What company is both the co syndication agent and administrative agent in the agreement?,bank of america na,1,1,0
170,What company is both the co syndication agent and swing line lender in the agreement?,bank of america na,1,1,0
170,What company is both the co syndication agent and lender in the agreement?,bank of america na,1,1,0
170,What company is both the co documentation agent and l c issuer in the agreement?,bank of america na,1,1,0
170,What company is both the co documentation agent and administrative agent in the agreement?,bank of america na,1,1,0
170,What company is both the co documentation agent and swing line lender in the agreement?,bank of america na,1,1,0
170,What company is both the co documentation agent and lender in the agreement?,bank of america na,1,1,0
170,What company is both the l c issuer and administrative agent in the agreement?,bank of america na,1,1,0
170,What company is both the l c issuer and swing line lender in the agreement?,bank of america na,1,1,0
170,What company is both the l c issuer and lender in the agreement?,bank of america na,1,1,0
170,What company is both the administrative agent and swing line lender in the agreement?,bank of america na,1,1,0
170,What company is both the administrative agent and lender in the agreement?,bank of america na,1,1,0
170,What company is both the swing line lender and lender in the agreement?,bank of america na,1,1,0
170,What company is both the agent and lender in the agreement?,citibank na,1,1,0
170,What company is both the agent and co documentation agent in the agreement?,citibank na,1,1,0
170,What company is both the lender and co documentation agent in the agreement?,citibank na,1,1,0
170,What company is both the agent and lender in the agreement?,jpmorgan chase bank na,1,1,0
170,What company is both the agent and lender in the agreement?,the bank of nova scotia,1,1,0
170,What company is both the agent and lender in the agreement?,us bank national association,1,1,0
170,What company is both the agent and lender in the agreement?,wells fargo bank na,1,1,0
170,What company is both the agent and co documentation agent in the agreement?,wells fargo bank na,1,1,0
170,What company is both the lender and co documentation agent in the agreement?,wells fargo bank na,1,1,0
158,What company is both the bookrunner and sole lead arranger in the agreement?,bofa securities inc,1,1,0
158,What company is both the bookrunner and sole bookrunner in the agreement?,bofa securities inc,1,1,0
158,What company is both the bookrunner and lead arranger in the agreement?,bofa securities inc,1,1,0
158,What company is both the sole lead arranger and sole bookrunner in the agreement?,bofa securities inc,1,1,0
158,What company is both the sole lead arranger and lead arranger in the agreement?,bofa securities inc,1,1,0
158,What company is both the sole bookrunner and lead arranger in the agreement?,bofa securities inc,1,1,0
158,What company is both the lender and swingline lender in the agreement?,bank of america na,1,1,0
158,What company is both the lender and l c issuer in the agreement?,bank of america na,1,1,0
158,What company is both the lender and administrative agent in the agreement?,bank of america na,1,1,0
158,What company is both the swingline lender and l c issuer in the agreement?,bank of america na,1,1,0
158,What company is both the swingline lender and administrative agent in the agreement?,bank of america na,1,1,0
158,What company is both the l c issuer and administrative agent in the agreement?,bank of america na,1,1,0
159,What company is both the collateral agent lenders and securities intermediary party lenders in the agreement?,msif funding llc,1,1,0
159,What company is both the collateral agent lenders and lenders in the agreement?,msif funding llc,1,1,0
159,What company is both the collateral agent lenders and company in the agreement?,msif funding llc,1,1,0
159,What company is both the collateral agent lenders and borrower in the agreement?,msif funding llc,1,1,0
159,What company is both the collateral agent lenders and collateral administrator lenders in the agreement?,msif funding llc,1,1,0
159,What company is both the securities intermediary party lenders and lenders in the agreement?,msif funding llc,1,1,0
159,What company is both the securities intermediary party lenders and company in the agreement?,msif funding llc,1,1,0
159,What company is both the securities intermediary party lenders and borrower in the agreement?,msif funding llc,1,1,0
159,What company is both the securities intermediary party lenders and collateral administrator lenders in the agreement?,msif funding llc,1,1,0
159,What company is both the lenders and company in the agreement?,msif funding llc,1,1,0
159,What company is both the lenders and borrower in the agreement?,msif funding llc,1,1,0
159,What company is both the lenders and collateral administrator lenders in the agreement?,msif funding llc,1,1,0
159,What company is both the company and borrower in the agreement?,msif funding llc,1,1,0
159,What company is both the company and collateral administrator lenders in the agreement?,msif funding llc,1,1,0
159,What company is both the borrower and collateral administrator lenders in the agreement?,msif funding llc,1,1,0
159,What company is both the collateral administrator and securities intermediary in the agreement?,us bank national association,1,1,0
159,What company is both the collateral administrator and collateral agent in the agreement?,us bank national association,1,1,0
159,What company is both the securities intermediary and collateral agent in the agreement?,us bank national association,1,1,0
159,What company is both the lender and administrative agent in the agreement?,jpmorgan chase bank,1,1,0
165,What company is both the documentation agents and lender in the agreement?,goldman sachs bank usa,1,1,0
165,What company is both the syndication agent and lender in the agreement?,jpmorgan chase bank na,1,1,0
165,What company is both the documentation agents and lender in the agreement?,the bank of tokyo mitsubishi ufj ltd,1,1,0
165,What company is both the documentation agents and lender in the agreement?,wells fargo bank national association,1,1,0
165,What company is both the joint bookrunners and documentation agents in the agreement?,mizuho bank ltd,1,1,0
165,What company is both the joint bookrunners and lender in the agreement?,mizuho bank ltd,1,1,0
165,What company is both the documentation agents and lender in the agreement?,mizuho bank ltd,1,1,0
165,What company is both the lender and administrative agent in the agreement?,bank of america na,1,1,0
165,What company is both the lenders and company in the agreement?,conagra brands inc,1,1,0
70,What company is both the bookrunner and arranger in the agreement?,fifth third bank,1,1,0
70,What company is both the bookrunner and administrative agent in the agreement?,fifth third bank,1,1,0
70,What company is both the arranger and administrative agent in the agreement?,fifth third bank,1,1,0
70,What company is both the borrower and subsidiaries borrower in the agreement?,grec entity holdco llc,1,1,0
64,What company is both the bookrunners and arrangers in the agreement?,morgan stanley senior funding inc,1,1,0
64,What company is both the bookrunners and lead arrangers in the agreement?,morgan stanley senior funding inc,1,1,0
64,What company is both the arrangers and lead arrangers in the agreement?,morgan stanley senior funding inc,1,1,0
64,What company is both the agent and syndication agent in the agreement?,goldman sachs lending partners llc,1,1,0
64,What company is both the agent and bookrunners in the agreement?,goldman sachs lending partners llc,1,1,0
64,What company is both the agent and arrangers in the agreement?,goldman sachs lending partners llc,1,1,0
64,What company is both the agent and lead arrangers in the agreement?,goldman sachs lending partners llc,1,1,0
64,What company is both the agent and lender in the agreement?,goldman sachs lending partners llc,1,1,0
64,What company is both the syndication agent and bookrunners in the agreement?,goldman sachs lending partners llc,1,1,0
64,What company is both the syndication agent and arrangers in the agreement?,goldman sachs lending partners llc,1,1,0
64,What company is both the syndication agent and lead arrangers in the agreement?,goldman sachs lending partners llc,1,1,0
64,What company is both the syndication agent and lender in the agreement?,goldman sachs lending partners llc,1,1,0
64,What company is both the bookrunners and arrangers in the agreement?,goldman sachs lending partners llc,1,1,0
64,What company is both the bookrunners and lead arrangers in the agreement?,goldman sachs lending partners llc,1,1,0
64,What company is both the bookrunners and lender in the agreement?,goldman sachs lending partners llc,1,1,0
64,What company is both the arrangers and lead arrangers in the agreement?,goldman sachs lending partners llc,1,1,0
64,What company is both the arrangers and lender in the agreement?,goldman sachs lending partners llc,1,1,0
64,What company is both the lead arrangers and lender in the agreement?,goldman sachs lending partners llc,1,1,0
64,What company is both the agent and syndication agent in the agreement?,morgan stanley senior fundinginc,1,1,0
64,What company is both the agent and administrative agent in the agreement?,morgan stanley senior fundinginc,1,1,0
64,What company is both the syndication agent and administrative agent in the agreement?,morgan stanley senior fundinginc,1,1,0
58,What company is both the agent and administrative agent in the agreement?,hcr collateral management llc,1,1,0
58,What company is both the lenders and investor in the agreement?,healthcare royalty partners iii lp,1,1,0
41,What company is both the agent and syndication agent in the agreement?,bmo harris bank,1,1,0
41,What company is both the agent and lc issuer in the agreement?,bmo harris bank,1,1,0
41,What company is both the syndication agent and lc issuer in the agreement?,bmo harris bank,1,1,0
41,What company is both the agent and bookrunner in the agreement?,citizens bank na,1,1,0
41,What company is both the agent and swingline lender in the agreement?,citizens bank na,1,1,0
41,What company is both the agent and syndication agent in the agreement?,citizens bank na,1,1,0
41,What company is both the agent and lead arranger in the agreement?,citizens bank na,1,1,0
41,What company is both the agent and administrative agent in the agreement?,citizens bank na,1,1,0
41,What company is both the agent and lender in the agreement?,citizens bank na,1,1,0
41,What company is both the agent and arranger in the agreement?,citizens bank na,1,1,0
41,What company is both the agent and documentation agent in the agreement?,citizens bank na,1,1,0
41,What company is both the bookrunner and swingline lender in the agreement?,citizens bank na,1,1,0
41,What company is both the bookrunner and syndication agent in the agreement?,citizens bank na,1,1,0
41,What company is both the bookrunner and lead arranger in the agreement?,citizens bank na,1,1,0
41,What company is both the bookrunner and administrative agent in the agreement?,citizens bank na,1,1,0
41,What company is both the bookrunner and lender in the agreement?,citizens bank na,1,1,0
41,What company is both the bookrunner and arranger in the agreement?,citizens bank na,1,1,0
41,What company is both the bookrunner and documentation agent in the agreement?,citizens bank na,1,1,0
41,What company is both the swingline lender and syndication agent in the agreement?,citizens bank na,1,1,0
41,What company is both the swingline lender and lead arranger in the agreement?,citizens bank na,1,1,0
41,What company is both the swingline lender and administrative agent in the agreement?,citizens bank na,1,1,0
41,What company is both the swingline lender and lender in the agreement?,citizens bank na,1,1,0
41,What company is both the swingline lender and arranger in the agreement?,citizens bank na,1,1,0
41,What company is both the swingline lender and documentation agent in the agreement?,citizens bank na,1,1,0
41,What company is both the syndication agent and lead arranger in the agreement?,citizens bank na,1,1,0
41,What company is both the syndication agent and administrative agent in the agreement?,citizens bank na,1,1,0
41,What company is both the syndication agent and lender in the agreement?,citizens bank na,1,1,0
41,What company is both the syndication agent and arranger in the agreement?,citizens bank na,1,1,0
41,What company is both the syndication agent and documentation agent in the agreement?,citizens bank na,1,1,0
41,What company is both the lead arranger and administrative agent in the agreement?,citizens bank na,1,1,0
41,What company is both the lead arranger and lender in the agreement?,citizens bank na,1,1,0
41,What company is both the lead arranger and arranger in the agreement?,citizens bank na,1,1,0
41,What company is both the lead arranger and documentation agent in the agreement?,citizens bank na,1,1,0
41,What company is both the administrative agent and lender in the agreement?,citizens bank na,1,1,0
41,What company is both the administrative agent and arranger in the agreement?,citizens bank na,1,1,0
41,What company is both the administrative agent and documentation agent in the agreement?,citizens bank na,1,1,0
41,What company is both the lender and arranger in the agreement?,citizens bank na,1,1,0
41,What company is both the lender and documentation agent in the agreement?,citizens bank na,1,1,0
41,What company is both the arranger and documentation agent in the agreement?,citizens bank na,1,1,0
41,What company is both the agent and syndication agent in the agreement?,bmo harris bank na,1,1,0
41,What company is both the agent and swingline lender in the agreement?,bmo harris bank na,1,1,0
41,What company is both the agent and lc issuer in the agreement?,bmo harris bank na,1,1,0
41,What company is both the agent and lender in the agreement?,bmo harris bank na,1,1,0
41,What company is both the agent and documentation agent in the agreement?,bmo harris bank na,1,1,0
41,What company is both the syndication agent and swingline lender in the agreement?,bmo harris bank na,1,1,0
41,What company is both the syndication agent and lc issuer in the agreement?,bmo harris bank na,1,1,0
41,What company is both the syndication agent and lender in the agreement?,bmo harris bank na,1,1,0
41,What company is both the syndication agent and documentation agent in the agreement?,bmo harris bank na,1,1,0
41,What company is both the swingline lender and lc issuer in the agreement?,bmo harris bank na,1,1,0
41,What company is both the swingline lender and lender in the agreement?,bmo harris bank na,1,1,0
41,What company is both the swingline lender and documentation agent in the agreement?,bmo harris bank na,1,1,0
41,What company is both the lc issuer and lender in the agreement?,bmo harris bank na,1,1,0
41,What company is both the lc issuer and documentation agent in the agreement?,bmo harris bank na,1,1,0
41,What company is both the lender and documentation agent in the agreement?,bmo harris bank na,1,1,0
41,What company is both the swingline lender and lender in the agreement?,citibank na,1,1,0
41,What company is both the swingline lender and lender in the agreement?,eastern bank,1,1,0
41,What company is both the agent and syndication agent in the agreement?,keybank national association,1,1,0
41,What company is both the agent and swingline lender in the agreement?,keybank national association,1,1,0
41,What company is both the agent and lender in the agreement?,keybank national association,1,1,0
41,What company is both the agent and documentation agent in the agreement?,keybank national association,1,1,0
41,What company is both the syndication agent and swingline lender in the agreement?,keybank national association,1,1,0
41,What company is both the syndication agent and lender in the agreement?,keybank national association,1,1,0
41,What company is both the syndication agent and documentation agent in the agreement?,keybank national association,1,1,0
41,What company is both the swingline lender and lender in the agreement?,keybank national association,1,1,0
41,What company is both the swingline lender and documentation agent in the agreement?,keybank national association,1,1,0
41,What company is both the lender and documentation agent in the agreement?,keybank national association,1,1,0
41,What company is both the swingline lender and lender in the agreement?,middlesex savings bank,1,1,0
41,What company is both the swingline lender and lender in the agreement?,santander bank na,1,1,0
41,What company is both the swingline lender and lender in the agreement?,webster bank na,1,1,0
7,What company is both the lender and l c issuer in the agreement?,mutual of omaha bank,1,1,0
7,What company is both the lender and administrative agent in the agreement?,mutual of omaha bank,1,1,0
7,What company is both the l c issuer and administrative agent in the agreement?,mutual of omaha bank,1,1,0
55,What company is both the agent and administrative agent in the agreement?,wilmington trust national association,1,1,0
69,What company is both the subsidiary guarantors and subsidiary in the agreement?,mvp acquisitions llc,1,1,0
69,What company is both the subsidiary guarantors and subsidiary in the agreement?,mvp milwaukee wells llc,1,1,0
69,What company is both the subsidiary guarantors and subsidiary in the agreement?,mvp raider park garage llc,1,1,0
69,What company is both the subsidiary guarantors and guarantors in the agreement?,mvp real estate holdings llc,1,1,0
69,What company is both the subsidiary guarantors and subsidiary in the agreement?,mvp real estate holdings llc,1,1,0
69,What company is both the guarantors and subsidiary in the agreement?,mvp real estate holdings llc,1,1,0
69,What company is both the subsidiary guarantors and subsidiary in the agreement?,mvp merger sub llc,1,1,0
69,What company is both the subsidiary and borrower in the agreement?,mvp reit ii operating partnership lp,1,1,0
69,What company is both the agent and administrative agent in the agreement?,keybank national association,1,1,0
82,What company is both the co syndication agent and lender in the agreement?,bank of america,1,1,0
82,What company is both the co syndication agent and lender in the agreement?,barclays bank plc,1,1,0
82,What company is both the co documentation agent and lender in the agreement?,citibank,1,1,0
82,What company is both the co documentation agent and lender in the agreement?,hsbc bank usa national association,1,1,0
82,What company is both the co documentation agent and lender in the agreement?,the royal bank of scotland plc,1,1,0
82,What company is both the swingline lender and lender in the agreement?,jpmorgan chase bank,1,1,0
82,What company is both the swingline lender and administrative agent in the agreement?,jpmorgan chase bank,1,1,0
82,What company is both the lender and administrative agent in the agreement?,jpmorgan chase bank,1,1,0
82,What company is both the subsidiary borrower and borrower in the agreement?,perkinelmer health sciences inc,1,1,0
82,What company is both the subsidiary borrower and borrower in the agreement?,wallac oy,1,1,0
82,What company is both the subsidiary borrower and borrower in the agreement?,perkinelmer inc,1,1,0
168,What company is both the book runners and lead arrangers in the agreement?,bofa securities inc,1,1,0
168,What company is both the lead arrangers and book runners in the agreement?,citibank,1,1,0
168,What company is both the lead arrangers and administrative agent in the agreement?,citibank,1,1,0
168,What company is both the book runners and administrative agent in the agreement?,citibank,1,1,0
168,What company is both the syndication agent and lenders in the agreement?,bank of america na,1,1,0
168,What company is both the syndication agent and lender in the agreement?,bank of america na,1,1,0
168,What company is both the lenders and lender in the agreement?,bank of america na,1,1,0
168,What company is both the agent and lenders in the agreement?,citibank na,1,1,0
168,What company is both the agent and lender in the agreement?,citibank na,1,1,0
168,What company is both the agent and administrative agent in the agreement?,citibank na,1,1,0
168,What company is both the lenders and lender in the agreement?,citibank na,1,1,0
168,What company is both the lenders and administrative agent in the agreement?,citibank na,1,1,0
168,What company is both the lender and administrative agent in the agreement?,citibank na,1,1,0
96,What company is both the agent and lenders in the agreement?,bokf na dba bank of albuquerque,1,1,0
96,What company is both the agent and book managers in the agreement?,bokf na dba bank of albuquerque,1,1,0
96,What company is both the agent and syndication agent in the agreement?,bokf na dba bank of albuquerque,1,1,0
96,What company is both the agent and arrangers in the agreement?,bokf na dba bank of albuquerque,1,1,0
96,What company is both the agent and administrative agent in the agreement?,bokf na dba bank of albuquerque,1,1,0
96,What company is both the agent and co book managers in the agreement?,bokf na dba bank of albuquerque,1,1,0
96,What company is both the lenders and book managers in the agreement?,bokf na dba bank of albuquerque,1,1,0
96,What company is both the lenders and syndication agent in the agreement?,bokf na dba bank of albuquerque,1,1,0
96,What company is both the lenders and arrangers in the agreement?,bokf na dba bank of albuquerque,1,1,0
96,What company is both the lenders and administrative agent in the agreement?,bokf na dba bank of albuquerque,1,1,0
96,What company is both the lenders and co book managers in the agreement?,bokf na dba bank of albuquerque,1,1,0
96,What company is both the book managers and syndication agent in the agreement?,bokf na dba bank of albuquerque,1,1,0
96,What company is both the book managers and arrangers in the agreement?,bokf na dba bank of albuquerque,1,1,0
96,What company is both the book managers and administrative agent in the agreement?,bokf na dba bank of albuquerque,1,1,0
96,What company is both the book managers and co book managers in the agreement?,bokf na dba bank of albuquerque,1,1,0
96,What company is both the syndication agent and arrangers in the agreement?,bokf na dba bank of albuquerque,1,1,0
96,What company is both the syndication agent and administrative agent in the agreement?,bokf na dba bank of albuquerque,1,1,0
96,What company is both the syndication agent and co book managers in the agreement?,bokf na dba bank of albuquerque,1,1,0
96,What company is both the arrangers and administrative agent in the agreement?,bokf na dba bank of albuquerque,1,1,0
96,What company is both the arrangers and co book managers in the agreement?,bokf na dba bank of albuquerque,1,1,0
96,What company is both the administrative agent and co book managers in the agreement?,bokf na dba bank of albuquerque,1,1,0
96,What company is both the agent and lenders in the agreement?,us bank national association,1,1,0
96,What company is both the agent and book managers in the agreement?,us bank national association,1,1,0
96,What company is both the agent and syndication agent in the agreement?,us bank national association,1,1,0
96,What company is both the agent and arrangers in the agreement?,us bank national association,1,1,0
96,What company is both the agent and administrative agent in the agreement?,us bank national association,1,1,0
96,What company is both the agent and joint lead arrangers in the agreement?,us bank national association,1,1,0
96,What company is both the lenders and book managers in the agreement?,us bank national association,1,1,0
96,What company is both the lenders and syndication agent in the agreement?,us bank national association,1,1,0
96,What company is both the lenders and arrangers in the agreement?,us bank national association,1,1,0
96,What company is both the lenders and administrative agent in the agreement?,us bank national association,1,1,0
96,What company is both the lenders and joint lead arrangers in the agreement?,us bank national association,1,1,0
96,What company is both the book managers and syndication agent in the agreement?,us bank national association,1,1,0
96,What company is both the book managers and arrangers in the agreement?,us bank national association,1,1,0
96,What company is both the book managers and administrative agent in the agreement?,us bank national association,1,1,0
96,What company is both the book managers and joint lead arrangers in the agreement?,us bank national association,1,1,0
96,What company is both the syndication agent and arrangers in the agreement?,us bank national association,1,1,0
96,What company is both the syndication agent and administrative agent in the agreement?,us bank national association,1,1,0
96,What company is both the syndication agent and joint lead arrangers in the agreement?,us bank national association,1,1,0
96,What company is both the arrangers and administrative agent in the agreement?,us bank national association,1,1,0
96,What company is both the arrangers and joint lead arrangers in the agreement?,us bank national association,1,1,0
96,What company is both the administrative agent and joint lead arrangers in the agreement?,us bank national association,1,1,0
140,What company is both the guarantor and maltese guarantor in the agreement?,wwtai airopco malta limited,1,1,0
140,What company is both the holdings and borrower in the agreement?,fortress transportation and infrastructure investors llc,1,1,0
140,What company is both the holdings and intermediateco in the agreement?,fortress transportation and infrastructure investors llc,1,1,0
140,What company is both the borrower and intermediateco in the agreement?,fortress transportation and infrastructure investors llc,1,1,0
140,What company is both the agent and lead bookrunner in the agreement?,morgan stanley senior funding inc,1,1,0
140,What company is both the agent and lead arranger in the agreement?,morgan stanley senior funding inc,1,1,0
140,What company is both the agent and administrative agent in the agreement?,morgan stanley senior funding inc,1,1,0
140,What company is both the agent and lender in the agreement?,morgan stanley senior funding inc,1,1,0
140,What company is both the agent and arranger in the agreement?,morgan stanley senior funding inc,1,1,0
140,What company is both the lead bookrunner and lead arranger in the agreement?,morgan stanley senior funding inc,1,1,0
140,What company is both the lead bookrunner and administrative agent in the agreement?,morgan stanley senior funding inc,1,1,0
140,What company is both the lead bookrunner and lender in the agreement?,morgan stanley senior funding inc,1,1,0
140,What company is both the lead bookrunner and arranger in the agreement?,morgan stanley senior funding inc,1,1,0
140,What company is both the lead arranger and administrative agent in the agreement?,morgan stanley senior funding inc,1,1,0
140,What company is both the lead arranger and lender in the agreement?,morgan stanley senior funding inc,1,1,0
140,What company is both the lead arranger and arranger in the agreement?,morgan stanley senior funding inc,1,1,0
140,What company is both the administrative agent and lender in the agreement?,morgan stanley senior funding inc,1,1,0
140,What company is both the administrative agent and arranger in the agreement?,morgan stanley senior funding inc,1,1,0
140,What company is both the lender and arranger in the agreement?,morgan stanley senior funding inc,1,1,0
154,What company is both the bookrunner and lender in the agreement?,jpmorgan chase bank na,1,1,0
154,What company is both the bookrunner and sole lead arranger in the agreement?,jpmorgan chase bank na,1,1,0
154,What company is both the bookrunner and administrative agent in the agreement?,jpmorgan chase bank na,1,1,0
154,What company is both the lender and sole lead arranger in the agreement?,jpmorgan chase bank na,1,1,0
154,What company is both the lender and administrative agent in the agreement?,jpmorgan chase bank na,1,1,0
154,What company is both the sole lead arranger and administrative agent in the agreement?,jpmorgan chase bank na,1,1,0
155,What company is both the agent and collateral agent in the agreement?,whitehawk capital partners lp,1,1,0
155,What company is both the agent and administrative agent in the agreement?,whitehawk capital partners lp,1,1,0
155,What company is both the collateral agent and administrative agent in the agreement?,whitehawk capital partners lp,1,1,0
141,What company is both the book runner and arranger in the agreement?,pnc capital markets llc,1,1,0
141,What company is both the book runner and lead arranger in the agreement?,pnc capital markets llc,1,1,0
141,What company is both the arranger and lead arranger in the agreement?,pnc capital markets llc,1,1,0
141,What company is both the agent and lender in the agreement?,pnc bank national association,1,1,0
141,What company is both the agent and administrative agent in the agreement?,pnc bank national association,1,1,0
141,What company is both the lender and administrative agent in the agreement?,pnc bank national association,1,1,0
169,What company is both the borrower and parent borrower in the agreement?,bc systems inc,1,1,0
169,What company is both the borrower and parent borrower in the agreement?,cb containers inc,1,1,0
169,What company is both the borrower and parent borrower in the agreement?,chiquita brands llc,1,1,0
169,What company is both the borrower and parent borrower in the agreement?,chiquita fresh north america llc,1,1,0
169,What company is both the borrower and parent borrower in the agreement?,fresh express incorporated,1,1,0
169,What company is both the borrower and parent borrower in the agreement?,fresh international corp,1,1,0
169,What company is both the book runners and lender in the agreement?,merrill lynch pierce fenner and smith incorporated,1,1,0
169,What company is both the borrower and parent borrower in the agreement?,transfresh corporation,1,1,0
169,What company is both the borrower and parent borrower in the agreement?,verdelli farms inc,1,1,0
169,What company is both the borrower and parent borrower in the agreement?,vf transportation llc,1,1,0
169,What company is both the agent and agents in the agreement?,bank of america na,1,1,0
169,What company is both the agent and syndication agent in the agreement?,bank of america na,1,1,0
169,What company is both the agent and syndication agents in the agreement?,bank of america na,1,1,0
169,What company is both the agent and lender in the agreement?,bank of america na,1,1,0
169,What company is both the agents and syndication agent in the agreement?,bank of america na,1,1,0
169,What company is both the agents and syndication agents in the agreement?,bank of america na,1,1,0
169,What company is both the agents and lender in the agreement?,bank of america na,1,1,0
169,What company is both the syndication agent and syndication agents in the agreement?,bank of america na,1,1,0
169,What company is both the syndication agent and lender in the agreement?,bank of america na,1,1,0
169,What company is both the syndication agents and lender in the agreement?,bank of america na,1,1,0
169,What company is both the agent and syndication agent in the agreement?,goldman sachs bank usa,1,1,0
169,What company is both the agent and lead arranger in the agreement?,goldman sachs bank usa,1,1,0
169,What company is both the agent and lender in the agreement?,goldman sachs bank usa,1,1,0
169,What company is both the agent and arranger in the agreement?,goldman sachs bank usa,1,1,0
169,What company is both the agent and documentation agent in the agreement?,goldman sachs bank usa,1,1,0
169,What company is both the syndication agent and lead arranger in the agreement?,goldman sachs bank usa,1,1,0
169,What company is both the syndication agent and lender in the agreement?,goldman sachs bank usa,1,1,0
169,What company is both the syndication agent and arranger in the agreement?,goldman sachs bank usa,1,1,0
169,What company is both the syndication agent and documentation agent in the agreement?,goldman sachs bank usa,1,1,0
169,What company is both the lead arranger and lender in the agreement?,goldman sachs bank usa,1,1,0
169,What company is both the lead arranger and arranger in the agreement?,goldman sachs bank usa,1,1,0
169,What company is both the lead arranger and documentation agent in the agreement?,goldman sachs bank usa,1,1,0
169,What company is both the lender and arranger in the agreement?,goldman sachs bank usa,1,1,0
169,What company is both the lender and documentation agent in the agreement?,goldman sachs bank usa,1,1,0
169,What company is both the arranger and documentation agent in the agreement?,goldman sachs bank usa,1,1,0
169,What company is both the agent and syndication agent in the agreement?,coöperatieve centrale raiffeisen boerenleenbank barabobank nederland new york branch,1,1,0
169,What company is both the agent and lead arranger in the agreement?,coöperatieve centrale raiffeisen boerenleenbank barabobank nederland new york branch,1,1,0
169,What company is both the agent and lender in the agreement?,coöperatieve centrale raiffeisen boerenleenbank barabobank nederland new york branch,1,1,0
169,What company is both the agent and arranger in the agreement?,coöperatieve centrale raiffeisen boerenleenbank barabobank nederland new york branch,1,1,0
169,What company is both the agent and documentation agent in the agreement?,coöperatieve centrale raiffeisen boerenleenbank barabobank nederland new york branch,1,1,0
169,What company is both the syndication agent and lead arranger in the agreement?,coöperatieve centrale raiffeisen boerenleenbank barabobank nederland new york branch,1,1,0
169,What company is both the syndication agent and lender in the agreement?,coöperatieve centrale raiffeisen boerenleenbank barabobank nederland new york branch,1,1,0
169,What company is both the syndication agent and arranger in the agreement?,coöperatieve centrale raiffeisen boerenleenbank barabobank nederland new york branch,1,1,0
169,What company is both the syndication agent and documentation agent in the agreement?,coöperatieve centrale raiffeisen boerenleenbank barabobank nederland new york branch,1,1,0
169,What company is both the lead arranger and lender in the agreement?,coöperatieve centrale raiffeisen boerenleenbank barabobank nederland new york branch,1,1,0
169,What company is both the lead arranger and arranger in the agreement?,coöperatieve centrale raiffeisen boerenleenbank barabobank nederland new york branch,1,1,0
169,What company is both the lead arranger and documentation agent in the agreement?,coöperatieve centrale raiffeisen boerenleenbank barabobank nederland new york branch,1,1,0
169,What company is both the lender and arranger in the agreement?,coöperatieve centrale raiffeisen boerenleenbank barabobank nederland new york branch,1,1,0
169,What company is both the lender and documentation agent in the agreement?,coöperatieve centrale raiffeisen boerenleenbank barabobank nederland new york branch,1,1,0
169,What company is both the arranger and documentation agent in the agreement?,coöperatieve centrale raiffeisen boerenleenbank barabobank nederland new york branch,1,1,0
169,What company is both the agent and book runner in the agreement?,wells fargo bank national association,1,1,0
169,What company is both the agent and syndication agent in the agreement?,wells fargo bank national association,1,1,0
169,What company is both the agent and book runners in the agreement?,wells fargo bank national association,1,1,0
169,What company is both the agent and lead arranger in the agreement?,wells fargo bank national association,1,1,0
169,What company is both the agent and administrative agent in the agreement?,wells fargo bank national association,1,1,0
169,What company is both the agent and lender in the agreement?,wells fargo bank national association,1,1,0
169,What company is both the agent and arranger in the agreement?,wells fargo bank national association,1,1,0
169,What company is both the agent and documentation agent in the agreement?,wells fargo bank national association,1,1,0
169,What company is both the book runner and syndication agent in the agreement?,wells fargo bank national association,1,1,0
169,What company is both the book runner and book runners in the agreement?,wells fargo bank national association,1,1,0
169,What company is both the book runner and lead arranger in the agreement?,wells fargo bank national association,1,1,0
169,What company is both the book runner and administrative agent in the agreement?,wells fargo bank national association,1,1,0
169,What company is both the book runner and lender in the agreement?,wells fargo bank national association,1,1,0
169,What company is both the book runner and arranger in the agreement?,wells fargo bank national association,1,1,0
169,What company is both the book runner and documentation agent in the agreement?,wells fargo bank national association,1,1,0
169,What company is both the syndication agent and book runners in the agreement?,wells fargo bank national association,1,1,0
169,What company is both the syndication agent and lead arranger in the agreement?,wells fargo bank national association,1,1,0
169,What company is both the syndication agent and administrative agent in the agreement?,wells fargo bank national association,1,1,0
169,What company is both the syndication agent and lender in the agreement?,wells fargo bank national association,1,1,0
169,What company is both the syndication agent and arranger in the agreement?,wells fargo bank national association,1,1,0
169,What company is both the syndication agent and documentation agent in the agreement?,wells fargo bank national association,1,1,0
169,What company is both the book runners and lead arranger in the agreement?,wells fargo bank national association,1,1,0
169,What company is both the book runners and administrative agent in the agreement?,wells fargo bank national association,1,1,0
169,What company is both the book runners and lender in the agreement?,wells fargo bank national association,1,1,0
169,What company is both the book runners and arranger in the agreement?,wells fargo bank national association,1,1,0
169,What company is both the book runners and documentation agent in the agreement?,wells fargo bank national association,1,1,0
169,What company is both the lead arranger and administrative agent in the agreement?,wells fargo bank national association,1,1,0
169,What company is both the lead arranger and lender in the agreement?,wells fargo bank national association,1,1,0
169,What company is both the lead arranger and arranger in the agreement?,wells fargo bank national association,1,1,0
169,What company is both the lead arranger and documentation agent in the agreement?,wells fargo bank national association,1,1,0
169,What company is both the administrative agent and lender in the agreement?,wells fargo bank national association,1,1,0
169,What company is both the administrative agent and arranger in the agreement?,wells fargo bank national association,1,1,0
169,What company is both the administrative agent and documentation agent in the agreement?,wells fargo bank national association,1,1,0
169,What company is both the lender and arranger in the agreement?,wells fargo bank national association,1,1,0
169,What company is both the lender and documentation agent in the agreement?,wells fargo bank national association,1,1,0
169,What company is both the arranger and documentation agent in the agreement?,wells fargo bank national association,1,1,0
169,What company is both the parent and borrower in the agreement?,chiquita brands international inc,1,1,0
169,What company is both the parent and parent borrower in the agreement?,chiquita brands international inc,1,1,0
169,What company is both the borrower and parent borrower in the agreement?,chiquita brands international inc,1,1,0
97,What company is both the agent and lender in the agreement?,general electric capital corporation,1,1,0
97,What company is both the agent and administrative agent in the agreement?,general electric capital corporation,1,1,0
97,What company is both the lender and administrative agent in the agreement?,general electric capital corporation,1,1,0
83,What company is both the swing line lender and lender in the agreement?,american savings bank fsb,1,1,0
83,What company is both the swing line lender and lender in the agreement?,bank of america,1,1,0
83,What company is both the swing line lender and lender in the agreement?,bank of china,1,1,0
83,What company is both the swing line lender and lender in the agreement?,bank of taiwan,1,1,0
83,What company is both the swing line lender and lender in the agreement?,bank of the west,1,1,0
83,What company is both the swing line lender and lender in the agreement?,banner bank,1,1,0
83,What company is both the swing line lender and lender in the agreement?,branch banking and trust company,1,1,0
83,What company is both the swing line lender and lender in the agreement?,chang hwa commercial bank ltd,1,1,0
83,What company is both the swing line lender and lender in the agreement?,citiban,1,1,0
83,What company is both the swing line lender and lender in the agreement?,comerica bank,1,1,0
83,What company is both the swing line lender and lender in the agreement?,compass bank,1,1,0
83,What company is both the swing line lender and lender in the agreement?,ctbc bank co ltd,1,1,0
83,What company is both the swing line lender and lender in the agreement?,dbs bank ltd,1,1,0
83,What company is both the swing line lender and lender in the agreement?,fifth third bank,1,1,0
83,What company is both the swing line lender and lender in the agreement?,first hawaiian bank,1,1,0
83,What company is both the swing line lender and lender in the agreement?,hsbc bank plc,1,1,0
83,What company is both the swing line lender and lender in the agreement?,hsbc bank usa national association,1,1,0
83,What company is both the swing line lender and lender in the agreement?,hua nan commercial bank,1,1,0
83,What company is both the swing line lender and lender in the agreement?,hua nan commercial bank ltd,1,1,0
83,What company is both the lender and swing line lender in the agreement?,jpmorgan chase bank na,1,1,0
83,What company is both the lender and l c issuer in the agreement?,jpmorgan chase bank na,1,1,0
83,What company is both the lender and administrative agent in the agreement?,jpmorgan chase bank na,1,1,0
83,What company is both the swing line lender and l c issuer in the agreement?,jpmorgan chase bank na,1,1,0
83,What company is both the swing line lender and administrative agent in the agreement?,jpmorgan chase bank na,1,1,0
83,What company is both the l c issuer and administrative agent in the agreement?,jpmorgan chase bank na,1,1,0
83,What company is both the swing line lender and lender in the agreement?,keybank national association,1,1,0
83,What company is both the swing line lender and lender in the agreement?,land bank of taiwan los angeles branch,1,1,0
83,What company is both the swing line lender and lender in the agreement?,manufacturers bank,1,1,0
83,What company is both the swing line lender and lender in the agreement?,mega international commercial bank co ltd los angeles branch,1,1,0
83,What company is both the swing line lender and lender in the agreement?,mizuho bank ltd,1,1,0
83,What company is both the swing line lender and lender in the agreement?,pnc bank national association,1,1,0
83,What company is both the swing line lender and lender in the agreement?,royal bank of canada,1,1,0
83,What company is both the swing line lender and lender in the agreement?,sabadell united bank,1,1,0
83,What company is both the swing line lender and lender in the agreement?,sumitomo mitsui banking corp,1,1,0
83,What company is both the swing line lender and lender in the agreement?,suntrust bank,1,1,0
83,What company is both the swing line lender and lender in the agreement?,taipei fubon commercial bank co ltd,1,1,0
83,What company is both the swing line lender and lender in the agreement?,taiwan cooperative bank ltd,1,1,0
83,What company is both the swing line lender and lender in the agreement?,td bank,1,1,0
83,What company is both the swing line lender and lender in the agreement?,the bank of nova scotia,1,1,0
83,What company is both the swing line lender and lender in the agreement?,the northern trust company,1,1,0
83,What company is both the swing line lender and lender in the agreement?,thebankoftokyo mitsubishiufjltd,1,1,0
83,What company is both the swing line lender and lender in the agreement?,us bank national association,1,1,0
83,What company is both the swing line lender and lender in the agreement?,wells fargo bank national association,1,1,0
83,What company is both the guarantor and holdings in the agreement?,western digital corporation,1,1,0
83,What company is both the swing line lender and lender in the agreement?,banco de credito e inversiones,1,1,0
83,What company is both the swing line lender and lender in the agreement?,bnp paribas,1,1,0
83,What company is both the swing line lender and lender in the agreement?,standard chartered bank,1,1,0
83,What company is both the swing line lender and lender in the agreement?,the bank of east asia ltd,1,1,0
83,What company is both the us borrower and cayman borrower in the agreement?,western digital technologies inc,1,1,0
68,What company is both the agent and lender in the agreement?,bank of montreal,1,1,0
68,What company is both the agent and syndication agent in the agreement?,bank of montreal,1,1,0
68,What company is both the agent and documentation agent in the agreement?,bank of montreal,1,1,0
68,What company is both the lender and syndication agent in the agreement?,bank of montreal,1,1,0
68,What company is both the lender and documentation agent in the agreement?,bank of montreal,1,1,0
68,What company is both the syndication agent and documentation agent in the agreement?,bank of montreal,1,1,0
68,What company is both the agent and lender in the agreement?,citizens bank na,1,1,0
68,What company is both the agent and documentation agent in the agreement?,citizens bank na,1,1,0
68,What company is both the lender and documentation agent in the agreement?,citizens bank na,1,1,0
68,What company is both the competitors borrower and borrower in the agreement?,franklin street properties corp,1,1,0
68,What company is both the agent and syndication agent in the agreement?,jpmorgan chase bank na,1,1,0
68,What company is both the agent and issuer in the agreement?,jpmorgan chase bank na,1,1,0
68,What company is both the agent and l c issuer in the agreement?,jpmorgan chase bank na,1,1,0
68,What company is both the agent and lender in the agreement?,jpmorgan chase bank na,1,1,0
68,What company is both the agent and arranger in the agreement?,jpmorgan chase bank na,1,1,0
68,What company is both the agent and documentation agent in the agreement?,jpmorgan chase bank na,1,1,0
68,What company is both the syndication agent and issuer in the agreement?,jpmorgan chase bank na,1,1,0
68,What company is both the syndication agent and l c issuer in the agreement?,jpmorgan chase bank na,1,1,0
68,What company is both the syndication agent and lender in the agreement?,jpmorgan chase bank na,1,1,0
68,What company is both the syndication agent and arranger in the agreement?,jpmorgan chase bank na,1,1,0
68,What company is both the syndication agent and documentation agent in the agreement?,jpmorgan chase bank na,1,1,0
68,What company is both the issuer and l c issuer in the agreement?,jpmorgan chase bank na,1,1,0
68,What company is both the issuer and lender in the agreement?,jpmorgan chase bank na,1,1,0
68,What company is both the issuer and arranger in the agreement?,jpmorgan chase bank na,1,1,0
68,What company is both the issuer and documentation agent in the agreement?,jpmorgan chase bank na,1,1,0
68,What company is both the l c issuer and lender in the agreement?,jpmorgan chase bank na,1,1,0
68,What company is both the l c issuer and arranger in the agreement?,jpmorgan chase bank na,1,1,0
68,What company is both the l c issuer and documentation agent in the agreement?,jpmorgan chase bank na,1,1,0
68,What company is both the lender and arranger in the agreement?,jpmorgan chase bank na,1,1,0
68,What company is both the lender and documentation agent in the agreement?,jpmorgan chase bank na,1,1,0
68,What company is both the arranger and documentation agent in the agreement?,jpmorgan chase bank na,1,1,0
68,What company is both the agent and lender in the agreement?,regions bank,1,1,0
68,What company is both the agent and documentation agent in the agreement?,regions bank,1,1,0
68,What company is both the lender and documentation agent in the agreement?,regions bank,1,1,0
68,What company is both the agent and syndication agent in the agreement?,bank of america na,1,1,0
68,What company is both the agent and issuer in the agreement?,bank of america na,1,1,0
68,What company is both the agent and l c issuer in the agreement?,bank of america na,1,1,0
68,What company is both the agent and administrative agent in the agreement?,bank of america na,1,1,0
68,What company is both the agent and lender in the agreement?,bank of america na,1,1,0
68,What company is both the agent and documentation agent in the agreement?,bank of america na,1,1,0
68,What company is both the syndication agent and issuer in the agreement?,bank of america na,1,1,0
68,What company is both the syndication agent and l c issuer in the agreement?,bank of america na,1,1,0
68,What company is both the syndication agent and administrative agent in the agreement?,bank of america na,1,1,0
68,What company is both the syndication agent and lender in the agreement?,bank of america na,1,1,0
68,What company is both the syndication agent and documentation agent in the agreement?,bank of america na,1,1,0
68,What company is both the issuer and l c issuer in the agreement?,bank of america na,1,1,0
68,What company is both the issuer and administrative agent in the agreement?,bank of america na,1,1,0
68,What company is both the issuer and lender in the agreement?,bank of america na,1,1,0
68,What company is both the issuer and documentation agent in the agreement?,bank of america na,1,1,0
68,What company is both the l c issuer and administrative agent in the agreement?,bank of america na,1,1,0
68,What company is both the l c issuer and lender in the agreement?,bank of america na,1,1,0
68,What company is both the l c issuer and documentation agent in the agreement?,bank of america na,1,1,0
68,What company is both the administrative agent and lender in the agreement?,bank of america na,1,1,0
68,What company is both the administrative agent and documentation agent in the agreement?,bank of america na,1,1,0
68,What company is both the lender and documentation agent in the agreement?,bank of america na,1,1,0
40,What company is both the joint bookrunners and bookrunners in the agreement?,jp morgan securities llc,1,1,0
40,What company is both the joint bookrunners and arrangers in the agreement?,jp morgan securities llc,1,1,0
40,What company is both the joint bookrunners and joint lead arrangers in the agreement?,jp morgan securities llc,1,1,0
40,What company is both the bookrunners and arrangers in the agreement?,jp morgan securities llc,1,1,0
40,What company is both the bookrunners and joint lead arrangers in the agreement?,jp morgan securities llc,1,1,0
40,What company is both the arrangers and joint lead arrangers in the agreement?,jp morgan securities llc,1,1,0
40,What company is both the joint bookrunners and bookrunners in the agreement?,keybanc capital markets inc,1,1,0
40,What company is both the joint bookrunners and arrangers in the agreement?,keybanc capital markets inc,1,1,0
40,What company is both the joint bookrunners and joint lead arrangers in the agreement?,keybanc capital markets inc,1,1,0
40,What company is both the bookrunners and arrangers in the agreement?,keybanc capital markets inc,1,1,0
40,What company is both the bookrunners and joint lead arrangers in the agreement?,keybanc capital markets inc,1,1,0
40,What company is both the arrangers and joint lead arrangers in the agreement?,keybanc capital markets inc,1,1,0
40,What company is both the agent and lender in the agreement?,associated bank national association,1,1,0
40,What company is both the agent and co documentation agent in the agreement?,associated bank national association,1,1,0
40,What company is both the agent and administrative agent in the agreement?,associated bank national association,1,1,0
40,What company is both the lender and co documentation agent in the agreement?,associated bank national association,1,1,0
40,What company is both the lender and administrative agent in the agreement?,associated bank national association,1,1,0
40,What company is both the co documentation agent and administrative agent in the agreement?,associated bank national association,1,1,0
40,What company is both the agent and lender in the agreement?,first niagara bank na,1,1,0
40,What company is both the agent and co documentation agent in the agreement?,first niagara bank na,1,1,0
40,What company is both the agent and administrative agent in the agreement?,first niagara bank na,1,1,0
40,What company is both the lender and co documentation agent in the agreement?,first niagara bank na,1,1,0
40,What company is both the lender and administrative agent in the agreement?,first niagara bank na,1,1,0
40,What company is both the co documentation agent and administrative agent in the agreement?,first niagara bank na,1,1,0
40,What company is both the agent and syndication agent in the agreement?,keybank national association,1,1,0
40,What company is both the agent and co documentation agent in the agreement?,keybank national association,1,1,0
40,What company is both the agent and administrative agent in the agreement?,keybank national association,1,1,0
40,What company is both the agent and lender in the agreement?,keybank national association,1,1,0
40,What company is both the syndication agent and co documentation agent in the agreement?,keybank national association,1,1,0
40,What company is both the syndication agent and administrative agent in the agreement?,keybank national association,1,1,0
40,What company is both the syndication agent and lender in the agreement?,keybank national association,1,1,0
40,What company is both the co documentation agent and administrative agent in the agreement?,keybank national association,1,1,0
40,What company is both the co documentation agent and lender in the agreement?,keybank national association,1,1,0
40,What company is both the administrative agent and lender in the agreement?,keybank national association,1,1,0
40,What company is both the agent and co documentation agent in the agreement?,jpmorgan chase bank na,1,1,0
40,What company is both the agent and syndication agent in the agreement?,jpmorgan chase bank na,1,1,0
40,What company is both the agent and administrative agent in the agreement?,jpmorgan chase bank na,1,1,0
40,What company is both the agent and issuing bank in the agreement?,jpmorgan chase bank na,1,1,0
40,What company is both the agent and lender in the agreement?,jpmorgan chase bank na,1,1,0
40,What company is both the co documentation agent and syndication agent in the agreement?,jpmorgan chase bank na,1,1,0
40,What company is both the co documentation agent and administrative agent in the agreement?,jpmorgan chase bank na,1,1,0
40,What company is both the co documentation agent and issuing bank in the agreement?,jpmorgan chase bank na,1,1,0
40,What company is both the co documentation agent and lender in the agreement?,jpmorgan chase bank na,1,1,0
40,What company is both the syndication agent and administrative agent in the agreement?,jpmorgan chase bank na,1,1,0
40,What company is both the syndication agent and issuing bank in the agreement?,jpmorgan chase bank na,1,1,0
40,What company is both the syndication agent and lender in the agreement?,jpmorgan chase bank na,1,1,0
40,What company is both the administrative agent and issuing bank in the agreement?,jpmorgan chase bank na,1,1,0
40,What company is both the administrative agent and lender in the agreement?,jpmorgan chase bank na,1,1,0
40,What company is both the issuing bank and lender in the agreement?,jpmorgan chase bank na,1,1,0
56,What company is both the syndication agents and agents in the agreement?,morgan stanley senior funding inc,1,1,0
56,What company is both the syndication agents and agents in the agreement?,ubs securities llc,1,1,0
56,What company is both the agent and collateral agent in the agreement?,credit suisse ag,1,1,0
56,What company is both the agent and administrative agent in the agreement?,credit suisse ag,1,1,0
56,What company is both the collateral agent and administrative agent in the agreement?,credit suisse ag,1,1,0
56,What company is both the syndication agents and lender in the agreement?,barclays bank plc,1,1,0
56,What company is both the syndication agents and agents in the agreement?,barclays bank plc,1,1,0
56,What company is both the lender and agents in the agreement?,barclays bank plc,1,1,0
56,What company is both the syndication agents and lender in the agreement?,goldman sachs bank usa,1,1,0
56,What company is both the syndication agents and agents in the agreement?,goldman sachs bank usa,1,1,0
56,What company is both the lender and agents in the agreement?,goldman sachs bank usa,1,1,0
56,What company is both the agent and collateral agent in the agreement?,credit suisse ag cayman islands branch,1,1,0
56,What company is both the agent and lender in the agreement?,credit suisse ag cayman islands branch,1,1,0
56,What company is both the agent and administrative agent in the agreement?,credit suisse ag cayman islands branch,1,1,0
56,What company is both the collateral agent and lender in the agreement?,credit suisse ag cayman islands branch,1,1,0
56,What company is both the collateral agent and administrative agent in the agreement?,credit suisse ag cayman islands branch,1,1,0
56,What company is both the lender and administrative agent in the agreement?,credit suisse ag cayman islands branch,1,1,0
4,What company is both the co documentation agents and bookrunners in the agreement?,credit suisse securities usa llc,1,1,0
4,What company is both the co documentation agents and bookrunners in the agreement?,merrill lynch pierce fennerand smith incorporated,1,1,0
4,What company is both the bookrunner and syndication agent in the agreement?,p morgan securities llc,1,1,0
4,What company is both the bookrunner and lead arranger in the agreement?,p morgan securities llc,1,1,0
4,What company is both the syndication agent and lead arranger in the agreement?,p morgan securities llc,1,1,0
4,What company is both the co documentation agents and bookrunners in the agreement?,barclays bank plc,1,1,0
4,What company is both the bookrunner and l c issuer in the agreement?,goldman sachs bank usa,1,1,0
4,What company is both the bookrunner and lead arranger in the agreement?,goldman sachs bank usa,1,1,0
4,What company is both the bookrunner and administrative agent in the agreement?,goldman sachs bank usa,1,1,0
4,What company is both the bookrunner and swing line lender in the agreement?,goldman sachs bank usa,1,1,0
4,What company is both the l c issuer and lead arranger in the agreement?,goldman sachs bank usa,1,1,0
4,What company is both the l c issuer and administrative agent in the agreement?,goldman sachs bank usa,1,1,0
4,What company is both the l c issuer and swing line lender in the agreement?,goldman sachs bank usa,1,1,0
4,What company is both the lead arranger and administrative agent in the agreement?,goldman sachs bank usa,1,1,0
4,What company is both the lead arranger and swing line lender in the agreement?,goldman sachs bank usa,1,1,0
4,What company is both the administrative agent and swing line lender in the agreement?,goldman sachs bank usa,1,1,0
42,What company is both the bookrunner and arranger in the agreement?,merrill lynch pierce fennerand smith,1,1,0
42,What company is both the agent and documentation agent in the agreement?,wells fargo bank na,1,1,0
42,What company is both the agent and lender in the agreement?,jpmorgan chase bank na,1,1,0
42,What company is both the agent and syndication agent in the agreement?,jpmorgan chase bank na,1,1,0
42,What company is both the agent and documentation agent in the agreement?,jpmorgan chase bank na,1,1,0
42,What company is both the lender and syndication agent in the agreement?,jpmorgan chase bank na,1,1,0
42,What company is both the lender and documentation agent in the agreement?,jpmorgan chase bank na,1,1,0
42,What company is both the syndication agent and documentation agent in the agreement?,jpmorgan chase bank na,1,1,0
42,What company is both the agent and syndication agent in the agreement?,bank of america na,1,1,0
42,What company is both the agent and administrative agent in the agreement?,bank of america na,1,1,0
42,What company is both the agent and lender in the agreement?,bank of america na,1,1,0
42,What company is both the agent and documentation agent in the agreement?,bank of america na,1,1,0
42,What company is both the syndication agent and administrative agent in the agreement?,bank of america na,1,1,0
42,What company is both the syndication agent and lender in the agreement?,bank of america na,1,1,0
42,What company is both the syndication agent and documentation agent in the agreement?,bank of america na,1,1,0
42,What company is both the administrative agent and lender in the agreement?,bank of america na,1,1,0
42,What company is both the administrative agent and documentation agent in the agreement?,bank of america na,1,1,0
42,What company is both the lender and documentation agent in the agreement?,bank of america na,1,1,0
95,What company is both the arranger and lead arranger in the agreement?,merrill lynch pierce fenner and smith incorporated,1,1,0
95,What company is both the arranger and bookmanager in the agreement?,merrill lynch pierce fenner and smith incorporated,1,1,0
95,What company is both the lead arranger and bookmanager in the agreement?,merrill lynch pierce fenner and smith incorporated,1,1,0
95,What company is both the credit parties and borrower in the agreement?,omega healthcare investors inc,1,1,0
95,What company is both the agent and lender in the agreement?,bank of america na,1,1,0
95,What company is both the agent and administrative agent in the agreement?,bank of america na,1,1,0
95,What company is both the lender and administrative agent in the agreement?,bank of america na,1,1,0
157,What company is both the lender and senior lender in the agreement?,frost bank,1,1,0
143,What company is both the syndication agent and book runners in the agreement?,citizens bank national association,1,1,0
143,What company is both the syndication agent and arrangers in the agreement?,citizens bank national association,1,1,0
143,What company is both the syndication agent and joint lead arrangers in the agreement?,citizens bank national association,1,1,0
143,What company is both the book runners and arrangers in the agreement?,citizens bank national association,1,1,0
143,What company is both the book runners and joint lead arrangers in the agreement?,citizens bank national association,1,1,0
143,What company is both the arrangers and joint lead arrangers in the agreement?,citizens bank national association,1,1,0
143,What company is both the book runners and arrangers in the agreement?,wells fargo securities llc,1,1,0
143,What company is both the book runners and joint lead arrangers in the agreement?,wells fargo securities llc,1,1,0
143,What company is both the arrangers and joint lead arrangers in the agreement?,wells fargo securities llc,1,1,0
143,What company is both the documentation agent and joint book runners in the agreement?,fifth third bank,1,1,0
143,What company is both the documentation agent and book runners in the agreement?,fifth third bank,1,1,0
143,What company is both the documentation agent and arrangers in the agreement?,fifth third bank,1,1,0
143,What company is both the documentation agent and lender in the agreement?,fifth third bank,1,1,0
143,What company is both the documentation agent and joint lead arrangers in the agreement?,fifth third bank,1,1,0
143,What company is both the joint book runners and book runners in the agreement?,fifth third bank,1,1,0
143,What company is both the joint book runners and arrangers in the agreement?,fifth third bank,1,1,0
143,What company is both the joint book runners and lender in the agreement?,fifth third bank,1,1,0
143,What company is both the joint book runners and joint lead arrangers in the agreement?,fifth third bank,1,1,0
143,What company is both the book runners and arrangers in the agreement?,fifth third bank,1,1,0
143,What company is both the book runners and lender in the agreement?,fifth third bank,1,1,0
143,What company is both the book runners and joint lead arrangers in the agreement?,fifth third bank,1,1,0
143,What company is both the arrangers and lender in the agreement?,fifth third bank,1,1,0
143,What company is both the arrangers and joint lead arrangers in the agreement?,fifth third bank,1,1,0
143,What company is both the lender and joint lead arrangers in the agreement?,fifth third bank,1,1,0
143,What company is both the agent and lender in the agreement?,wells fargo bank national association,1,1,0
143,What company is both the agent and administrative agent in the agreement?,wells fargo bank national association,1,1,0
143,What company is both the lender and administrative agent in the agreement?,wells fargo bank national association,1,1,0
142,What company is both the joint lead arranger and sole bookmanager in the agreement?,jpmorgan chase bank,1,1,0
142,What company is both the documentation agents and lender in the agreement?,hsbc bank canada,1,1,0
142,What company is both the agent and lender in the agreement?,jpmorgan chase bank na,1,1,0
142,What company is both the agent and administrative agent in the agreement?,jpmorgan chase bank na,1,1,0
142,What company is both the lender and administrative agent in the agreement?,jpmorgan chase bank na,1,1,0
156,What company is both the issuing bank and lende in the agreement?,jpmorgan chase bank na,1,1,0
156,What company is both the issuing bank and lender in the agreement?,wells fargo capital finance corporation canada,1,1,0
156,What company is both the joint bookrunners and bookrunners in the agreement?,bnp paribas,1,1,0
156,What company is both the joint bookrunners and issuing bank in the agreement?,bnp paribas,1,1,0
156,What company is both the joint bookrunners and lender in the agreement?,bnp paribas,1,1,0
156,What company is both the joint bookrunners and joint lead arrangers in the agreement?,bnp paribas,1,1,0
156,What company is both the bookrunners and issuing bank in the agreement?,bnp paribas,1,1,0
156,What company is both the bookrunners and lender in the agreement?,bnp paribas,1,1,0
156,What company is both the bookrunners and joint lead arrangers in the agreement?,bnp paribas,1,1,0
156,What company is both the issuing bank and lender in the agreement?,bnp paribas,1,1,0
156,What company is both the issuing bank and joint lead arrangers in the agreement?,bnp paribas,1,1,0
156,What company is both the lender and joint lead arrangers in the agreement?,bnp paribas,1,1,0
156,What company is both the agent and joint bookrunners in the agreement?,wells fargo bank national association,1,1,0
156,What company is both the agent and lead arrangers in the agreement?,wells fargo bank national association,1,1,0
156,What company is both the agent and bookrunner in the agreement?,wells fargo bank national association,1,1,0
156,What company is both the agent and lead arranger in the agreement?,wells fargo bank national association,1,1,0
156,What company is both the agent and administrative agent in the agreement?,wells fargo bank national association,1,1,0
156,What company is both the agent and issuing bank in the agreement?,wells fargo bank national association,1,1,0
156,What company is both the agent and security agent in the agreement?,wells fargo bank national association,1,1,0
156,What company is both the agent and lender in the agreement?,wells fargo bank national association,1,1,0
156,What company is both the agent and joint lead arrangers in the agreement?,wells fargo bank national association,1,1,0
156,What company is both the joint bookrunners and lead arrangers in the agreement?,wells fargo bank national association,1,1,0
156,What company is both the joint bookrunners and bookrunner in the agreement?,wells fargo bank national association,1,1,0
156,What company is both the joint bookrunners and lead arranger in the agreement?,wells fargo bank national association,1,1,0
156,What company is both the joint bookrunners and administrative agent in the agreement?,wells fargo bank national association,1,1,0
156,What company is both the joint bookrunners and issuing bank in the agreement?,wells fargo bank national association,1,1,0
156,What company is both the joint bookrunners and security agent in the agreement?,wells fargo bank national association,1,1,0
156,What company is both the joint bookrunners and lender in the agreement?,wells fargo bank national association,1,1,0
156,What company is both the joint bookrunners and joint lead arrangers in the agreement?,wells fargo bank national association,1,1,0
156,What company is both the lead arrangers and bookrunner in the agreement?,wells fargo bank national association,1,1,0
156,What company is both the lead arrangers and lead arranger in the agreement?,wells fargo bank national association,1,1,0
156,What company is both the lead arrangers and administrative agent in the agreement?,wells fargo bank national association,1,1,0
156,What company is both the lead arrangers and issuing bank in the agreement?,wells fargo bank national association,1,1,0
156,What company is both the lead arrangers and security agent in the agreement?,wells fargo bank national association,1,1,0
156,What company is both the lead arrangers and lender in the agreement?,wells fargo bank national association,1,1,0
156,What company is both the lead arrangers and joint lead arrangers in the agreement?,wells fargo bank national association,1,1,0
156,What company is both the bookrunner and lead arranger in the agreement?,wells fargo bank national association,1,1,0
156,What company is both the bookrunner and administrative agent in the agreement?,wells fargo bank national association,1,1,0
156,What company is both the bookrunner and issuing bank in the agreement?,wells fargo bank national association,1,1,0
156,What company is both the bookrunner and security agent in the agreement?,wells fargo bank national association,1,1,0
156,What company is both the bookrunner and lender in the agreement?,wells fargo bank national association,1,1,0
156,What company is both the bookrunner and joint lead arrangers in the agreement?,wells fargo bank national association,1,1,0
156,What company is both the lead arranger and administrative agent in the agreement?,wells fargo bank national association,1,1,0
156,What company is both the lead arranger and issuing bank in the agreement?,wells fargo bank national association,1,1,0
156,What company is both the lead arranger and security agent in the agreement?,wells fargo bank national association,1,1,0
156,What company is both the lead arranger and lender in the agreement?,wells fargo bank national association,1,1,0
156,What company is both the lead arranger and joint lead arrangers in the agreement?,wells fargo bank national association,1,1,0
156,What company is both the administrative agent and issuing bank in the agreement?,wells fargo bank national association,1,1,0
156,What company is both the administrative agent and security agent in the agreement?,wells fargo bank national association,1,1,0
156,What company is both the administrative agent and lender in the agreement?,wells fargo bank national association,1,1,0
156,What company is both the administrative agent and joint lead arrangers in the agreement?,wells fargo bank national association,1,1,0
156,What company is both the issuing bank and security agent in the agreement?,wells fargo bank national association,1,1,0
156,What company is both the issuing bank and lender in the agreement?,wells fargo bank national association,1,1,0
156,What company is both the issuing bank and joint lead arrangers in the agreement?,wells fargo bank national association,1,1,0
156,What company is both the security agent and lender in the agreement?,wells fargo bank national association,1,1,0
156,What company is both the security agent and joint lead arrangers in the agreement?,wells fargo bank national association,1,1,0
156,What company is both the lender and joint lead arrangers in the agreement?,wells fargo bank national association,1,1,0
80,What company is both the sole book manager and arrangers in the agreement?,wells fargo securities llc,1,1,0
80,What company is both the lender and swingline lender in the agreement?,wells fargo bank national association,1,1,0
80,What company is both the lender and issuing lender in the agreement?,wells fargo bank national association,1,1,0
80,What company is both the lender and administrative agent in the agreement?,wells fargo bank national association,1,1,0
80,What company is both the swingline lender and issuing lender in the agreement?,wells fargo bank national association,1,1,0
80,What company is both the swingline lender and administrative agent in the agreement?,wells fargo bank national association,1,1,0
80,What company is both the issuing lender and administrative agent in the agreement?,wells fargo bank national association,1,1,0
94,What company is both the joint bookrunners and bookrunners in the agreement?,pnc capital markets llc,1,1,0
94,What company is both the joint bookrunners and arrangers in the agreement?,pnc capital markets llc,1,1,0
94,What company is both the joint bookrunners and joint lead arrangers in the agreement?,pnc capital markets llc,1,1,0
94,What company is both the bookrunners and arrangers in the agreement?,pnc capital markets llc,1,1,0
94,What company is both the bookrunners and joint lead arrangers in the agreement?,pnc capital markets llc,1,1,0
94,What company is both the arrangers and joint lead arrangers in the agreement?,pnc capital markets llc,1,1,0
94,What company is both the joint bookrunners and bookrunners in the agreement?,suntrust robinson humphrey inc,1,1,0
94,What company is both the joint bookrunners and arrangers in the agreement?,suntrust robinson humphrey inc,1,1,0
94,What company is both the joint bookrunners and joint lead arrangers in the agreement?,suntrust robinson humphrey inc,1,1,0
94,What company is both the bookrunners and arrangers in the agreement?,suntrust robinson humphrey inc,1,1,0
94,What company is both the bookrunners and joint lead arrangers in the agreement?,suntrust robinson humphrey inc,1,1,0
94,What company is both the arrangers and joint lead arrangers in the agreement?,suntrust robinson humphrey inc,1,1,0
94,What company is both the joint bookrunners and bookrunners in the agreement?,fifth third bank,1,1,0
94,What company is both the joint bookrunners and arrangers in the agreement?,fifth third bank,1,1,0
94,What company is both the joint bookrunners and lender in the agreement?,fifth third bank,1,1,0
94,What company is both the joint bookrunners and joint lead arrangers in the agreement?,fifth third bank,1,1,0
94,What company is both the bookrunners and arrangers in the agreement?,fifth third bank,1,1,0
94,What company is both the bookrunners and lender in the agreement?,fifth third bank,1,1,0
94,What company is both the bookrunners and joint lead arrangers in the agreement?,fifth third bank,1,1,0
94,What company is both the arrangers and lender in the agreement?,fifth third bank,1,1,0
94,What company is both the arrangers and joint lead arrangers in the agreement?,fifth third bank,1,1,0
94,What company is both the lender and joint lead arrangers in the agreement?,fifth third bank,1,1,0
94,What company is both the agent and joint bookrunners in the agreement?,jefferies finance llc,1,1,0
94,What company is both the agent and collatera agent in the agreement?,jefferies finance llc,1,1,0
94,What company is both the agent and senior managing agent in the agreement?,jefferies finance llc,1,1,0
94,What company is both the agent and swingline lender in the agreement?,jefferies finance llc,1,1,0
94,What company is both the agent and bookrunners in the agreement?,jefferies finance llc,1,1,0
94,What company is both the agent and arrangers in the agreement?,jefferies finance llc,1,1,0
94,What company is both the agent and administrative agent in the agreement?,jefferies finance llc,1,1,0
94,What company is both the agent and lender in the agreement?,jefferies finance llc,1,1,0
94,What company is both the agent and joint lead arrangers in the agreement?,jefferies finance llc,1,1,0
94,What company is both the joint bookrunners and collatera agent in the agreement?,jefferies finance llc,1,1,0
94,What company is both the joint bookrunners and senior managing agent in the agreement?,jefferies finance llc,1,1,0
94,What company is both the joint bookrunners and swingline lender in the agreement?,jefferies finance llc,1,1,0
94,What company is both the joint bookrunners and bookrunners in the agreement?,jefferies finance llc,1,1,0
94,What company is both the joint bookrunners and arrangers in the agreement?,jefferies finance llc,1,1,0
94,What company is both the joint bookrunners and administrative agent in the agreement?,jefferies finance llc,1,1,0
94,What company is both the joint bookrunners and lender in the agreement?,jefferies finance llc,1,1,0
94,What company is both the joint bookrunners and joint lead arrangers in the agreement?,jefferies finance llc,1,1,0
94,What company is both the collatera agent and senior managing agent in the agreement?,jefferies finance llc,1,1,0
94,What company is both the collatera agent and swingline lender in the agreement?,jefferies finance llc,1,1,0
94,What company is both the collatera agent and bookrunners in the agreement?,jefferies finance llc,1,1,0
94,What company is both the collatera agent and arrangers in the agreement?,jefferies finance llc,1,1,0
94,What company is both the collatera agent and administrative agent in the agreement?,jefferies finance llc,1,1,0
94,What company is both the collatera agent and lender in the agreement?,jefferies finance llc,1,1,0
94,What company is both the collatera agent and joint lead arrangers in the agreement?,jefferies finance llc,1,1,0
94,What company is both the senior managing agent and swingline lender in the agreement?,jefferies finance llc,1,1,0
94,What company is both the senior managing agent and bookrunners in the agreement?,jefferies finance llc,1,1,0
94,What company is both the senior managing agent and arrangers in the agreement?,jefferies finance llc,1,1,0
94,What company is both the senior managing agent and administrative agent in the agreement?,jefferies finance llc,1,1,0
94,What company is both the senior managing agent and lender in the agreement?,jefferies finance llc,1,1,0
94,What company is both the senior managing agent and joint lead arrangers in the agreement?,jefferies finance llc,1,1,0
94,What company is both the swingline lender and bookrunners in the agreement?,jefferies finance llc,1,1,0
94,What company is both the swingline lender and arrangers in the agreement?,jefferies finance llc,1,1,0
94,What company is both the swingline lender and administrative agent in the agreement?,jefferies finance llc,1,1,0
94,What company is both the swingline lender and lender in the agreement?,jefferies finance llc,1,1,0
94,What company is both the swingline lender and joint lead arrangers in the agreement?,jefferies finance llc,1,1,0
94,What company is both the bookrunners and arrangers in the agreement?,jefferies finance llc,1,1,0
94,What company is both the bookrunners and administrative agent in the agreement?,jefferies finance llc,1,1,0
94,What company is both the bookrunners and lender in the agreement?,jefferies finance llc,1,1,0
94,What company is both the bookrunners and joint lead arrangers in the agreement?,jefferies finance llc,1,1,0
94,What company is both the arrangers and administrative agent in the agreement?,jefferies finance llc,1,1,0
94,What company is both the arrangers and lender in the agreement?,jefferies finance llc,1,1,0
94,What company is both the arrangers and joint lead arrangers in the agreement?,jefferies finance llc,1,1,0
94,What company is both the administrative agent and lender in the agreement?,jefferies finance llc,1,1,0
94,What company is both the administrative agent and joint lead arrangers in the agreement?,jefferies finance llc,1,1,0
94,What company is both the lender and joint lead arrangers in the agreement?,jefferies finance llc,1,1,0
94,What company is both the swingline lender and bank in the agreement?,pnc bank national association,1,1,0
94,What company is both the swingline lender and lender in the agreement?,pnc bank national association,1,1,0
94,What company is both the bank and lender in the agreement?,pnc bank national association,1,1,0
94,What company is both the agent and lender in the agreement?,rbs citizens na,1,1,0
94,What company is both the agent and senior managing agent in the agreement?,rbs citizens na,1,1,0
94,What company is both the lender and senior managing agent in the agreement?,rbs citizens na,1,1,0
94,What company is both the joint bookrunners and bookrunners in the agreement?,sumitomo mitsui banking corporation,1,1,0
94,What company is both the joint bookrunners and arrangers in the agreement?,sumitomo mitsui banking corporation,1,1,0
94,What company is both the joint bookrunners and lender in the agreement?,sumitomo mitsui banking corporation,1,1,0
94,What company is both the joint bookrunners and joint lead arrangers in the agreement?,sumitomo mitsui banking corporation,1,1,0
94,What company is both the bookrunners and arrangers in the agreement?,sumitomo mitsui banking corporation,1,1,0
94,What company is both the bookrunners and lender in the agreement?,sumitomo mitsui banking corporation,1,1,0
94,What company is both the bookrunners and joint lead arrangers in the agreement?,sumitomo mitsui banking corporation,1,1,0
94,What company is both the arrangers and lender in the agreement?,sumitomo mitsui banking corporation,1,1,0
94,What company is both the arrangers and joint lead arrangers in the agreement?,sumitomo mitsui banking corporation,1,1,0
94,What company is both the lender and joint lead arrangers in the agreement?,sumitomo mitsui banking corporation,1,1,0
94,What company is both the agent and lender in the agreement?,natixis new york branch,1,1,0
94,What company is both the agent and senior managing agent in the agreement?,natixis new york branch,1,1,0
94,What company is both the lender and senior managing agent in the agreement?,natixis new york branch,1,1,0
57,What company is both the bookrunner and arranger in the agreement?,deutsche bank securities inc,1,1,0
57,What company is both the bookrunner and arranger in the agreement?,merrill lynch pierce fenner and smith incorporated,1,1,0
57,What company is both the l c issuer lender and swingline lender in the agreement?,swing line,1,1,0
57,What company is both the l c issuer lender and lender in the agreement?,swing line,1,1,0
57,What company is both the swingline lender and lender in the agreement?,swing line,1,1,0
57,What company is both the agent and l c issuer lender in the agreement?,bank of america na,1,1,0
57,What company is both the agent and swingline lender in the agreement?,bank of america na,1,1,0
57,What company is both the agent and administrative agent in the agreement?,bank of america na,1,1,0
57,What company is both the agent and swing line lender in the agreement?,bank of america na,1,1,0
57,What company is both the agent and lender in the agreement?,bank of america na,1,1,0
57,What company is both the l c issuer lender and swingline lender in the agreement?,bank of america na,1,1,0
57,What company is both the l c issuer lender and administrative agent in the agreement?,bank of america na,1,1,0
57,What company is both the l c issuer lender and swing line lender in the agreement?,bank of america na,1,1,0
57,What company is both the l c issuer lender and lender in the agreement?,bank of america na,1,1,0
57,What company is both the swingline lender and administrative agent in the agreement?,bank of america na,1,1,0
57,What company is both the swingline lender and swing line lender in the agreement?,bank of america na,1,1,0
57,What company is both the swingline lender and lender in the agreement?,bank of america na,1,1,0
57,What company is both the administrative agent and swing line lender in the agreement?,bank of america na,1,1,0
57,What company is both the administrative agent and lender in the agreement?,bank of america na,1,1,0
57,What company is both the swing line lender and lender in the agreement?,bank of america na,1,1,0
57,What company is both the l c issuer lender and swingline lender in the agreement?,barclays bank plc,1,1,0
57,What company is both the l c issuer lender and swing line lender in the agreement?,barclays bank plc,1,1,0
57,What company is both the l c issuer lender and lender in the agreement?,barclays bank plc,1,1,0
57,What company is both the swingline lender and swing line lender in the agreement?,barclays bank plc,1,1,0
57,What company is both the swingline lender and lender in the agreement?,barclays bank plc,1,1,0
57,What company is both the swing line lender and lender in the agreement?,barclays bank plc,1,1,0
57,What company is both the dutch borrower and designated borrower in the agreement?,celanese europe bv,1,1,0
57,What company is both the dutch borrower and borrower in the agreement?,celanese europe bv,1,1,0
57,What company is both the designated borrower and borrower in the agreement?,celanese europe bv,1,1,0
57,What company is both the dutch borrower and designated borrower in the agreement?,elwood cv,1,1,0
57,What company is both the dutch borrower and borrower in the agreement?,elwood cv,1,1,0
57,What company is both the designated borrower and borrower in the agreement?,elwood cv,1,1,0
57,What company is both the l c issuer lender and swingline lender in the agreement?,hsbc bank usa national association,1,1,0
57,What company is both the l c issuer lender and swing line lender in the agreement?,hsbc bank usa national association,1,1,0
57,What company is both the l c issuer lender and lender in the agreement?,hsbc bank usa national association,1,1,0
57,What company is both the swingline lender and swing line lender in the agreement?,hsbc bank usa national association,1,1,0
57,What company is both the swingline lender and lender in the agreement?,hsbc bank usa national association,1,1,0
57,What company is both the swing line lender and lender in the agreement?,hsbc bank usa national association,1,1,0
57,What company is both the l c issuer lender and swingline lender in the agreement?,morgan stanley bank na,1,1,0
57,What company is both the l c issuer lender and swing line lender in the agreement?,morgan stanley bank na,1,1,0
57,What company is both the l c issuer lender and lender in the agreement?,morgan stanley bank na,1,1,0
57,What company is both the swingline lender and swing line lender in the agreement?,morgan stanley bank na,1,1,0
57,What company is both the swingline lender and lender in the agreement?,morgan stanley bank na,1,1,0
57,What company is both the swing line lender and lender in the agreement?,morgan stanley bank na,1,1,0
57,What company is both the l c issuer lender and swingline lender in the agreement?,morgan stanley senior funding inc,1,1,0
57,What company is both the l c issuer lender and swing line lender in the agreement?,morgan stanley senior funding inc,1,1,0
57,What company is both the l c issuer lender and lender in the agreement?,morgan stanley senior funding inc,1,1,0
57,What company is both the swingline lender and swing line lender in the agreement?,morgan stanley senior funding inc,1,1,0
57,What company is both the swingline lender and lender in the agreement?,morgan stanley senior funding inc,1,1,0
57,What company is both the swing line lender and lender in the agreement?,morgan stanley senior funding inc,1,1,0
57,What company is both the l c issuer lender and swingline lender in the agreement?,mufg bank ltd,1,1,0
57,What company is both the l c issuer lender and swing line lender in the agreement?,mufg bank ltd,1,1,0
57,What company is both the l c issuer lender and lender in the agreement?,mufg bank ltd,1,1,0
57,What company is both the swingline lender and swing line lender in the agreement?,mufg bank ltd,1,1,0
57,What company is both the swingline lender and lender in the agreement?,mufg bank ltd,1,1,0
57,What company is both the swing line lender and lender in the agreement?,mufg bank ltd,1,1,0
57,What company is both the l c issuer lender and swingline lender in the agreement?,pnc bank national association,1,1,0
57,What company is both the l c issuer lender and swing line lender in the agreement?,pnc bank national association,1,1,0
57,What company is both the l c issuer lender and lender in the agreement?,pnc bank national association,1,1,0
57,What company is both the swingline lender and swing line lender in the agreement?,pnc bank national association,1,1,0
57,What company is both the swingline lender and lender in the agreement?,pnc bank national association,1,1,0
57,What company is both the swing line lender and lender in the agreement?,pnc bank national association,1,1,0
57,What company is both the l c issuer lender and swingline lender in the agreement?,us bank national association,1,1,0
57,What company is both the l c issuer lender and swing line lender in the agreement?,us bank national association,1,1,0
57,What company is both the l c issuer lender and lender in the agreement?,us bank national association,1,1,0
57,What company is both the swingline lender and swing line lender in the agreement?,us bank national association,1,1,0
57,What company is both the swingline lender and lender in the agreement?,us bank national association,1,1,0
57,What company is both the swing line lender and lender in the agreement?,us bank national association,1,1,0
57,What company is both the agent and l c issuer lender in the agreement?,bank of america,1,1,0
57,What company is both the agent and swingline lender in the agreement?,bank of america,1,1,0
57,What company is both the agent and administrative agent in the agreement?,bank of america,1,1,0
57,What company is both the agent and lender in the agreement?,bank of america,1,1,0
57,What company is both the l c issuer lender and swingline lender in the agreement?,bank of america,1,1,0
57,What company is both the l c issuer lender and administrative agent in the agreement?,bank of america,1,1,0
57,What company is both the l c issuer lender and lender in the agreement?,bank of america,1,1,0
57,What company is both the swingline lender and administrative agent in the agreement?,bank of america,1,1,0
57,What company is both the swingline lender and lender in the agreement?,bank of america,1,1,0
57,What company is both the administrative agent and lender in the agreement?,bank of america,1,1,0
57,What company is both the dutch borrower and company in the agreement?,celanese us holdings llc,1,1,0
57,What company is both the dutch borrower and borrower in the agreement?,celanese us holdings llc,1,1,0
57,What company is both the company and borrower in the agreement?,celanese us holdings llc,1,1,0
57,What company is both the l c issuer lender and bookrunner in the agreement?,citibank na,1,1,0
57,What company is both the l c issuer lender and swingline lender in the agreement?,citibank na,1,1,0
57,What company is both the l c issuer lender and swing line lender in the agreement?,citibank na,1,1,0
57,What company is both the l c issuer lender and lender in the agreement?,citibank na,1,1,0
57,What company is both the l c issuer lender and arranger in the agreement?,citibank na,1,1,0
57,What company is both the bookrunner and swingline lender in the agreement?,citibank na,1,1,0
57,What company is both the bookrunner and swing line lender in the agreement?,citibank na,1,1,0
57,What company is both the bookrunner and lender in the agreement?,citibank na,1,1,0
57,What company is both the bookrunner and arranger in the agreement?,citibank na,1,1,0
57,What company is both the swingline lender and swing line lender in the agreement?,citibank na,1,1,0
57,What company is both the swingline lender and lender in the agreement?,citibank na,1,1,0
57,What company is both the swingline lender and arranger in the agreement?,citibank na,1,1,0
57,What company is both the swing line lender and lender in the agreement?,citibank na,1,1,0
57,What company is both the swing line lender and arranger in the agreement?,citibank na,1,1,0
57,What company is both the lender and arranger in the agreement?,citibank na,1,1,0
57,What company is both the l c issuer lender and swingline lender in the agreement?,commerzbank ag new york branch,1,1,0
57,What company is both the l c issuer lender and swing line lender in the agreement?,commerzbank ag new york branch,1,1,0
57,What company is both the l c issuer lender and lender in the agreement?,commerzbank ag new york branch,1,1,0
57,What company is both the swingline lender and swing line lender in the agreement?,commerzbank ag new york branch,1,1,0
57,What company is both the swingline lender and lender in the agreement?,commerzbank ag new york branch,1,1,0
57,What company is both the swing line lender and lender in the agreement?,commerzbank ag new york branch,1,1,0
57,What company is both the l c issuer lender and bookrunner in the agreement?,jpmorgan chase bank na,1,1,0
57,What company is both the l c issuer lender and issuer in the agreement?,jpmorgan chase bank na,1,1,0
57,What company is both the l c issuer lender and swingline lender in the agreement?,jpmorgan chase bank na,1,1,0
57,What company is both the l c issuer lender and l c issuer in the agreement?,jpmorgan chase bank na,1,1,0
57,What company is both the l c issuer lender and swing line lender in the agreement?,jpmorgan chase bank na,1,1,0
57,What company is both the l c issuer lender and lender in the agreement?,jpmorgan chase bank na,1,1,0
57,What company is both the l c issuer lender and arranger in the agreement?,jpmorgan chase bank na,1,1,0
57,What company is both the bookrunner and issuer in the agreement?,jpmorgan chase bank na,1,1,0
57,What company is both the bookrunner and swingline lender in the agreement?,jpmorgan chase bank na,1,1,0
57,What company is both the bookrunner and l c issuer in the agreement?,jpmorgan chase bank na,1,1,0
57,What company is both the bookrunner and swing line lender in the agreement?,jpmorgan chase bank na,1,1,0
57,What company is both the bookrunner and lender in the agreement?,jpmorgan chase bank na,1,1,0
57,What company is both the bookrunner and arranger in the agreement?,jpmorgan chase bank na,1,1,0
57,What company is both the issuer and swingline lender in the agreement?,jpmorgan chase bank na,1,1,0
57,What company is both the issuer and l c issuer in the agreement?,jpmorgan chase bank na,1,1,0
57,What company is both the issuer and swing line lender in the agreement?,jpmorgan chase bank na,1,1,0
57,What company is both the issuer and lender in the agreement?,jpmorgan chase bank na,1,1,0
57,What company is both the issuer and arranger in the agreement?,jpmorgan chase bank na,1,1,0
57,What company is both the swingline lender and l c issuer in the agreement?,jpmorgan chase bank na,1,1,0
57,What company is both the swingline lender and swing line lender in the agreement?,jpmorgan chase bank na,1,1,0
57,What company is both the swingline lender and lender in the agreement?,jpmorgan chase bank na,1,1,0
57,What company is both the swingline lender and arranger in the agreement?,jpmorgan chase bank na,1,1,0
57,What company is both the l c issuer and swing line lender in the agreement?,jpmorgan chase bank na,1,1,0
57,What company is both the l c issuer and lender in the agreement?,jpmorgan chase bank na,1,1,0
57,What company is both the l c issuer and arranger in the agreement?,jpmorgan chase bank na,1,1,0
57,What company is both the swing line lender and lender in the agreement?,jpmorgan chase bank na,1,1,0
57,What company is both the swing line lender and arranger in the agreement?,jpmorgan chase bank na,1,1,0
57,What company is both the lender and arranger in the agreement?,jpmorgan chase bank na,1,1,0
57,What company is both the l c issuer lender and swingline lender in the agreement?,unicredit bank ag new york branch,1,1,0
57,What company is both the l c issuer lender and swing line lender in the agreement?,unicredit bank ag new york branch,1,1,0
57,What company is both the l c issuer lender and lender in the agreement?,unicredit bank ag new york branch,1,1,0
57,What company is both the swingline lender and swing line lender in the agreement?,unicredit bank ag new york branch,1,1,0
57,What company is both the swingline lender and lender in the agreement?,unicredit bank ag new york branch,1,1,0
57,What company is both the swing line lender and lender in the agreement?,unicredit bank ag new york branch,1,1,0
57,What company is both the l c issuer lender and issuer in the agreement?,deutsche bank ag new york branch,1,1,0
57,What company is both the l c issuer lender and swingline lender in the agreement?,deutsche bank ag new york branch,1,1,0
57,What company is both the l c issuer lender and l c issuer in the agreement?,deutsche bank ag new york branch,1,1,0
57,What company is both the l c issuer lender and swing line lender in the agreement?,deutsche bank ag new york branch,1,1,0
57,What company is both the l c issuer lender and lender in the agreement?,deutsche bank ag new york branch,1,1,0
57,What company is both the issuer and swingline lender in the agreement?,deutsche bank ag new york branch,1,1,0
57,What company is both the issuer and l c issuer in the agreement?,deutsche bank ag new york branch,1,1,0
57,What company is both the issuer and swing line lender in the agreement?,deutsche bank ag new york branch,1,1,0
57,What company is both the issuer and lender in the agreement?,deutsche bank ag new york branch,1,1,0
57,What company is both the swingline lender and l c issuer in the agreement?,deutsche bank ag new york branch,1,1,0
57,What company is both the swingline lender and swing line lender in the agreement?,deutsche bank ag new york branch,1,1,0
57,What company is both the swingline lender and lender in the agreement?,deutsche bank ag new york branch,1,1,0
57,What company is both the l c issuer and swing line lender in the agreement?,deutsche bank ag new york branch,1,1,0
57,What company is both the l c issuer and lender in the agreement?,deutsche bank ag new york branch,1,1,0
57,What company is both the swing line lender and lender in the agreement?,deutsche bank ag new york branch,1,1,0
5,What company is both the bookrunner and sole bookrunner in the agreement?,merrill lynch pierce fenner and smith incorporated,1,1,0
5,What company is both the bookrunner and joint lead arranger in the agreement?,merrill lynch pierce fenner and smith incorporated,1,1,0
5,What company is both the bookrunner and lead arranger in the agreement?,merrill lynch pierce fenner and smith incorporated,1,1,0
5,What company is both the sole bookrunner and joint lead arranger in the agreement?,merrill lynch pierce fenner and smith incorporated,1,1,0
5,What company is both the sole bookrunner and lead arranger in the agreement?,merrill lynch pierce fenner and smith incorporated,1,1,0
5,What company is both the joint lead arranger and lead arranger in the agreement?,merrill lynch pierce fenner and smith incorporated,1,1,0
5,What company is both the joint lead arrangers and lead arrangers in the agreement?,wells fargo securities,1,1,0
5,What company is both the guarantors and subsidiaries guarantors in the agreement?,acadia realty limited partnership,1,1,0
5,What company is both the documentation agents and joint lead arrangers in the agreement?,pnc bank,1,1,0
5,What company is both the documentation agents and lead arrangers in the agreement?,pnc bank,1,1,0
5,What company is both the joint lead arrangers and lead arrangers in the agreement?,pnc bank,1,1,0
5,What company is both the lender and swing line lender in the agreement?,bank of america na,1,1,0
5,What company is both the lender and l c issuer in the agreement?,bank of america na,1,1,0
5,What company is both the lender and administrative agent in the agreement?,bank of america na,1,1,0
5,What company is both the swing line lender and l c issuer in the agreement?,bank of america na,1,1,0
5,What company is both the swing line lender and administrative agent in the agreement?,bank of america na,1,1,0
5,What company is both the l c issuer and administrative agent in the agreement?,bank of america na,1,1,0
1,What company is both the lenders and bookrunner in the agreement?,bank of america na,1,1,0
1,What company is both the lenders and lead arranger in the agreement?,bank of america na,1,1,0
1,What company is both the lenders and administrative agent in the agreement?,bank of america na,1,1,0
1,What company is both the lenders and lender in the agreement?,bank of america na,1,1,0
1,What company is both the lenders and arranger in the agreement?,bank of america na,1,1,0
1,What company is both the bookrunner and lead arranger in the agreement?,bank of america na,1,1,0
1,What company is both the bookrunner and administrative agent in the agreement?,bank of america na,1,1,0
1,What company is both the bookrunner and lender in the agreement?,bank of america na,1,1,0
1,What company is both the bookrunner and arranger in the agreement?,bank of america na,1,1,0
1,What company is both the lead arranger and administrative agent in the agreement?,bank of america na,1,1,0
1,What company is both the lead arranger and lender in the agreement?,bank of america na,1,1,0
1,What company is both the lead arranger and arranger in the agreement?,bank of america na,1,1,0
1,What company is both the administrative agent and lender in the agreement?,bank of america na,1,1,0
1,What company is both the administrative agent and arranger in the agreement?,bank of america na,1,1,0
1,What company is both the lender and arranger in the agreement?,bank of america na,1,1,0
53,What company is both the agent and lender in the agreement?,cadence bank,1,1,0
53,What company is both the agent and l c issuer in the agreement?,cadence bank,1,1,0
53,What company is both the lender and l c issuer in the agreement?,cadence bank,1,1,0
47,What company is both the joint bookrunners and joint lead arrangers in the agreement?,merrill lynch pierce fennerand smith incorporated,1,1,0
47,What company is both the joint bookrunners and joint lead arrangers in the agreement?,pnc capital markets llc,1,1,0
47,What company is both the joint bookrunners and joint lead arrangers in the agreement?,wells fargo securities llc,1,1,0
47,What company is both the subsidiaries lender and lender in the agreement?,bank of america na,1,1,0
47,What company is both the subsidiaries lender and co syndication agents in the agreement?,bank of america na,1,1,0
47,What company is both the lender and co syndication agents in the agreement?,bank of america na,1,1,0
47,What company is both the subsidiaries lender and lender in the agreement?,barclays bank plc,1,1,0
47,What company is both the subsidiaries lender and lender in the agreement?,citibank na,1,1,0
47,What company is both the subsidiaries lender and lender in the agreement?,hsbc bank usa na,1,1,0
47,What company is both the subsidiaries lender and lender in the agreement?,jpmorgan chase bank na,1,1,0
47,What company is both the subsidiaries lender and lender in the agreement?,pnc bank national association,1,1,0
47,What company is both the subsidiaries lender and co syndication agents in the agreement?,pnc bank national association,1,1,0
47,What company is both the lender and co syndication agents in the agreement?,pnc bank national association,1,1,0
47,What company is both the joint bookrunners and subsidiaries lender in the agreement?,the bank of tokyo mitsubishi ufjltd,1,1,0
47,What company is both the joint bookrunners and lender in the agreement?,the bank of tokyo mitsubishi ufjltd,1,1,0
47,What company is both the joint bookrunners and co syndication agents in the agreement?,the bank of tokyo mitsubishi ufjltd,1,1,0
47,What company is both the subsidiaries lender and lender in the agreement?,the bank of tokyo mitsubishi ufjltd,1,1,0
47,What company is both the subsidiaries lender and co syndication agents in the agreement?,the bank of tokyo mitsubishi ufjltd,1,1,0
47,What company is both the lender and co syndication agents in the agreement?,the bank of tokyo mitsubishi ufjltd,1,1,0
47,What company is both the lender and subsidiaries lender in the agreement?,deutsche bank ag new york branch,1,1,0
47,What company is both the lender and joint lead arrangers in the agreement?,deutsche bank ag new york branch,1,1,0
47,What company is both the lender and co syndication agents in the agreement?,deutsche bank ag new york branch,1,1,0
47,What company is both the subsidiaries lender and joint lead arrangers in the agreement?,deutsche bank ag new york branch,1,1,0
47,What company is both the subsidiaries lender and co syndication agents in the agreement?,deutsche bank ag new york branch,1,1,0
47,What company is both the joint lead arrangers and co syndication agents in the agreement?,deutsche bank ag new york branch,1,1,0
47,What company is both the subsidiaries lender and lender in the agreement?,dnb capital llc,1,1,0
47,What company is both the subsidiaries lender and lender in the agreement?,wells fargo bank national association,1,1,0
47,What company is both the subsidiaries lender and administrative agent in the agreement?,wells fargo bank national association,1,1,0
47,What company is both the lender and administrative agent in the agreement?,wells fargo bank national association,1,1,0
146,What company is both the custodian and collateral administrator in the agreement?,wilmington trust national association,1,1,0
146,What company is both the custodian and collateral agent in the agreement?,wilmington trust national association,1,1,0
146,What company is both the collateral administrator and collateral agent in the agreement?,wilmington trust national association,1,1,0
146,What company is both the lender and administrative agent in the agreement?,citibank,1,1,0
146,What company is both the custodian and collateral administrator in the agreement?,wilmington trust,1,1,0
146,What company is both the custodian and collateral agent in the agreement?,wilmington trust,1,1,0
146,What company is both the collateral administrator and collateral agent in the agreement?,wilmington trust,1,1,0
146,What company is both the equityholder and sole member in the agreement?,blackstone private credit fund,1,1,0
146,What company is both the equityholder and collateral manager in the agreement?,blackstone private credit fund,1,1,0
146,What company is both the sole member and collateral manager in the agreement?,blackstone private credit fund,1,1,0
90,What company is both the lender and swing line lender in the agreement?,the bank of nova scotia,1,1,0
90,What company is both the lender and l c issuer in the agreement?,the bank of nova scotia,1,1,0
90,What company is both the lender and administrative agent in the agreement?,the bank of nova scotia,1,1,0
90,What company is both the swing line lender and l c issuer in the agreement?,the bank of nova scotia,1,1,0
90,What company is both the swing line lender and administrative agent in the agreement?,the bank of nova scotia,1,1,0
90,What company is both the l c issuer and administrative agent in the agreement?,the bank of nova scotia,1,1,0
84,What company is both the arrangers and documentation agent in the agreement?,deutsche bank securities inc,1,1,0
84,What company is both the managers and arrangers in the agreement?,jp morgan securities llc,1,1,0
84,What company is both the joint book managers and managers in the agreement?,merrill lynch pierce fennerand smith incorporated,1,1,0
84,What company is both the joint book managers and arrangers in the agreement?,merrill lynch pierce fennerand smith incorporated,1,1,0
84,What company is both the joint book managers and joint lead arrangers in the agreement?,merrill lynch pierce fennerand smith incorporated,1,1,0
84,What company is both the managers and arrangers in the agreement?,merrill lynch pierce fennerand smith incorporated,1,1,0
84,What company is both the managers and joint lead arrangers in the agreement?,merrill lynch pierce fennerand smith incorporated,1,1,0
84,What company is both the arrangers and joint lead arrangers in the agreement?,merrill lynch pierce fennerand smith incorporated,1,1,0
84,What company is both the swingline lender and l c issuer in the agreement?,keybank national association,1,1,0
84,What company is both the swingline lender and lc issuer in the agreement?,keybank national association,1,1,0
84,What company is both the swingline lender and administrative agent in the agreement?,keybank national association,1,1,0
84,What company is both the swingline lender and lender in the agreement?,keybank national association,1,1,0
84,What company is both the l c issuer and lc issuer in the agreement?,keybank national association,1,1,0
84,What company is both the l c issuer and administrative agent in the agreement?,keybank national association,1,1,0
84,What company is both the l c issuer and lender in the agreement?,keybank national association,1,1,0
84,What company is both the lc issuer and administrative agent in the agreement?,keybank national association,1,1,0
84,What company is both the lc issuer and lender in the agreement?,keybank national association,1,1,0
84,What company is both the administrative agent and lender in the agreement?,keybank national association,1,1,0
85,What company is both the agent and lender in the agreement?,bank of america,1,1,0
147,What company is both the joint bookrunners and joint lead arrangers in the agreement?,deutsche bank securities inc,1,1,0
147,What company is both the joint bookrunners and joint lead arrangers in the agreement?,jp morgan securities llc barclays bank plc bofa securities inc goldman sachs bank usa mizuho bank ltd morgan stanley senior funding inc hsbc securities usa inc credit suisse loan funding llc citigroup global markets inc,1,1,0
147,What company is both the a l c issuer and collateral agent in the agreement?,jpmorgan chase bank na,1,1,0
147,What company is both the a l c issuer and administrative agent in the agreement?,jpmorgan chase bank na,1,1,0
147,What company is both the collateral agent and administrative agent in the agreement?,jpmorgan chase bank na,1,1,0
147,What company is both the lender and l c issuer in the agreement?,bank of america,1,1,0
147,What company is both the lender and l c issuer in the agreement?,barclays bank plc,1,1,0
147,What company is both the lender and l c issuer in the agreement?,citibank,1,1,0
147,What company is both the lender and l c issuer in the agreement?,goldman sachs bank usa,1,1,0
147,What company is both the lender and l c issuer in the agreement?,mizuho bank ltd,1,1,0
147,What company is both the lender and l c issuer in the agreement?,morgan stanley senior funding inc,1,1,0
147,What company is both the agent and lender in the agreement?,jpmorgan chase bank,1,1,0
147,What company is both the agent and l c issuer in the agreement?,jpmorgan chase bank,1,1,0
147,What company is both the agent and collateral agent in the agreement?,jpmorgan chase bank,1,1,0
147,What company is both the lender and l c issuer in the agreement?,jpmorgan chase bank,1,1,0
147,What company is both the lender and collateral agent in the agreement?,jpmorgan chase bank,1,1,0
147,What company is both the l c issuer and collateral agent in the agreement?,jpmorgan chase bank,1,1,0
147,What company is both the lender and l c issuer in the agreement?,credit suisse ag,1,1,0
147,What company is both the lender and l c issuer in the agreement?,deutsche bank,1,1,0
147,What company is both the borrower and co borrower in the agreement?,ppd development lp,1,1,0
153,What company is both the joint bookrunners and joint lead arrangers in the agreement?,pnc capital markets llc,1,1,0
153,What company is both the joint bookrunners and joint lead arrangers in the agreement?,truist securities inc,1,1,0
153,What company is both the joint bookrunners and co syndication agents in the agreement?,citizens bank na,1,1,0
153,What company is both the joint bookrunners and issuing bank in the agreement?,citizens bank na,1,1,0
153,What company is both the joint bookrunners and lender in the agreement?,citizens bank na,1,1,0
153,What company is both the joint bookrunners and joint lead arrangers in the agreement?,citizens bank na,1,1,0
153,What company is both the co syndication agents and issuing bank in the agreement?,citizens bank na,1,1,0
153,What company is both the co syndication agents and lender in the agreement?,citizens bank na,1,1,0
153,What company is both the co syndication agents and joint lead arrangers in the agreement?,citizens bank na,1,1,0
153,What company is both the issuing bank and lender in the agreement?,citizens bank na,1,1,0
153,What company is both the issuing bank and joint lead arrangers in the agreement?,citizens bank na,1,1,0
153,What company is both the lender and joint lead arrangers in the agreement?,citizens bank na,1,1,0
153,What company is both the issuing bank and lender in the agreement?,pnc bank national association,1,1,0
153,What company is both the issuing bank and co syndication agents in the agreement?,pnc bank national association,1,1,0
153,What company is both the lender and co syndication agents in the agreement?,pnc bank national association,1,1,0
153,What company is both the joint bookrunners and co syndication agents in the agreement?,silicon valley bank,1,1,0
153,What company is both the joint bookrunners and issuing bank in the agreement?,silicon valley bank,1,1,0
153,What company is both the joint bookrunners and lender in the agreement?,silicon valley bank,1,1,0
153,What company is both the joint bookrunners and joint lead arrangers in the agreement?,silicon valley bank,1,1,0
153,What company is both the co syndication agents and issuing bank in the agreement?,silicon valley bank,1,1,0
153,What company is both the co syndication agents and lender in the agreement?,silicon valley bank,1,1,0
153,What company is both the co syndication agents and joint lead arrangers in the agreement?,silicon valley bank,1,1,0
153,What company is both the issuing bank and lender in the agreement?,silicon valley bank,1,1,0
153,What company is both the issuing bank and joint lead arrangers in the agreement?,silicon valley bank,1,1,0
153,What company is both the lender and joint lead arrangers in the agreement?,silicon valley bank,1,1,0
153,What company is both the issuing bank and lender in the agreement?,truist bank,1,1,0
153,What company is both the issuing bank and co syndication agents in the agreement?,truist bank,1,1,0
153,What company is both the lender and co syndication agents in the agreement?,truist bank,1,1,0
153,What company is both the borrower and administrative agent in the agreement?,avid technology inc,1,1,0
153,What company is both the agent and joint bookrunners in the agreement?,jpmorgan chase bank na,1,1,0
153,What company is both the agent and swingline lender in the agreement?,jpmorgan chase bank na,1,1,0
153,What company is both the agent and administrative agent in the agreement?,jpmorgan chase bank na,1,1,0
153,What company is both the agent and issuing bank in the agreement?,jpmorgan chase bank na,1,1,0
153,What company is both the agent and lender in the agreement?,jpmorgan chase bank na,1,1,0
153,What company is both the agent and joint lead arrangers in the agreement?,jpmorgan chase bank na,1,1,0
153,What company is both the joint bookrunners and swingline lender in the agreement?,jpmorgan chase bank na,1,1,0
153,What company is both the joint bookrunners and administrative agent in the agreement?,jpmorgan chase bank na,1,1,0
153,What company is both the joint bookrunners and issuing bank in the agreement?,jpmorgan chase bank na,1,1,0
153,What company is both the joint bookrunners and lender in the agreement?,jpmorgan chase bank na,1,1,0
153,What company is both the joint bookrunners and joint lead arrangers in the agreement?,jpmorgan chase bank na,1,1,0
153,What company is both the swingline lender and administrative agent in the agreement?,jpmorgan chase bank na,1,1,0
153,What company is both the swingline lender and issuing bank in the agreement?,jpmorgan chase bank na,1,1,0
153,What company is both the swingline lender and lender in the agreement?,jpmorgan chase bank na,1,1,0
153,What company is both the swingline lender and joint lead arrangers in the agreement?,jpmorgan chase bank na,1,1,0
153,What company is both the administrative agent and issuing bank in the agreement?,jpmorgan chase bank na,1,1,0
153,What company is both the administrative agent and lender in the agreement?,jpmorgan chase bank na,1,1,0
153,What company is both the administrative agent and joint lead arrangers in the agreement?,jpmorgan chase bank na,1,1,0
153,What company is both the issuing bank and lender in the agreement?,jpmorgan chase bank na,1,1,0
153,What company is both the issuing bank and joint lead arrangers in the agreement?,jpmorgan chase bank na,1,1,0
153,What company is both the lender and joint lead arrangers in the agreement?,jpmorgan chase bank na,1,1,0
46,What company is both the legal counsel borrower and borrower in the agreement?,mvc capitalinc,1,1,0
46,What company is both the agent and lender in the agreement?,santander bank na,1,1,0
46,What company is both the agent and counsel lender in the agreement?,santander bank na,1,1,0
46,What company is both the lender and counsel lender in the agreement?,santander bank na,1,1,0
46,What company is both the lender and counsel lender in the agreement?,wintrust bank,1,1,0
52,What company is both the joint bookrunners and bookrunners in the agreement?,citigroup global markets inc,1,1,0
52,What company is both the joint bookrunners and arrangers in the agreement?,citigroup global markets inc,1,1,0
52,What company is both the joint bookrunners and joint lead arrangers in the agreement?,citigroup global markets inc,1,1,0
52,What company is both the bookrunners and arrangers in the agreement?,citigroup global markets inc,1,1,0
52,What company is both the bookrunners and joint lead arrangers in the agreement?,citigroup global markets inc,1,1,0
52,What company is both the arrangers and joint lead arrangers in the agreement?,citigroup global markets inc,1,1,0
52,What company is both the joint bookrunners and bookrunners in the agreement?,wells fargo securities llc,1,1,0
52,What company is both the joint bookrunners and arrangers in the agreement?,wells fargo securities llc,1,1,0
52,What company is both the joint bookrunners and joint lead arrangers in the agreement?,wells fargo securities llc,1,1,0
52,What company is both the bookrunners and arrangers in the agreement?,wells fargo securities llc,1,1,0
52,What company is both the bookrunners and joint lead arrangers in the agreement?,wells fargo securities llc,1,1,0
52,What company is both the arrangers and joint lead arrangers in the agreement?,wells fargo securities llc,1,1,0
52,What company is both the agent and bank in the agreement?,the bank of tokyo mitsubishi ufj ltd,1,1,0
52,What company is both the agent and documentation agent in the agreement?,the bank of tokyo mitsubishi ufj ltd,1,1,0
52,What company is both the bank and documentation agent in the agreement?,the bank of tokyo mitsubishi ufj ltd,1,1,0
52,What company is both the agent and bank in the agreement?,citibank na,1,1,0
52,What company is both the agent and agents in the agreement?,citibank na,1,1,0
52,What company is both the agent and servicing agent in the agreement?,citibank na,1,1,0
52,What company is both the agent and administrative agents in the agreement?,citibank na,1,1,0
52,What company is both the agent and documentation agent in the agreement?,citibank na,1,1,0
52,What company is both the bank and agents in the agreement?,citibank na,1,1,0
52,What company is both the bank and servicing agent in the agreement?,citibank na,1,1,0
52,What company is both the bank and administrative agents in the agreement?,citibank na,1,1,0
52,What company is both the bank and documentation agent in the agreement?,citibank na,1,1,0
52,What company is both the agents and servicing agent in the agreement?,citibank na,1,1,0
52,What company is both the agents and administrative agents in the agreement?,citibank na,1,1,0
52,What company is both the agents and documentation agent in the agreement?,citibank na,1,1,0
52,What company is both the servicing agent and administrative agents in the agreement?,citibank na,1,1,0
52,What company is both the servicing agent and documentation agent in the agreement?,citibank na,1,1,0
52,What company is both the administrative agents and documentation agent in the agreement?,citibank na,1,1,0
52,What company is both the joint bookrunners and bank in the agreement?,jpmorgan chase bank na,1,1,0
52,What company is both the joint bookrunners and agents in the agreement?,jpmorgan chase bank na,1,1,0
52,What company is both the joint bookrunners and bookrunners in the agreement?,jpmorgan chase bank na,1,1,0
52,What company is both the joint bookrunners and arrangers in the agreement?,jpmorgan chase bank na,1,1,0
52,What company is both the joint bookrunners and administrative agents in the agreement?,jpmorgan chase bank na,1,1,0
52,What company is both the joint bookrunners and joint lead arrangers in the agreement?,jpmorgan chase bank na,1,1,0
52,What company is both the bank and agents in the agreement?,jpmorgan chase bank na,1,1,0
52,What company is both the bank and bookrunners in the agreement?,jpmorgan chase bank na,1,1,0
52,What company is both the bank and arrangers in the agreement?,jpmorgan chase bank na,1,1,0
52,What company is both the bank and administrative agents in the agreement?,jpmorgan chase bank na,1,1,0
52,What company is both the bank and joint lead arrangers in the agreement?,jpmorgan chase bank na,1,1,0
52,What company is both the agents and bookrunners in the agreement?,jpmorgan chase bank na,1,1,0
52,What company is both the agents and arrangers in the agreement?,jpmorgan chase bank na,1,1,0
52,What company is both the agents and administrative agents in the agreement?,jpmorgan chase bank na,1,1,0
52,What company is both the agents and joint lead arrangers in the agreement?,jpmorgan chase bank na,1,1,0
52,What company is both the bookrunners and arrangers in the agreement?,jpmorgan chase bank na,1,1,0
52,What company is both the bookrunners and administrative agents in the agreement?,jpmorgan chase bank na,1,1,0
52,What company is both the bookrunners and joint lead arrangers in the agreement?,jpmorgan chase bank na,1,1,0
52,What company is both the arrangers and administrative agents in the agreement?,jpmorgan chase bank na,1,1,0
52,What company is both the arrangers and joint lead arrangers in the agreement?,jpmorgan chase bank na,1,1,0
52,What company is both the administrative agents and joint lead arrangers in the agreement?,jpmorgan chase bank na,1,1,0
52,What company is both the bank and administrative agents in the agreement?,wells fargo bank,1,1,0
52,What company is both the bank and agents in the agreement?,wells fargo bank,1,1,0
52,What company is both the administrative agents and agents in the agreement?,wells fargo bank,1,1,0
44,What company is both the lender and l c issuer in the agreement?,bank of america,1,1,0
44,What company is both the lender and swing line lender lender in the agreement?,bank of america,1,1,0
44,What company is both the lender and administrative agent in the agreement?,bank of america,1,1,0
44,What company is both the l c issuer and swing line lender lender in the agreement?,bank of america,1,1,0
44,What company is both the l c issuer and administrative agent in the agreement?,bank of america,1,1,0
44,What company is both the swing line lender lender and administrative agent in the agreement?,bank of america,1,1,0
50,What company is both the joint bookrunners and arrangers in the agreement?,wells fargo securities llc,1,1,0
50,What company is both the joint bookrunners and joint lead arrangers in the agreement?,wells fargo securities llc,1,1,0
50,What company is both the arrangers and joint lead arrangers in the agreement?,wells fargo securities llc,1,1,0
50,What company is both the co documentation agents and agents in the agreement?,fifth third bank,1,1,0
50,What company is both the co documentation agents and lender in the agreement?,pnc bank,1,1,0
50,What company is both the co documentation agents and agents in the agreement?,pnc bank,1,1,0
50,What company is both the lender and agents in the agreement?,pnc bank,1,1,0
50,What company is both the co documentation agents and lender in the agreement?,silicon valley bank,1,1,0
50,What company is both the co documentation agents and agents in the agreement?,silicon valley bank,1,1,0
50,What company is both the lender and agents in the agreement?,silicon valley bank,1,1,0
50,What company is both the co documentation agents and lender in the agreement?,us bank national association,1,1,0
50,What company is both the co documentation agents and agents in the agreement?,us bank national association,1,1,0
50,What company is both the lender and agents in the agreement?,us bank national association,1,1,0
50,What company is both the agent and syndication agent in the agreement?,wells fargo bank,1,1,0
50,What company is both the agent and collateral agent in the agreement?,wells fargo bank,1,1,0
50,What company is both the syndication agent and collateral agent in the agreement?,wells fargo bank,1,1,0
50,What company is both the co documentation agents and lender in the agreement?,zions first national bank,1,1,0
50,What company is both the co documentation agents and agents in the agreement?,zions first national bank,1,1,0
50,What company is both the lender and agents in the agreement?,zions first national bank,1,1,0
50,What company is both the agent and joint bookrunners in the agreement?,jpmorgan chase bank na,1,1,0
50,What company is both the agent and collateral agent in the agreement?,jpmorgan chase bank na,1,1,0
50,What company is both the agent and syndication agent in the agreement?,jpmorgan chase bank na,1,1,0
50,What company is both the agent and swingline lender in the agreement?,jpmorgan chase bank na,1,1,0
50,What company is both the agent and arrangers in the agreement?,jpmorgan chase bank na,1,1,0
50,What company is both the agent and administrative agent in the agreement?,jpmorgan chase bank na,1,1,0
50,What company is both the agent and lender in the agreement?,jpmorgan chase bank na,1,1,0
50,What company is both the agent and joint lead arrangers in the agreement?,jpmorgan chase bank na,1,1,0
50,What company is both the joint bookrunners and collateral agent in the agreement?,jpmorgan chase bank na,1,1,0
50,What company is both the joint bookrunners and syndication agent in the agreement?,jpmorgan chase bank na,1,1,0
50,What company is both the joint bookrunners and swingline lender in the agreement?,jpmorgan chase bank na,1,1,0
50,What company is both the joint bookrunners and arrangers in the agreement?,jpmorgan chase bank na,1,1,0
50,What company is both the joint bookrunners and administrative agent in the agreement?,jpmorgan chase bank na,1,1,0
50,What company is both the joint bookrunners and lender in the agreement?,jpmorgan chase bank na,1,1,0
50,What company is both the joint bookrunners and joint lead arrangers in the agreement?,jpmorgan chase bank na,1,1,0
50,What company is both the collateral agent and syndication agent in the agreement?,jpmorgan chase bank na,1,1,0
50,What company is both the collateral agent and swingline lender in the agreement?,jpmorgan chase bank na,1,1,0
50,What company is both the collateral agent and arrangers in the agreement?,jpmorgan chase bank na,1,1,0
50,What company is both the collateral agent and administrative agent in the agreement?,jpmorgan chase bank na,1,1,0
50,What company is both the collateral agent and lender in the agreement?,jpmorgan chase bank na,1,1,0
50,What company is both the collateral agent and joint lead arrangers in the agreement?,jpmorgan chase bank na,1,1,0
50,What company is both the syndication agent and swingline lender in the agreement?,jpmorgan chase bank na,1,1,0
50,What company is both the syndication agent and arrangers in the agreement?,jpmorgan chase bank na,1,1,0
50,What company is both the syndication agent and administrative agent in the agreement?,jpmorgan chase bank na,1,1,0
50,What company is both the syndication agent and lender in the agreement?,jpmorgan chase bank na,1,1,0
50,What company is both the syndication agent and joint lead arrangers in the agreement?,jpmorgan chase bank na,1,1,0
50,What company is both the swingline lender and arrangers in the agreement?,jpmorgan chase bank na,1,1,0
50,What company is both the swingline lender and administrative agent in the agreement?,jpmorgan chase bank na,1,1,0
50,What company is both the swingline lender and lender in the agreement?,jpmorgan chase bank na,1,1,0
50,What company is both the swingline lender and joint lead arrangers in the agreement?,jpmorgan chase bank na,1,1,0
50,What company is both the arrangers and administrative agent in the agreement?,jpmorgan chase bank na,1,1,0
50,What company is both the arrangers and lender in the agreement?,jpmorgan chase bank na,1,1,0
50,What company is both the arrangers and joint lead arrangers in the agreement?,jpmorgan chase bank na,1,1,0
50,What company is both the administrative agent and lender in the agreement?,jpmorgan chase bank na,1,1,0
50,What company is both the administrative agent and joint lead arrangers in the agreement?,jpmorgan chase bank na,1,1,0
50,What company is both the lender and joint lead arrangers in the agreement?,jpmorgan chase bank na,1,1,0
2,What company is both the syndication agent and bookrunners in the agreement?,bofa securities inc,1,1,0
2,What company is both the syndication agent and arrangers in the agreement?,bofa securities inc,1,1,0
2,What company is both the syndication agent and lead arrangers in the agreement?,bofa securities inc,1,1,0
2,What company is both the syndication agent and arranger in the agreement?,bofa securities inc,1,1,0
2,What company is both the bookrunners and arrangers in the agreement?,bofa securities inc,1,1,0
2,What company is both the bookrunners and lead arrangers in the agreement?,bofa securities inc,1,1,0
2,What company is both the bookrunners and arranger in the agreement?,bofa securities inc,1,1,0
2,What company is both the arrangers and lead arrangers in the agreement?,bofa securities inc,1,1,0
2,What company is both the arrangers and arranger in the agreement?,bofa securities inc,1,1,0
2,What company is both the lead arrangers and arranger in the agreement?,bofa securities inc,1,1,0
2,What company is both the bookrunners and arrangers in the agreement?,wells fargo securities llc,1,1,0
2,What company is both the bookrunners and arranger in the agreement?,wells fargo securities llc,1,1,0
2,What company is both the bookrunners and lead arrangers in the agreement?,wells fargo securities llc,1,1,0
2,What company is both the arrangers and arranger in the agreement?,wells fargo securities llc,1,1,0
2,What company is both the arrangers and lead arrangers in the agreement?,wells fargo securities llc,1,1,0
2,What company is both the arranger and lead arrangers in the agreement?,wells fargo securities llc,1,1,0
2,What company is both the lender and issuing lender in the agreement?,bank of america na,1,1,0
2,What company is both the lender and issuing lender in the agreement?,capital one na,1,1,0
2,What company is both the lender and issuing lender in the agreement?,citizens bank na,1,1,0
2,What company is both the lender and issuing lender in the agreement?,fifth third bank national association,1,1,0
2,What company is both the lender and issuing lender in the agreement?,hsbc bank usa na,1,1,0
2,What company is both the lender and issuing lender in the agreement?,pnc bank national association,1,1,0
2,What company is both the lender and issuing lender in the agreement?,the huntington national bank,1,1,0
2,What company is both the lender and issuing lender in the agreement?,truist bank,1,1,0
2,What company is both the lender and issuing lender in the agreement?,u s bank national association,1,1,0
2,What company is both the lender and issuing lender in the agreement?,wells fargo bank national association,1,1,0
2,What company is both the lender and administrative agent in the agreement?,wells fargo bank national association,1,1,0
2,What company is both the issuing lender and administrative agent in the agreement?,wells fargo bank national association,1,1,0
2,What company is both the lender and issuing lender in the agreement?,the toronto dominion bank,1,1,0
145,What company is both the collateral agent and administrative agent in the agreement?,cortland capital market services llc,1,1,0
151,What company is both the swing line lender and lender in the agreement?,bank of china,1,1,0
151,What company is both the agent and joint bookrunners in the agreement?,barclays bank plc,1,1,0
151,What company is both the agent and syndication agent in the agreement?,barclays bank plc,1,1,0
151,What company is both the agent and l c issuer in the agreement?,barclays bank plc,1,1,0
151,What company is both the agent and swing line lender in the agreement?,barclays bank plc,1,1,0
151,What company is both the agent and lender in the agreement?,barclays bank plc,1,1,0
151,What company is both the joint bookrunners and syndication agent in the agreement?,barclays bank plc,1,1,0
151,What company is both the joint bookrunners and l c issuer in the agreement?,barclays bank plc,1,1,0
151,What company is both the joint bookrunners and swing line lender in the agreement?,barclays bank plc,1,1,0
151,What company is both the joint bookrunners and lender in the agreement?,barclays bank plc,1,1,0
151,What company is both the syndication agent and l c issuer in the agreement?,barclays bank plc,1,1,0
151,What company is both the syndication agent and swing line lender in the agreement?,barclays bank plc,1,1,0
151,What company is both the syndication agent and lender in the agreement?,barclays bank plc,1,1,0
151,What company is both the l c issuer and swing line lender in the agreement?,barclays bank plc,1,1,0
151,What company is both the l c issuer and lender in the agreement?,barclays bank plc,1,1,0
151,What company is both the swing line lender and lender in the agreement?,barclays bank plc,1,1,0
151,What company is both the agent and joint bookrunners in the agreement?,citibank,1,1,0
151,What company is both the agent and syndication agent in the agreement?,citibank,1,1,0
151,What company is both the agent and l c issuer in the agreement?,citibank,1,1,0
151,What company is both the agent and swing line lender in the agreement?,citibank,1,1,0
151,What company is both the agent and lender in the agreement?,citibank,1,1,0
151,What company is both the agent and joint lead arrangers in the agreement?,citibank,1,1,0
151,What company is both the joint bookrunners and syndication agent in the agreement?,citibank,1,1,0
151,What company is both the joint bookrunners and l c issuer in the agreement?,citibank,1,1,0
151,What company is both the joint bookrunners and swing line lender in the agreement?,citibank,1,1,0
151,What company is both the joint bookrunners and lender in the agreement?,citibank,1,1,0
151,What company is both the joint bookrunners and joint lead arrangers in the agreement?,citibank,1,1,0
151,What company is both the syndication agent and l c issuer in the agreement?,citibank,1,1,0
151,What company is both the syndication agent and swing line lender in the agreement?,citibank,1,1,0
151,What company is both the syndication agent and lender in the agreement?,citibank,1,1,0
151,What company is both the syndication agent and joint lead arrangers in the agreement?,citibank,1,1,0
151,What company is both the l c issuer and swing line lender in the agreement?,citibank,1,1,0
151,What company is both the l c issuer and lender in the agreement?,citibank,1,1,0
151,What company is both the l c issuer and joint lead arrangers in the agreement?,citibank,1,1,0
151,What company is both the swing line lender and lender in the agreement?,citibank,1,1,0
151,What company is both the swing line lender and joint lead arrangers in the agreement?,citibank,1,1,0
151,What company is both the lender and joint lead arrangers in the agreement?,citibank,1,1,0
151,What company is both the swing line lender and lender in the agreement?,goldman sachs bank usa,1,1,0
151,What company is both the swing line lender and lender in the agreement?,hsbc bank usa,1,1,0
151,What company is both the swing line lender and lender in the agreement?,keybank,1,1,0
151,What company is both the agent and joint bookrunners in the agreement?,mizuho bankltd,1,1,0
151,What company is both the agent and syndication agent in the agreement?,mizuho bankltd,1,1,0
151,What company is both the agent and l c issuer in the agreement?,mizuho bankltd,1,1,0
151,What company is both the agent and swing line lender in the agreement?,mizuho bankltd,1,1,0
151,What company is both the agent and lender in the agreement?,mizuho bankltd,1,1,0
151,What company is both the agent and joint lead arrangers in the agreement?,mizuho bankltd,1,1,0
151,What company is both the joint bookrunners and syndication agent in the agreement?,mizuho bankltd,1,1,0
151,What company is both the joint bookrunners and l c issuer in the agreement?,mizuho bankltd,1,1,0
151,What company is both the joint bookrunners and swing line lender in the agreement?,mizuho bankltd,1,1,0
151,What company is both the joint bookrunners and lender in the agreement?,mizuho bankltd,1,1,0
151,What company is both the joint bookrunners and joint lead arrangers in the agreement?,mizuho bankltd,1,1,0
151,What company is both the syndication agent and l c issuer in the agreement?,mizuho bankltd,1,1,0
151,What company is both the syndication agent and swing line lender in the agreement?,mizuho bankltd,1,1,0
151,What company is both the syndication agent and lender in the agreement?,mizuho bankltd,1,1,0
151,What company is both the syndication agent and joint lead arrangers in the agreement?,mizuho bankltd,1,1,0
151,What company is both the l c issuer and swing line lender in the agreement?,mizuho bankltd,1,1,0
151,What company is both the l c issuer and lender in the agreement?,mizuho bankltd,1,1,0
151,What company is both the l c issuer and joint lead arrangers in the agreement?,mizuho bankltd,1,1,0
151,What company is both the swing line lender and lender in the agreement?,mizuho bankltd,1,1,0
151,What company is both the swing line lender and joint lead arrangers in the agreement?,mizuho bankltd,1,1,0
151,What company is both the lender and joint lead arrangers in the agreement?,mizuho bankltd,1,1,0
151,What company is both the swing line lender and lender in the agreement?,morgan stanley bank,1,1,0
151,What company is both the swing line lender and lender in the agreement?,mufg bankltd,1,1,0
151,What company is both the swing line lender and lender in the agreement?,royal bank of canada,1,1,0
151,What company is both the swing line lender and lender in the agreement?,sumitomo mitsui bankning corporation,1,1,0
151,What company is both the swing line lender and lender in the agreement?,the bank of new york mellon,1,1,0
151,What company is both the swing line lender and lender in the agreement?,the bank of nova scotia,1,1,0
151,What company is both the swing line lender and lender in the agreement?,us bank national association,1,1,0
151,What company is both the swing line lender and lender in the agreement?,wells fargo bank,1,1,0
151,What company is both the agent and joint bookrunners in the agreement?,bank of america,1,1,0
151,What company is both the agent and syndication agent in the agreement?,bank of america,1,1,0
151,What company is both the agent and l c issuer in the agreement?,bank of america,1,1,0
151,What company is both the agent and administrative agent in the agreement?,bank of america,1,1,0
151,What company is both the agent and swing line lender in the agreement?,bank of america,1,1,0
151,What company is both the agent and lender in the agreement?,bank of america,1,1,0
151,What company is both the agent and joint lead arrangers in the agreement?,bank of america,1,1,0
151,What company is both the joint bookrunners and syndication agent in the agreement?,bank of america,1,1,0
151,What company is both the joint bookrunners and l c issuer in the agreement?,bank of america,1,1,0
151,What company is both the joint bookrunners and administrative agent in the agreement?,bank of america,1,1,0
151,What company is both the joint bookrunners and swing line lender in the agreement?,bank of america,1,1,0
151,What company is both the joint bookrunners and lender in the agreement?,bank of america,1,1,0
151,What company is both the joint bookrunners and joint lead arrangers in the agreement?,bank of america,1,1,0
151,What company is both the syndication agent and l c issuer in the agreement?,bank of america,1,1,0
151,What company is both the syndication agent and administrative agent in the agreement?,bank of america,1,1,0
151,What company is both the syndication agent and swing line lender in the agreement?,bank of america,1,1,0
151,What company is both the syndication agent and lender in the agreement?,bank of america,1,1,0
151,What company is both the syndication agent and joint lead arrangers in the agreement?,bank of america,1,1,0
151,What company is both the l c issuer and administrative agent in the agreement?,bank of america,1,1,0
151,What company is both the l c issuer and swing line lender in the agreement?,bank of america,1,1,0
151,What company is both the l c issuer and lender in the agreement?,bank of america,1,1,0
151,What company is both the l c issuer and joint lead arrangers in the agreement?,bank of america,1,1,0
151,What company is both the administrative agent and swing line lender in the agreement?,bank of america,1,1,0
151,What company is both the administrative agent and lender in the agreement?,bank of america,1,1,0
151,What company is both the administrative agent and joint lead arrangers in the agreement?,bank of america,1,1,0
151,What company is both the swing line lender and lender in the agreement?,bank of america,1,1,0
151,What company is both the swing line lender and joint lead arrangers in the agreement?,bank of america,1,1,0
151,What company is both the lender and joint lead arrangers in the agreement?,bank of america,1,1,0
151,What company is both the swing line lender and lender in the agreement?,bnp paribas,1,1,0
151,What company is both the swing line lender and lender in the agreement?,credit suisse ag,1,1,0
151,What company is both the swing line lender and lender in the agreement?,deutsche bank ag new york branch,1,1,0
151,What company is both the swing line lender and lender in the agreement?,ing bank nv,1,1,0
151,What company is both the agent and joint bookrunners in the agreement?,jpmorgan chase bank,1,1,0
151,What company is both the agent and syndication agent in the agreement?,jpmorgan chase bank,1,1,0
151,What company is both the agent and l c issuer in the agreement?,jpmorgan chase bank,1,1,0
151,What company is both the agent and swing line lender in the agreement?,jpmorgan chase bank,1,1,0
151,What company is both the agent and lender in the agreement?,jpmorgan chase bank,1,1,0
151,What company is both the agent and joint lead arrangers in the agreement?,jpmorgan chase bank,1,1,0
151,What company is both the joint bookrunners and syndication agent in the agreement?,jpmorgan chase bank,1,1,0
151,What company is both the joint bookrunners and l c issuer in the agreement?,jpmorgan chase bank,1,1,0
151,What company is both the joint bookrunners and swing line lender in the agreement?,jpmorgan chase bank,1,1,0
151,What company is both the joint bookrunners and lender in the agreement?,jpmorgan chase bank,1,1,0
151,What company is both the joint bookrunners and joint lead arrangers in the agreement?,jpmorgan chase bank,1,1,0
151,What company is both the syndication agent and l c issuer in the agreement?,jpmorgan chase bank,1,1,0
151,What company is both the syndication agent and swing line lender in the agreement?,jpmorgan chase bank,1,1,0
151,What company is both the syndication agent and lender in the agreement?,jpmorgan chase bank,1,1,0
151,What company is both the syndication agent and joint lead arrangers in the agreement?,jpmorgan chase bank,1,1,0
151,What company is both the l c issuer and swing line lender in the agreement?,jpmorgan chase bank,1,1,0
151,What company is both the l c issuer and lender in the agreement?,jpmorgan chase bank,1,1,0
151,What company is both the l c issuer and joint lead arrangers in the agreement?,jpmorgan chase bank,1,1,0
151,What company is both the swing line lender and lender in the agreement?,jpmorgan chase bank,1,1,0
151,What company is both the swing line lender and joint lead arrangers in the agreement?,jpmorgan chase bank,1,1,0
151,What company is both the lender and joint lead arrangers in the agreement?,jpmorgan chase bank,1,1,0
151,What company is both the swing line lender and lender in the agreement?,nordea bank abp,1,1,0
92,What company is both the bookrunner and co bookrunner in the agreement?,business development corporation of america,1,1,0
92,What company is both the sole lead arranger and co bookrunner in the agreement?,midcap funding v llc,1,1,0
92,What company is both the sole lead arranger and bookrunner in the agreement?,midcap funding v llc,1,1,0
92,What company is both the sole lead arranger and administrative agent in the agreement?,midcap funding v llc,1,1,0
92,What company is both the sole lead arranger and lender in the agreement?,midcap funding v llc,1,1,0
92,What company is both the sole lead arranger and arranger in the agreement?,midcap funding v llc,1,1,0
92,What company is both the co bookrunner and bookrunner in the agreement?,midcap funding v llc,1,1,0
92,What company is both the co bookrunner and administrative agent in the agreement?,midcap funding v llc,1,1,0
92,What company is both the co bookrunner and lender in the agreement?,midcap funding v llc,1,1,0
92,What company is both the co bookrunner and arranger in the agreement?,midcap funding v llc,1,1,0
92,What company is both the bookrunner and administrative agent in the agreement?,midcap funding v llc,1,1,0
92,What company is both the bookrunner and lender in the agreement?,midcap funding v llc,1,1,0
92,What company is both the bookrunner and arranger in the agreement?,midcap funding v llc,1,1,0
92,What company is both the administrative agent and lender in the agreement?,midcap funding v llc,1,1,0
92,What company is both the administrative agent and arranger in the agreement?,midcap funding v llc,1,1,0
92,What company is both the lender and arranger in the agreement?,midcap funding v llc,1,1,0
92,What company is both the sole lead arranger and co bookrunner in the agreement?,pernix therapeutics holdings inc,1,1,0
92,What company is both the sole lead arranger and bookrunner in the agreement?,pernix therapeutics holdings inc,1,1,0
92,What company is both the sole lead arranger and borrower in the agreement?,pernix therapeutics holdings inc,1,1,0
92,What company is both the sole lead arranger and administrative agent in the agreement?,pernix therapeutics holdings inc,1,1,0
92,What company is both the sole lead arranger and lender in the agreement?,pernix therapeutics holdings inc,1,1,0
92,What company is both the sole lead arranger and arranger in the agreement?,pernix therapeutics holdings inc,1,1,0
92,What company is both the co bookrunner and bookrunner in the agreement?,pernix therapeutics holdings inc,1,1,0
92,What company is both the co bookrunner and borrower in the agreement?,pernix therapeutics holdings inc,1,1,0
92,What company is both the co bookrunner and administrative agent in the agreement?,pernix therapeutics holdings inc,1,1,0
92,What company is both the co bookrunner and lender in the agreement?,pernix therapeutics holdings inc,1,1,0
92,What company is both the co bookrunner and arranger in the agreement?,pernix therapeutics holdings inc,1,1,0
92,What company is both the bookrunner and borrower in the agreement?,pernix therapeutics holdings inc,1,1,0
92,What company is both the bookrunner and administrative agent in the agreement?,pernix therapeutics holdings inc,1,1,0
92,What company is both the bookrunner and lender in the agreement?,pernix therapeutics holdings inc,1,1,0
92,What company is both the bookrunner and arranger in the agreement?,pernix therapeutics holdings inc,1,1,0
92,What company is both the borrower and administrative agent in the agreement?,pernix therapeutics holdings inc,1,1,0
92,What company is both the borrower and lender in the agreement?,pernix therapeutics holdings inc,1,1,0
92,What company is both the borrower and arranger in the agreement?,pernix therapeutics holdings inc,1,1,0
92,What company is both the administrative agent and lender in the agreement?,pernix therapeutics holdings inc,1,1,0
92,What company is both the administrative agent and arranger in the agreement?,pernix therapeutics holdings inc,1,1,0
92,What company is both the lender and arranger in the agreement?,pernix therapeutics holdings inc,1,1,0
86,What company is both the manager and arranger in the agreement?,merrill lynch pierce fennerand smith incorporated,1,1,0
86,What company is both the lender and swinglinelender in the agreement?,bank of america,1,1,0
86,What company is both the lender and l cissuer in the agreement?,bank of america,1,1,0
86,What company is both the lender and administrative agent in the agreement?,bank of america,1,1,0
86,What company is both the swinglinelender and l cissuer in the agreement?,bank of america,1,1,0
86,What company is both the swinglinelender and administrative agent in the agreement?,bank of america,1,1,0
86,What company is both the l cissuer and administrative agent in the agreement?,bank of america,1,1,0
150,What company is both the collateral agent and administrative agent in the agreement?,wilmington savings fund society fsb,1,1,0
144,What company is both the agent and lender in the agreement?,midcap financial trust,1,1,0
51,What company is both the joint bookrunners and arrangers in the agreement?,citigroup global markets inc,1,1,0
51,What company is both the joint bookrunners and arrangers in the agreement?,natixis securities americas llc,1,1,0
51,What company is both the joint bookrunners and arrangers in the agreement?,rbc capital markets1,1,1,0
51,What company is both the joint bookrunners and arrangers in the agreement?,the bank of tokyo mitsubishi ufj ltd,1,1,0
51,What company is both the joint bookrunners and arrangers in the agreement?,ubs securities llc,1,1,0
51,What company is both the agent and joint bookrunners in the agreement?,morgan stanley senior funding inc,1,1,0
51,What company is both the agent and collateral agent in the agreement?,morgan stanley senior funding inc,1,1,0
51,What company is both the agent and arrangers in the agreement?,morgan stanley senior funding inc,1,1,0
51,What company is both the agent and administrative agent in the agreement?,morgan stanley senior funding inc,1,1,0
51,What company is both the agent and lender in the agreement?,morgan stanley senior funding inc,1,1,0
51,What company is both the agent and joint lead arrangers in the agreement?,morgan stanley senior funding inc,1,1,0
51,What company is both the joint bookrunners and collateral agent in the agreement?,morgan stanley senior funding inc,1,1,0
51,What company is both the joint bookrunners and arrangers in the agreement?,morgan stanley senior funding inc,1,1,0
51,What company is both the joint bookrunners and administrative agent in the agreement?,morgan stanley senior funding inc,1,1,0
51,What company is both the joint bookrunners and lender in the agreement?,morgan stanley senior funding inc,1,1,0
51,What company is both the joint bookrunners and joint lead arrangers in the agreement?,morgan stanley senior funding inc,1,1,0
51,What company is both the collateral agent and arrangers in the agreement?,morgan stanley senior funding inc,1,1,0
51,What company is both the collateral agent and administrative agent in the agreement?,morgan stanley senior funding inc,1,1,0
51,What company is both the collateral agent and lender in the agreement?,morgan stanley senior funding inc,1,1,0
51,What company is both the collateral agent and joint lead arrangers in the agreement?,morgan stanley senior funding inc,1,1,0
51,What company is both the arrangers and administrative agent in the agreement?,morgan stanley senior funding inc,1,1,0
51,What company is both the arrangers and lender in the agreement?,morgan stanley senior funding inc,1,1,0
51,What company is both the arrangers and joint lead arrangers in the agreement?,morgan stanley senior funding inc,1,1,0
51,What company is both the administrative agent and lender in the agreement?,morgan stanley senior funding inc,1,1,0
51,What company is both the administrative agent and joint lead arrangers in the agreement?,morgan stanley senior funding inc,1,1,0
51,What company is both the lender and joint lead arrangers in the agreement?,morgan stanley senior funding inc,1,1,0
51,What company is both the agent and collateral agent in the agreement?,mufg union bank na,1,1,0
3,What company is both the bookrunner and joint lead arranger in the agreement?,bofa securities inc,1,1,0
3,What company is both the bookrunner and arranger in the agreement?,bofa securities inc,1,1,0
3,What company is both the bookrunner and joint bookrunner in the agreement?,bofa securities inc,1,1,0
3,What company is both the joint lead arranger and arranger in the agreement?,bofa securities inc,1,1,0
3,What company is both the joint lead arranger and joint bookrunner in the agreement?,bofa securities inc,1,1,0
3,What company is both the arranger and joint bookrunner in the agreement?,bofa securities inc,1,1,0
3,What company is both the bookrunner and joint lead arranger in the agreement?,wells fargo securities llc,1,1,0
3,What company is both the bookrunner and arranger in the agreement?,wells fargo securities llc,1,1,0
3,What company is both the bookrunner and joint bookrunner in the agreement?,wells fargo securities llc,1,1,0
3,What company is both the joint lead arranger and arranger in the agreement?,wells fargo securities llc,1,1,0
3,What company is both the joint lead arranger and joint bookrunner in the agreement?,wells fargo securities llc,1,1,0
3,What company is both the arranger and joint bookrunner in the agreement?,wells fargo securities llc,1,1,0
3,What company is both the general partner borrower and borrower in the agreement?,summit jv mr 2 llc,1,1,0
3,What company is both the general partner borrower and parent borrower in the agreement?,summit jv mr 2 llc,1,1,0
3,What company is both the borrower and parent borrower in the agreement?,summit jv mr 2 llc,1,1,0
3,What company is both the general partner borrower and borrower in the agreement?,summit jv mr 3 llc,1,1,0
3,What company is both the general partner borrower and parent borrower in the agreement?,summit jv mr 3 llc,1,1,0
3,What company is both the borrower and parent borrower in the agreement?,summit jv mr 3 llc,1,1,0
3,What company is both the guarantor and issuer in the agreement?,summit nci master trs inc,1,1,0
3,What company is both the general partner borrower and borrower in the agreement?,summit nci nola br 184 llc,1,1,0
3,What company is both the general partner borrower and parent borrower in the agreement?,summit nci nola br 184 llc,1,1,0
3,What company is both the borrower and parent borrower in the agreement?,summit nci nola br 184 llc,1,1,0
3,What company is both the syndication agent and lender in the agreement?,wells fargo bank national association,1,1,0
3,What company is both the lender and administrative agent in the agreement?,bank of america na,1,1,0
45,What company is both the counsel to lender lender and lender in the agreement?,us bank national association,1,1,0
79,What company is both the joint bookrunners and bookrunners in the agreement?,merrill lynch pierce fennerand smith incorporated,1,1,0
79,What company is both the joint bookrunners and arrangers in the agreement?,merrill lynch pierce fennerand smith incorporated,1,1,0
79,What company is both the joint bookrunners and joint lead arrangers in the agreement?,merrill lynch pierce fennerand smith incorporated,1,1,0
79,What company is both the bookrunners and arrangers in the agreement?,merrill lynch pierce fennerand smith incorporated,1,1,0
79,What company is both the bookrunners and joint lead arrangers in the agreement?,merrill lynch pierce fennerand smith incorporated,1,1,0
79,What company is both the arrangers and joint lead arrangers in the agreement?,merrill lynch pierce fennerand smith incorporated,1,1,0
79,What company is both the joint bookrunners and bookrunners in the agreement?,rbc capital markets llc,1,1,0
79,What company is both the joint bookrunners and arrangers in the agreement?,rbc capital markets llc,1,1,0
79,What company is both the joint bookrunners and joint lead arrangers in the agreement?,rbc capital markets llc,1,1,0
79,What company is both the bookrunners and arrangers in the agreement?,rbc capital markets llc,1,1,0
79,What company is both the bookrunners and joint lead arrangers in the agreement?,rbc capital markets llc,1,1,0
79,What company is both the arrangers and joint lead arrangers in the agreement?,rbc capital markets llc,1,1,0
79,What company is both the joint bookrunners and bookrunners in the agreement?,wells fargo securities llc,1,1,0
79,What company is both the joint bookrunners and arrangers in the agreement?,wells fargo securities llc,1,1,0
79,What company is both the joint bookrunners and joint lead arrangers in the agreement?,wells fargo securities llc,1,1,0
79,What company is both the bookrunners and arrangers in the agreement?,wells fargo securities llc,1,1,0
79,What company is both the bookrunners and joint lead arrangers in the agreement?,wells fargo securities llc,1,1,0
79,What company is both the arrangers and joint lead arrangers in the agreement?,wells fargo securities llc,1,1,0
79,What company is both the joint bookrunners and syndication agents in the agreement?,citigroup global markets inc,1,1,0
79,What company is both the joint bookrunners and bookrunners in the agreement?,citigroup global markets inc,1,1,0
79,What company is both the joint bookrunners and arrangers in the agreement?,citigroup global markets inc,1,1,0
79,What company is both the joint bookrunners and joint lead arrangers in the agreement?,citigroup global markets inc,1,1,0
79,What company is both the syndication agents and bookrunners in the agreement?,citigroup global markets inc,1,1,0
79,What company is both the syndication agents and arrangers in the agreement?,citigroup global markets inc,1,1,0
79,What company is both the syndication agents and joint lead arrangers in the agreement?,citigroup global markets inc,1,1,0
79,What company is both the bookrunners and arrangers in the agreement?,citigroup global markets inc,1,1,0
79,What company is both the bookrunners and joint lead arrangers in the agreement?,citigroup global markets inc,1,1,0
79,What company is both the arrangers and joint lead arrangers in the agreement?,citigroup global markets inc,1,1,0
79,What company is both the lenders and administrative agent in the agreement?,wells fargo bank national association,1,1,0
22,What company is both the agent and book runner in the agreement?,wells fargo bank national association,1,1,0
22,What company is both the agent and joint book runner in the agreement?,wells fargo bank national association,1,1,0
22,What company is both the agent and joint lead arranger in the agreement?,wells fargo bank national association,1,1,0
22,What company is both the agent and arranger in the agreement?,wells fargo bank national association,1,1,0
22,What company is both the book runner and joint book runner in the agreement?,wells fargo bank national association,1,1,0
22,What company is both the book runner and joint lead arranger in the agreement?,wells fargo bank national association,1,1,0
22,What company is both the book runner and arranger in the agreement?,wells fargo bank national association,1,1,0
22,What company is both the joint book runner and joint lead arranger in the agreement?,wells fargo bank national association,1,1,0
22,What company is both the joint book runner and arranger in the agreement?,wells fargo bank national association,1,1,0
22,What company is both the joint lead arranger and arranger in the agreement?,wells fargo bank national association,1,1,0
22,What company is both the book runner and joint lead arranger in the agreement?,bank of america na,1,1,0
22,What company is both the book runner and joint book runner in the agreement?,bank of america na,1,1,0
22,What company is both the book runner and lender in the agreement?,bank of america na,1,1,0
22,What company is both the book runner and arranger in the agreement?,bank of america na,1,1,0
22,What company is both the joint lead arranger and joint book runner in the agreement?,bank of america na,1,1,0
22,What company is both the joint lead arranger and lender in the agreement?,bank of america na,1,1,0
22,What company is both the joint lead arranger and arranger in the agreement?,bank of america na,1,1,0
22,What company is both the joint book runner and lender in the agreement?,bank of america na,1,1,0
22,What company is both the joint book runner and arranger in the agreement?,bank of america na,1,1,0
22,What company is both the lender and arranger in the agreement?,bank of america na,1,1,0
22,What company is both the counsel to any lender lender and runner in the agreement?,jpmorgan chase bank na,1,1,0
22,What company is both the counsel to any lender lender and joint lead arranger in the agreement?,jpmorgan chase bank na,1,1,0
22,What company is both the counsel to any lender lender and joint book runner in the agreement?,jpmorgan chase bank na,1,1,0
22,What company is both the counsel to any lender lender and lender in the agreement?,jpmorgan chase bank na,1,1,0
22,What company is both the counsel to any lender lender and arranger in the agreement?,jpmorgan chase bank na,1,1,0
22,What company is both the runner and joint lead arranger in the agreement?,jpmorgan chase bank na,1,1,0
22,What company is both the runner and joint book runner in the agreement?,jpmorgan chase bank na,1,1,0
22,What company is both the runner and lender in the agreement?,jpmorgan chase bank na,1,1,0
22,What company is both the runner and arranger in the agreement?,jpmorgan chase bank na,1,1,0
22,What company is both the joint lead arranger and joint book runner in the agreement?,jpmorgan chase bank na,1,1,0
22,What company is both the joint lead arranger and lender in the agreement?,jpmorgan chase bank na,1,1,0
22,What company is both the joint lead arranger and arranger in the agreement?,jpmorgan chase bank na,1,1,0
22,What company is both the joint book runner and lender in the agreement?,jpmorgan chase bank na,1,1,0
22,What company is both the joint book runner and arranger in the agreement?,jpmorgan chase bank na,1,1,0
22,What company is both the lender and arranger in the agreement?,jpmorgan chase bank na,1,1,0
22,What company is both the counsel to any lender lender and lender in the agreement?,royal bank of canada,1,1,0
22,What company is both the counsel to borrowers borrower and borrower in the agreement?,oil states international inc,1,1,0
36,What company is both the agent and collateral agent in the agreement?,morgan stanley senior funding inc,1,1,0
36,What company is both the agent and bookrunner in the agreement?,morgan stanley senior funding inc,1,1,0
36,What company is both the agent and lead arranger in the agreement?,morgan stanley senior funding inc,1,1,0
36,What company is both the agent and administrative agent in the agreement?,morgan stanley senior funding inc,1,1,0
36,What company is both the agent and lender in the agreement?,morgan stanley senior funding inc,1,1,0
36,What company is both the agent and arranger in the agreement?,morgan stanley senior funding inc,1,1,0
36,What company is both the collateral agent and bookrunner in the agreement?,morgan stanley senior funding inc,1,1,0
36,What company is both the collateral agent and lead arranger in the agreement?,morgan stanley senior funding inc,1,1,0
36,What company is both the collateral agent and administrative agent in the agreement?,morgan stanley senior funding inc,1,1,0
36,What company is both the collateral agent and lender in the agreement?,morgan stanley senior funding inc,1,1,0
36,What company is both the collateral agent and arranger in the agreement?,morgan stanley senior funding inc,1,1,0
36,What company is both the bookrunner and lead arranger in the agreement?,morgan stanley senior funding inc,1,1,0
36,What company is both the bookrunner and administrative agent in the agreement?,morgan stanley senior funding inc,1,1,0
36,What company is both the bookrunner and lender in the agreement?,morgan stanley senior funding inc,1,1,0
36,What company is both the bookrunner and arranger in the agreement?,morgan stanley senior funding inc,1,1,0
36,What company is both the lead arranger and administrative agent in the agreement?,morgan stanley senior funding inc,1,1,0
36,What company is both the lead arranger and lender in the agreement?,morgan stanley senior funding inc,1,1,0
36,What company is both the lead arranger and arranger in the agreement?,morgan stanley senior funding inc,1,1,0
36,What company is both the administrative agent and lender in the agreement?,morgan stanley senior funding inc,1,1,0
36,What company is both the administrative agent and arranger in the agreement?,morgan stanley senior funding inc,1,1,0
36,What company is both the lender and arranger in the agreement?,morgan stanley senior funding inc,1,1,0
36,What company is both the grantors and borrower in the agreement?,silicon graphics international corp,1,1,0
123,What company is both the joint bookrunners and bookrunners in the agreement?,citigroup global markets inc,1,1,0
123,What company is both the joint bookrunners and bookrunners in the agreement?,jp morgan securities llc,1,1,0
123,What company is both the joint bookrunners and arranger in the agreement?,jp morgan securities llc,1,1,0
123,What company is both the bookrunners and arranger in the agreement?,jp morgan securities llc,1,1,0
123,What company is both the agent and joint bookrunners in the agreement?,rbc capital markets,1,1,0
123,What company is both the agent and syndication agent in the agreement?,rbc capital markets,1,1,0
123,What company is both the agent and bookrunners in the agreement?,rbc capital markets,1,1,0
123,What company is both the agent and arranger in the agreement?,rbc capital markets,1,1,0
123,What company is both the agent and documentation agent in the agreement?,rbc capital markets,1,1,0
123,What company is both the joint bookrunners and syndication agent in the agreement?,rbc capital markets,1,1,0
123,What company is both the joint bookrunners and bookrunners in the agreement?,rbc capital markets,1,1,0
123,What company is both the joint bookrunners and arranger in the agreement?,rbc capital markets,1,1,0
123,What company is both the joint bookrunners and documentation agent in the agreement?,rbc capital markets,1,1,0
123,What company is both the syndication agent and bookrunners in the agreement?,rbc capital markets,1,1,0
123,What company is both the syndication agent and arranger in the agreement?,rbc capital markets,1,1,0
123,What company is both the syndication agent and documentation agent in the agreement?,rbc capital markets,1,1,0
123,What company is both the bookrunners and arranger in the agreement?,rbc capital markets,1,1,0
123,What company is both the bookrunners and documentation agent in the agreement?,rbc capital markets,1,1,0
123,What company is both the arranger and documentation agent in the agreement?,rbc capital markets,1,1,0
123,What company is both the agent and lender in the agreement?,bank of america na,1,1,0
123,What company is both the agent and documentation agent in the agreement?,bank of america na,1,1,0
123,What company is both the lender and documentation agent in the agreement?,bank of america na,1,1,0
123,What company is both the agent and lender in the agreement?,citibank na,1,1,0
123,What company is both the agent and syndication agent in the agreement?,citibank na,1,1,0
123,What company is both the agent and documentation agent in the agreement?,citibank na,1,1,0
123,What company is both the lender and syndication agent in the agreement?,citibank na,1,1,0
123,What company is both the lender and documentation agent in the agreement?,citibank na,1,1,0
123,What company is both the syndication agent and documentation agent in the agreement?,citibank na,1,1,0
123,What company is both the agent and joint bookrunners in the agreement?,goldman sachs bank usa,1,1,0
123,What company is both the agent and syndication agent in the agreement?,goldman sachs bank usa,1,1,0
123,What company is both the agent and bookrunners in the agreement?,goldman sachs bank usa,1,1,0
123,What company is both the agent and lender in the agreement?,goldman sachs bank usa,1,1,0
123,What company is both the agent and arranger in the agreement?,goldman sachs bank usa,1,1,0
123,What company is both the agent and documentation agent in the agreement?,goldman sachs bank usa,1,1,0
123,What company is both the joint bookrunners and syndication agent in the agreement?,goldman sachs bank usa,1,1,0
123,What company is both the joint bookrunners and bookrunners in the agreement?,goldman sachs bank usa,1,1,0
123,What company is both the joint bookrunners and lender in the agreement?,goldman sachs bank usa,1,1,0
123,What company is both the joint bookrunners and arranger in the agreement?,goldman sachs bank usa,1,1,0
123,What company is both the joint bookrunners and documentation agent in the agreement?,goldman sachs bank usa,1,1,0
123,What company is both the syndication agent and bookrunners in the agreement?,goldman sachs bank usa,1,1,0
123,What company is both the syndication agent and lender in the agreement?,goldman sachs bank usa,1,1,0
123,What company is both the syndication agent and arranger in the agreement?,goldman sachs bank usa,1,1,0
123,What company is both the syndication agent and documentation agent in the agreement?,goldman sachs bank usa,1,1,0
123,What company is both the bookrunners and lender in the agreement?,goldman sachs bank usa,1,1,0
123,What company is both the bookrunners and arranger in the agreement?,goldman sachs bank usa,1,1,0
123,What company is both the bookrunners and documentation agent in the agreement?,goldman sachs bank usa,1,1,0
123,What company is both the lender and arranger in the agreement?,goldman sachs bank usa,1,1,0
123,What company is both the lender and documentation agent in the agreement?,goldman sachs bank usa,1,1,0
123,What company is both the arranger and documentation agent in the agreement?,goldman sachs bank usa,1,1,0
123,What company is both the agent and syndication agent in the agreement?,jpmorgan chase bank na,1,1,0
123,What company is both the agent and administrative agent in the agreement?,jpmorgan chase bank na,1,1,0
123,What company is both the agent and lender in the agreement?,jpmorgan chase bank na,1,1,0
123,What company is both the agent and documentation agent in the agreement?,jpmorgan chase bank na,1,1,0
123,What company is both the syndication agent and administrative agent in the agreement?,jpmorgan chase bank na,1,1,0
123,What company is both the syndication agent and lender in the agreement?,jpmorgan chase bank na,1,1,0
123,What company is both the syndication agent and documentation agent in the agreement?,jpmorgan chase bank na,1,1,0
123,What company is both the administrative agent and lender in the agreement?,jpmorgan chase bank na,1,1,0
123,What company is both the administrative agent and documentation agent in the agreement?,jpmorgan chase bank na,1,1,0
123,What company is both the lender and documentation agent in the agreement?,jpmorgan chase bank na,1,1,0
123,What company is both the agent and lender in the agreement?,pnc bank,1,1,0
123,What company is both the agent and documentation agent in the agreement?,pnc bank,1,1,0
123,What company is both the lender and documentation agent in the agreement?,pnc bank,1,1,0
123,What company is both the agent and lender in the agreement?,the bank of tokyo mitsubishi ufj ltd,1,1,0
123,What company is both the agent and documentation agent in the agreement?,the bank of tokyo mitsubishi ufj ltd,1,1,0
123,What company is both the lender and documentation agent in the agreement?,the bank of tokyo mitsubishi ufj ltd,1,1,0
123,What company is both the agent and lender in the agreement?,wells fargo bank,1,1,0
123,What company is both the agent and documentation agent in the agreement?,wells fargo bank,1,1,0
123,What company is both the lender and documentation agent in the agreement?,wells fargo bank,1,1,0
123,What company is both the agent and lender in the agreement?,credit suisse ag,1,1,0
123,What company is both the agent and documentation agent in the agreement?,credit suisse ag,1,1,0
123,What company is both the lender and documentation agent in the agreement?,credit suisse ag,1,1,0
137,What company is both the bookrunners and arrangers in the agreement?,deutsche bank securities inc,1,1,0
137,What company is both the bookrunners and joint lead arrangers in the agreement?,deutsche bank securities inc,1,1,0
137,What company is both the arrangers and joint lead arrangers in the agreement?,deutsche bank securities inc,1,1,0
137,What company is both the lenders and swing line banks in the agreement?,initial issuing banks,1,1,0
137,What company is both the lenders and issuing banks in the agreement?,initial issuing banks,1,1,0
137,What company is both the swing line banks and issuing banks in the agreement?,initial issuing banks,1,1,0
137,What company is both the bookrunners and arrangers in the agreement?,merrill lynch pierce fenner and smith incorporated,1,1,0
137,What company is both the bookrunners and joint lead arrangers in the agreement?,merrill lynch pierce fenner and smith incorporated,1,1,0
137,What company is both the arrangers and joint lead arrangers in the agreement?,merrill lynch pierce fenner and smith incorporated,1,1,0
137,What company is both the bookrunners and arrangers in the agreement?,regions capital markets,1,1,0
137,What company is both the bookrunners and joint lead arrangers in the agreement?,regions capital markets,1,1,0
137,What company is both the arrangers and joint lead arrangers in the agreement?,regions capital markets,1,1,0
137,What company is both the swing line banks and issuing banks in the agreement?,swing line banks,1,1,0
137,What company is both the lender and bank in the agreement?,bank of america na,1,1,0
137,What company is both the lender and co syndication agents in the agreement?,bank of america na,1,1,0
137,What company is both the lender and agents in the agreement?,bank of america na,1,1,0
137,What company is both the bank and co syndication agents in the agreement?,bank of america na,1,1,0
137,What company is both the bank and agents in the agreement?,bank of america na,1,1,0
137,What company is both the co syndication agents and agents in the agreement?,bank of america na,1,1,0
137,What company is both the lender and bank in the agreement?,regions bank,1,1,0
137,What company is both the lender and co syndication agents in the agreement?,regions bank,1,1,0
137,What company is both the lender and agents in the agreement?,regions bank,1,1,0
137,What company is both the bank and co syndication agents in the agreement?,regions bank,1,1,0
137,What company is both the bank and agents in the agreement?,regions bank,1,1,0
137,What company is both the co syndication agents and agents in the agreement?,regions bank,1,1,0
137,What company is both the lender and administrative agent in the agreement?,deutsche bank ag new york branch,1,1,0
122,What company is both the joint bookrunners and bookrunners in the agreement?,citigroup global markets inc,1,1,0
122,What company is both the joint bookrunners and joint lead arranger in the agreement?,citigroup global markets inc,1,1,0
122,What company is both the joint bookrunners and arranger in the agreement?,citigroup global markets inc,1,1,0
122,What company is both the bookrunners and joint lead arranger in the agreement?,citigroup global markets inc,1,1,0
122,What company is both the bookrunners and arranger in the agreement?,citigroup global markets inc,1,1,0
122,What company is both the joint lead arranger and arranger in the agreement?,citigroup global markets inc,1,1,0
122,What company is both the joint bookrunners and bookrunners in the agreement?,merrill lynch pierce fennerand smith incorporated,1,1,0
122,What company is both the joint bookrunners and joint lead arranger in the agreement?,merrill lynch pierce fennerand smith incorporated,1,1,0
122,What company is both the joint bookrunners and arranger in the agreement?,merrill lynch pierce fennerand smith incorporated,1,1,0
122,What company is both the bookrunners and joint lead arranger in the agreement?,merrill lynch pierce fennerand smith incorporated,1,1,0
122,What company is both the bookrunners and arranger in the agreement?,merrill lynch pierce fennerand smith incorporated,1,1,0
122,What company is both the joint lead arranger and arranger in the agreement?,merrill lynch pierce fennerand smith incorporated,1,1,0
122,What company is both the agent and joint bookrunners in the agreement?,morgan stanley senior fundinginc,1,1,0
122,What company is both the agent and syndication agent in the agreement?,morgan stanley senior fundinginc,1,1,0
122,What company is both the agent and bookrunners in the agreement?,morgan stanley senior fundinginc,1,1,0
122,What company is both the agent and joint lead arranger in the agreement?,morgan stanley senior fundinginc,1,1,0
122,What company is both the agent and arranger in the agreement?,morgan stanley senior fundinginc,1,1,0
122,What company is both the joint bookrunners and syndication agent in the agreement?,morgan stanley senior fundinginc,1,1,0
122,What company is both the joint bookrunners and bookrunners in the agreement?,morgan stanley senior fundinginc,1,1,0
122,What company is both the joint bookrunners and joint lead arranger in the agreement?,morgan stanley senior fundinginc,1,1,0
122,What company is both the joint bookrunners and arranger in the agreement?,morgan stanley senior fundinginc,1,1,0
122,What company is both the syndication agent and bookrunners in the agreement?,morgan stanley senior fundinginc,1,1,0
122,What company is both the syndication agent and joint lead arranger in the agreement?,morgan stanley senior fundinginc,1,1,0
122,What company is both the syndication agent and arranger in the agreement?,morgan stanley senior fundinginc,1,1,0
122,What company is both the bookrunners and joint lead arranger in the agreement?,morgan stanley senior fundinginc,1,1,0
122,What company is both the bookrunners and arranger in the agreement?,morgan stanley senior fundinginc,1,1,0
122,What company is both the joint lead arranger and arranger in the agreement?,morgan stanley senior fundinginc,1,1,0
122,What company is both the agent and lender in the agreement?,bank of america na,1,1,0
122,What company is both the agent and syndication agent in the agreement?,bank of america na,1,1,0
122,What company is both the lender and syndication agent in the agreement?,bank of america na,1,1,0
122,What company is both the agent and syndication agent in the agreement?,citibank na,1,1,0
122,What company is both the agent and administrative agent in the agreement?,citibank na,1,1,0
122,What company is both the syndication agent and administrative agent in the agreement?,citibank na,1,1,0
37,What company is both the swing line lender and lender in the agreement?,amegy bank national association,1,1,0
37,What company is both the swing line lender and lender in the agreement?,branch banking and trust company,1,1,0
37,What company is both the swing line lender and lender in the agreement?,citizens bank na,1,1,0
37,What company is both the swing line lender and lender in the agreement?,cobank acb,1,1,0
37,What company is both the swing line lender and lender in the agreement?,compass bank,1,1,0
37,What company is both the swing line lender and lender in the agreement?,jpmorgan chase bank na,1,1,0
37,What company is both the swing line lender and lender in the agreement?,keybank national association,1,1,0
37,What company is both the swing line lender and lender in the agreement?,mufg union bank na,1,1,0
37,What company is both the swing line lender and lender in the agreement?,pnc bank national association,1,1,0
37,What company is both the swing line lender and lender in the agreement?,us bank national association,1,1,0
37,What company is both the swing line lender and lender in the agreement?,wells fargo bank national association,1,1,0
37,What company is both the agent and l c issuer in the agreement?,bank of america na,1,1,0
37,What company is both the agent and administrative agent in the agreement?,bank of america na,1,1,0
37,What company is both the agent and swing line lender in the agreement?,bank of america na,1,1,0
37,What company is both the agent and lender in the agreement?,bank of america na,1,1,0
37,What company is both the l c issuer and administrative agent in the agreement?,bank of america na,1,1,0
37,What company is both the l c issuer and swing line lender in the agreement?,bank of america na,1,1,0
37,What company is both the l c issuer and lender in the agreement?,bank of america na,1,1,0
37,What company is both the administrative agent and swing line lender in the agreement?,bank of america na,1,1,0
37,What company is both the administrative agent and lender in the agreement?,bank of america na,1,1,0
37,What company is both the swing line lender and lender in the agreement?,bank of america na,1,1,0
23,What company is both the lender and l c issuer in the agreement?,keybank national association,1,1,0
23,What company is both the lender and administrative agent in the agreement?,keybank national association,1,1,0
23,What company is both the l c issuer and administrative agent in the agreement?,keybank national association,1,1,0
23,What company is both the lender and l c issuer in the agreement?,silicon valley bank,1,1,0
23,What company is both the lender and collateral agent in the agreement?,silicon valley bank,1,1,0
23,What company is both the l c issuer and collateral agent in the agreement?,silicon valley bank,1,1,0
35,What company is both the joint bookrunners and bookrunners in the agreement?,jp morgan securities llc,1,1,0
35,What company is both the joint bookrunners and arrangers in the agreement?,jp morgan securities llc,1,1,0
35,What company is both the joint bookrunners and joint lead arrangers in the agreement?,jp morgan securities llc,1,1,0
35,What company is both the bookrunners and arrangers in the agreement?,jp morgan securities llc,1,1,0
35,What company is both the bookrunners and joint lead arrangers in the agreement?,jp morgan securities llc,1,1,0
35,What company is both the arrangers and joint lead arrangers in the agreement?,jp morgan securities llc,1,1,0
35,What company is both the joint bookrunners and documentation agents in the agreement?,morgan stanley senior funding inc,1,1,0
35,What company is both the joint bookrunners and agents in the agreement?,morgan stanley senior funding inc,1,1,0
35,What company is both the joint bookrunners and syndication agents in the agreement?,morgan stanley senior funding inc,1,1,0
35,What company is both the joint bookrunners and bookrunners in the agreement?,morgan stanley senior funding inc,1,1,0
35,What company is both the joint bookrunners and arrangers in the agreement?,morgan stanley senior funding inc,1,1,0
35,What company is both the joint bookrunners and joint lead arrangers in the agreement?,morgan stanley senior funding inc,1,1,0
35,What company is both the documentation agents and agents in the agreement?,morgan stanley senior funding inc,1,1,0
35,What company is both the documentation agents and syndication agents in the agreement?,morgan stanley senior funding inc,1,1,0
35,What company is both the documentation agents and bookrunners in the agreement?,morgan stanley senior funding inc,1,1,0
35,What company is both the documentation agents and arrangers in the agreement?,morgan stanley senior funding inc,1,1,0
35,What company is both the documentation agents and joint lead arrangers in the agreement?,morgan stanley senior funding inc,1,1,0
35,What company is both the agents and syndication agents in the agreement?,morgan stanley senior funding inc,1,1,0
35,What company is both the agents and bookrunners in the agreement?,morgan stanley senior funding inc,1,1,0
35,What company is both the agents and arrangers in the agreement?,morgan stanley senior funding inc,1,1,0
35,What company is both the agents and joint lead arrangers in the agreement?,morgan stanley senior funding inc,1,1,0
35,What company is both the syndication agents and bookrunners in the agreement?,morgan stanley senior funding inc,1,1,0
35,What company is both the syndication agents and arrangers in the agreement?,morgan stanley senior funding inc,1,1,0
35,What company is both the syndication agents and joint lead arrangers in the agreement?,morgan stanley senior funding inc,1,1,0
35,What company is both the bookrunners and arrangers in the agreement?,morgan stanley senior funding inc,1,1,0
35,What company is both the bookrunners and joint lead arrangers in the agreement?,morgan stanley senior funding inc,1,1,0
35,What company is both the arrangers and joint lead arrangers in the agreement?,morgan stanley senior funding inc,1,1,0
35,What company is both the joint bookrunners and bookrunners in the agreement?,rbs securities inc,1,1,0
35,What company is both the joint bookrunners and arrangers in the agreement?,rbs securities inc,1,1,0
35,What company is both the joint bookrunners and joint lead arrangers in the agreement?,rbs securities inc,1,1,0
35,What company is both the bookrunners and arrangers in the agreement?,rbs securities inc,1,1,0
35,What company is both the bookrunners and joint lead arrangers in the agreement?,rbs securities inc,1,1,0
35,What company is both the arrangers and joint lead arrangers in the agreement?,rbs securities inc,1,1,0
35,What company is both the swingline lender and lender in the agreement?,banco bilbao vizcaya argentaria,1,1,0
35,What company is both the bank and agents in the agreement?,bank of america na,1,1,0
35,What company is both the bank and swingline lender in the agreement?,bank of america na,1,1,0
35,What company is both the bank and issuing bank in the agreement?,bank of america na,1,1,0
35,What company is both the bank and lender in the agreement?,bank of america na,1,1,0
35,What company is both the agents and swingline lender in the agreement?,bank of america na,1,1,0
35,What company is both the agents and issuing bank in the agreement?,bank of america na,1,1,0
35,What company is both the agents and lender in the agreement?,bank of america na,1,1,0
35,What company is both the swingline lender and issuing bank in the agreement?,bank of america na,1,1,0
35,What company is both the swingline lender and lender in the agreement?,bank of america na,1,1,0
35,What company is both the issuing bank and lender in the agreement?,bank of america na,1,1,0
35,What company is both the swingline lender and lender in the agreement?,branch banking and trust company,1,1,0
35,What company is both the bank and agents in the agreement?,citibank na,1,1,0
35,What company is both the bank and swingline lender in the agreement?,citibank na,1,1,0
35,What company is both the bank and issuing bank in the agreement?,citibank na,1,1,0
35,What company is both the bank and lender in the agreement?,citibank na,1,1,0
35,What company is both the agents and swingline lender in the agreement?,citibank na,1,1,0
35,What company is both the agents and issuing bank in the agreement?,citibank na,1,1,0
35,What company is both the agents and lender in the agreement?,citibank na,1,1,0
35,What company is both the swingline lender and issuing bank in the agreement?,citibank na,1,1,0
35,What company is both the swingline lender and lender in the agreement?,citibank na,1,1,0
35,What company is both the issuing bank and lender in the agreement?,citibank na,1,1,0
35,What company is both the joint bookrunners and bank in the agreement?,goldman sachs bank usa,1,1,0
35,What company is both the joint bookrunners and documentation agents in the agreement?,goldman sachs bank usa,1,1,0
35,What company is both the joint bookrunners and agents in the agreement?,goldman sachs bank usa,1,1,0
35,What company is both the joint bookrunners and swingline lender in the agreement?,goldman sachs bank usa,1,1,0
35,What company is both the joint bookrunners and bookrunners in the agreement?,goldman sachs bank usa,1,1,0
35,What company is both the joint bookrunners and syndication agents in the agreement?,goldman sachs bank usa,1,1,0
35,What company is both the joint bookrunners and arrangers in the agreement?,goldman sachs bank usa,1,1,0
35,What company is both the joint bookrunners and issuing bank in the agreement?,goldman sachs bank usa,1,1,0
35,What company is both the joint bookrunners and lender in the agreement?,goldman sachs bank usa,1,1,0
35,What company is both the joint bookrunners and joint lead arrangers in the agreement?,goldman sachs bank usa,1,1,0
35,What company is both the bank and documentation agents in the agreement?,goldman sachs bank usa,1,1,0
35,What company is both the bank and agents in the agreement?,goldman sachs bank usa,1,1,0
35,What company is both the bank and swingline lender in the agreement?,goldman sachs bank usa,1,1,0
35,What company is both the bank and bookrunners in the agreement?,goldman sachs bank usa,1,1,0
35,What company is both the bank and syndication agents in the agreement?,goldman sachs bank usa,1,1,0
35,What company is both the bank and arrangers in the agreement?,goldman sachs bank usa,1,1,0
35,What company is both the bank and issuing bank in the agreement?,goldman sachs bank usa,1,1,0
35,What company is both the bank and lender in the agreement?,goldman sachs bank usa,1,1,0
35,What company is both the bank and joint lead arrangers in the agreement?,goldman sachs bank usa,1,1,0
35,What company is both the documentation agents and agents in the agreement?,goldman sachs bank usa,1,1,0
35,What company is both the documentation agents and swingline lender in the agreement?,goldman sachs bank usa,1,1,0
35,What company is both the documentation agents and bookrunners in the agreement?,goldman sachs bank usa,1,1,0
35,What company is both the documentation agents and syndication agents in the agreement?,goldman sachs bank usa,1,1,0
35,What company is both the documentation agents and arrangers in the agreement?,goldman sachs bank usa,1,1,0
35,What company is both the documentation agents and issuing bank in the agreement?,goldman sachs bank usa,1,1,0
35,What company is both the documentation agents and lender in the agreement?,goldman sachs bank usa,1,1,0
35,What company is both the documentation agents and joint lead arrangers in the agreement?,goldman sachs bank usa,1,1,0
35,What company is both the agents and swingline lender in the agreement?,goldman sachs bank usa,1,1,0
35,What company is both the agents and bookrunners in the agreement?,goldman sachs bank usa,1,1,0
35,What company is both the agents and syndication agents in the agreement?,goldman sachs bank usa,1,1,0
35,What company is both the agents and arrangers in the agreement?,goldman sachs bank usa,1,1,0
35,What company is both the agents and issuing bank in the agreement?,goldman sachs bank usa,1,1,0
35,What company is both the agents and lender in the agreement?,goldman sachs bank usa,1,1,0
35,What company is both the agents and joint lead arrangers in the agreement?,goldman sachs bank usa,1,1,0
35,What company is both the swingline lender and bookrunners in the agreement?,goldman sachs bank usa,1,1,0
35,What company is both the swingline lender and syndication agents in the agreement?,goldman sachs bank usa,1,1,0
35,What company is both the swingline lender and arrangers in the agreement?,goldman sachs bank usa,1,1,0
35,What company is both the swingline lender and issuing bank in the agreement?,goldman sachs bank usa,1,1,0
35,What company is both the swingline lender and lender in the agreement?,goldman sachs bank usa,1,1,0
35,What company is both the swingline lender and joint lead arrangers in the agreement?,goldman sachs bank usa,1,1,0
35,What company is both the bookrunners and syndication agents in the agreement?,goldman sachs bank usa,1,1,0
35,What company is both the bookrunners and arrangers in the agreement?,goldman sachs bank usa,1,1,0
35,What company is both the bookrunners and issuing bank in the agreement?,goldman sachs bank usa,1,1,0
35,What company is both the bookrunners and lender in the agreement?,goldman sachs bank usa,1,1,0
35,What company is both the bookrunners and joint lead arrangers in the agreement?,goldman sachs bank usa,1,1,0
35,What company is both the syndication agents and arrangers in the agreement?,goldman sachs bank usa,1,1,0
35,What company is both the syndication agents and issuing bank in the agreement?,goldman sachs bank usa,1,1,0
35,What company is both the syndication agents and lender in the agreement?,goldman sachs bank usa,1,1,0
35,What company is both the syndication agents and joint lead arrangers in the agreement?,goldman sachs bank usa,1,1,0
35,What company is both the arrangers and issuing bank in the agreement?,goldman sachs bank usa,1,1,0
35,What company is both the arrangers and lender in the agreement?,goldman sachs bank usa,1,1,0
35,What company is both the arrangers and joint lead arrangers in the agreement?,goldman sachs bank usa,1,1,0
35,What company is both the issuing bank and lender in the agreement?,goldman sachs bank usa,1,1,0
35,What company is both the issuing bank and joint lead arrangers in the agreement?,goldman sachs bank usa,1,1,0
35,What company is both the lender and joint lead arrangers in the agreement?,goldman sachs bank usa,1,1,0
35,What company is both the swingline lender and lender in the agreement?,hsbc bank usa na,1,1,0
35,What company is both the swingline lender and agents in the agreement?,hsbc bank usa na,1,1,0
35,What company is both the lender and agents in the agreement?,hsbc bank usa na,1,1,0
35,What company is both the swingline lender and lender in the agreement?,ing capital llc,1,1,0
35,What company is both the swingline lender and lender in the agreement?,mizuho bank ltd,1,1,0
35,What company is both the swingline lender and issuing bank in the agreement?,morgan stanley bank na,1,1,0
35,What company is both the swingline lender and bank in the agreement?,morgan stanley bank na,1,1,0
35,What company is both the swingline lender and lender in the agreement?,morgan stanley bank na,1,1,0
35,What company is both the issuing bank and bank in the agreement?,morgan stanley bank na,1,1,0
35,What company is both the issuing bank and lender in the agreement?,morgan stanley bank na,1,1,0
35,What company is both the bank and lender in the agreement?,morgan stanley bank na,1,1,0
35,What company is both the swingline lender and lender in the agreement?,sumitomo mitsui banking corporation,1,1,0
35,What company is both the swingline lender and agents in the agreement?,sumitomo mitsui banking corporation,1,1,0
35,What company is both the lender and agents in the agreement?,sumitomo mitsui banking corporation,1,1,0
35,What company is both the swingline lender and lender in the agreement?,the bank of nova scotia,1,1,0
35,What company is both the swingline lender and agents in the agreement?,the bank of nova scotia,1,1,0
35,What company is both the lender and agents in the agreement?,the bank of nova scotia,1,1,0
35,What company is both the joint bookrunners and bank in the agreement?,the bank of tokyo mitsubishi ufj ltd,1,1,0
35,What company is both the joint bookrunners and documentation agents in the agreement?,the bank of tokyo mitsubishi ufj ltd,1,1,0
35,What company is both the joint bookrunners and agents in the agreement?,the bank of tokyo mitsubishi ufj ltd,1,1,0
35,What company is both the joint bookrunners and swingline lender in the agreement?,the bank of tokyo mitsubishi ufj ltd,1,1,0
35,What company is both the joint bookrunners and bookrunners in the agreement?,the bank of tokyo mitsubishi ufj ltd,1,1,0
35,What company is both the joint bookrunners and syndication agents in the agreement?,the bank of tokyo mitsubishi ufj ltd,1,1,0
35,What company is both the joint bookrunners and arrangers in the agreement?,the bank of tokyo mitsubishi ufj ltd,1,1,0
35,What company is both the joint bookrunners and issuing bank in the agreement?,the bank of tokyo mitsubishi ufj ltd,1,1,0
35,What company is both the joint bookrunners and lender in the agreement?,the bank of tokyo mitsubishi ufj ltd,1,1,0
35,What company is both the joint bookrunners and joint lead arrangers in the agreement?,the bank of tokyo mitsubishi ufj ltd,1,1,0
35,What company is both the bank and documentation agents in the agreement?,the bank of tokyo mitsubishi ufj ltd,1,1,0
35,What company is both the bank and agents in the agreement?,the bank of tokyo mitsubishi ufj ltd,1,1,0
35,What company is both the bank and swingline lender in the agreement?,the bank of tokyo mitsubishi ufj ltd,1,1,0
35,What company is both the bank and bookrunners in the agreement?,the bank of tokyo mitsubishi ufj ltd,1,1,0
35,What company is both the bank and syndication agents in the agreement?,the bank of tokyo mitsubishi ufj ltd,1,1,0
35,What company is both the bank and arrangers in the agreement?,the bank of tokyo mitsubishi ufj ltd,1,1,0
35,What company is both the bank and issuing bank in the agreement?,the bank of tokyo mitsubishi ufj ltd,1,1,0
35,What company is both the bank and lender in the agreement?,the bank of tokyo mitsubishi ufj ltd,1,1,0
35,What company is both the bank and joint lead arrangers in the agreement?,the bank of tokyo mitsubishi ufj ltd,1,1,0
35,What company is both the documentation agents and agents in the agreement?,the bank of tokyo mitsubishi ufj ltd,1,1,0
35,What company is both the documentation agents and swingline lender in the agreement?,the bank of tokyo mitsubishi ufj ltd,1,1,0
35,What company is both the documentation agents and bookrunners in the agreement?,the bank of tokyo mitsubishi ufj ltd,1,1,0
35,What company is both the documentation agents and syndication agents in the agreement?,the bank of tokyo mitsubishi ufj ltd,1,1,0
35,What company is both the documentation agents and arrangers in the agreement?,the bank of tokyo mitsubishi ufj ltd,1,1,0
35,What company is both the documentation agents and issuing bank in the agreement?,the bank of tokyo mitsubishi ufj ltd,1,1,0
35,What company is both the documentation agents and lender in the agreement?,the bank of tokyo mitsubishi ufj ltd,1,1,0
35,What company is both the documentation agents and joint lead arrangers in the agreement?,the bank of tokyo mitsubishi ufj ltd,1,1,0
35,What company is both the agents and swingline lender in the agreement?,the bank of tokyo mitsubishi ufj ltd,1,1,0
35,What company is both the agents and bookrunners in the agreement?,the bank of tokyo mitsubishi ufj ltd,1,1,0
35,What company is both the agents and syndication agents in the agreement?,the bank of tokyo mitsubishi ufj ltd,1,1,0
35,What company is both the agents and arrangers in the agreement?,the bank of tokyo mitsubishi ufj ltd,1,1,0
35,What company is both the agents and issuing bank in the agreement?,the bank of tokyo mitsubishi ufj ltd,1,1,0
35,What company is both the agents and lender in the agreement?,the bank of tokyo mitsubishi ufj ltd,1,1,0
35,What company is both the agents and joint lead arrangers in the agreement?,the bank of tokyo mitsubishi ufj ltd,1,1,0
35,What company is both the swingline lender and bookrunners in the agreement?,the bank of tokyo mitsubishi ufj ltd,1,1,0
35,What company is both the swingline lender and syndication agents in the agreement?,the bank of tokyo mitsubishi ufj ltd,1,1,0
35,What company is both the swingline lender and arrangers in the agreement?,the bank of tokyo mitsubishi ufj ltd,1,1,0
35,What company is both the swingline lender and issuing bank in the agreement?,the bank of tokyo mitsubishi ufj ltd,1,1,0
35,What company is both the swingline lender and lender in the agreement?,the bank of tokyo mitsubishi ufj ltd,1,1,0
35,What company is both the swingline lender and joint lead arrangers in the agreement?,the bank of tokyo mitsubishi ufj ltd,1,1,0
35,What company is both the bookrunners and syndication agents in the agreement?,the bank of tokyo mitsubishi ufj ltd,1,1,0
35,What company is both the bookrunners and arrangers in the agreement?,the bank of tokyo mitsubishi ufj ltd,1,1,0
35,What company is both the bookrunners and issuing bank in the agreement?,the bank of tokyo mitsubishi ufj ltd,1,1,0
35,What company is both the bookrunners and lender in the agreement?,the bank of tokyo mitsubishi ufj ltd,1,1,0
35,What company is both the bookrunners and joint lead arrangers in the agreement?,the bank of tokyo mitsubishi ufj ltd,1,1,0
35,What company is both the syndication agents and arrangers in the agreement?,the bank of tokyo mitsubishi ufj ltd,1,1,0
35,What company is both the syndication agents and issuing bank in the agreement?,the bank of tokyo mitsubishi ufj ltd,1,1,0
35,What company is both the syndication agents and lender in the agreement?,the bank of tokyo mitsubishi ufj ltd,1,1,0
35,What company is both the syndication agents and joint lead arrangers in the agreement?,the bank of tokyo mitsubishi ufj ltd,1,1,0
35,What company is both the arrangers and issuing bank in the agreement?,the bank of tokyo mitsubishi ufj ltd,1,1,0
35,What company is both the arrangers and lender in the agreement?,the bank of tokyo mitsubishi ufj ltd,1,1,0
35,What company is both the arrangers and joint lead arrangers in the agreement?,the bank of tokyo mitsubishi ufj ltd,1,1,0
35,What company is both the issuing bank and lender in the agreement?,the bank of tokyo mitsubishi ufj ltd,1,1,0
35,What company is both the issuing bank and joint lead arrangers in the agreement?,the bank of tokyo mitsubishi ufj ltd,1,1,0
35,What company is both the lender and joint lead arrangers in the agreement?,the bank of tokyo mitsubishi ufj ltd,1,1,0
35,What company is both the swingline lender and lender in the agreement?,the northern trust company,1,1,0
35,What company is both the bank and documentation agents in the agreement?,the royal bank of scotland plc,1,1,0
35,What company is both the bank and agents in the agreement?,the royal bank of scotland plc,1,1,0
35,What company is both the bank and swingline lender in the agreement?,the royal bank of scotland plc,1,1,0
35,What company is both the bank and syndication agents in the agreement?,the royal bank of scotland plc,1,1,0
35,What company is both the bank and issuing bank in the agreement?,the royal bank of scotland plc,1,1,0
35,What company is both the bank and lender in the agreement?,the royal bank of scotland plc,1,1,0
35,What company is both the documentation agents and agents in the agreement?,the royal bank of scotland plc,1,1,0
35,What company is both the documentation agents and swingline lender in the agreement?,the royal bank of scotland plc,1,1,0
35,What company is both the documentation agents and syndication agents in the agreement?,the royal bank of scotland plc,1,1,0
35,What company is both the documentation agents and issuing bank in the agreement?,the royal bank of scotland plc,1,1,0
35,What company is both the documentation agents and lender in the agreement?,the royal bank of scotland plc,1,1,0
35,What company is both the agents and swingline lender in the agreement?,the royal bank of scotland plc,1,1,0
35,What company is both the agents and syndication agents in the agreement?,the royal bank of scotland plc,1,1,0
35,What company is both the agents and issuing bank in the agreement?,the royal bank of scotland plc,1,1,0
35,What company is both the agents and lender in the agreement?,the royal bank of scotland plc,1,1,0
35,What company is both the swingline lender and syndication agents in the agreement?,the royal bank of scotland plc,1,1,0
35,What company is both the swingline lender and issuing bank in the agreement?,the royal bank of scotland plc,1,1,0
35,What company is both the swingline lender and lender in the agreement?,the royal bank of scotland plc,1,1,0
35,What company is both the syndication agents and issuing bank in the agreement?,the royal bank of scotland plc,1,1,0
35,What company is both the syndication agents and lender in the agreement?,the royal bank of scotland plc,1,1,0
35,What company is both the issuing bank and lender in the agreement?,the royal bank of scotland plc,1,1,0
35,What company is both the swingline lender and lender in the agreement?,us bank national association,1,1,0
35,What company is both the bank and agents in the agreement?,wells fargo bank national association,1,1,0
35,What company is both the bank and swingline lender in the agreement?,wells fargo bank national association,1,1,0
35,What company is both the bank and issuing bank in the agreement?,wells fargo bank national association,1,1,0
35,What company is both the bank and lender in the agreement?,wells fargo bank national association,1,1,0
35,What company is both the agents and swingline lender in the agreement?,wells fargo bank national association,1,1,0
35,What company is both the agents and issuing bank in the agreement?,wells fargo bank national association,1,1,0
35,What company is both the agents and lender in the agreement?,wells fargo bank national association,1,1,0
35,What company is both the swingline lender and issuing bank in the agreement?,wells fargo bank national association,1,1,0
35,What company is both the swingline lender and lender in the agreement?,wells fargo bank national association,1,1,0
35,What company is both the issuing bank and lender in the agreement?,wells fargo bank national association,1,1,0
35,What company is both the swingline lender and lender in the agreement?,bank of china,1,1,0
35,What company is both the swingline lender and lender in the agreement?,bnp paribas,1,1,0
35,What company is both the swingline lender and agents in the agreement?,bnp paribas,1,1,0
35,What company is both the lender and agents in the agreement?,bnp paribas,1,1,0
35,What company is both the swingline lender and lender in the agreement?,commerzbank ag,1,1,0
35,What company is both the swingline lender and lender in the agreement?,credit agricole corporate and investment bank,1,1,0
35,What company is both the swingline lender and lender in the agreement?,dnb capital llc,1,1,0
35,What company is both the swingline lender and lender in the agreement?,intesa sanpaolo spa,1,1,0
35,What company is both the agent and bank in the agreement?,jpmorgan chase bank na,1,1,0
35,What company is both the agent and swingline lender in the agreement?,jpmorgan chase bank na,1,1,0
35,What company is both the agent and administrative agent in the agreement?,jpmorgan chase bank na,1,1,0
35,What company is both the agent and issuing bank in the agreement?,jpmorgan chase bank na,1,1,0
35,What company is both the agent and lender in the agreement?,jpmorgan chase bank na,1,1,0
35,What company is both the bank and swingline lender in the agreement?,jpmorgan chase bank na,1,1,0
35,What company is both the bank and administrative agent in the agreement?,jpmorgan chase bank na,1,1,0
35,What company is both the bank and issuing bank in the agreement?,jpmorgan chase bank na,1,1,0
35,What company is both the bank and lender in the agreement?,jpmorgan chase bank na,1,1,0
35,What company is both the swingline lender and administrative agent in the agreement?,jpmorgan chase bank na,1,1,0
35,What company is both the swingline lender and issuing bank in the agreement?,jpmorgan chase bank na,1,1,0
35,What company is both the swingline lender and lender in the agreement?,jpmorgan chase bank na,1,1,0
35,What company is both the administrative agent and issuing bank in the agreement?,jpmorgan chase bank na,1,1,0
35,What company is both the administrative agent and lender in the agreement?,jpmorgan chase bank na,1,1,0
35,What company is both the issuing bank and lender in the agreement?,jpmorgan chase bank na,1,1,0
35,What company is both the swingline lender and lender in the agreement?,standard chartered bank,1,1,0
21,What company is both the lender and l c issuer in the agreement?,ally bank,1,1,0
21,What company is both the lender and ally representative in the agreement?,ally bank,1,1,0
21,What company is both the l c issuer and ally representative in the agreement?,ally bank,1,1,0
21,What company is both the agent and collateral agent in the agreement?,wilmington trust national association,1,1,0
21,What company is both the agent and administrative agent in the agreement?,wilmington trust national association,1,1,0
21,What company is both the collateral agent and administrative agent in the agreement?,wilmington trust national association,1,1,0
108,What company is both the joint bookrunners and bookrunners in the agreement?,pnc capital markets llc,1,1,0
108,What company is both the arrangers and joint lead arrangers in the agreement?,regions capital markets,1,1,0
108,What company is both the agent and syndication agent in the agreement?,pnc bank national association,1,1,0
108,What company is both the agent and administrative agent in the agreement?,pnc bank national association,1,1,0
108,What company is both the syndication agent and administrative agent in the agreement?,pnc bank national association,1,1,0
108,What company is both the agent and syndication agent in the agreement?,keybank national association,1,1,0
134,What company is both the lead arranger and arranger in the agreement?,jp morgan securities llc,1,1,0
134,What company is both the lead arranger and bookrunning manager in the agreement?,jp morgan securities llc,1,1,0
134,What company is both the arranger and bookrunning manager in the agreement?,jp morgan securities llc,1,1,0
134,What company is both the agent and documentation agent in the agreement?,union gaming advisors llc,1,1,0
134,What company is both the swingline lender and lender in the agreement?,banc of california national association,1,1,0
134,What company is both the swingline lender and lender in the agreement?,east west bank,1,1,0
134,What company is both the guarantor and holdings in the agreement?,stockbridge sbe investment company llc,1,1,0
134,What company is both the agent and collateral agent in the agreement?,jpmorgan chase bank na,1,1,0
134,What company is both the agent and administrative agent in the agreement?,jpmorgan chase bank na,1,1,0
134,What company is both the agent and issuing bank in the agreement?,jpmorgan chase bank na,1,1,0
134,What company is both the agent and lender in the agreement?,jpmorgan chase bank na,1,1,0
134,What company is both the agent and documentation agent in the agreement?,jpmorgan chase bank na,1,1,0
134,What company is both the collateral agent and administrative agent in the agreement?,jpmorgan chase bank na,1,1,0
134,What company is both the collateral agent and issuing bank in the agreement?,jpmorgan chase bank na,1,1,0
134,What company is both the collateral agent and lender in the agreement?,jpmorgan chase bank na,1,1,0
134,What company is both the collateral agent and documentation agent in the agreement?,jpmorgan chase bank na,1,1,0
134,What company is both the administrative agent and issuing bank in the agreement?,jpmorgan chase bank na,1,1,0
134,What company is both the administrative agent and lender in the agreement?,jpmorgan chase bank na,1,1,0
134,What company is both the administrative agent and documentation agent in the agreement?,jpmorgan chase bank na,1,1,0
134,What company is both the issuing bank and lender in the agreement?,jpmorgan chase bank na,1,1,0
134,What company is both the issuing bank and documentation agent in the agreement?,jpmorgan chase bank na,1,1,0
134,What company is both the lender and documentation agent in the agreement?,jpmorgan chase bank na,1,1,0
120,What company is both the documentation agents and agents in the agreement?,bmo harris bank na,1,1,0
120,What company is both the documentation agents and agents in the agreement?,compass bank regions bank,1,1,0
120,What company is both the syndication agents and documentation agents in the agreement?,jpmorgan chase bank na and bank of america na,1,1,0
120,What company is both the syndication agents and agents in the agreement?,jpmorgan chase bank na and bank of america na,1,1,0
120,What company is both the documentation agents and agents in the agreement?,jpmorgan chase bank na and bank of america na,1,1,0
120,What company is both the bookrunner and joint lead bookrunner in the agreement?,merrill lynch pierce fennerand smith incorporated,1,1,0
120,What company is both the bookrunner and arrangers in the agreement?,merrill lynch pierce fennerand smith incorporated,1,1,0
120,What company is both the bookrunner and joint lead arrangers in the agreement?,merrill lynch pierce fennerand smith incorporated,1,1,0
120,What company is both the joint lead bookrunner and arrangers in the agreement?,merrill lynch pierce fennerand smith incorporated,1,1,0
120,What company is both the joint lead bookrunner and joint lead arrangers in the agreement?,merrill lynch pierce fennerand smith incorporated,1,1,0
120,What company is both the arrangers and joint lead arrangers in the agreement?,merrill lynch pierce fennerand smith incorporated,1,1,0
120,What company is both the agent and documentation agent in the agreement?,national association,1,1,0
120,What company is both the joint lead bookrunner and sole lead arranger in the agreement?,wells fargo securities llc,1,1,0
120,What company is both the joint lead bookrunner and sole bookrunner in the agreement?,wells fargo securities llc,1,1,0
120,What company is both the joint lead bookrunner and bookrunner in the agreement?,wells fargo securities llc,1,1,0
120,What company is both the joint lead bookrunner and arranger in the agreement?,wells fargo securities llc,1,1,0
120,What company is both the sole lead arranger and sole bookrunner in the agreement?,wells fargo securities llc,1,1,0
120,What company is both the sole lead arranger and bookrunner in the agreement?,wells fargo securities llc,1,1,0
120,What company is both the sole lead arranger and arranger in the agreement?,wells fargo securities llc,1,1,0
120,What company is both the sole bookrunner and bookrunner in the agreement?,wells fargo securities llc,1,1,0
120,What company is both the sole bookrunner and arranger in the agreement?,wells fargo securities llc,1,1,0
120,What company is both the bookrunner and arranger in the agreement?,wells fargo securities llc,1,1,0
120,What company is both the agent and documentation agent in the agreement?,wells fargo bank national association,1,1,0
120,What company is both the agent and administrative agent in the agreement?,wells fargo bank national association,1,1,0
120,What company is both the documentation agent and administrative agent in the agreement?,wells fargo bank national association,1,1,0
120,What company is both the agent and documentation agent in the agreement?,capital one,1,1,0
120,What company is both the agent and documentation agent in the agreement?,pnc bank,1,1,0
120,What company is both the documentation agents and agents in the agreement?,royal bank of canada,1,1,0
120,What company is both the documentation agents and agents in the agreement?,us bank national association,1,1,0
121,What company is both the joint bookrunners and bookrunners in the agreement?,jp morgan securities llc,1,1,0
121,What company is both the joint bookrunners and arranger in the agreement?,jp morgan securities llc,1,1,0
121,What company is both the bookrunners and arranger in the agreement?,jp morgan securities llc,1,1,0
121,What company is both the joint bookrunners and bookrunners in the agreement?,merrill lynch pierce fenner and smith incorporated,1,1,0
121,What company is both the joint bookrunners and arranger in the agreement?,merrill lynch pierce fenner and smith incorporated,1,1,0
121,What company is both the bookrunners and arranger in the agreement?,merrill lynch pierce fenner and smith incorporated,1,1,0
121,What company is both the agent and co documentation agent in the agreement?,mizuho bank ltd,1,1,0
121,What company is both the agent and co documentation agent in the agreement?,the bank of tokyo mitsubishi ufj ltd,1,1,0
121,What company is both the joint bookrunners and bookrunners in the agreement?,wells fargo securities llc,1,1,0
121,What company is both the joint bookrunners and arranger in the agreement?,wells fargo securities llc,1,1,0
121,What company is both the bookrunners and arranger in the agreement?,wells fargo securities llc,1,1,0
121,What company is both the agent and co documentation agent in the agreement?,bank of america na,1,1,0
121,What company is both the agent and senior managing agent in the agreement?,bank of america na,1,1,0
121,What company is both the co documentation agent and senior managing agent in the agreement?,bank of america na,1,1,0
121,What company is both the agent and co documentation agent in the agreement?,fifth third bank,1,1,0
121,What company is both the agent and co documentation agent in the agreement?,hsbc bank usa,1,1,0
121,What company is both the agent and co syndication agent in the agreement?,jpmorgan chase bank na,1,1,0
121,What company is both the agent and senior managing agent in the agreement?,jpmorgan chase bank na,1,1,0
121,What company is both the agent and co documentation agent in the agreement?,jpmorgan chase bank na,1,1,0
121,What company is both the agent and administrative agent in the agreement?,jpmorgan chase bank na,1,1,0
121,What company is both the co syndication agent and senior managing agent in the agreement?,jpmorgan chase bank na,1,1,0
121,What company is both the co syndication agent and co documentation agent in the agreement?,jpmorgan chase bank na,1,1,0
121,What company is both the co syndication agent and administrative agent in the agreement?,jpmorgan chase bank na,1,1,0
121,What company is both the senior managing agent and co documentation agent in the agreement?,jpmorgan chase bank na,1,1,0
121,What company is both the senior managing agent and administrative agent in the agreement?,jpmorgan chase bank na,1,1,0
121,What company is both the co documentation agent and administrative agent in the agreement?,jpmorgan chase bank na,1,1,0
121,What company is both the agent and co documentation agent in the agreement?,mufg union bank na,1,1,0
121,What company is both the agent and co documentation agent in the agreement?,pnc bank,1,1,0
121,What company is both the agent and co documentation agent in the agreement?,regions bank,1,1,0
121,What company is both the agent and co documentation agent in the agreement?,sumitomo mitsui banking corporation,1,1,0
121,What company is both the agent and co documentation agent in the agreement?,suntrust bank,1,1,0
121,What company is both the agent and joint bookrunners in the agreement?,us bank national association,1,1,0
121,What company is both the agent and senior managing agent in the agreement?,us bank national association,1,1,0
121,What company is both the agent and co documentation agent in the agreement?,us bank national association,1,1,0
121,What company is both the agent and bookrunners in the agreement?,us bank national association,1,1,0
121,What company is both the agent and arranger in the agreement?,us bank national association,1,1,0
121,What company is both the joint bookrunners and senior managing agent in the agreement?,us bank national association,1,1,0
121,What company is both the joint bookrunners and co documentation agent in the agreement?,us bank national association,1,1,0
121,What company is both the joint bookrunners and bookrunners in the agreement?,us bank national association,1,1,0
121,What company is both the joint bookrunners and arranger in the agreement?,us bank national association,1,1,0
121,What company is both the senior managing agent and co documentation agent in the agreement?,us bank national association,1,1,0
121,What company is both the senior managing agent and bookrunners in the agreement?,us bank national association,1,1,0
121,What company is both the senior managing agent and arranger in the agreement?,us bank national association,1,1,0
121,What company is both the co documentation agent and bookrunners in the agreement?,us bank national association,1,1,0
121,What company is both the co documentation agent and arranger in the agreement?,us bank national association,1,1,0
121,What company is both the bookrunners and arranger in the agreement?,us bank national association,1,1,0
121,What company is both the agent and co documentation agent in the agreement?,wells fargo bank na,1,1,0
121,What company is both the agent and senior managing agent in the agreement?,wells fargo bank na,1,1,0
121,What company is both the co documentation agent and senior managing agent in the agreement?,wells fargo bank na,1,1,0
121,What company is both the agent and co documentation agent in the agreement?,bmo harris bank na,1,1,0
135,What company is both the co documentation agents and co syndication agents in the agreement?,citibank,1,1,0
135,What company is both the co documentation agents and agents in the agreement?,citibank,1,1,0
135,What company is both the co syndication agents and agents in the agreement?,citibank,1,1,0
135,What company is both the bookrunner and bookrunners in the agreement?,citigroup global markets inc,1,1,0
135,What company is both the bookrunner and arrangers in the agreement?,citigroup global markets inc,1,1,0
135,What company is both the bookrunner and arranger in the agreement?,citigroup global markets inc,1,1,0
135,What company is both the bookrunner and joint lead arrangers in the agreement?,citigroup global markets inc,1,1,0
135,What company is both the bookrunners and arrangers in the agreement?,citigroup global markets inc,1,1,0
135,What company is both the bookrunners and arranger in the agreement?,citigroup global markets inc,1,1,0
135,What company is both the bookrunners and joint lead arrangers in the agreement?,citigroup global markets inc,1,1,0
135,What company is both the arrangers and arranger in the agreement?,citigroup global markets inc,1,1,0
135,What company is both the arrangers and joint lead arrangers in the agreement?,citigroup global markets inc,1,1,0
135,What company is both the arranger and joint lead arrangers in the agreement?,citigroup global markets inc,1,1,0
135,What company is both the co documentation agents and agents in the agreement?,dnb bank asa,1,1,0
135,What company is both the bookrunner and bookrunners in the agreement?,dnb marketsinc,1,1,0
135,What company is both the bookrunner and arrangers in the agreement?,dnb marketsinc,1,1,0
135,What company is both the bookrunner and arranger in the agreement?,dnb marketsinc,1,1,0
135,What company is both the bookrunner and joint lead arrangers in the agreement?,dnb marketsinc,1,1,0
135,What company is both the bookrunners and arrangers in the agreement?,dnb marketsinc,1,1,0
135,What company is both the bookrunners and arranger in the agreement?,dnb marketsinc,1,1,0
135,What company is both the bookrunners and joint lead arrangers in the agreement?,dnb marketsinc,1,1,0
135,What company is both the arrangers and arranger in the agreement?,dnb marketsinc,1,1,0
135,What company is both the arrangers and joint lead arrangers in the agreement?,dnb marketsinc,1,1,0
135,What company is both the arranger and joint lead arrangers in the agreement?,dnb marketsinc,1,1,0
135,What company is both the bookrunners and arrangers in the agreement?,fenner,1,1,0
135,What company is both the bookrunners and joint lead arrangers in the agreement?,fenner,1,1,0
135,What company is both the arrangers and joint lead arrangers in the agreement?,fenner,1,1,0
135,What company is both the bookrunner and bookrunners in the agreement?,jp morgan securities llc,1,1,0
135,What company is both the bookrunner and arrangers in the agreement?,jp morgan securities llc,1,1,0
135,What company is both the bookrunner and arranger in the agreement?,jp morgan securities llc,1,1,0
135,What company is both the bookrunner and joint lead arrangers in the agreement?,jp morgan securities llc,1,1,0
135,What company is both the bookrunners and arrangers in the agreement?,jp morgan securities llc,1,1,0
135,What company is both the bookrunners and arranger in the agreement?,jp morgan securities llc,1,1,0
135,What company is both the bookrunners and joint lead arrangers in the agreement?,jp morgan securities llc,1,1,0
135,What company is both the arrangers and arranger in the agreement?,jp morgan securities llc,1,1,0
135,What company is both the arrangers and joint lead arrangers in the agreement?,jp morgan securities llc,1,1,0
135,What company is both the arranger and joint lead arrangers in the agreement?,jp morgan securities llc,1,1,0
135,What company is both the bookrunners and arrangers in the agreement?,merrill lynch,1,1,0
135,What company is both the bookrunners and joint lead arrangers in the agreement?,merrill lynch,1,1,0
135,What company is both the arrangers and joint lead arrangers in the agreement?,merrill lynch,1,1,0
135,What company is both the bookrunner and joint bookrunner in the agreement?,merrill lynch pierce fennerand smith incorporated,1,1,0
135,What company is both the co documentation agents and agents in the agreement?,new york branch,1,1,0
135,What company is both the bookrunners and arrangers in the agreement?,pierce,1,1,0
135,What company is both the bookrunners and joint lead arrangers in the agreement?,pierce,1,1,0
135,What company is both the arrangers and joint lead arrangers in the agreement?,pierce,1,1,0
135,What company is both the bookrunners and arrangers in the agreement?,smith incorporated,1,1,0
135,What company is both the bookrunners and joint lead arrangers in the agreement?,smith incorporated,1,1,0
135,What company is both the arrangers and joint lead arrangers in the agreement?,smith incorporated,1,1,0
135,What company is both the agency and ratings agency in the agreement?,standardand poors ratings services,1,1,0
135,What company is both the bookrunner and bookrunners in the agreement?,wells fargo securities llc,1,1,0
135,What company is both the bookrunner and arrangers in the agreement?,wells fargo securities llc,1,1,0
135,What company is both the bookrunner and arranger in the agreement?,wells fargo securities llc,1,1,0
135,What company is both the bookrunner and joint lead arrangers in the agreement?,wells fargo securities llc,1,1,0
135,What company is both the bookrunners and arrangers in the agreement?,wells fargo securities llc,1,1,0
135,What company is both the bookrunners and arranger in the agreement?,wells fargo securities llc,1,1,0
135,What company is both the bookrunners and joint lead arrangers in the agreement?,wells fargo securities llc,1,1,0
135,What company is both the arrangers and arranger in the agreement?,wells fargo securities llc,1,1,0
135,What company is both the arrangers and joint lead arrangers in the agreement?,wells fargo securities llc,1,1,0
135,What company is both the arranger and joint lead arrangers in the agreement?,wells fargo securities llc,1,1,0
135,What company is both the agent and co syndication agent in the agreement?,citibank na,1,1,0
135,What company is both the agent and lender in the agreement?,citibank na,1,1,0
135,What company is both the agent and co documentation agent in the agreement?,citibank na,1,1,0
135,What company is both the co syndication agent and lender in the agreement?,citibank na,1,1,0
135,What company is both the co syndication agent and co documentation agent in the agreement?,citibank na,1,1,0
135,What company is both the lender and co documentation agent in the agreement?,citibank na,1,1,0
135,What company is both the agent and co syndication agent in the agreement?,dnb bank asa new york branch,1,1,0
135,What company is both the agent and co documentation agent in the agreement?,dnb bank asa new york branch,1,1,0
135,What company is both the co syndication agent and co documentation agent in the agreement?,dnb bank asa new york branch,1,1,0
135,What company is both the agent and co syndication agent in the agreement?,jpmorgan chase bank na,1,1,0
135,What company is both the agent and lender in the agreement?,jpmorgan chase bank na,1,1,0
135,What company is both the agent and co documentation agent in the agreement?,jpmorgan chase bank na,1,1,0
135,What company is both the co syndication agent and lender in the agreement?,jpmorgan chase bank na,1,1,0
135,What company is both the co syndication agent and co documentation agent in the agreement?,jpmorgan chase bank na,1,1,0
135,What company is both the lender and co documentation agent in the agreement?,jpmorgan chase bank na,1,1,0
135,What company is both the agent and co documentation agents in the agreement?,mizuho bankltd,1,1,0
135,What company is both the agent and agents in the agreement?,mizuho bankltd,1,1,0
135,What company is both the agent and bookrunner in the agreement?,mizuho bankltd,1,1,0
135,What company is both the agent and co documentation agent in the agreement?,mizuho bankltd,1,1,0
135,What company is both the agent and bookrunners in the agreement?,mizuho bankltd,1,1,0
135,What company is both the agent and arrangers in the agreement?,mizuho bankltd,1,1,0
135,What company is both the agent and lender in the agreement?,mizuho bankltd,1,1,0
135,What company is both the agent and arranger in the agreement?,mizuho bankltd,1,1,0
135,What company is both the agent and joint lead arrangers in the agreement?,mizuho bankltd,1,1,0
135,What company is both the co documentation agents and agents in the agreement?,mizuho bankltd,1,1,0
135,What company is both the co documentation agents and bookrunner in the agreement?,mizuho bankltd,1,1,0
135,What company is both the co documentation agents and co documentation agent in the agreement?,mizuho bankltd,1,1,0
135,What company is both the co documentation agents and bookrunners in the agreement?,mizuho bankltd,1,1,0
135,What company is both the co documentation agents and arrangers in the agreement?,mizuho bankltd,1,1,0
135,What company is both the co documentation agents and lender in the agreement?,mizuho bankltd,1,1,0
135,What company is both the co documentation agents and arranger in the agreement?,mizuho bankltd,1,1,0
135,What company is both the co documentation agents and joint lead arrangers in the agreement?,mizuho bankltd,1,1,0
135,What company is both the agents and bookrunner in the agreement?,mizuho bankltd,1,1,0
135,What company is both the agents and co documentation agent in the agreement?,mizuho bankltd,1,1,0
135,What company is both the agents and bookrunners in the agreement?,mizuho bankltd,1,1,0
135,What company is both the agents and arrangers in the agreement?,mizuho bankltd,1,1,0
135,What company is both the agents and lender in the agreement?,mizuho bankltd,1,1,0
135,What company is both the agents and arranger in the agreement?,mizuho bankltd,1,1,0
135,What company is both the agents and joint lead arrangers in the agreement?,mizuho bankltd,1,1,0
135,What company is both the bookrunner and co documentation agent in the agreement?,mizuho bankltd,1,1,0
135,What company is both the bookrunner and bookrunners in the agreement?,mizuho bankltd,1,1,0
135,What company is both the bookrunner and arrangers in the agreement?,mizuho bankltd,1,1,0
135,What company is both the bookrunner and lender in the agreement?,mizuho bankltd,1,1,0
135,What company is both the bookrunner and arranger in the agreement?,mizuho bankltd,1,1,0
135,What company is both the bookrunner and joint lead arrangers in the agreement?,mizuho bankltd,1,1,0
135,What company is both the co documentation agent and bookrunners in the agreement?,mizuho bankltd,1,1,0
135,What company is both the co documentation agent and arrangers in the agreement?,mizuho bankltd,1,1,0
135,What company is both the co documentation agent and lender in the agreement?,mizuho bankltd,1,1,0
135,What company is both the co documentation agent and arranger in the agreement?,mizuho bankltd,1,1,0
135,What company is both the co documentation agent and joint lead arrangers in the agreement?,mizuho bankltd,1,1,0
135,What company is both the bookrunners and arrangers in the agreement?,mizuho bankltd,1,1,0
135,What company is both the bookrunners and lender in the agreement?,mizuho bankltd,1,1,0
135,What company is both the bookrunners and arranger in the agreement?,mizuho bankltd,1,1,0
135,What company is both the bookrunners and joint lead arrangers in the agreement?,mizuho bankltd,1,1,0
135,What company is both the arrangers and lender in the agreement?,mizuho bankltd,1,1,0
135,What company is both the arrangers and arranger in the agreement?,mizuho bankltd,1,1,0
135,What company is both the arrangers and joint lead arrangers in the agreement?,mizuho bankltd,1,1,0
135,What company is both the lender and arranger in the agreement?,mizuho bankltd,1,1,0
135,What company is both the lender and joint lead arrangers in the agreement?,mizuho bankltd,1,1,0
135,What company is both the arranger and joint lead arrangers in the agreement?,mizuho bankltd,1,1,0
135,What company is both the agent and co documentation agents in the agreement?,wells fargo bank national association,1,1,0
135,What company is both the agent and co syndication agent in the agreement?,wells fargo bank national association,1,1,0
135,What company is both the agent and agents in the agreement?,wells fargo bank national association,1,1,0
135,What company is both the agent and co documentation agent in the agreement?,wells fargo bank national association,1,1,0
135,What company is both the agent and co syndication agents in the agreement?,wells fargo bank national association,1,1,0
135,What company is both the agent and lender in the agreement?,wells fargo bank national association,1,1,0
135,What company is both the co documentation agents and co syndication agent in the agreement?,wells fargo bank national association,1,1,0
135,What company is both the co documentation agents and agents in the agreement?,wells fargo bank national association,1,1,0
135,What company is both the co documentation agents and co documentation agent in the agreement?,wells fargo bank national association,1,1,0
135,What company is both the co documentation agents and co syndication agents in the agreement?,wells fargo bank national association,1,1,0
135,What company is both the co documentation agents and lender in the agreement?,wells fargo bank national association,1,1,0
135,What company is both the co syndication agent and agents in the agreement?,wells fargo bank national association,1,1,0
135,What company is both the co syndication agent and co documentation agent in the agreement?,wells fargo bank national association,1,1,0
135,What company is both the co syndication agent and co syndication agents in the agreement?,wells fargo bank national association,1,1,0
135,What company is both the co syndication agent and lender in the agreement?,wells fargo bank national association,1,1,0
135,What company is both the agents and co documentation agent in the agreement?,wells fargo bank national association,1,1,0
135,What company is both the agents and co syndication agents in the agreement?,wells fargo bank national association,1,1,0
135,What company is both the agents and lender in the agreement?,wells fargo bank national association,1,1,0
135,What company is both the co documentation agent and co syndication agents in the agreement?,wells fargo bank national association,1,1,0
135,What company is both the co documentation agent and lender in the agreement?,wells fargo bank national association,1,1,0
135,What company is both the co syndication agents and lender in the agreement?,wells fargo bank national association,1,1,0
135,What company is both the agent and co syndication agent in the agreement?,bank of america na,1,1,0
135,What company is both the agent and co documentation agent in the agreement?,bank of america na,1,1,0
135,What company is both the agent and administrative agent in the agreement?,bank of america na,1,1,0
135,What company is both the agent and lender in the agreement?,bank of america na,1,1,0
135,What company is both the co syndication agent and co documentation agent in the agreement?,bank of america na,1,1,0
135,What company is both the co syndication agent and administrative agent in the agreement?,bank of america na,1,1,0
135,What company is both the co syndication agent and lender in the agreement?,bank of america na,1,1,0
135,What company is both the co documentation agent and administrative agent in the agreement?,bank of america na,1,1,0
135,What company is both the co documentation agent and lender in the agreement?,bank of america na,1,1,0
135,What company is both the administrative agent and lender in the agreement?,bank of america na,1,1,0
20,What company is both the arranger and sole lead arranger arranger in the agreement?,bmo capital markets corp,1,1,0
20,What company is both the lender and administrative agent in the agreement?,bank of montreal chicago branch,1,1,0
34,What company is both the manager and sole manager in the agreement?,itc holdings corp,1,1,0
34,What company is both the agent and sole lead arranger in the agreement?,goldman sachs bank usa,1,1,0
34,What company is both the agent and sole bookrunner in the agreement?,goldman sachs bank usa,1,1,0
34,What company is both the agent and bookrunner in the agreement?,goldman sachs bank usa,1,1,0
34,What company is both the agent and administrative agent in the agreement?,goldman sachs bank usa,1,1,0
34,What company is both the agent and lender in the agreement?,goldman sachs bank usa,1,1,0
34,What company is both the agent and arranger in the agreement?,goldman sachs bank usa,1,1,0
34,What company is both the sole lead arranger and sole bookrunner in the agreement?,goldman sachs bank usa,1,1,0
34,What company is both the sole lead arranger and bookrunner in the agreement?,goldman sachs bank usa,1,1,0
34,What company is both the sole lead arranger and administrative agent in the agreement?,goldman sachs bank usa,1,1,0
34,What company is both the sole lead arranger and lender in the agreement?,goldman sachs bank usa,1,1,0
34,What company is both the sole lead arranger and arranger in the agreement?,goldman sachs bank usa,1,1,0
34,What company is both the sole bookrunner and bookrunner in the agreement?,goldman sachs bank usa,1,1,0
34,What company is both the sole bookrunner and administrative agent in the agreement?,goldman sachs bank usa,1,1,0
34,What company is both the sole bookrunner and lender in the agreement?,goldman sachs bank usa,1,1,0
34,What company is both the sole bookrunner and arranger in the agreement?,goldman sachs bank usa,1,1,0
34,What company is both the bookrunner and administrative agent in the agreement?,goldman sachs bank usa,1,1,0
34,What company is both the bookrunner and lender in the agreement?,goldman sachs bank usa,1,1,0
34,What company is both the bookrunner and arranger in the agreement?,goldman sachs bank usa,1,1,0
34,What company is both the administrative agent and lender in the agreement?,goldman sachs bank usa,1,1,0
34,What company is both the administrative agent and arranger in the agreement?,goldman sachs bank usa,1,1,0
34,What company is both the lender and arranger in the agreement?,goldman sachs bank usa,1,1,0
18,What company is both the bookrunners and arrangers in the agreement?,regions capital markets,1,1,0
18,What company is both the bookrunners and joint lead arrangers in the agreement?,regions capital markets,1,1,0
18,What company is both the arrangers and joint lead arrangers in the agreement?,regions capital markets,1,1,0
18,What company is both the bookrunners and arrangers in the agreement?,wells fargo securities llc,1,1,0
18,What company is both the bookrunners and joint lead arrangers in the agreement?,wells fargo securities llc,1,1,0
18,What company is both the arrangers and joint lead arrangers in the agreement?,wells fargo securities llc,1,1,0
18,What company is both the lender and documentation agent in the agreement?,capital one national association,1,1,0
18,What company is both the syndication agent and lender in the agreement?,regions bank,1,1,0
18,What company is both the lender and administrative agent in the agreement?,wells fargo bank national association,1,1,0
30,What company is both the agent and syndication agent in the agreement?,wells fargo securities llc,1,1,0
30,What company is both the agent and lead arranger in the agreement?,wells fargo securities llc,1,1,0
30,What company is both the agent and administrative agent in the agreement?,wells fargo securities llc,1,1,0
30,What company is both the agent and arranger in the agreement?,wells fargo securities llc,1,1,0
30,What company is both the syndication agent and lead arranger in the agreement?,wells fargo securities llc,1,1,0
30,What company is both the syndication agent and administrative agent in the agreement?,wells fargo securities llc,1,1,0
30,What company is both the syndication agent and arranger in the agreement?,wells fargo securities llc,1,1,0
30,What company is both the lead arranger and administrative agent in the agreement?,wells fargo securities llc,1,1,0
30,What company is both the lead arranger and arranger in the agreement?,wells fargo securities llc,1,1,0
30,What company is both the administrative agent and arranger in the agreement?,wells fargo securities llc,1,1,0
30,What company is both the guarantors and subsidiaries guarantors in the agreement?,edgetech holding co,1,1,0
30,What company is both the guarantors and subsidiaries guarantors in the agreement?,mikron industries inc,1,1,0
30,What company is both the guarantors and subsidiaries guarantors in the agreement?,mikron washington llc,1,1,0
30,What company is both the guarantors and subsidiaries guarantors in the agreement?,nichols aluminum alabama llc,1,1,0
30,What company is both the guarantors and subsidiaries guarantors in the agreement?,nichols aluminum llc,1,1,0
30,What company is both the guarantors and subsidiaries guarantors in the agreement?,quanex homeshield llc,1,1,0
30,What company is both the guarantors and subsidiaries guarantors in the agreement?,quanex ig systems inc,1,1,0
30,What company is both the guarantors and subsidiaries guarantors in the agreement?,quanex screens llc,1,1,0
30,What company is both the guarantors and subsidiaries guarantors in the agreement?,quanex services inc,1,1,0
30,What company is both the guarantors and subsidiaries guarantors in the agreement?,truseal technologies inc,1,1,0
30,What company is both the agent and lenders in the agreement?,wells fargo bank national association,1,1,0
30,What company is both the agent and lender in the agreement?,wells fargo bank national association,1,1,0
30,What company is both the agent and administrative agent in the agreement?,wells fargo bank national association,1,1,0
30,What company is both the lenders and lender in the agreement?,wells fargo bank national association,1,1,0
30,What company is both the lenders and administrative agent in the agreement?,wells fargo bank national association,1,1,0
30,What company is both the lender and administrative agent in the agreement?,wells fargo bank national association,1,1,0
24,What company is both the documentation agents and agents in the agreement?,national association,1,1,0
24,What company is both the documentation agents and agents in the agreement?,pnc bank,1,1,0
24,What company is both the joint lead arrangers and lead arrangers in the agreement?,pnc capital markets llc,1,1,0
24,What company is both the joint lead arrangers and lead arrangers in the agreement?,regions capital markets,1,1,0
24,What company is both the joint lead arrangers and lead arrangers in the agreement?,suntrust robinson humphrey inc,1,1,0
24,What company is both the documentation agents and agents in the agreement?,wells fargo bank,1,1,0
24,What company is both the joint lead arrangers and lead arrangers in the agreement?,wells fargo securities llc,1,1,0
24,What company is both the agent and administrative agent in the agreement?,morgan lewis and bockius llp,1,1,0
24,What company is both the documentation agents and lender in the agreement?,regions bank,1,1,0
24,What company is both the documentation agents and agents in the agreement?,regions bank,1,1,0
24,What company is both the lender and agents in the agreement?,regions bank,1,1,0
24,What company is both the documentation agents and lender in the agreement?,suntrust bank,1,1,0
24,What company is both the documentation agents and agents in the agreement?,suntrust bank,1,1,0
24,What company is both the lender and agents in the agreement?,suntrust bank,1,1,0
24,What company is both the documentation agents and agents in the agreement?,us bank national association,1,1,0
24,What company is both the documentation agents and lead arrangers in the agreement?,us bank national association,1,1,0
24,What company is both the documentation agents and lender in the agreement?,us bank national association,1,1,0
24,What company is both the documentation agents and joint lead arrangers in the agreement?,us bank national association,1,1,0
24,What company is both the agents and lead arrangers in the agreement?,us bank national association,1,1,0
24,What company is both the agents and lender in the agreement?,us bank national association,1,1,0
24,What company is both the agents and joint lead arrangers in the agreement?,us bank national association,1,1,0
24,What company is both the lead arrangers and lender in the agreement?,us bank national association,1,1,0
24,What company is both the lead arrangers and joint lead arrangers in the agreement?,us bank national association,1,1,0
24,What company is both the lender and joint lead arrangers in the agreement?,us bank national association,1,1,0
24,What company is both the general partner and borrower in the agreement?,columbia property trust operating partnership lp,1,1,0
24,What company is both the general partner and sole general partner in the agreement?,columbia property trust operating partnership lp,1,1,0
24,What company is both the borrower and sole general partner in the agreement?,columbia property trust operating partnership lp,1,1,0
24,What company is both the agent and loan and agency services group agent in the agreement?,jpmorgan chase bank na,1,1,0
24,What company is both the agent and sole bookrunner in the agreement?,jpmorgan chase bank na,1,1,0
24,What company is both the agent and bookrunner in the agreement?,jpmorgan chase bank na,1,1,0
24,What company is both the agent and lead arranger in the agreement?,jpmorgan chase bank na,1,1,0
24,What company is both the agent and administrative agent in the agreement?,jpmorgan chase bank na,1,1,0
24,What company is both the agent and lender in the agreement?,jpmorgan chase bank na,1,1,0
24,What company is both the agent and joint lead arranger in the agreement?,jpmorgan chase bank na,1,1,0
24,What company is both the loan and agency services group agent and sole bookrunner in the agreement?,jpmorgan chase bank na,1,1,0
24,What company is both the loan and agency services group agent and bookrunner in the agreement?,jpmorgan chase bank na,1,1,0
24,What company is both the loan and agency services group agent and lead arranger in the agreement?,jpmorgan chase bank na,1,1,0
24,What company is both the loan and agency services group agent and administrative agent in the agreement?,jpmorgan chase bank na,1,1,0
24,What company is both the loan and agency services group agent and lender in the agreement?,jpmorgan chase bank na,1,1,0
24,What company is both the loan and agency services group agent and joint lead arranger in the agreement?,jpmorgan chase bank na,1,1,0
24,What company is both the sole bookrunner and bookrunner in the agreement?,jpmorgan chase bank na,1,1,0
24,What company is both the sole bookrunner and lead arranger in the agreement?,jpmorgan chase bank na,1,1,0
24,What company is both the sole bookrunner and administrative agent in the agreement?,jpmorgan chase bank na,1,1,0
24,What company is both the sole bookrunner and lender in the agreement?,jpmorgan chase bank na,1,1,0
24,What company is both the sole bookrunner and joint lead arranger in the agreement?,jpmorgan chase bank na,1,1,0
24,What company is both the bookrunner and lead arranger in the agreement?,jpmorgan chase bank na,1,1,0
24,What company is both the bookrunner and administrative agent in the agreement?,jpmorgan chase bank na,1,1,0
24,What company is both the bookrunner and lender in the agreement?,jpmorgan chase bank na,1,1,0
24,What company is both the bookrunner and joint lead arranger in the agreement?,jpmorgan chase bank na,1,1,0
24,What company is both the lead arranger and administrative agent in the agreement?,jpmorgan chase bank na,1,1,0
24,What company is both the lead arranger and lender in the agreement?,jpmorgan chase bank na,1,1,0
24,What company is both the lead arranger and joint lead arranger in the agreement?,jpmorgan chase bank na,1,1,0
24,What company is both the administrative agent and lender in the agreement?,jpmorgan chase bank na,1,1,0
24,What company is both the administrative agent and joint lead arranger in the agreement?,jpmorgan chase bank na,1,1,0
24,What company is both the lender and joint lead arranger in the agreement?,jpmorgan chase bank na,1,1,0
131,What company is both the agent and administrative agent in the agreement?,morgan stanley senior funding inc,1,1,0
125,What company is both the agent and lead arranger in the agreement?,us bank national association,1,1,0
125,What company is both the agent and administrative agent in the agreement?,us bank national association,1,1,0
125,What company is both the agent and book manager in the agreement?,us bank national association,1,1,0
125,What company is both the agent and lender in the agreement?,us bank national association,1,1,0
125,What company is both the agent and arranger in the agreement?,us bank national association,1,1,0
125,What company is both the lead arranger and administrative agent in the agreement?,us bank national association,1,1,0
125,What company is both the lead arranger and book manager in the agreement?,us bank national association,1,1,0
125,What company is both the lead arranger and lender in the agreement?,us bank national association,1,1,0
125,What company is both the lead arranger and arranger in the agreement?,us bank national association,1,1,0
125,What company is both the administrative agent and book manager in the agreement?,us bank national association,1,1,0
125,What company is both the administrative agent and lender in the agreement?,us bank national association,1,1,0
125,What company is both the administrative agent and arranger in the agreement?,us bank national association,1,1,0
125,What company is both the book manager and lender in the agreement?,us bank national association,1,1,0
125,What company is both the book manager and arranger in the agreement?,us bank national association,1,1,0
125,What company is both the lender and arranger in the agreement?,us bank national association,1,1,0
118,What company is both the joint bookrunners and bookrunners in the agreement?,credit suisse securities usa llc,1,1,0
118,What company is both the joint bookrunners and arrangers in the agreement?,credit suisse securities usa llc,1,1,0
118,What company is both the joint bookrunners and joint lead arrangers in the agreement?,credit suisse securities usa llc,1,1,0
118,What company is both the bookrunners and arrangers in the agreement?,credit suisse securities usa llc,1,1,0
118,What company is both the bookrunners and joint lead arrangers in the agreement?,credit suisse securities usa llc,1,1,0
118,What company is both the arrangers and joint lead arrangers in the agreement?,credit suisse securities usa llc,1,1,0
118,What company is both the agent and administrative agent in the agreement?,wells fargo bank,1,1,0
118,What company is both the agent and joint bookrunners in the agreement?,barclays bank plc,1,1,0
118,What company is both the agent and syndication agent in the agreement?,barclays bank plc,1,1,0
118,What company is both the agent and bookrunners in the agreement?,barclays bank plc,1,1,0
118,What company is both the agent and arrangers in the agreement?,barclays bank plc,1,1,0
118,What company is both the agent and administrative agent in the agreement?,barclays bank plc,1,1,0
118,What company is both the agent and joint lead arrangers in the agreement?,barclays bank plc,1,1,0
118,What company is both the joint bookrunners and syndication agent in the agreement?,barclays bank plc,1,1,0
118,What company is both the joint bookrunners and bookrunners in the agreement?,barclays bank plc,1,1,0
118,What company is both the joint bookrunners and arrangers in the agreement?,barclays bank plc,1,1,0
118,What company is both the joint bookrunners and administrative agent in the agreement?,barclays bank plc,1,1,0
118,What company is both the joint bookrunners and joint lead arrangers in the agreement?,barclays bank plc,1,1,0
118,What company is both the syndication agent and bookrunners in the agreement?,barclays bank plc,1,1,0
118,What company is both the syndication agent and arrangers in the agreement?,barclays bank plc,1,1,0
118,What company is both the syndication agent and administrative agent in the agreement?,barclays bank plc,1,1,0
118,What company is both the syndication agent and joint lead arrangers in the agreement?,barclays bank plc,1,1,0
118,What company is both the bookrunners and arrangers in the agreement?,barclays bank plc,1,1,0
118,What company is both the bookrunners and administrative agent in the agreement?,barclays bank plc,1,1,0
118,What company is both the bookrunners and joint lead arrangers in the agreement?,barclays bank plc,1,1,0
118,What company is both the arrangers and administrative agent in the agreement?,barclays bank plc,1,1,0
118,What company is both the arrangers and joint lead arrangers in the agreement?,barclays bank plc,1,1,0
118,What company is both the administrative agent and joint lead arrangers in the agreement?,barclays bank plc,1,1,0
118,What company is both the joint bookrunners and documentation agents in the agreement?,goldman sachs bank usa,1,1,0
118,What company is both the joint bookrunners and agents in the agreement?,goldman sachs bank usa,1,1,0
118,What company is both the joint bookrunners and bookrunners in the agreement?,goldman sachs bank usa,1,1,0
118,What company is both the joint bookrunners and arrangers in the agreement?,goldman sachs bank usa,1,1,0
118,What company is both the joint bookrunners and joint lead arrangers in the agreement?,goldman sachs bank usa,1,1,0
118,What company is both the documentation agents and agents in the agreement?,goldman sachs bank usa,1,1,0
118,What company is both the documentation agents and bookrunners in the agreement?,goldman sachs bank usa,1,1,0
118,What company is both the documentation agents and arrangers in the agreement?,goldman sachs bank usa,1,1,0
118,What company is both the documentation agents and joint lead arrangers in the agreement?,goldman sachs bank usa,1,1,0
118,What company is both the agents and bookrunners in the agreement?,goldman sachs bank usa,1,1,0
118,What company is both the agents and arrangers in the agreement?,goldman sachs bank usa,1,1,0
118,What company is both the agents and joint lead arrangers in the agreement?,goldman sachs bank usa,1,1,0
118,What company is both the bookrunners and arrangers in the agreement?,goldman sachs bank usa,1,1,0
118,What company is both the bookrunners and joint lead arrangers in the agreement?,goldman sachs bank usa,1,1,0
118,What company is both the arrangers and joint lead arrangers in the agreement?,goldman sachs bank usa,1,1,0
118,What company is both the agent and l c issuer in the agreement?,wells fargo bank national association,1,1,0
118,What company is both the agent and revolving credit lender in the agreement?,wells fargo bank national association,1,1,0
118,What company is both the agent and administrative agent in the agreement?,wells fargo bank national association,1,1,0
118,What company is both the agent and swing line lender in the agreement?,wells fargo bank national association,1,1,0
118,What company is both the agent and lender in the agreement?,wells fargo bank national association,1,1,0
118,What company is both the l c issuer and revolving credit lender in the agreement?,wells fargo bank national association,1,1,0
118,What company is both the l c issuer and administrative agent in the agreement?,wells fargo bank national association,1,1,0
118,What company is both the l c issuer and swing line lender in the agreement?,wells fargo bank national association,1,1,0
118,What company is both the l c issuer and lender in the agreement?,wells fargo bank national association,1,1,0
118,What company is both the revolving credit lender and administrative agent in the agreement?,wells fargo bank national association,1,1,0
118,What company is both the revolving credit lender and swing line lender in the agreement?,wells fargo bank national association,1,1,0
118,What company is both the revolving credit lender and lender in the agreement?,wells fargo bank national association,1,1,0
118,What company is both the administrative agent and swing line lender in the agreement?,wells fargo bank national association,1,1,0
118,What company is both the administrative agent and lender in the agreement?,wells fargo bank national association,1,1,0
118,What company is both the swing line lender and lender in the agreement?,wells fargo bank national association,1,1,0
118,What company is both the documentation agents and agents in the agreement?,credit suisse ag,1,1,0
124,What company is both the joint lead arrangers and lead arrangers in the agreement?,keybanc capital markets inc,1,1,0
124,What company is both the syndication agents and lender in the agreement?,bank of america na,1,1,0
124,What company is both the lead arrangers and lender in the agreement?,citizens bank na,1,1,0
124,What company is both the lead arrangers and joint lead arrangers in the agreement?,citizens bank na,1,1,0
124,What company is both the lead arrangers and administrative agent in the agreement?,citizens bank na,1,1,0
124,What company is both the lender and joint lead arrangers in the agreement?,citizens bank na,1,1,0
124,What company is both the lender and administrative agent in the agreement?,citizens bank na,1,1,0
124,What company is both the joint lead arrangers and administrative agent in the agreement?,citizens bank na,1,1,0
124,What company is both the syndication agents and bookrunners in the agreement?,jpmorgan chase bank na,1,1,0
124,What company is both the syndication agents and lender in the agreement?,jpmorgan chase bank na,1,1,0
124,What company is both the bookrunners and lender in the agreement?,jpmorgan chase bank na,1,1,0
124,What company is both the syndication agents and lender in the agreement?,keybank national association,1,1,0
124,What company is both the documentation agents and lender in the agreement?,td bank na,1,1,0
130,What company is both the bookrunner and arranger in the agreement?,bofa securities inc,1,1,0
130,What company is both the bookrunner and arranger in the agreement?,hancock whitney investment services inc,1,1,0
130,What company is both the bookrunner and arranger in the agreement?,pnc capital markets llc,1,1,0
130,What company is both the bookrunner and syndication agents in the agreement?,rbc capital markets,1,1,0
130,What company is both the bookrunner and documentation agents in the agreement?,rbc capital markets,1,1,0
130,What company is both the bookrunner and arranger in the agreement?,rbc capital markets,1,1,0
130,What company is both the syndication agents and documentation agents in the agreement?,rbc capital markets,1,1,0
130,What company is both the syndication agents and arranger in the agreement?,rbc capital markets,1,1,0
130,What company is both the documentation agents and arranger in the agreement?,rbc capital markets,1,1,0
130,What company is both the bookrunner and arranger in the agreement?,regions capital markets,1,1,0
130,What company is both the bookrunner and arranger in the agreement?,truist securities inc,1,1,0
130,What company is both the bookrunner and arranger in the agreement?,umb bankna,1,1,0
130,What company is both the bookrunner and arranger in the agreement?,wells fargo securities llc,1,1,0
130,What company is both the issuing bank and lender in the agreement?,bank of america na,1,1,0
130,What company is both the bookrunner and lender in the agreement?,fifth third bank national association,1,1,0
130,What company is both the bookrunner and arranger in the agreement?,fifth third bank national association,1,1,0
130,What company is both the lender and arranger in the agreement?,fifth third bank national association,1,1,0
130,What company is both the issuing bank and lender in the agreement?,pnc bank national association,1,1,0
130,What company is both the agent and documentation agents in the agreement?,jpmorgan chase bank na,1,1,0
130,What company is both the agent and collateral agent in the agreement?,jpmorgan chase bank na,1,1,0
130,What company is both the agent and bookrunner in the agreement?,jpmorgan chase bank na,1,1,0
130,What company is both the agent and syndication agents in the agreement?,jpmorgan chase bank na,1,1,0
130,What company is both the agent and term administrative agent in the agreement?,jpmorgan chase bank na,1,1,0
130,What company is both the agent and issuing bank in the agreement?,jpmorgan chase bank na,1,1,0
130,What company is both the agent and revolving administrative agent in the agreement?,jpmorgan chase bank na,1,1,0
130,What company is both the agent and arranger in the agreement?,jpmorgan chase bank na,1,1,0
130,What company is both the documentation agents and collateral agent in the agreement?,jpmorgan chase bank na,1,1,0
130,What company is both the documentation agents and bookrunner in the agreement?,jpmorgan chase bank na,1,1,0
130,What company is both the documentation agents and syndication agents in the agreement?,jpmorgan chase bank na,1,1,0
130,What company is both the documentation agents and term administrative agent in the agreement?,jpmorgan chase bank na,1,1,0
130,What company is both the documentation agents and issuing bank in the agreement?,jpmorgan chase bank na,1,1,0
130,What company is both the documentation agents and revolving administrative agent in the agreement?,jpmorgan chase bank na,1,1,0
130,What company is both the documentation agents and arranger in the agreement?,jpmorgan chase bank na,1,1,0
130,What company is both the collateral agent and bookrunner in the agreement?,jpmorgan chase bank na,1,1,0
130,What company is both the collateral agent and syndication agents in the agreement?,jpmorgan chase bank na,1,1,0
130,What company is both the collateral agent and term administrative agent in the agreement?,jpmorgan chase bank na,1,1,0
130,What company is both the collateral agent and issuing bank in the agreement?,jpmorgan chase bank na,1,1,0
130,What company is both the collateral agent and revolving administrative agent in the agreement?,jpmorgan chase bank na,1,1,0
130,What company is both the collateral agent and arranger in the agreement?,jpmorgan chase bank na,1,1,0
130,What company is both the bookrunner and syndication agents in the agreement?,jpmorgan chase bank na,1,1,0
130,What company is both the bookrunner and term administrative agent in the agreement?,jpmorgan chase bank na,1,1,0
130,What company is both the bookrunner and issuing bank in the agreement?,jpmorgan chase bank na,1,1,0
130,What company is both the bookrunner and revolving administrative agent in the agreement?,jpmorgan chase bank na,1,1,0
130,What company is both the bookrunner and arranger in the agreement?,jpmorgan chase bank na,1,1,0
130,What company is both the syndication agents and term administrative agent in the agreement?,jpmorgan chase bank na,1,1,0
130,What company is both the syndication agents and issuing bank in the agreement?,jpmorgan chase bank na,1,1,0
130,What company is both the syndication agents and revolving administrative agent in the agreement?,jpmorgan chase bank na,1,1,0
130,What company is both the syndication agents and arranger in the agreement?,jpmorgan chase bank na,1,1,0
130,What company is both the term administrative agent and issuing bank in the agreement?,jpmorgan chase bank na,1,1,0
130,What company is both the term administrative agent and revolving administrative agent in the agreement?,jpmorgan chase bank na,1,1,0
130,What company is both the term administrative agent and arranger in the agreement?,jpmorgan chase bank na,1,1,0
130,What company is both the issuing bank and revolving administrative agent in the agreement?,jpmorgan chase bank na,1,1,0
130,What company is both the issuing bank and arranger in the agreement?,jpmorgan chase bank na,1,1,0
130,What company is both the revolving administrative agent and arranger in the agreement?,jpmorgan chase bank na,1,1,0
130,What company is both the agent and issuing bank in the agreement?,royal bank of canada,1,1,0
130,What company is both the agent and term administrative agent in the agreement?,royal bank of canada,1,1,0
130,What company is both the issuing bank and term administrative agent in the agreement?,royal bank of canada,1,1,0
130,What company is both the subsidiary and borrower in the agreement?,murphy oil usa inc,1,1,0
25,What company is both the agent and collateral agent in the agreement?,cortland capital market services llc,1,1,0
25,What company is both the agent and lenders in the agreement?,cortland capital market services llc,1,1,0
25,What company is both the agent and administrative agent in the agreement?,cortland capital market services llc,1,1,0
25,What company is both the collateral agent and lenders in the agreement?,cortland capital market services llc,1,1,0
25,What company is both the collateral agent and administrative agent in the agreement?,cortland capital market services llc,1,1,0
25,What company is both the lenders and administrative agent in the agreement?,cortland capital market services llc,1,1,0
25,What company is both the guarantor and guarantors in the agreement?,five oaks acquisition corp,1,1,0
25,What company is both the guarantor and guarantors in the agreement?,hunt cmt equity llc,1,1,0
25,What company is both the lender and initial lender in the agreement?,jefferies leveraged credit products llc,1,1,0
31,What company is both the documentation agents and book runners in the agreement?,bank of china los angeles branch,1,1,0
31,What company is both the documentation agents and joint book runners in the agreement?,bank of china los angeles branch,1,1,0
31,What company is both the documentation agents and agents in the agreement?,bank of china los angeles branch,1,1,0
31,What company is both the book runners and joint book runners in the agreement?,bank of china los angeles branch,1,1,0
31,What company is both the book runners and agents in the agreement?,bank of china los angeles branch,1,1,0
31,What company is both the joint book runners and agents in the agreement?,bank of china los angeles branch,1,1,0
31,What company is both the book runners and joint book runners in the agreement?,citigroup global markets inc,1,1,0
31,What company is both the book runners and joint book runners in the agreement?,jp morgan securities llc,1,1,0
31,What company is both the book runners and joint book runners in the agreement?,merrill lynch pierce fennerand smith incorporated,1,1,0
31,What company is both the book runners and joint book runners in the agreement?,wells fargo securities llc,1,1,0
31,What company is both the lender and us swing lender in the agreement?,barclays bank plc,1,1,0
31,What company is both the documentation agents and lender in the agreement?,citibank na,1,1,0
31,What company is both the documentation agents and us swing lender in the agreement?,citibank na,1,1,0
31,What company is both the documentation agents and agents in the agreement?,citibank na,1,1,0
31,What company is both the lender and us swing lender in the agreement?,citibank na,1,1,0
31,What company is both the lender and agents in the agreement?,citibank na,1,1,0
31,What company is both the us swing lender and agents in the agreement?,citibank na,1,1,0
31,What company is both the lender and us swing lender in the agreement?,goldman sachs bank usa,1,1,0
31,What company is both the joint book runners and documentation agents in the agreement?,the bank of tokyo mitsubishi ufj ltd,1,1,0
31,What company is both the joint book runners and agents in the agreement?,the bank of tokyo mitsubishi ufj ltd,1,1,0
31,What company is both the joint book runners and book runners in the agreement?,the bank of tokyo mitsubishi ufj ltd,1,1,0
31,What company is both the joint book runners and us swing lender in the agreement?,the bank of tokyo mitsubishi ufj ltd,1,1,0
31,What company is both the joint book runners and lender in the agreement?,the bank of tokyo mitsubishi ufj ltd,1,1,0
31,What company is both the documentation agents and agents in the agreement?,the bank of tokyo mitsubishi ufj ltd,1,1,0
31,What company is both the documentation agents and book runners in the agreement?,the bank of tokyo mitsubishi ufj ltd,1,1,0
31,What company is both the documentation agents and us swing lender in the agreement?,the bank of tokyo mitsubishi ufj ltd,1,1,0
31,What company is both the documentation agents and lender in the agreement?,the bank of tokyo mitsubishi ufj ltd,1,1,0
31,What company is both the agents and book runners in the agreement?,the bank of tokyo mitsubishi ufj ltd,1,1,0
31,What company is both the agents and us swing lender in the agreement?,the bank of tokyo mitsubishi ufj ltd,1,1,0
31,What company is both the agents and lender in the agreement?,the bank of tokyo mitsubishi ufj ltd,1,1,0
31,What company is both the book runners and us swing lender in the agreement?,the bank of tokyo mitsubishi ufj ltd,1,1,0
31,What company is both the book runners and lender in the agreement?,the bank of tokyo mitsubishi ufj ltd,1,1,0
31,What company is both the us swing lender and lender in the agreement?,the bank of tokyo mitsubishi ufj ltd,1,1,0
31,What company is both the joint book runners and documentation agents in the agreement?,us bank national association,1,1,0
31,What company is both the joint book runners and agents in the agreement?,us bank national association,1,1,0
31,What company is both the joint book runners and book runners in the agreement?,us bank national association,1,1,0
31,What company is both the joint book runners and us swing lender in the agreement?,us bank national association,1,1,0
31,What company is both the joint book runners and lender in the agreement?,us bank national association,1,1,0
31,What company is both the documentation agents and agents in the agreement?,us bank national association,1,1,0
31,What company is both the documentation agents and book runners in the agreement?,us bank national association,1,1,0
31,What company is both the documentation agents and us swing lender in the agreement?,us bank national association,1,1,0
31,What company is both the documentation agents and lender in the agreement?,us bank national association,1,1,0
31,What company is both the agents and book runners in the agreement?,us bank national association,1,1,0
31,What company is both the agents and us swing lender in the agreement?,us bank national association,1,1,0
31,What company is both the agents and lender in the agreement?,us bank national association,1,1,0
31,What company is both the book runners and us swing lender in the agreement?,us bank national association,1,1,0
31,What company is both the book runners and lender in the agreement?,us bank national association,1,1,0
31,What company is both the us swing lender and lender in the agreement?,us bank national association,1,1,0
31,What company is both the documentation agents and lender in the agreement?,wells fargo bank national association,1,1,0
31,What company is both the documentation agents and us swing lender in the agreement?,wells fargo bank national association,1,1,0
31,What company is both the documentation agents and agents in the agreement?,wells fargo bank national association,1,1,0
31,What company is both the lender and us swing lender in the agreement?,wells fargo bank national association,1,1,0
31,What company is both the lender and agents in the agreement?,wells fargo bank national association,1,1,0
31,What company is both the us swing lender and agents in the agreement?,wells fargo bank national association,1,1,0
31,What company is both the lender and us swing lender in the agreement?,the bank of china,1,1,0
31,What company is both the joint book runners and documentation agents in the agreement?,canadian imperial bank of commerce new york agency,1,1,0
31,What company is both the joint book runners and agents in the agreement?,canadian imperial bank of commerce new york agency,1,1,0
31,What company is both the joint book runners and book runners in the agreement?,canadian imperial bank of commerce new york agency,1,1,0
31,What company is both the joint book runners and us swing lender in the agreement?,canadian imperial bank of commerce new york agency,1,1,0
31,What company is both the joint book runners and lender in the agreement?,canadian imperial bank of commerce new york agency,1,1,0
31,What company is both the documentation agents and agents in the agreement?,canadian imperial bank of commerce new york agency,1,1,0
31,What company is both the documentation agents and book runners in the agreement?,canadian imperial bank of commerce new york agency,1,1,0
31,What company is both the documentation agents and us swing lender in the agreement?,canadian imperial bank of commerce new york agency,1,1,0
31,What company is both the documentation agents and lender in the agreement?,canadian imperial bank of commerce new york agency,1,1,0
31,What company is both the agents and book runners in the agreement?,canadian imperial bank of commerce new york agency,1,1,0
31,What company is both the agents and us swing lender in the agreement?,canadian imperial bank of commerce new york agency,1,1,0
31,What company is both the agents and lender in the agreement?,canadian imperial bank of commerce new york agency,1,1,0
31,What company is both the book runners and us swing lender in the agreement?,canadian imperial bank of commerce new york agency,1,1,0
31,What company is both the book runners and lender in the agreement?,canadian imperial bank of commerce new york agency,1,1,0
31,What company is both the us swing lender and lender in the agreement?,canadian imperial bank of commerce new york agency,1,1,0
31,What company is both the agent and sterling swing lender in the agreement?,jpmorgan chase bank na,1,1,0
31,What company is both the agent and yen swing lender in the agreement?,jpmorgan chase bank na,1,1,0
31,What company is both the agent and syndication agent in the agreement?,jpmorgan chase bank na,1,1,0
31,What company is both the agent and us swing lender in the agreement?,jpmorgan chase bank na,1,1,0
31,What company is both the agent and administrative agent in the agreement?,jpmorgan chase bank na,1,1,0
31,What company is both the agent and lender in the agreement?,jpmorgan chase bank na,1,1,0
31,What company is both the sterling swing lender and yen swing lender in the agreement?,jpmorgan chase bank na,1,1,0
31,What company is both the sterling swing lender and syndication agent in the agreement?,jpmorgan chase bank na,1,1,0
31,What company is both the sterling swing lender and us swing lender in the agreement?,jpmorgan chase bank na,1,1,0
31,What company is both the sterling swing lender and administrative agent in the agreement?,jpmorgan chase bank na,1,1,0
31,What company is both the sterling swing lender and lender in the agreement?,jpmorgan chase bank na,1,1,0
31,What company is both the yen swing lender and syndication agent in the agreement?,jpmorgan chase bank na,1,1,0
31,What company is both the yen swing lender and us swing lender in the agreement?,jpmorgan chase bank na,1,1,0
31,What company is both the yen swing lender and administrative agent in the agreement?,jpmorgan chase bank na,1,1,0
31,What company is both the yen swing lender and lender in the agreement?,jpmorgan chase bank na,1,1,0
31,What company is both the syndication agent and us swing lender in the agreement?,jpmorgan chase bank na,1,1,0
31,What company is both the syndication agent and administrative agent in the agreement?,jpmorgan chase bank na,1,1,0
31,What company is both the syndication agent and lender in the agreement?,jpmorgan chase bank na,1,1,0
31,What company is both the us swing lender and administrative agent in the agreement?,jpmorgan chase bank na,1,1,0
31,What company is both the us swing lender and lender in the agreement?,jpmorgan chase bank na,1,1,0
31,What company is both the administrative agent and lender in the agreement?,jpmorgan chase bank na,1,1,0
31,What company is both the joint book runners and documentation agents in the agreement?,standard chartered bank,1,1,0
31,What company is both the joint book runners and agents in the agreement?,standard chartered bank,1,1,0
31,What company is both the joint book runners and book runners in the agreement?,standard chartered bank,1,1,0
31,What company is both the joint book runners and us swing lender in the agreement?,standard chartered bank,1,1,0
31,What company is both the joint book runners and lender in the agreement?,standard chartered bank,1,1,0
31,What company is both the documentation agents and agents in the agreement?,standard chartered bank,1,1,0
31,What company is both the documentation agents and book runners in the agreement?,standard chartered bank,1,1,0
31,What company is both the documentation agents and us swing lender in the agreement?,standard chartered bank,1,1,0
31,What company is both the documentation agents and lender in the agreement?,standard chartered bank,1,1,0
31,What company is both the agents and book runners in the agreement?,standard chartered bank,1,1,0
31,What company is both the agents and us swing lender in the agreement?,standard chartered bank,1,1,0
31,What company is both the agents and lender in the agreement?,standard chartered bank,1,1,0
31,What company is both the book runners and us swing lender in the agreement?,standard chartered bank,1,1,0
31,What company is both the book runners and lender in the agreement?,standard chartered bank,1,1,0
31,What company is both the us swing lender and lender in the agreement?,standard chartered bank,1,1,0
31,What company is both the borrowers and lenders in the agreement?,visa inc,1,1,0
31,What company is both the borrowers and lenders in the agreement?,visa international service association,1,1,0
31,What company is both the borrowers and lenders in the agreement?,visa usa inc,1,1,0
31,What company is both the agent and euro swing lender in the agreement?,bank of america na,1,1,0
31,What company is both the agent and sterling swing lender in the agreement?,bank of america na,1,1,0
31,What company is both the agent and yen swing lender in the agreement?,bank of america na,1,1,0
31,What company is both the agent and syndication agent in the agreement?,bank of america na,1,1,0
31,What company is both the agent and us swing lender in the agreement?,bank of america na,1,1,0
31,What company is both the agent and administrative agent in the agreement?,bank of america na,1,1,0
31,What company is both the agent and lender in the agreement?,bank of america na,1,1,0
31,What company is both the euro swing lender and sterling swing lender in the agreement?,bank of america na,1,1,0
31,What company is both the euro swing lender and yen swing lender in the agreement?,bank of america na,1,1,0
31,What company is both the euro swing lender and syndication agent in the agreement?,bank of america na,1,1,0
31,What company is both the euro swing lender and us swing lender in the agreement?,bank of america na,1,1,0
31,What company is both the euro swing lender and administrative agent in the agreement?,bank of america na,1,1,0
31,What company is both the euro swing lender and lender in the agreement?,bank of america na,1,1,0
31,What company is both the sterling swing lender and yen swing lender in the agreement?,bank of america na,1,1,0
31,What company is both the sterling swing lender and syndication agent in the agreement?,bank of america na,1,1,0
31,What company is both the sterling swing lender and us swing lender in the agreement?,bank of america na,1,1,0
31,What company is both the sterling swing lender and administrative agent in the agreement?,bank of america na,1,1,0
31,What company is both the sterling swing lender and lender in the agreement?,bank of america na,1,1,0
31,What company is both the yen swing lender and syndication agent in the agreement?,bank of america na,1,1,0
31,What company is both the yen swing lender and us swing lender in the agreement?,bank of america na,1,1,0
31,What company is both the yen swing lender and administrative agent in the agreement?,bank of america na,1,1,0
31,What company is both the yen swing lender and lender in the agreement?,bank of america na,1,1,0
31,What company is both the syndication agent and us swing lender in the agreement?,bank of america na,1,1,0
31,What company is both the syndication agent and administrative agent in the agreement?,bank of america na,1,1,0
31,What company is both the syndication agent and lender in the agreement?,bank of america na,1,1,0
31,What company is both the us swing lender and administrative agent in the agreement?,bank of america na,1,1,0
31,What company is both the us swing lender and lender in the agreement?,bank of america na,1,1,0
31,What company is both the administrative agent and lender in the agreement?,bank of america na,1,1,0
19,What company is both the bookrunner and arranger in the agreement?,rbc capital markets,1,1,0
19,What company is both the bookrunner and lead arranger in the agreement?,rbc capital markets,1,1,0
19,What company is both the arranger and lead arranger in the agreement?,rbc capital markets,1,1,0
19,What company is both the swingline lender and lender in the agreement?,bmo harris bank na,1,1,0
19,What company is both the swingline lender and lender in the agreement?,goldman sachs bank,1,1,0
19,What company is both the swingline lender and lender in the agreement?,mufg bank ltd,1,1,0
19,What company is both the swingline lender and lender in the agreement?,umb bank na,1,1,0
19,What company is both the swingline lender and lender in the agreement?,wells fargo bank national association,1,1,0
19,What company is both the subsidiary borrower and borrower in the agreement?,caseys general stores inc,1,1,0
19,What company is both the swingline lender and lender in the agreement?,coöperatieve rabobank ua new york,1,1,0
19,What company is both the issuing bank and lender in the agreement?,royal bank of canada,1,1,0
19,What company is both the issuing bank and administrative agent in the agreement?,royal bank of canada,1,1,0
19,What company is both the lender and administrative agent in the agreement?,royal bank of canada,1,1,0
27,What company is both the lender and borrower in the agreement?,milbank tweed hadley and mccloy llp,1,1,0
33,What company is both the joint bookrunners and bookrunners in the agreement?,credit suisse securities usa llc,1,1,0
33,What company is both the joint bookrunners and arrangers in the agreement?,credit suisse securities usa llc,1,1,0
33,What company is both the bookrunners and arrangers in the agreement?,credit suisse securities usa llc,1,1,0
33,What company is both the joint bookrunners and bookrunners in the agreement?,goldman sachs bank usa,1,1,0
33,What company is both the joint bookrunners and arrangers in the agreement?,goldman sachs bank usa,1,1,0
33,What company is both the bookrunners and arrangers in the agreement?,goldman sachs bank usa,1,1,0
33,What company is both the agent and joint bookrunners in the agreement?,jp morgan securities llc,1,1,0
33,What company is both the agent and collateral agent in the agreement?,jp morgan securities llc,1,1,0
33,What company is both the agent and syndication agent in the agreement?,jp morgan securities llc,1,1,0
33,What company is both the agent and bookrunners in the agreement?,jp morgan securities llc,1,1,0
33,What company is both the agent and arrangers in the agreement?,jp morgan securities llc,1,1,0
33,What company is both the agent and administrative agent in the agreement?,jp morgan securities llc,1,1,0
33,What company is both the agent and documentation agent in the agreement?,jp morgan securities llc,1,1,0
33,What company is both the joint bookrunners and collateral agent in the agreement?,jp morgan securities llc,1,1,0
33,What company is both the joint bookrunners and syndication agent in the agreement?,jp morgan securities llc,1,1,0
33,What company is both the joint bookrunners and bookrunners in the agreement?,jp morgan securities llc,1,1,0
33,What company is both the joint bookrunners and arrangers in the agreement?,jp morgan securities llc,1,1,0
33,What company is both the joint bookrunners and administrative agent in the agreement?,jp morgan securities llc,1,1,0
33,What company is both the joint bookrunners and documentation agent in the agreement?,jp morgan securities llc,1,1,0
33,What company is both the collateral agent and syndication agent in the agreement?,jp morgan securities llc,1,1,0
33,What company is both the collateral agent and bookrunners in the agreement?,jp morgan securities llc,1,1,0
33,What company is both the collateral agent and arrangers in the agreement?,jp morgan securities llc,1,1,0
33,What company is both the collateral agent and administrative agent in the agreement?,jp morgan securities llc,1,1,0
33,What company is both the collateral agent and documentation agent in the agreement?,jp morgan securities llc,1,1,0
33,What company is both the syndication agent and bookrunners in the agreement?,jp morgan securities llc,1,1,0
33,What company is both the syndication agent and arrangers in the agreement?,jp morgan securities llc,1,1,0
33,What company is both the syndication agent and administrative agent in the agreement?,jp morgan securities llc,1,1,0
33,What company is both the syndication agent and documentation agent in the agreement?,jp morgan securities llc,1,1,0
33,What company is both the bookrunners and arrangers in the agreement?,jp morgan securities llc,1,1,0
33,What company is both the bookrunners and administrative agent in the agreement?,jp morgan securities llc,1,1,0
33,What company is both the bookrunners and documentation agent in the agreement?,jp morgan securities llc,1,1,0
33,What company is both the arrangers and administrative agent in the agreement?,jp morgan securities llc,1,1,0
33,What company is both the arrangers and documentation agent in the agreement?,jp morgan securities llc,1,1,0
33,What company is both the administrative agent and documentation agent in the agreement?,jp morgan securities llc,1,1,0
33,What company is both the joint lead arranger and arranger in the agreement?,rbc capital markets llc,1,1,0
33,What company is both the agent and joint bookrunners in the agreement?,ubs securities llc,1,1,0
33,What company is both the agent and collateral agent in the agreement?,ubs securities llc,1,1,0
33,What company is both the agent and bookrunners in the agreement?,ubs securities llc,1,1,0
33,What company is both the agent and arrangers in the agreement?,ubs securities llc,1,1,0
33,What company is both the agent and administrative agent in the agreement?,ubs securities llc,1,1,0
33,What company is both the agent and documentation agent in the agreement?,ubs securities llc,1,1,0
33,What company is both the joint bookrunners and collateral agent in the agreement?,ubs securities llc,1,1,0
33,What company is both the joint bookrunners and bookrunners in the agreement?,ubs securities llc,1,1,0
33,What company is both the joint bookrunners and arrangers in the agreement?,ubs securities llc,1,1,0
33,What company is both the joint bookrunners and administrative agent in the agreement?,ubs securities llc,1,1,0
33,What company is both the joint bookrunners and documentation agent in the agreement?,ubs securities llc,1,1,0
33,What company is both the collateral agent and bookrunners in the agreement?,ubs securities llc,1,1,0
33,What company is both the collateral agent and arrangers in the agreement?,ubs securities llc,1,1,0
33,What company is both the collateral agent and administrative agent in the agreement?,ubs securities llc,1,1,0
33,What company is both the collateral agent and documentation agent in the agreement?,ubs securities llc,1,1,0
33,What company is both the bookrunners and arrangers in the agreement?,ubs securities llc,1,1,0
33,What company is both the bookrunners and administrative agent in the agreement?,ubs securities llc,1,1,0
33,What company is both the bookrunners and documentation agent in the agreement?,ubs securities llc,1,1,0
33,What company is both the arrangers and administrative agent in the agreement?,ubs securities llc,1,1,0
33,What company is both the arrangers and documentation agent in the agreement?,ubs securities llc,1,1,0
33,What company is both the administrative agent and documentation agent in the agreement?,ubs securities llc,1,1,0
33,What company is both the agent and collateral agent in the agreement?,credit suisse ag,1,1,0
33,What company is both the agent and administrative agent in the agreement?,credit suisse ag,1,1,0
33,What company is both the collateral agent and administrative agent in the agreement?,credit suisse ag,1,1,0
126,What company is both the bookrunners and arrangers in the agreement?,bnp paribas securities corp,1,1,0
126,What company is both the bookrunners and arrangers in the agreement?,bofa securities inc,1,1,0
126,What company is both the lenders and agents in the agreement?,bank of america na,1,1,0
126,What company is both the lenders and agents in the agreement?,mizuho bank ltd,1,1,0
126,What company is both the lenders and bookrunners in the agreement?,mizuho bank ltd,1,1,0
126,What company is both the lenders and arrangers in the agreement?,mizuho bank ltd,1,1,0
126,What company is both the lenders and co syndication agents in the agreement?,mizuho bank ltd,1,1,0
126,What company is both the agents and bookrunners in the agreement?,mizuho bank ltd,1,1,0
126,What company is both the agents and arrangers in the agreement?,mizuho bank ltd,1,1,0
126,What company is both the agents and co syndication agents in the agreement?,mizuho bank ltd,1,1,0
126,What company is both the bookrunners and arrangers in the agreement?,mizuho bank ltd,1,1,0
126,What company is both the bookrunners and co syndication agents in the agreement?,mizuho bank ltd,1,1,0
126,What company is both the arrangers and co syndication agents in the agreement?,mizuho bank ltd,1,1,0
126,What company is both the lenders and agents in the agreement?,mufg bank ltd,1,1,0
126,What company is both the lenders and bookrunners in the agreement?,mufg bank ltd,1,1,0
126,What company is both the lenders and arrangers in the agreement?,mufg bank ltd,1,1,0
126,What company is both the lenders and co syndication agents in the agreement?,mufg bank ltd,1,1,0
126,What company is both the agents and bookrunners in the agreement?,mufg bank ltd,1,1,0
126,What company is both the agents and arrangers in the agreement?,mufg bank ltd,1,1,0
126,What company is both the agents and co syndication agents in the agreement?,mufg bank ltd,1,1,0
126,What company is both the bookrunners and arrangers in the agreement?,mufg bank ltd,1,1,0
126,What company is both the bookrunners and co syndication agents in the agreement?,mufg bank ltd,1,1,0
126,What company is both the arrangers and co syndication agents in the agreement?,mufg bank ltd,1,1,0
126,What company is both the documentation agents and lenders in the agreement?,sumitomo mitsui banking corporation,1,1,0
126,What company is both the documentation agents and agents in the agreement?,sumitomo mitsui banking corporation,1,1,0
126,What company is both the documentation agents and bookrunners in the agreement?,sumitomo mitsui banking corporation,1,1,0
126,What company is both the documentation agents and arrangers in the agreement?,sumitomo mitsui banking corporation,1,1,0
126,What company is both the documentation agents and co syndication agents in the agreement?,sumitomo mitsui banking corporation,1,1,0
126,What company is both the lenders and agents in the agreement?,sumitomo mitsui banking corporation,1,1,0
126,What company is both the lenders and bookrunners in the agreement?,sumitomo mitsui banking corporation,1,1,0
126,What company is both the lenders and arrangers in the agreement?,sumitomo mitsui banking corporation,1,1,0
126,What company is both the lenders and co syndication agents in the agreement?,sumitomo mitsui banking corporation,1,1,0
126,What company is both the agents and bookrunners in the agreement?,sumitomo mitsui banking corporation,1,1,0
126,What company is both the agents and arrangers in the agreement?,sumitomo mitsui banking corporation,1,1,0
126,What company is both the agents and co syndication agents in the agreement?,sumitomo mitsui banking corporation,1,1,0
126,What company is both the bookrunners and arrangers in the agreement?,sumitomo mitsui banking corporation,1,1,0
126,What company is both the bookrunners and co syndication agents in the agreement?,sumitomo mitsui banking corporation,1,1,0
126,What company is both the arrangers and co syndication agents in the agreement?,sumitomo mitsui banking corporation,1,1,0
126,What company is both the agent and bookrunners in the agreement?,citibank na,1,1,0
126,What company is both the agent and arrangers in the agreement?,citibank na,1,1,0
126,What company is both the agent and lenders in the agreement?,citibank na,1,1,0
126,What company is both the bookrunners and arrangers in the agreement?,citibank na,1,1,0
126,What company is both the bookrunners and lenders in the agreement?,citibank na,1,1,0
126,What company is both the arrangers and lenders in the agreement?,citibank na,1,1,0
126,What company is both the bookrunners and arrangers in the agreement?,jpmorgan chase bank na,1,1,0
126,What company is both the bookrunners and lenders in the agreement?,jpmorgan chase bank na,1,1,0
126,What company is both the bookrunners and agents in the agreement?,jpmorgan chase bank na,1,1,0
126,What company is both the arrangers and lenders in the agreement?,jpmorgan chase bank na,1,1,0
126,What company is both the arrangers and agents in the agreement?,jpmorgan chase bank na,1,1,0
126,What company is both the lenders and agents in the agreement?,jpmorgan chase bank na,1,1,0
126,What company is both the lenders and co syndication agents in the agreement?,bnp paribas,1,1,0
126,What company is both the lenders and agents in the agreement?,bnp paribas,1,1,0
126,What company is both the co syndication agents and agents in the agreement?,bnp paribas,1,1,0
132,What company is both the book runners and arrangers in the agreement?,bmo capital markets corp,1,1,0
132,What company is both the book runners and joint book runners in the agreement?,bmo capital markets corp,1,1,0
132,What company is both the book runners and joint lead arrangers in the agreement?,bmo capital markets corp,1,1,0
132,What company is both the arrangers and joint book runners in the agreement?,bmo capital markets corp,1,1,0
132,What company is both the arrangers and joint lead arrangers in the agreement?,bmo capital markets corp,1,1,0
132,What company is both the joint book runners and joint lead arrangers in the agreement?,bmo capital markets corp,1,1,0
132,What company is both the book runners and arrangers in the agreement?,wells fargo securities llc,1,1,0
132,What company is both the book runners and joint book runners in the agreement?,wells fargo securities llc,1,1,0
132,What company is both the book runners and joint lead arrangers in the agreement?,wells fargo securities llc,1,1,0
132,What company is both the arrangers and joint book runners in the agreement?,wells fargo securities llc,1,1,0
132,What company is both the arrangers and joint lead arrangers in the agreement?,wells fargo securities llc,1,1,0
132,What company is both the joint book runners and joint lead arrangers in the agreement?,wells fargo securities llc,1,1,0
132,What company is both the joint book runners and book runners in the agreement?,jpmorgan chase bank na,1,1,0
132,What company is both the joint book runners and arrangers in the agreement?,jpmorgan chase bank na,1,1,0
132,What company is both the joint book runners and lender in the agreement?,jpmorgan chase bank na,1,1,0
132,What company is both the joint book runners and joint lead arrangers in the agreement?,jpmorgan chase bank na,1,1,0
132,What company is both the book runners and arrangers in the agreement?,jpmorgan chase bank na,1,1,0
132,What company is both the book runners and lender in the agreement?,jpmorgan chase bank na,1,1,0
132,What company is both the book runners and joint lead arrangers in the agreement?,jpmorgan chase bank na,1,1,0
132,What company is both the arrangers and lender in the agreement?,jpmorgan chase bank na,1,1,0
132,What company is both the arrangers and joint lead arrangers in the agreement?,jpmorgan chase bank na,1,1,0
132,What company is both the lender and joint lead arrangers in the agreement?,jpmorgan chase bank na,1,1,0
132,What company is both the joint book runners and book runners in the agreement?,us bank national association,1,1,0
132,What company is both the joint book runners and arrangers in the agreement?,us bank national association,1,1,0
132,What company is both the joint book runners and lender in the agreement?,us bank national association,1,1,0
132,What company is both the joint book runners and joint lead arrangers in the agreement?,us bank national association,1,1,0
132,What company is both the book runners and arrangers in the agreement?,us bank national association,1,1,0
132,What company is both the book runners and lender in the agreement?,us bank national association,1,1,0
132,What company is both the book runners and joint lead arrangers in the agreement?,us bank national association,1,1,0
132,What company is both the arrangers and lender in the agreement?,us bank national association,1,1,0
132,What company is both the arrangers and joint lead arrangers in the agreement?,us bank national association,1,1,0
132,What company is both the lender and joint lead arrangers in the agreement?,us bank national association,1,1,0
132,What company is both the agent and lender in the agreement?,bank of montreal,1,1,0
132,What company is both the agent and l c issuer in the agreement?,bank of montreal,1,1,0
132,What company is both the agent and administrative agent in the agreement?,bank of montreal,1,1,0
132,What company is both the lender and l c issuer in the agreement?,bank of montreal,1,1,0
132,What company is both the lender and administrative agent in the agreement?,bank of montreal,1,1,0
132,What company is both the l c issuer and administrative agent in the agreement?,bank of montreal,1,1,0
133,What company is both the book runner and arranger in the agreement?,citibank,1,1,0
133,What company is both the book runner and lead arranger in the agreement?,citibank,1,1,0
133,What company is both the book runner and sole book runner in the agreement?,citibank,1,1,0
133,What company is both the arranger and lead arranger in the agreement?,citibank,1,1,0
133,What company is both the arranger and sole book runner in the agreement?,citibank,1,1,0
133,What company is both the lead arranger and sole book runner in the agreement?,citibank,1,1,0
133,What company is both the rating agency and agency in the agreement?,standardand poors financial services llc,1,1,0
133,What company is both the agent and syndication agent in the agreement?,merrill lynch pierce fenner and smith,1,1,0
133,What company is both the agent and collateral agent in the agreement?,merrill lynch pierce fenner and smith,1,1,0
133,What company is both the syndication agent and collateral agent in the agreement?,merrill lynch pierce fenner and smith,1,1,0
133,What company is both the agent and book runner in the agreement?,citibank na,1,1,0
133,What company is both the agent and collateral agent in the agreement?,citibank na,1,1,0
133,What company is both the agent and syndication agent in the agreement?,citibank na,1,1,0
133,What company is both the agent and l c issuer in the agreement?,citibank na,1,1,0
133,What company is both the agent and administrative agent in the agreement?,citibank na,1,1,0
133,What company is both the agent and lender in the agreement?,citibank na,1,1,0
133,What company is both the agent and arranger in the agreement?,citibank na,1,1,0
133,What company is both the book runner and collateral agent in the agreement?,citibank na,1,1,0
133,What company is both the book runner and syndication agent in the agreement?,citibank na,1,1,0
133,What company is both the book runner and l c issuer in the agreement?,citibank na,1,1,0
133,What company is both the book runner and administrative agent in the agreement?,citibank na,1,1,0
133,What company is both the book runner and lender in the agreement?,citibank na,1,1,0
133,What company is both the book runner and arranger in the agreement?,citibank na,1,1,0
133,What company is both the collateral agent and syndication agent in the agreement?,citibank na,1,1,0
133,What company is both the collateral agent and l c issuer in the agreement?,citibank na,1,1,0
133,What company is both the collateral agent and administrative agent in the agreement?,citibank na,1,1,0
133,What company is both the collateral agent and lender in the agreement?,citibank na,1,1,0
133,What company is both the collateral agent and arranger in the agreement?,citibank na,1,1,0
133,What company is both the syndication agent and l c issuer in the agreement?,citibank na,1,1,0
133,What company is both the syndication agent and administrative agent in the agreement?,citibank na,1,1,0
133,What company is both the syndication agent and lender in the agreement?,citibank na,1,1,0
133,What company is both the syndication agent and arranger in the agreement?,citibank na,1,1,0
133,What company is both the l c issuer and administrative agent in the agreement?,citibank na,1,1,0
133,What company is both the l c issuer and lender in the agreement?,citibank na,1,1,0
133,What company is both the l c issuer and arranger in the agreement?,citibank na,1,1,0
133,What company is both the administrative agent and lender in the agreement?,citibank na,1,1,0
133,What company is both the administrative agent and arranger in the agreement?,citibank na,1,1,0
133,What company is both the lender and arranger in the agreement?,citibank na,1,1,0
127,What company is both the bookrunner and sole bookrunner in the agreement?,bofa securities,1,1,0
127,What company is both the bookrunner and arranger in the agreement?,bofa securities,1,1,0
127,What company is both the bookrunner and sole lead arranger in the agreement?,bofa securities,1,1,0
127,What company is both the sole bookrunner and arranger in the agreement?,bofa securities,1,1,0
127,What company is both the sole bookrunner and sole lead arranger in the agreement?,bofa securities,1,1,0
127,What company is both the arranger and sole lead arranger in the agreement?,bofa securities,1,1,0
127,What company is both the bookrunner and sole bookrunner in the agreement?,bofa securities inc,1,1,0
127,What company is both the bookrunner and arranger in the agreement?,bofa securities inc,1,1,0
127,What company is both the bookrunner and sole lead arranger in the agreement?,bofa securities inc,1,1,0
127,What company is both the sole bookrunner and arranger in the agreement?,bofa securities inc,1,1,0
127,What company is both the sole bookrunner and sole lead arranger in the agreement?,bofa securities inc,1,1,0
127,What company is both the arranger and sole lead arranger in the agreement?,bofa securities inc,1,1,0
127,What company is both the swing line lender and lender in the agreement?,citibank na,1,1,0
127,What company is both the swing line lender and agents in the agreement?,citibank na,1,1,0
127,What company is both the lender and agents in the agreement?,citibank na,1,1,0
127,What company is both the swing line lender and lender in the agreement?,jpmorgan chase bank na,1,1,0
127,What company is both the swing line lender and agents in the agreement?,jpmorgan chase bank na,1,1,0
127,What company is both the lender and agents in the agreement?,jpmorgan chase bank na,1,1,0
127,What company is both the swing line lender and lender in the agreement?,morgan stanley bank na,1,1,0
127,What company is both the swing line lender and agents in the agreement?,morgan stanley bank na,1,1,0
127,What company is both the lender and agents in the agreement?,morgan stanley bank na,1,1,0
127,What company is both the swing line lender and lender in the agreement?,us bank national association,1,1,0
127,What company is both the swing line lender and agents in the agreement?,us bank national association,1,1,0
127,What company is both the lender and agents in the agreement?,us bank national association,1,1,0
127,What company is both the swing line lender and lender in the agreement?,wellsfargobanknationalassociation,1,1,0
127,What company is both the swing line lender and lender in the agreement?,goldman sachs bank,1,1,0
127,What company is both the swing line lender and agents in the agreement?,goldman sachs bank,1,1,0
127,What company is both the lender and agents in the agreement?,goldman sachs bank,1,1,0
127,What company is both the swing line lender and lender in the agreement?,mizuho bank,1,1,0
127,What company is both the swing line lender and agents in the agreement?,mizuho bank,1,1,0
127,What company is both the lender and agents in the agreement?,mizuho bank,1,1,0
127,What company is both the agent and lenders in the agreement?,bank of america na,1,1,0
127,What company is both the agent and l c issuer in the agreement?,bank of america na,1,1,0
127,What company is both the agent and administrative agent in the agreement?,bank of america na,1,1,0
127,What company is both the agent and lender in the agreement?,bank of america na,1,1,0
127,What company is both the lenders and l c issuer in the agreement?,bank of america na,1,1,0
127,What company is both the lenders and administrative agent in the agreement?,bank of america na,1,1,0
127,What company is both the lenders and lender in the agreement?,bank of america na,1,1,0
127,What company is both the l c issuer and administrative agent in the agreement?,bank of america na,1,1,0
127,What company is both the l c issuer and lender in the agreement?,bank of america na,1,1,0
127,What company is both the administrative agent and lender in the agreement?,bank of america na,1,1,0
127,What company is both the swing line lender and lender in the agreement?,deutsche bank ag,1,1,0
127,What company is both the swing line lender and agents in the agreement?,deutsche bank ag,1,1,0
127,What company is both the lender and agents in the agreement?,deutsche bank ag,1,1,0
32,What company is both the bookrunners and arrangers in the agreement?,rbc capital markets,1,1,0
32,What company is both the bookrunners and joint lead arrangers in the agreement?,rbc capital markets,1,1,0
32,What company is both the arrangers and joint lead arrangers in the agreement?,rbc capital markets,1,1,0
32,What company is both the agent and co documentation agents in the agreement?,barclays bank plc,1,1,0
32,What company is both the agent and co syndication agent in the agreement?,barclays bank plc,1,1,0
32,What company is both the agent and lenders in the agreement?,barclays bank plc,1,1,0
32,What company is both the agent and agents in the agreement?,barclays bank plc,1,1,0
32,What company is both the agent and joint bookrunner in the agreement?,barclays bank plc,1,1,0
32,What company is both the agent and bookrunner in the agreement?,barclays bank plc,1,1,0
32,What company is both the agent and co documentation agent in the agreement?,barclays bank plc,1,1,0
32,What company is both the agent and bookrunners in the agreement?,barclays bank plc,1,1,0
32,What company is both the agent and arrangers in the agreement?,barclays bank plc,1,1,0
32,What company is both the agent and administrative agent in the agreement?,barclays bank plc,1,1,0
32,What company is both the agent and lender in the agreement?,barclays bank plc,1,1,0
32,What company is both the agent and joint lead arranger in the agreement?,barclays bank plc,1,1,0
32,What company is both the agent and arranger in the agreement?,barclays bank plc,1,1,0
32,What company is both the agent and joint lead arrangers in the agreement?,barclays bank plc,1,1,0
32,What company is both the co documentation agents and co syndication agent in the agreement?,barclays bank plc,1,1,0
32,What company is both the co documentation agents and lenders in the agreement?,barclays bank plc,1,1,0
32,What company is both the co documentation agents and agents in the agreement?,barclays bank plc,1,1,0
32,What company is both the co documentation agents and joint bookrunner in the agreement?,barclays bank plc,1,1,0
32,What company is both the co documentation agents and bookrunner in the agreement?,barclays bank plc,1,1,0
32,What company is both the co documentation agents and co documentation agent in the agreement?,barclays bank plc,1,1,0
32,What company is both the co documentation agents and bookrunners in the agreement?,barclays bank plc,1,1,0
32,What company is both the co documentation agents and arrangers in the agreement?,barclays bank plc,1,1,0
32,What company is both the co documentation agents and administrative agent in the agreement?,barclays bank plc,1,1,0
32,What company is both the co documentation agents and lender in the agreement?,barclays bank plc,1,1,0
32,What company is both the co documentation agents and joint lead arranger in the agreement?,barclays bank plc,1,1,0
32,What company is both the co documentation agents and arranger in the agreement?,barclays bank plc,1,1,0
32,What company is both the co documentation agents and joint lead arrangers in the agreement?,barclays bank plc,1,1,0
32,What company is both the co syndication agent and lenders in the agreement?,barclays bank plc,1,1,0
32,What company is both the co syndication agent and agents in the agreement?,barclays bank plc,1,1,0
32,What company is both the co syndication agent and joint bookrunner in the agreement?,barclays bank plc,1,1,0
32,What company is both the co syndication agent and bookrunner in the agreement?,barclays bank plc,1,1,0
32,What company is both the co syndication agent and co documentation agent in the agreement?,barclays bank plc,1,1,0
32,What company is both the co syndication agent and bookrunners in the agreement?,barclays bank plc,1,1,0
32,What company is both the co syndication agent and arrangers in the agreement?,barclays bank plc,1,1,0
32,What company is both the co syndication agent and administrative agent in the agreement?,barclays bank plc,1,1,0
32,What company is both the co syndication agent and lender in the agreement?,barclays bank plc,1,1,0
32,What company is both the co syndication agent and joint lead arranger in the agreement?,barclays bank plc,1,1,0
32,What company is both the co syndication agent and arranger in the agreement?,barclays bank plc,1,1,0
32,What company is both the co syndication agent and joint lead arrangers in the agreement?,barclays bank plc,1,1,0
32,What company is both the lenders and agents in the agreement?,barclays bank plc,1,1,0
32,What company is both the lenders and joint bookrunner in the agreement?,barclays bank plc,1,1,0
32,What company is both the lenders and bookrunner in the agreement?,barclays bank plc,1,1,0
32,What company is both the lenders and co documentation agent in the agreement?,barclays bank plc,1,1,0
32,What company is both the lenders and bookrunners in the agreement?,barclays bank plc,1,1,0
32,What company is both the lenders and arrangers in the agreement?,barclays bank plc,1,1,0
32,What company is both the lenders and administrative agent in the agreement?,barclays bank plc,1,1,0
32,What company is both the lenders and lender in the agreement?,barclays bank plc,1,1,0
32,What company is both the lenders and joint lead arranger in the agreement?,barclays bank plc,1,1,0
32,What company is both the lenders and arranger in the agreement?,barclays bank plc,1,1,0
32,What company is both the lenders and joint lead arrangers in the agreement?,barclays bank plc,1,1,0
32,What company is both the agents and joint bookrunner in the agreement?,barclays bank plc,1,1,0
32,What company is both the agents and bookrunner in the agreement?,barclays bank plc,1,1,0
32,What company is both the agents and co documentation agent in the agreement?,barclays bank plc,1,1,0
32,What company is both the agents and bookrunners in the agreement?,barclays bank plc,1,1,0
32,What company is both the agents and arrangers in the agreement?,barclays bank plc,1,1,0
32,What company is both the agents and administrative agent in the agreement?,barclays bank plc,1,1,0
32,What company is both the agents and lender in the agreement?,barclays bank plc,1,1,0
32,What company is both the agents and joint lead arranger in the agreement?,barclays bank plc,1,1,0
32,What company is both the agents and arranger in the agreement?,barclays bank plc,1,1,0
32,What company is both the agents and joint lead arrangers in the agreement?,barclays bank plc,1,1,0
32,What company is both the joint bookrunner and bookrunner in the agreement?,barclays bank plc,1,1,0
32,What company is both the joint bookrunner and co documentation agent in the agreement?,barclays bank plc,1,1,0
32,What company is both the joint bookrunner and bookrunners in the agreement?,barclays bank plc,1,1,0
32,What company is both the joint bookrunner and arrangers in the agreement?,barclays bank plc,1,1,0
32,What company is both the joint bookrunner and administrative agent in the agreement?,barclays bank plc,1,1,0
32,What company is both the joint bookrunner and lender in the agreement?,barclays bank plc,1,1,0
32,What company is both the joint bookrunner and joint lead arranger in the agreement?,barclays bank plc,1,1,0
32,What company is both the joint bookrunner and arranger in the agreement?,barclays bank plc,1,1,0
32,What company is both the joint bookrunner and joint lead arrangers in the agreement?,barclays bank plc,1,1,0
32,What company is both the bookrunner and co documentation agent in the agreement?,barclays bank plc,1,1,0
32,What company is both the bookrunner and bookrunners in the agreement?,barclays bank plc,1,1,0
32,What company is both the bookrunner and arrangers in the agreement?,barclays bank plc,1,1,0
32,What company is both the bookrunner and administrative agent in the agreement?,barclays bank plc,1,1,0
32,What company is both the bookrunner and lender in the agreement?,barclays bank plc,1,1,0
32,What company is both the bookrunner and joint lead arranger in the agreement?,barclays bank plc,1,1,0
32,What company is both the bookrunner and arranger in the agreement?,barclays bank plc,1,1,0
32,What company is both the bookrunner and joint lead arrangers in the agreement?,barclays bank plc,1,1,0
32,What company is both the co documentation agent and bookrunners in the agreement?,barclays bank plc,1,1,0
32,What company is both the co documentation agent and arrangers in the agreement?,barclays bank plc,1,1,0
32,What company is both the co documentation agent and administrative agent in the agreement?,barclays bank plc,1,1,0
32,What company is both the co documentation agent and lender in the agreement?,barclays bank plc,1,1,0
32,What company is both the co documentation agent and joint lead arranger in the agreement?,barclays bank plc,1,1,0
32,What company is both the co documentation agent and arranger in the agreement?,barclays bank plc,1,1,0
32,What company is both the co documentation agent and joint lead arrangers in the agreement?,barclays bank plc,1,1,0
32,What company is both the bookrunners and arrangers in the agreement?,barclays bank plc,1,1,0
32,What company is both the bookrunners and administrative agent in the agreement?,barclays bank plc,1,1,0
32,What company is both the bookrunners and lender in the agreement?,barclays bank plc,1,1,0
32,What company is both the bookrunners and joint lead arranger in the agreement?,barclays bank plc,1,1,0
32,What company is both the bookrunners and arranger in the agreement?,barclays bank plc,1,1,0
32,What company is both the bookrunners and joint lead arrangers in the agreement?,barclays bank plc,1,1,0
32,What company is both the arrangers and administrative agent in the agreement?,barclays bank plc,1,1,0
32,What company is both the arrangers and lender in the agreement?,barclays bank plc,1,1,0
32,What company is both the arrangers and joint lead arranger in the agreement?,barclays bank plc,1,1,0
32,What company is both the arrangers and arranger in the agreement?,barclays bank plc,1,1,0
32,What company is both the arrangers and joint lead arrangers in the agreement?,barclays bank plc,1,1,0
32,What company is both the administrative agent and lender in the agreement?,barclays bank plc,1,1,0
32,What company is both the administrative agent and joint lead arranger in the agreement?,barclays bank plc,1,1,0
32,What company is both the administrative agent and arranger in the agreement?,barclays bank plc,1,1,0
32,What company is both the administrative agent and joint lead arrangers in the agreement?,barclays bank plc,1,1,0
32,What company is both the lender and joint lead arranger in the agreement?,barclays bank plc,1,1,0
32,What company is both the lender and arranger in the agreement?,barclays bank plc,1,1,0
32,What company is both the lender and joint lead arrangers in the agreement?,barclays bank plc,1,1,0
32,What company is both the joint lead arranger and arranger in the agreement?,barclays bank plc,1,1,0
32,What company is both the joint lead arranger and joint lead arrangers in the agreement?,barclays bank plc,1,1,0
32,What company is both the arranger and joint lead arrangers in the agreement?,barclays bank plc,1,1,0
32,What company is both the borrowers and designated borrowers in the agreement?,chc global operations 2008inc,1,1,0
32,What company is both the guarantor and parent guarantor in the agreement?,chc group ltd,1,1,0
32,What company is both the agent and co syndication agent in the agreement?,hsbc corporate trustee company uk limited,1,1,0
32,What company is both the agent and collateral agent in the agreement?,hsbc corporate trustee company uk limited,1,1,0
32,What company is both the agent and co documentation agent in the agreement?,hsbc corporate trustee company uk limited,1,1,0
32,What company is both the agent and administrative agent in the agreement?,hsbc corporate trustee company uk limited,1,1,0
32,What company is both the co syndication agent and collateral agent in the agreement?,hsbc corporate trustee company uk limited,1,1,0
32,What company is both the co syndication agent and co documentation agent in the agreement?,hsbc corporate trustee company uk limited,1,1,0
32,What company is both the co syndication agent and administrative agent in the agreement?,hsbc corporate trustee company uk limited,1,1,0
32,What company is both the collateral agent and co documentation agent in the agreement?,hsbc corporate trustee company uk limited,1,1,0
32,What company is both the collateral agent and administrative agent in the agreement?,hsbc corporate trustee company uk limited,1,1,0
32,What company is both the co documentation agent and administrative agent in the agreement?,hsbc corporate trustee company uk limited,1,1,0
32,What company is both the agent and co documentation agents in the agreement?,jp morgan securities llc,1,1,0
32,What company is both the agent and co syndication agent in the agreement?,jp morgan securities llc,1,1,0
32,What company is both the agent and agents in the agreement?,jp morgan securities llc,1,1,0
32,What company is both the agent and joint bookrunner in the agreement?,jp morgan securities llc,1,1,0
32,What company is both the agent and bookrunner in the agreement?,jp morgan securities llc,1,1,0
32,What company is both the agent and co documentation agent in the agreement?,jp morgan securities llc,1,1,0
32,What company is both the agent and bookrunners in the agreement?,jp morgan securities llc,1,1,0
32,What company is both the agent and arrangers in the agreement?,jp morgan securities llc,1,1,0
32,What company is both the agent and administrative agent in the agreement?,jp morgan securities llc,1,1,0
32,What company is both the agent and joint lead arranger in the agreement?,jp morgan securities llc,1,1,0
32,What company is both the agent and arranger in the agreement?,jp morgan securities llc,1,1,0
32,What company is both the agent and joint lead arrangers in the agreement?,jp morgan securities llc,1,1,0
32,What company is both the co documentation agents and co syndication agent in the agreement?,jp morgan securities llc,1,1,0
32,What company is both the co documentation agents and agents in the agreement?,jp morgan securities llc,1,1,0
32,What company is both the co documentation agents and joint bookrunner in the agreement?,jp morgan securities llc,1,1,0
32,What company is both the co documentation agents and bookrunner in the agreement?,jp morgan securities llc,1,1,0
32,What company is both the co documentation agents and co documentation agent in the agreement?,jp morgan securities llc,1,1,0
32,What company is both the co documentation agents and bookrunners in the agreement?,jp morgan securities llc,1,1,0
32,What company is both the co documentation agents and arrangers in the agreement?,jp morgan securities llc,1,1,0
32,What company is both the co documentation agents and administrative agent in the agreement?,jp morgan securities llc,1,1,0
32,What company is both the co documentation agents and joint lead arranger in the agreement?,jp morgan securities llc,1,1,0
32,What company is both the co documentation agents and arranger in the agreement?,jp morgan securities llc,1,1,0
32,What company is both the co documentation agents and joint lead arrangers in the agreement?,jp morgan securities llc,1,1,0
32,What company is both the co syndication agent and agents in the agreement?,jp morgan securities llc,1,1,0
32,What company is both the co syndication agent and joint bookrunner in the agreement?,jp morgan securities llc,1,1,0
32,What company is both the co syndication agent and bookrunner in the agreement?,jp morgan securities llc,1,1,0
32,What company is both the co syndication agent and co documentation agent in the agreement?,jp morgan securities llc,1,1,0
32,What company is both the co syndication agent and bookrunners in the agreement?,jp morgan securities llc,1,1,0
32,What company is both the co syndication agent and arrangers in the agreement?,jp morgan securities llc,1,1,0
32,What company is both the co syndication agent and administrative agent in the agreement?,jp morgan securities llc,1,1,0
32,What company is both the co syndication agent and joint lead arranger in the agreement?,jp morgan securities llc,1,1,0
32,What company is both the co syndication agent and arranger in the agreement?,jp morgan securities llc,1,1,0
32,What company is both the co syndication agent and joint lead arrangers in the agreement?,jp morgan securities llc,1,1,0
32,What company is both the agents and joint bookrunner in the agreement?,jp morgan securities llc,1,1,0
32,What company is both the agents and bookrunner in the agreement?,jp morgan securities llc,1,1,0
32,What company is both the agents and co documentation agent in the agreement?,jp morgan securities llc,1,1,0
32,What company is both the agents and bookrunners in the agreement?,jp morgan securities llc,1,1,0
32,What company is both the agents and arrangers in the agreement?,jp morgan securities llc,1,1,0
32,What company is both the agents and administrative agent in the agreement?,jp morgan securities llc,1,1,0
32,What company is both the agents and joint lead arranger in the agreement?,jp morgan securities llc,1,1,0
32,What company is both the agents and arranger in the agreement?,jp morgan securities llc,1,1,0
32,What company is both the agents and joint lead arrangers in the agreement?,jp morgan securities llc,1,1,0
32,What company is both the joint bookrunner and bookrunner in the agreement?,jp morgan securities llc,1,1,0
32,What company is both the joint bookrunner and co documentation agent in the agreement?,jp morgan securities llc,1,1,0
32,What company is both the joint bookrunner and bookrunners in the agreement?,jp morgan securities llc,1,1,0
32,What company is both the joint bookrunner and arrangers in the agreement?,jp morgan securities llc,1,1,0
32,What company is both the joint bookrunner and administrative agent in the agreement?,jp morgan securities llc,1,1,0
32,What company is both the joint bookrunner and joint lead arranger in the agreement?,jp morgan securities llc,1,1,0
32,What company is both the joint bookrunner and arranger in the agreement?,jp morgan securities llc,1,1,0
32,What company is both the joint bookrunner and joint lead arrangers in the agreement?,jp morgan securities llc,1,1,0
32,What company is both the bookrunner and co documentation agent in the agreement?,jp morgan securities llc,1,1,0
32,What company is both the bookrunner and bookrunners in the agreement?,jp morgan securities llc,1,1,0
32,What company is both the bookrunner and arrangers in the agreement?,jp morgan securities llc,1,1,0
32,What company is both the bookrunner and administrative agent in the agreement?,jp morgan securities llc,1,1,0
32,What company is both the bookrunner and joint lead arranger in the agreement?,jp morgan securities llc,1,1,0
32,What company is both the bookrunner and arranger in the agreement?,jp morgan securities llc,1,1,0
32,What company is both the bookrunner and joint lead arrangers in the agreement?,jp morgan securities llc,1,1,0
32,What company is both the co documentation agent and bookrunners in the agreement?,jp morgan securities llc,1,1,0
32,What company is both the co documentation agent and arrangers in the agreement?,jp morgan securities llc,1,1,0
32,What company is both the co documentation agent and administrative agent in the agreement?,jp morgan securities llc,1,1,0
32,What company is both the co documentation agent and joint lead arranger in the agreement?,jp morgan securities llc,1,1,0
32,What company is both the co documentation agent and arranger in the agreement?,jp morgan securities llc,1,1,0
32,What company is both the co documentation agent and joint lead arrangers in the agreement?,jp morgan securities llc,1,1,0
32,What company is both the bookrunners and arrangers in the agreement?,jp morgan securities llc,1,1,0
32,What company is both the bookrunners and administrative agent in the agreement?,jp morgan securities llc,1,1,0
32,What company is both the bookrunners and joint lead arranger in the agreement?,jp morgan securities llc,1,1,0
32,What company is both the bookrunners and arranger in the agreement?,jp morgan securities llc,1,1,0
32,What company is both the bookrunners and joint lead arrangers in the agreement?,jp morgan securities llc,1,1,0
32,What company is both the arrangers and administrative agent in the agreement?,jp morgan securities llc,1,1,0
32,What company is both the arrangers and joint lead arranger in the agreement?,jp morgan securities llc,1,1,0
32,What company is both the arrangers and arranger in the agreement?,jp morgan securities llc,1,1,0
32,What company is both the arrangers and joint lead arrangers in the agreement?,jp morgan securities llc,1,1,0
32,What company is both the administrative agent and joint lead arranger in the agreement?,jp morgan securities llc,1,1,0
32,What company is both the administrative agent and arranger in the agreement?,jp morgan securities llc,1,1,0
32,What company is both the administrative agent and joint lead arrangers in the agreement?,jp morgan securities llc,1,1,0
32,What company is both the joint lead arranger and arranger in the agreement?,jp morgan securities llc,1,1,0
32,What company is both the joint lead arranger and joint lead arrangers in the agreement?,jp morgan securities llc,1,1,0
32,What company is both the arranger and joint lead arrangers in the agreement?,jp morgan securities llc,1,1,0
32,What company is both the lenders and lender in the agreement?,jpmorgan chase bank na,1,1,0
32,What company is both the agent and co documentation agents in the agreement?,royal bank of canada,1,1,0
32,What company is both the agent and lenders in the agreement?,royal bank of canada,1,1,0
32,What company is both the agent and agents in the agreement?,royal bank of canada,1,1,0
32,What company is both the agent and co documentation agent in the agreement?,royal bank of canada,1,1,0
32,What company is both the agent and administrative agent in the agreement?,royal bank of canada,1,1,0
32,What company is both the agent and lender in the agreement?,royal bank of canada,1,1,0
32,What company is both the agent and joint lead arranger in the agreement?,royal bank of canada,1,1,0
32,What company is both the agent and arranger in the agreement?,royal bank of canada,1,1,0
32,What company is both the co documentation agents and lenders in the agreement?,royal bank of canada,1,1,0
32,What company is both the co documentation agents and agents in the agreement?,royal bank of canada,1,1,0
32,What company is both the co documentation agents and co documentation agent in the agreement?,royal bank of canada,1,1,0
32,What company is both the co documentation agents and administrative agent in the agreement?,royal bank of canada,1,1,0
32,What company is both the co documentation agents and lender in the agreement?,royal bank of canada,1,1,0
32,What company is both the co documentation agents and joint lead arranger in the agreement?,royal bank of canada,1,1,0
32,What company is both the co documentation agents and arranger in the agreement?,royal bank of canada,1,1,0
32,What company is both the lenders and agents in the agreement?,royal bank of canada,1,1,0
32,What company is both the lenders and co documentation agent in the agreement?,royal bank of canada,1,1,0
32,What company is both the lenders and administrative agent in the agreement?,royal bank of canada,1,1,0
32,What company is both the lenders and lender in the agreement?,royal bank of canada,1,1,0
32,What company is both the lenders and joint lead arranger in the agreement?,royal bank of canada,1,1,0
32,What company is both the lenders and arranger in the agreement?,royal bank of canada,1,1,0
32,What company is both the agents and co documentation agent in the agreement?,royal bank of canada,1,1,0
32,What company is both the agents and administrative agent in the agreement?,royal bank of canada,1,1,0
32,What company is both the agents and lender in the agreement?,royal bank of canada,1,1,0
32,What company is both the agents and joint lead arranger in the agreement?,royal bank of canada,1,1,0
32,What company is both the agents and arranger in the agreement?,royal bank of canada,1,1,0
32,What company is both the co documentation agent and administrative agent in the agreement?,royal bank of canada,1,1,0
32,What company is both the co documentation agent and lender in the agreement?,royal bank of canada,1,1,0
32,What company is both the co documentation agent and joint lead arranger in the agreement?,royal bank of canada,1,1,0
32,What company is both the co documentation agent and arranger in the agreement?,royal bank of canada,1,1,0
32,What company is both the administrative agent and lender in the agreement?,royal bank of canada,1,1,0
32,What company is both the administrative agent and joint lead arranger in the agreement?,royal bank of canada,1,1,0
32,What company is both the administrative agent and arranger in the agreement?,royal bank of canada,1,1,0
32,What company is both the lender and joint lead arranger in the agreement?,royal bank of canada,1,1,0
32,What company is both the lender and arranger in the agreement?,royal bank of canada,1,1,0
32,What company is both the joint lead arranger and arranger in the agreement?,royal bank of canada,1,1,0
32,What company is both the lenders and lender in the agreement?,the standard bank of south africa limited,1,1,0
32,What company is both the lenders and lender in the agreement?,wells fargo bank na,1,1,0
32,What company is both the borrowers and designated borrowers in the agreement?,chc den helder bv,1,1,0
32,What company is both the borrowers and designated borrowers in the agreement?,chc global operations international inc,1,1,0
32,What company is both the borrowers and designated borrowers in the agreement?,chc helicopter sa,1,1,0
32,What company is both the borrowers and initial borrower in the agreement?,chc helicopter sa,1,1,0
32,What company is both the borrowers and subsidiaries borrower in the agreement?,chc helicopter sa,1,1,0
32,What company is both the borrowers and borrower in the agreement?,chc helicopter sa,1,1,0
32,What company is both the designated borrowers and initial borrower in the agreement?,chc helicopter sa,1,1,0
32,What company is both the designated borrowers and subsidiaries borrower in the agreement?,chc helicopter sa,1,1,0
32,What company is both the designated borrowers and borrower in the agreement?,chc helicopter sa,1,1,0
32,What company is both the initial borrower and subsidiaries borrower in the agreement?,chc helicopter sa,1,1,0
32,What company is both the initial borrower and borrower in the agreement?,chc helicopter sa,1,1,0
32,What company is both the subsidiaries borrower and borrower in the agreement?,chc helicopter sa,1,1,0
32,What company is both the borrowers and designated borrowers in the agreement?,chc holding nl bv,1,1,0
32,What company is both the borrowers and designated borrowers in the agreement?,chc netherlands bv,1,1,0
32,What company is both the borrowers and designated borrowers in the agreement?,chc norway acquisition co as,1,1,0
32,What company is both the borrowers and designated borrowers in the agreement?,heli one canada inc,1,1,0
32,What company is both the borrowers and designated borrowers in the agreement?,heli one europe as,1,1,0
32,What company is both the borrowers and designated borrowers in the agreement?,heli one leasing inc,1,1,0
32,What company is both the borrowers and designated borrowers in the agreement?,heli one norway as,1,1,0
32,What company is both the bank and lenders in the agreement?,hsbc bank canada,1,1,0
32,What company is both the bank and joint bookrunner in the agreement?,hsbc bank canada,1,1,0
32,What company is both the bank and bookrunner in the agreement?,hsbc bank canada,1,1,0
32,What company is both the bank and bookrunners in the agreement?,hsbc bank canada,1,1,0
32,What company is both the bank and arrangers in the agreement?,hsbc bank canada,1,1,0
32,What company is both the bank and lender in the agreement?,hsbc bank canada,1,1,0
32,What company is both the bank and joint lead arranger in the agreement?,hsbc bank canada,1,1,0
32,What company is both the bank and arranger in the agreement?,hsbc bank canada,1,1,0
32,What company is both the bank and joint lead arrangers in the agreement?,hsbc bank canada,1,1,0
32,What company is both the lenders and joint bookrunner in the agreement?,hsbc bank canada,1,1,0
32,What company is both the lenders and bookrunner in the agreement?,hsbc bank canada,1,1,0
32,What company is both the lenders and bookrunners in the agreement?,hsbc bank canada,1,1,0
32,What company is both the lenders and arrangers in the agreement?,hsbc bank canada,1,1,0
32,What company is both the lenders and lender in the agreement?,hsbc bank canada,1,1,0
32,What company is both the lenders and joint lead arranger in the agreement?,hsbc bank canada,1,1,0
32,What company is both the lenders and arranger in the agreement?,hsbc bank canada,1,1,0
32,What company is both the lenders and joint lead arrangers in the agreement?,hsbc bank canada,1,1,0
32,What company is both the joint bookrunner and bookrunner in the agreement?,hsbc bank canada,1,1,0
32,What company is both the joint bookrunner and bookrunners in the agreement?,hsbc bank canada,1,1,0
32,What company is both the joint bookrunner and arrangers in the agreement?,hsbc bank canada,1,1,0
32,What company is both the joint bookrunner and lender in the agreement?,hsbc bank canada,1,1,0
32,What company is both the joint bookrunner and joint lead arranger in the agreement?,hsbc bank canada,1,1,0
32,What company is both the joint bookrunner and arranger in the agreement?,hsbc bank canada,1,1,0
32,What company is both the joint bookrunner and joint lead arrangers in the agreement?,hsbc bank canada,1,1,0
32,What company is both the bookrunner and bookrunners in the agreement?,hsbc bank canada,1,1,0
32,What company is both the bookrunner and arrangers in the agreement?,hsbc bank canada,1,1,0
32,What company is both the bookrunner and lender in the agreement?,hsbc bank canada,1,1,0
32,What company is both the bookrunner and joint lead arranger in the agreement?,hsbc bank canada,1,1,0
32,What company is both the bookrunner and arranger in the agreement?,hsbc bank canada,1,1,0
32,What company is both the bookrunner and joint lead arrangers in the agreement?,hsbc bank canada,1,1,0
32,What company is both the bookrunners and arrangers in the agreement?,hsbc bank canada,1,1,0
32,What company is both the bookrunners and lender in the agreement?,hsbc bank canada,1,1,0
32,What company is both the bookrunners and joint lead arranger in the agreement?,hsbc bank canada,1,1,0
32,What company is both the bookrunners and arranger in the agreement?,hsbc bank canada,1,1,0
32,What company is both the bookrunners and joint lead arrangers in the agreement?,hsbc bank canada,1,1,0
32,What company is both the arrangers and lender in the agreement?,hsbc bank canada,1,1,0
32,What company is both the arrangers and joint lead arranger in the agreement?,hsbc bank canada,1,1,0
32,What company is both the arrangers and arranger in the agreement?,hsbc bank canada,1,1,0
32,What company is both the arrangers and joint lead arrangers in the agreement?,hsbc bank canada,1,1,0
32,What company is both the lender and joint lead arranger in the agreement?,hsbc bank canada,1,1,0
32,What company is both the lender and arranger in the agreement?,hsbc bank canada,1,1,0
32,What company is both the lender and joint lead arrangers in the agreement?,hsbc bank canada,1,1,0
32,What company is both the joint lead arranger and arranger in the agreement?,hsbc bank canada,1,1,0
32,What company is both the joint lead arranger and joint lead arrangers in the agreement?,hsbc bank canada,1,1,0
32,What company is both the arranger and joint lead arrangers in the agreement?,hsbc bank canada,1,1,0
32,What company is both the agent and co syndication agent in the agreement?,hsbc bank plc,1,1,0
32,What company is both the agent and collateral agent in the agreement?,hsbc bank plc,1,1,0
32,What company is both the agent and co documentation agent in the agreement?,hsbc bank plc,1,1,0
32,What company is both the agent and administrative agent in the agreement?,hsbc bank plc,1,1,0
32,What company is both the co syndication agent and collateral agent in the agreement?,hsbc bank plc,1,1,0
32,What company is both the co syndication agent and co documentation agent in the agreement?,hsbc bank plc,1,1,0
32,What company is both the co syndication agent and administrative agent in the agreement?,hsbc bank plc,1,1,0
32,What company is both the collateral agent and co documentation agent in the agreement?,hsbc bank plc,1,1,0
32,What company is both the collateral agent and administrative agent in the agreement?,hsbc bank plc,1,1,0
32,What company is both the co documentation agent and administrative agent in the agreement?,hsbc bank plc,1,1,0
32,What company is both the lenders and lender in the agreement?,ubs limited,1,1,0
32,What company is both the agent and co documentation agents in the agreement?,ubs securities llc,1,1,0
32,What company is both the agent and agents in the agreement?,ubs securities llc,1,1,0
32,What company is both the agent and joint bookrunner in the agreement?,ubs securities llc,1,1,0
32,What company is both the agent and bookrunner in the agreement?,ubs securities llc,1,1,0
32,What company is both the agent and bookrunners in the agreement?,ubs securities llc,1,1,0
32,What company is both the agent and arrangers in the agreement?,ubs securities llc,1,1,0
32,What company is both the agent and administrative agent in the agreement?,ubs securities llc,1,1,0
32,What company is both the agent and arranger in the agreement?,ubs securities llc,1,1,0
32,What company is both the agent and joint lead arrangers in the agreement?,ubs securities llc,1,1,0
32,What company is both the co documentation agents and agents in the agreement?,ubs securities llc,1,1,0
32,What company is both the co documentation agents and joint bookrunner in the agreement?,ubs securities llc,1,1,0
32,What company is both the co documentation agents and bookrunner in the agreement?,ubs securities llc,1,1,0
32,What company is both the co documentation agents and bookrunners in the agreement?,ubs securities llc,1,1,0
32,What company is both the co documentation agents and arrangers in the agreement?,ubs securities llc,1,1,0
32,What company is both the co documentation agents and administrative agent in the agreement?,ubs securities llc,1,1,0
32,What company is both the co documentation agents and arranger in the agreement?,ubs securities llc,1,1,0
32,What company is both the co documentation agents and joint lead arrangers in the agreement?,ubs securities llc,1,1,0
32,What company is both the agents and joint bookrunner in the agreement?,ubs securities llc,1,1,0
32,What company is both the agents and bookrunner in the agreement?,ubs securities llc,1,1,0
32,What company is both the agents and bookrunners in the agreement?,ubs securities llc,1,1,0
32,What company is both the agents and arrangers in the agreement?,ubs securities llc,1,1,0
32,What company is both the agents and administrative agent in the agreement?,ubs securities llc,1,1,0
32,What company is both the agents and arranger in the agreement?,ubs securities llc,1,1,0
32,What company is both the agents and joint lead arrangers in the agreement?,ubs securities llc,1,1,0
32,What company is both the joint bookrunner and bookrunner in the agreement?,ubs securities llc,1,1,0
32,What company is both the joint bookrunner and bookrunners in the agreement?,ubs securities llc,1,1,0
32,What company is both the joint bookrunner and arrangers in the agreement?,ubs securities llc,1,1,0
32,What company is both the joint bookrunner and administrative agent in the agreement?,ubs securities llc,1,1,0
32,What company is both the joint bookrunner and arranger in the agreement?,ubs securities llc,1,1,0
32,What company is both the joint bookrunner and joint lead arrangers in the agreement?,ubs securities llc,1,1,0
32,What company is both the bookrunner and bookrunners in the agreement?,ubs securities llc,1,1,0
32,What company is both the bookrunner and arrangers in the agreement?,ubs securities llc,1,1,0
32,What company is both the bookrunner and administrative agent in the agreement?,ubs securities llc,1,1,0
32,What company is both the bookrunner and arranger in the agreement?,ubs securities llc,1,1,0
32,What company is both the bookrunner and joint lead arrangers in the agreement?,ubs securities llc,1,1,0
32,What company is both the bookrunners and arrangers in the agreement?,ubs securities llc,1,1,0
32,What company is both the bookrunners and administrative agent in the agreement?,ubs securities llc,1,1,0
32,What company is both the bookrunners and arranger in the agreement?,ubs securities llc,1,1,0
32,What company is both the bookrunners and joint lead arrangers in the agreement?,ubs securities llc,1,1,0
32,What company is both the arrangers and administrative agent in the agreement?,ubs securities llc,1,1,0
32,What company is both the arrangers and arranger in the agreement?,ubs securities llc,1,1,0
32,What company is both the arrangers and joint lead arrangers in the agreement?,ubs securities llc,1,1,0
32,What company is both the administrative agent and arranger in the agreement?,ubs securities llc,1,1,0
32,What company is both the administrative agent and joint lead arrangers in the agreement?,ubs securities llc,1,1,0
32,What company is both the arranger and joint lead arrangers in the agreement?,ubs securities llc,1,1,0
26,What company is both the documentation agents and agents in the agreement?,credit suisse loan funding llc,1,1,0
26,What company is both the documentation agents and bookrunners in the agreement?,credit suisse loan funding llc,1,1,0
26,What company is both the documentation agents and lead arrangers in the agreement?,credit suisse loan funding llc,1,1,0
26,What company is both the documentation agents and joint lead arrangers in the agreement?,credit suisse loan funding llc,1,1,0
26,What company is both the agents and bookrunners in the agreement?,credit suisse loan funding llc,1,1,0
26,What company is both the agents and lead arrangers in the agreement?,credit suisse loan funding llc,1,1,0
26,What company is both the agents and joint lead arrangers in the agreement?,credit suisse loan funding llc,1,1,0
26,What company is both the bookrunners and lead arrangers in the agreement?,credit suisse loan funding llc,1,1,0
26,What company is both the bookrunners and joint lead arrangers in the agreement?,credit suisse loan funding llc,1,1,0
26,What company is both the lead arrangers and joint lead arrangers in the agreement?,credit suisse loan funding llc,1,1,0
26,What company is both the bookrunners and joint lead arrangers in the agreement?,wells fargo securities llc,1,1,0
26,What company is both the bookrunners and lead arrangers in the agreement?,wells fargo securities llc,1,1,0
26,What company is both the joint lead arrangers and lead arrangers in the agreement?,wells fargo securities llc,1,1,0
26,What company is both the documentation agents and agents in the agreement?,barclays bank plc,1,1,0
26,What company is both the documentation agents and bookrunners in the agreement?,barclays bank plc,1,1,0
26,What company is both the documentation agents and lead arrangers in the agreement?,barclays bank plc,1,1,0
26,What company is both the documentation agents and lender in the agreement?,barclays bank plc,1,1,0
26,What company is both the documentation agents and joint lead arrangers in the agreement?,barclays bank plc,1,1,0
26,What company is both the agents and bookrunners in the agreement?,barclays bank plc,1,1,0
26,What company is both the agents and lead arrangers in the agreement?,barclays bank plc,1,1,0
26,What company is both the agents and lender in the agreement?,barclays bank plc,1,1,0
26,What company is both the agents and joint lead arrangers in the agreement?,barclays bank plc,1,1,0
26,What company is both the bookrunners and lead arrangers in the agreement?,barclays bank plc,1,1,0
26,What company is both the bookrunners and lender in the agreement?,barclays bank plc,1,1,0
26,What company is both the bookrunners and joint lead arrangers in the agreement?,barclays bank plc,1,1,0
26,What company is both the lead arrangers and lender in the agreement?,barclays bank plc,1,1,0
26,What company is both the lead arrangers and joint lead arrangers in the agreement?,barclays bank plc,1,1,0
26,What company is both the lender and joint lead arrangers in the agreement?,barclays bank plc,1,1,0
26,What company is both the agents and bookrunners in the agreement?,mizuho bank ltd,1,1,0
26,What company is both the agents and lead arrangers in the agreement?,mizuho bank ltd,1,1,0
26,What company is both the agents and lender in the agreement?,mizuho bank ltd,1,1,0
26,What company is both the agents and joint lead arrangers in the agreement?,mizuho bank ltd,1,1,0
26,What company is both the bookrunners and lead arrangers in the agreement?,mizuho bank ltd,1,1,0
26,What company is both the bookrunners and lender in the agreement?,mizuho bank ltd,1,1,0
26,What company is both the bookrunners and joint lead arrangers in the agreement?,mizuho bank ltd,1,1,0
26,What company is both the lead arrangers and lender in the agreement?,mizuho bank ltd,1,1,0
26,What company is both the lead arrangers and joint lead arrangers in the agreement?,mizuho bank ltd,1,1,0
26,What company is both the lender and joint lead arrangers in the agreement?,mizuho bank ltd,1,1,0
26,What company is both the agent and administrative agent in the agreement?,mufg bank ltd,1,1,0
26,What company is both the agent and syndication agent in the agreement?,mufg bank ltd,1,1,0
26,What company is both the agent and bookrunners in the agreement?,mufg bank ltd,1,1,0
26,What company is both the agent and lead arrangers in the agreement?,mufg bank ltd,1,1,0
26,What company is both the agent and lender in the agreement?,mufg bank ltd,1,1,0
26,What company is both the agent and joint lead arrangers in the agreement?,mufg bank ltd,1,1,0
26,What company is both the administrative agent and syndication agent in the agreement?,mufg bank ltd,1,1,0
26,What company is both the administrative agent and bookrunners in the agreement?,mufg bank ltd,1,1,0
26,What company is both the administrative agent and lead arrangers in the agreement?,mufg bank ltd,1,1,0
26,What company is both the administrative agent and lender in the agreement?,mufg bank ltd,1,1,0
26,What company is both the administrative agent and joint lead arrangers in the agreement?,mufg bank ltd,1,1,0
26,What company is both the syndication agent and bookrunners in the agreement?,mufg bank ltd,1,1,0
26,What company is both the syndication agent and lead arrangers in the agreement?,mufg bank ltd,1,1,0
26,What company is both the syndication agent and lender in the agreement?,mufg bank ltd,1,1,0
26,What company is both the syndication agent and joint lead arrangers in the agreement?,mufg bank ltd,1,1,0
26,What company is both the bookrunners and lead arrangers in the agreement?,mufg bank ltd,1,1,0
26,What company is both the bookrunners and lender in the agreement?,mufg bank ltd,1,1,0
26,What company is both the bookrunners and joint lead arrangers in the agreement?,mufg bank ltd,1,1,0
26,What company is both the lead arrangers and lender in the agreement?,mufg bank ltd,1,1,0
26,What company is both the lead arrangers and joint lead arrangers in the agreement?,mufg bank ltd,1,1,0
26,What company is both the lender and joint lead arrangers in the agreement?,mufg bank ltd,1,1,0
26,What company is both the documentation agents and lender in the agreement?,wells fargo bank national association,1,1,0
26,What company is both the documentation agents and agents in the agreement?,wells fargo bank national association,1,1,0
26,What company is both the lender and agents in the agreement?,wells fargo bank national association,1,1,0
26,What company is both the agent and administrative agent in the agreement?,morgan stanley senior funding inc,1,1,0
26,What company is both the agent and bookrunners in the agreement?,morgan stanley senior funding inc,1,1,0
26,What company is both the agent and lead arrangers in the agreement?,morgan stanley senior funding inc,1,1,0
26,What company is both the agent and lender in the agreement?,morgan stanley senior funding inc,1,1,0
26,What company is both the agent and joint lead arrangers in the agreement?,morgan stanley senior funding inc,1,1,0
26,What company is both the administrative agent and bookrunners in the agreement?,morgan stanley senior funding inc,1,1,0
26,What company is both the administrative agent and lead arrangers in the agreement?,morgan stanley senior funding inc,1,1,0
26,What company is both the administrative agent and lender in the agreement?,morgan stanley senior funding inc,1,1,0
26,What company is both the administrative agent and joint lead arrangers in the agreement?,morgan stanley senior funding inc,1,1,0
26,What company is both the bookrunners and lead arrangers in the agreement?,morgan stanley senior funding inc,1,1,0
26,What company is both the bookrunners and lender in the agreement?,morgan stanley senior funding inc,1,1,0
26,What company is both the bookrunners and joint lead arrangers in the agreement?,morgan stanley senior funding inc,1,1,0
26,What company is both the lead arrangers and lender in the agreement?,morgan stanley senior funding inc,1,1,0
26,What company is both the lead arrangers and joint lead arrangers in the agreement?,morgan stanley senior funding inc,1,1,0
26,What company is both the lender and joint lead arrangers in the agreement?,morgan stanley senior funding inc,1,1,0
