document_number,question,answer,num_hops,num_set_operations,multiple_answer_dimension
102,Who is the chief financial officer of digirad imaging solutions inc?,jeffry r keyes,2,0,0
102,Who is the chief financial officer of dms health technologies inc?,jeffry r keyes,2,0,0
102,Who is the chief financial officer of dms imaging inc?,jeffry r keyes,2,0,0
102,Who is the chief financial officer of project rendezvous holding corporation?,jeffry r keyes,2,0,0
102,Who is the chief financial officer of telerhythmics llc?,jeffry r keyes,2,0,0
102,Who is the chief financial officer of digirad corporation?,jeffry r keyes,2,0,0
102,Who is the chief financial officer of md office solutions?,jeffry r keyes,2,0,0
102,Who is the president of md office solutions?,jeffry r keyes,2,0,0
102,Who is the esq of olshan frome wolosky llp?,adam finerman,2,0,0
102,Who is the esq of paul hastings llp?,katherine bell,2,0,0
102,Who is the authorized signatory of wells fargo bank national association?,kathy r plisko,2,0,0
116,Who is the managing director of cibc bank usa?,nicholas jordan,2,0,0
116,Who is the coo of morgan stanley direct lending fund?,orit mizrachi,2,0,0
116,Who is the cfo of morgan stanley direct lending fund?,venu rathi,2,0,0
116,Who is the chief financial officer of morgan stanley direct lending fund?,venugopal rathi,2,0,0
117,Who is the senior vice president of bank of america na?,michael snook,2,0,0
117,Who is the senior vice president of hsbc bank usa national association?,chris burns,2,0,0
117,Who is the executive director of jpmorgan chase bank na?,lynn braun,2,0,0
117,Who is the vice president of royal bank of canada?,kirsten jakobsen,2,0,0
117,Who is the senior vice president of wells fargo bank national association?,dawn mace moore,2,0,0
117,Who is the chief financial officer of columbia sportswear company?,jim a swanson,2,0,0
117,Who is the executive vice president of columbia sportswear company?,jim a swanson,2,0,0
103,Who is the authorized signatory of angelo gordonand co lp?,gavin baiera,2,0,0
103,Who is the director of claires accessories spain sl?,scott huckins,2,0,0
103,Who is the director of claires accessories uk ltd?,scott huckins,2,0,0
103,Who is the director of claires european distribution limited?,scott huckins,2,0,0
103,Who is the director of claires european services limited?,scott huckins,2,0,0
103,Who is the director of claires fashion property corp?,scott huckins,2,0,0
103,Who is the director of claires france sas?,scott huckins,2,0,0
103,Who is the director of claires germany gmbh?,scott huckins,2,0,0
103,Who is the director of claires gibraltar intermediate holdings limited?,scott huckins,2,0,0
103,Who is the director of claires holding gmbh?,stuart brown,2,0,0
103,Who is the director of claires holdings sà rl?,stuart brown,2,0,0
103,Who is the manager of claires luxembourg sa rl?,paul a barker,2,0,0
103,Who is the director of claires switzerland gmbh?,stuart brown,2,0,0
103,Who is the director of csi luxembourg sa rl?,scott huckins,2,0,0
103,Who is the director of claires gibraltar holdings limited?,stephen sernett,2,0,0
103,Who is the associate counsel of cortland capital market services llc?,matthew trybula,2,0,0
16,Who is the senior managing directo of crystal financial spv llc?,christopher a arnold,2,0,0
16,Who is the president of standard outdoor llc?,ian w estus,2,0,0
16,Who is the president of standard outdoor southeast i llc?,ian w estus,2,0,0
16,Who is the president of standard outdoor southeast ii llc?,ian w estus,2,0,0
16,Who is the president of standard outdoor southwest llc?,ian w estus,2,0,0
16,Who is the senior managing director of crystal financial llc?,christopher a arnold,2,0,0
16,Who is the president of standard diversified opportunities inc?,ian w estus,2,0,0
16,Who is the chief executive officer of standard diversified opportunities inc?,ian w estus,2,0,0
14,Who is the authorized person of ag energy funding llc?,todd dittmann,2,0,0
14,Who is the authorized person of angelo gordon energy servicer llc?,todd dittmann,2,0,0
14,Who is the chief financial officer of pacific drilling sa?,james harris,2,0,0
28,Who is the president of collegium securities corporation?,joseph ciaffoni,2,0,0
28,Who is the managing member of biopharma credit investments v master lp?,pedro gonzalez de cosio,2,0,0
28,Who is the ceo of biopharma credit investments v master lp?,pedro gonzalez de cosio,2,0,0
28,Who is the ceo of biopharma credit plc?,pedro gonzalez de cosio,2,0,0
28,Who is the managing member of biopharma credit plc?,pedro gonzalez de cosio,2,0,0
28,Who is the president of collegium pharmaceutical inc?,joseph ciaffoni,2,0,0
28,Who is the chief executive officer of collegium pharmaceutical inc?,joseph ciaffoni,2,0,0
129,Who is the chief financial officer of ghm acquisition corp?,jeffrey glajch,2,0,0
129,Who is the secretary of ghm acquisition corp?,jeffrey glajch,2,0,0
129,Who is the chief financial officer of graham corporation?,jeffrey glajch,2,0,0
129,Who is the authorized officer of jpmorgan chase bank na?,elizabeth a jordan,2,0,0
115,Who is the senior vice president of bank of america na?,adam rose,2,0,0
115,Who is the president of alliance trading inc?,melanie housey hart,2,0,0
115,Who is the secretary of alliance trading inc?,melanie housey hart,2,0,0
115,Who is the secretary of cypress inc?,melanie housey hart,2,0,0
115,Who is the president of cypress inc?,melanie housey hart,2,0,0
115,Who is the treasurer of poolfx supply llc?,melanie housey hart,2,0,0
115,Who is the secretary of poolfx supply llc?,melanie housey hart,2,0,0
115,Who is the assistant secretary of scp international inc?,melanie housey hart,2,0,0
115,Who is the chief accounting officer of scp international inc?,melanie housey hart,2,0,0
115,Who is the chief legal officer of horizon distributors inc?,jennifer m neil,2,0,0
115,Who is the secretary of horizon distributors inc?,jennifer m neil,2,0,0
115,Who is the vice president of horizon distributors inc?,jennifer m neil,2,0,0
115,Who is the vice president of pool corporation?,jennifer m neil,2,0,0
115,Who is the secretary of pool corporation?,jennifer m neil,2,0,0
115,Who is the chief legal officer of pool corporation?,jennifer m neil,2,0,0
115,Who is the secretary of pool development llc?,jennifer m neil,2,0,0
115,Who is the vice president of pool development llc?,jennifer m neil,2,0,0
115,Who is the chief legal officer of pool development llc?,jennifer m neil,2,0,0
115,Who is the vice president of scp distributors llc?,jennifer m neil,2,0,0
115,Who is the secretary of scp distributors llc?,jennifer m neil,2,0,0
115,Who is the chief legal officer of scp distributors llc?,jennifer m neil,2,0,0
115,Who is the chief legal officer of superior pool products llc?,jennifer m neil,2,0,0
115,Who is the secretary of superior pool products llc?,jennifer m neil,2,0,0
115,Who is the vice president of superior pool products llc?,jennifer m neil,2,0,0
101,Who is the ceo of foundation healthcare inc?,stanton m nelson,2,0,0
101,Who is the corporate healthcare banking manager of legacytexas bank?,spencer sockwell,2,0,0
101,Who is the senior vice president of texas capital bank national association?,deborah t purvin,2,0,0
100,Who is the managing director of bank of the west?,lee merkle raymond,2,0,0
100,Who is the senior vice president of bbva compass?,tyler j mei,2,0,0
100,Who is the senior vice president of citizens bank national association?,darran wee,2,0,0
100,Who is the vice president of comerica bank?,mark strzynski,2,0,0
100,Who is the managing director of east west bank?,alexis coyle,2,0,0
100,Who is the relationship manager of fifth third bank?,thomas avery,2,0,0
100,Who is the svp global relationship manager of hsbc bank usa?,christopher m ames,2,0,0
100,Who is the executive director of jpmorgan chase bank?,marshall trenckmann,2,0,0
100,Who is the director of mufg union bank?,teuta ghilaga,2,0,0
100,Who is the vice president of suntrust bank?,min park,2,0,0
100,Who is the esq of lathamand watkins llp?,sony ben moshe,2,0,0
100,Who is the vice president relationship manager of wells fargo bank national association?,ray aguilar,2,0,0
100,Who is the vp relationship manager of wells fargo bank national association?,ray aguilar,2,0,0
100,Who is the vice president of omnicellinc?,dan johnston,2,0,0
100,Who is the chief legal and administrative officer of omnicellinc?,dan johnston,2,0,0
100,Who is the chief financial officer of omnicellinc?,peter kuipers,2,0,0
100,Who is the executive vice president of omnicellinc?,peter kuipers,2,0,0
114,Who is the authorized signatory of apollo capital management gp llc?,maurice amsellem,2,0,0
114,Who is the chief financial officer of saleslink mexico holding corp?,peter feret,2,0,0
114,Who is the chief financial officer of sol holdings inc?,peter feret,2,0,0
114,Who is the chief financial officer of moduslink corporation?,peter feret,2,0,0
128,Who is the senior vice president of bank of america na?,timothy g holsapple,2,0,0
128,Who is the director of barclays bank plc?,gill skala,2,0,0
128,Who is the authorized signatory of royal bank of canada?,nicholas heslip,2,0,0
128,Who is the director of silicon valley bank?,mario de luca,2,0,0
128,Who is the vice president of wells fargo bank national association?,derek jensen,2,0,0
128,Who is the director of bank of the west?,leni preciado,2,0,0
128,Who is the market manager of bank of the west?,leni preciado,2,0,0
128,Who is the chief financial officer of f5 networks inc?,frank pelzer,2,0,0
128,Who is the vice president of jpmorgan chase bank na?,ryan zimmerman,2,0,0
29,Who is the chief financial officer of paychex inc?,efrain rivera,2,0,0
15,Who is the ceo of 2477 deerfield drive llc?,shawn matthews,2,0,0
39,Who is the senior vice president of bank of america na?,james foley,2,0,0
39,Who is the chief financeofficer of universalstainlessandalloy productsinc?,rosscwilkin,2,0,0
39,Who is the treasurer of universalstainlessandalloy productsinc?,rosscwilkin,2,0,0
39,Who is the treasurer of dunkirkspecialtysteelllc?,rosscwilkin,2,0,0
39,Who is the vicepresidentoffinance of dunkirkspecialtysteelllc?,rosscwilkin,2,0,0
39,Who is the chief financeofficer of dunkirkspecialtysteelllc?,rosscwilkin,2,0,0
39,Who is the vicepresidentoffinance of northjacksonspecialtysteel llc?,rosscwilkin,2,0,0
39,Who is the treasurer of northjacksonspecialtysteel llc?,rosscwilkin,2,0,0
39,Who is the chief financeofficer of northjacksonspecialtysteel llc?,rosscwilkin,2,0,0
39,Who is the vice president of pnc bank national association?,david b thayer,2,0,0
11,Who is the director of bank of america na?,mukesh singh,2,0,0
11,Who is the director of barclays bank plc?,craig malloy,2,0,0
11,Who is the vice president of citibank na?,carolyn kee,2,0,0
11,Who is the authorized signatory of goldman sachs bank usa?,robert ehudin,2,0,0
11,Who is the vice president of deutsche bank ag new york branch?,virginia cosenza,2,0,0
11,Who is the treasurer of honeywell international inc?,john j tus,2,0,0
11,Who is the vice president of honeywell international inc?,john j tus,2,0,0
110,Who is the director of bank of america na?,alia qaddumi,2,0,0
110,Who is the director of barclays bank plc?,sydney g dennis,2,0,0
110,Who is the vice president of citibank na?,michael zeller,2,0,0
110,Who is the authorized signatory of goldman sachs bank usa?,josh rosenthal,2,0,0
110,Who is the executive director of jpmorgan chase bank na?,dave katz,2,0,0
110,Who is the vice president and treasurer of mplx gp llc?,peter gilgen,2,0,0
110,Who is the svp of pnc bank national association?,stephen monto,2,0,0
110,Who is the authorized signatory of royal bank of canada?,jason s york,2,0,0
110,Who is the managing director of suntrust bank?,yann pirio,2,0,0
110,Who is the director of the bank of nova scotia houston branch?,alan dawson,2,0,0
110,Who is the vice president of the bank of tokyo mitsubishi ufj ltd?,traci bankston,2,0,0
110,Who is the managing director of the huntington national bank?,stephen hoffman,2,0,0
110,Who is the authorized signatory of the toronto dominion bank new york branch?,annie dorval,2,0,0
110,Who is the senior vice president of us bank national association?,john prigge,2,0,0
110,Who is the vice president of wells fargo bank national association?,nathan starr,2,0,0
110,Who is the authorized signatory of mizuho bank ltd?,donna demagistris,2,0,0
110,Who is the associate director of ubs ag stamford branch?,houssem daly,2,0,0
110,Who is the director of ubs ag stamford branch?,kenneth chin,2,0,0
104,Who is the senior vice president of associated bank na?,william w carroll,2,0,0
104,Who is the executive director of banco de sabadell sa miami branch?,maurici lladó,2,0,0
104,Who is the vice president of bank of america na?,robert kling,2,0,0
104,Who is the managing director of cobank acb?,ted koerner,2,0,0
104,Who is the authorized signatory of goldman sachs bank usa?,ryan durkin,2,0,0
104,Who is the vice president of pnc bank national association?,jeffrey p fisher,2,0,0
104,Who is the managing director of standard chartered bank?,steven aloupis,2,0,0
104,Who is the managing director of the bank of nova scotia?,diane emanuel,2,0,0
104,Who is the director of the bank of tokyo mitsubishi ufj ltd?,lillian kim,2,0,0
104,Who is the vice president of the huntington national bank?,sherlyn nelson,2,0,0
104,Who is the vice president of the northern trust company?,john di legge,2,0,0
104,Who is the vice president of us bank national association?,mark irey,2,0,0
104,Who is the director of wells fargo bank national association?,kyle r holtz,2,0,0
104,Who is the vice president of citibank na?,michael vondriska,2,0,0
104,Who is the chief financial officer of convergys corporation?,andre s valentine,2,0,0
104,Who is the treasurer of convergys corporation?,david r wiedwald,2,0,0
138,Who is the senior vice president of capital one national association?,frederick h denecke,2,0,0
138,Who is the vice president of us bank national association?,christopher harahan,2,0,0
138,Who is the senior vice president of pnc bank national association?,nicolas zitelli,2,0,0
138,Who is the secretary of rexford industrial realty lp?,adeel khan,2,0,0
138,Who is the chief financial officer of rexford industrial realty lp?,adeel khan,2,0,0
139,Who is the vice president of bank of america na?,eric ridgway,2,0,0
139,Who is the vice president of barclays bank plc?,ronnie glenn,2,0,0
139,Who is the vice president of citibank na?,michael vondriska,2,0,0
139,Who is the managing director of citizens bank na?,david clark,2,0,0
139,Who is the vice president of cobank acb?,lennie blakeslee,2,0,0
139,Who is the managing director tmt of fifth third bank?,glen mastey,2,0,0
139,Who is the general manager of land bank of taiwan new york branch?,arthur chen,2,0,0
139,Who is the authorized signatory of mizuho bank ltd?,bertram h tang,2,0,0
139,Who is the authorized signatory of morgan stanley bank na?,michael king,2,0,0
139,Who is the vice president of morgan stanley senior funding inc?,michael king,2,0,0
139,Who is the assistant vice president of pnc bank national association?,christopher keenan,2,0,0
139,Who is the authorized signatory of royal bank of canada?,sheldon pinto,2,0,0
139,Who is the director of societe generale?,linda tam,2,0,0
139,Who is the managing director of sumitomo mitsui banking corporation?,david w kee,2,0,0
139,Who is the director of suntrust bank?,cynthia w burton,2,0,0
139,Who is the senior vice president of td bank na?,shivani agarwal,2,0,0
139,Who is the director of the bank of tokyo mitsubishi ufj ltd?,ola anderssen,2,0,0
139,Who is the authorized signatory of toronto dominion new york llc?,savo bozic,2,0,0
139,Who is the director of wells fargo bank na?,peter c rogers,2,0,0
139,Who is the executive director of jpmorgan chase bank na?,bruce s borden,2,0,0
139,Who is the director of crédit agricole corporate and investment bank?,kestrina budina,2,0,0
139,Who is the managing director of crédit agricole corporate and investment bank?,tanya crossley,2,0,0
139,Who is the senior vice president of crown castle international corp?,jay a brown,2,0,0
139,Who is the chief financial officer of crown castle international corp?,jay a brown,2,0,0
139,Who is the treasurer of crown castle international corp?,jay a brown,2,0,0
105,Who is the director of bison entertainment and media group?,xu peixin,2,0,0
105,Who is the president digital cinema general counsel and secretary of cinedigm corp?,gary s loffredo,2,0,0
111,Who is the director of barclays bank plc?,eoin naughton,2,0,0
111,Who is the chief financial officer of enstar group limited?,guy bowker,2,0,0
111,Who is the chief financial officer of enstar holdings us llc?,jennifer miu,2,0,0
111,Who is the director of enstar us asia pac holdings limited?,clive paul thomas,2,0,0
111,Who is the chief financial officer of enstar us inc?,jennifer miu,2,0,0
111,Who is the executive director of jpmorgan chase bank na?,hector j varona,2,0,0
111,Who is the director of kenmare holdings ltd?,duncan scott,2,0,0
111,Who is the director of national australia bank limited?,bill seabrook,2,0,0
111,Who is the director of suntrust bank?,doug kennedy,2,0,0
111,Who is the director of the bank of nova scotia?,kevin chan,2,0,0
111,Who is the head of financial institutions group of hsbc bank bermuda limited?,louise twiss west,2,0,0
111,Who is the head of corporate banking of hsbc bank bermuda limited?,neville grant,2,0,0
111,Who is the managing director of wells fargo bank national association?,william r goley,2,0,0
10,Who is the associate of bank of america na?,rodney beeks,2,0,0
10,Who is the vice president of jpmorgan chase bank na?,kenise henry larmond,2,0,0
10,Who is the vice president of keybank national association?,shane m leary,2,0,0
10,Who is the vice president of morgan stanley senior fundinginc?,michael king,2,0,0
10,Who is the treasuruer of victory capital holdingsinc?,terence f sullivan,2,0,0
10,Who is the chief financial officer of victory capital holdingsinc?,terence f sullivan,2,0,0
10,Who is the authorized signatory of royal bank of canada?,alex figueroa,2,0,0
10,Who is the manager agency of royal bank of canada?,susan khokher,2,0,0
38,Who is the vice president of bank of america na?,kenneth phelan,2,0,0
38,Who is the vice president of barclays bank plc?,vanessa kurbatskiy,2,0,0
38,Who is the vice president of citibank na?,maureen maroney,2,0,0
38,Who is the authorized signatory of goldman sachs bank usa?,rebecca kratz,2,0,0
38,Who is the authorized signatory of mizuho bank ltd?,donna demagistris,2,0,0
38,Who is the authorized signatory of morgan stanley bank na?,michael king,2,0,0
38,Who is the director of societe generale?,diego medina,2,0,0
38,Who is the managing director capital markets of standard chartered bank?,steven aloupis,2,0,0
38,Who is the managing director of sumitomo mitsui banking corporation?,david kee,2,0,0
38,Who is the vice president of the bank of new york mellon?,hussam s alsahlani,2,0,0
38,Who is the director of the bank of nova scotia?,j frazell,2,0,0
38,Who is the director of the bank of tokyo mitsubishi ufj ltd?,sherwin brandford,2,0,0
38,Who is the executive of the standard bank of south africa limited?,pablo gonzalez spahr,2,0,0
38,Who is the assistant vice president of wells fargo bank national association?,borden tennant,2,0,0
38,Who is the treasurer of anadarko petroleum corporation?,albert l richey,2,0,0
38,Who is the senior vice president of anadarko petroleum corporation?,albert l richey,2,0,0
38,Who is the finance of anadarko petroleum corporation?,albert l richey,2,0,0
38,Who is the managing director of bnp paribas?,ann rhoads,2,0,0
38,Who is the director of bnp paribas?,sriram chandrasekaran,2,0,0
38,Who is the vice president of deutsche bank ag?,ming k chu,2,0,0
38,Who is the managing director of deutsche bank ag?,ross levitsky,2,0,0
38,Who is the vice president of dnb capital llc?,jamie grubb,2,0,0
38,Who is the senior vice president of dnb capital llc?,joe hykle,2,0,0
38,Who is the executive director of jpmorgan chase bank na?,dave katz,2,0,0
38,Who is the associate director of ubs ag?,houssem daly,2,0,0
38,Who is the director of ubs ag?,kenneth chin,2,0,0
12,Who is the director of bank of america na?,j casey cosgrove,2,0,0
12,Who is the managing director of hsbc bank usa na?,thomas foley,2,0,0
12,Who is the executive director of jpmorgan chase bank na?,dawn lee lum,2,0,0
12,Who is the director of mufg bank ltd?,jack lonker,2,0,0
12,Who is the senior director of national westminster bank plc?,graham gibson,2,0,0
12,Who is the authorized signatory of the toronto dominion bank new york branch?,linh dang,2,0,0
12,Who is the vice president of us bank national association?,conan schleicher,2,0,0
12,Who is the authorized signatory of mizuho bank ltd?,tracy rahn,2,0,0
12,Who is the fvp head of credit of intesa sanpaolo spa new york branch?,francesco di mario,2,0,0
12,Who is the relationship manager of intesa sanpaolo spa new york branch?,lorenzo rodino,2,0,0
12,Who is the managing director of unicredit bank ag new york branch?,luca balestra,2,0,0
12,Who is the director of unicredit bank ag new york branch?,thilo huber,2,0,0
12,Who is the senior vice president of walgreens boots alliance inc?,aidan clare,2,0,0
12,Who is the global treasurer of walgreens boots alliance inc?,aidan clare,2,0,0
12,Who is the vice president global treasury of walgreens boots alliance inc?,gráinne kelly,2,0,0
12,Who is the general counsel of walgreens boots alliance inc?,marco pagni,2,0,0
12,Who is the executive vice president of walgreens boots alliance inc?,marco pagni,2,0,0
12,Who is the global chief administrative officer of walgreens boots alliance inc?,marco pagni,2,0,0
12,Who is the senior managerglobal treasury of walgreens boots alliance inc?,sara la berg,2,0,0
107,Who is the president of easylink services international corporation?,paul mcfeeters,2,0,0
107,Who is the president of easylink services usa inc?,paul mcfeeters,2,0,0
107,Who is the treasurer of gxs group inc?,paul mcfeeters,2,0,0
107,Who is the vice president of gxs investments inc?,paul mcfeeters,2,0,0
107,Who is the treasurer of ocelot merger sub inc?,paul mcfeeters,2,0,0
107,Who is the president of open text usa inc?,paul mcfeeters,2,0,0
107,Who is the president of xpedite systems llc?,paul mcfeeters,2,0,0
107,Who is the director of barclays bank plc?,ritam bhalla,2,0,0
107,Who is the assistant treasurer of gxs holdings inc?,paul mcfeeters,2,0,0
107,Who is the vice president of gxs holdings inc?,paul mcfeeters,2,0,0
107,Who is the assistant treasurer of gxs international inc?,paul mcfeeters,2,0,0
107,Who is the vice president of gxs international inc?,paul mcfeeters,2,0,0
107,Who is the vice president of gxs worldwide inc?,paul mcfeeters,2,0,0
107,Who is the assistant treasurer of gxs worldwide inc?,paul mcfeeters,2,0,0
107,Who is the chief financial officer of open text holdings inc?,paul mcfeeters,2,0,0
107,Who is the president of open text holdings inc?,paul mcfeeters,2,0,0
107,Who is the assistant treasurer of gxs inc?,paul mcfeeters,2,0,0
107,Who is the vice president of gxs inc?,paul mcfeeters,2,0,0
107,Who is the president of open text canada ltd?,paul mcfeeters,2,0,0
107,Who is the treasurer of open text canada ltd?,paul mcfeeters,2,0,0
107,Who is the chief financial officer of open text canada ltd?,paul mcfeeters,2,0,0
107,Who is the chief administrative officer of open text corporation?,paul mcfeeters,2,0,0
107,Who is the chief financial officer of open text corporation?,paul mcfeeters,2,0,0
107,Who is the chief financial officer of open text inc?,paul mcfeeters,2,0,0
107,Who is the president of open text inc?,paul mcfeeters,2,0,0
107,Who is the chief executive officer of open text inc?,paul mcfeeters,2,0,0
107,Who is the chief financial officer of open text ulc?,paul mcfeeters,2,0,0
107,Who is the president of open text ulc?,paul mcfeeters,2,0,0
107,Who is the president of vignette partnership lp?,paul mcfeeters,2,0,0
107,Who is the chief financial officer of vignette partnership lp?,paul mcfeeters,2,0,0
107,Who is the treasurer of vignette partnership lp?,paul mcfeeters,2,0,0
113,Who is the secretary treasurer of hurco international holdings inc?,sonja k mcclelland,2,0,0
113,Who is the secretary treasurer of hurco international inc?,sonja k mcclelland,2,0,0
113,Who is the manager of machinery sales co llc?,sonja k mcclelland,2,0,0
113,Who is the secretary treasurer of milltronics usa inc?,sonja k mcclelland,2,0,0
113,Who is the senior vice president of bank of america na?,jonathan m phillips,2,0,0
113,Who is the managing director a and authorized representative of hurco bv?,sonja k mcclelland,2,0,0
113,Who is the chief executive officer of hurco companies inc?,michael doar,2,0,0
113,Who is the secretary treasurer of hurco companies inc?,sonja k mcclelland,2,0,0
112,Who is the senior vice president of bank of america na?,robert c megan,2,0,0
112,Who is the assistant vice president of citizens bank na?,sean riordan,2,0,0
112,Who is the chief financial officer of forrester research inc?,michael a doyle,2,0,0
112,Who is the authorized officer of jpmorgan chase bank na?,amy u lessner,2,0,0
106,Who is the vice president of barclays bank plc?,vanessa a kurbatskiy,2,0,0
106,Who is the chief financial officer of dynegy gas investments holdings llc?,clint c freeland,2,0,0
106,Who is the authorized signatory of goldman sachs bank usa?,robert ehudin,2,0,0
106,Who is the vice president of citibank na?,kirkwood roland,2,0,0
106,Who is the director of citibank na?,kirkwood roland,2,0,0
106,Who is the chief financial officer of dynegy power llc?,clint c freeland,2,0,0
106,Who is the executive vice president of dynegy power llc?,clint c freeland,2,0,0
106,Who is the associate director of ubs ag stamford branch?,joselin fernandes,2,0,0
106,Who is the director of ubs ag stamford branch?,lana gifas,2,0,0
106,Who is the manager agency of royal bank of canada?,ann hurley,2,0,0
106,Who is the authorized signatory of royal bank of canada?,thomas casey,2,0,0
13,Who is the chief financial officer of cvr energyinc?,tracy d jackson,2,0,0
13,Who is the executive vice president of cvr energyinc?,tracy d jackson,2,0,0
60,Who is the vice president of bank of america na?,thor oconnell,2,0,0
60,Who is the managing director of bank of montreal?,patrick hartweger,2,0,0
60,Who is the senior vice president of capital one national association?,joshua dearmon,2,0,0
60,Who is the vice president of city national bank a national banking association?,laura dodd,2,0,0
60,Who is the senior vice president of fifth third bank national association?,michael s barnett,2,0,0
60,Who is the authorized signatory of goldman sachs bank usa?,ryan durkin,2,0,0
60,Who is the executive director of jpmorgan chase bank na?,anthony galea,2,0,0
60,Who is the authorized signatory of mizuho bank ltd?,tracy rahn,2,0,0
60,Who is the director of mufg bank ltd?,oscar cortez,2,0,0
60,Who is the senior vice president of pnc bank national association?,eric h williams,2,0,0
60,Who is the assistant vice president of regions bank?,stephanie herndon,2,0,0
60,Who is the managing director of sumitomo mitsui banking corporation?,michael maguire,2,0,0
60,Who is the senior vice president of td bank na?,bernadette collins,2,0,0
60,Who is the director of the bank of nova scotia?,jason rinne,2,0,0
60,Who is the vice president of us bank national association?,lukas coleman,2,0,0
60,Who is the director of wells fargo bank national association?,greg strauss,2,0,0
60,Who is the vice president of citibank na?,susan m olsen,2,0,0
60,Who is the treasurer of leidos holdings inc?,marc h crown,2,0,0
60,Who is the senior vice president of leidos holdings inc?,marc h crown,2,0,0
60,Who is the assistant vice president of bank of the west?,caroline smith,2,0,0
60,Who is the managing director of bank of the west?,harry yergey,2,0,0
74,Who is the managing director of credit suisse securities usa llc?,jon singer,2,0,0
74,Who is the managing director of keybanc capital markets inc?,stacy moritz,2,0,0
74,Who is the managing director of suntrust bank?,nick hahn,2,0,0
74,Who is the managing director of suntrust robinson humphreyinc?,todd m koetje,2,0,0
74,Who is the executive vice president and secretary of gtt communicationsinc?,christopher t mckee,2,0,0
74,Who is the senior vice president of keybank national association?,jeff kalinowski,2,0,0
48,Who is the vice president finance of enbridge energy management llc?,stephen j neyland,2,0,0
48,Who is the corporate secretary of enbridge us inc?,chris kaitson,2,0,0
48,Who is the vice president law and assistant of enbridge us inc?,chris kaitson,2,0,0
48,Who is the treasurer of enbridge energy partners lp?,jonathan rose,2,0,0
48,Who is the vice president us law of enbridge energy partners lp?,chris kaitson,2,0,0
149,Who is the managing director of feac agent llc?,michelle handy,2,0,0
149,Who is the managing director of first eagle alternative capital bdc inc?,michelle handy,2,0,0
149,Who is the managing director of first eagle direct lending fund iv llc?,michelle handy,2,0,0
149,Who is the managing director of first eagle direct lending iv co invest llc?,michelle handy,2,0,0
149,Who is the managing director of first eagle direct lending levered fund iv spv llc?,michelle handy,2,0,0
149,Who is the managing director of first eagle direct lending v a llc?,michelle handy,2,0,0
149,Who is the managing director of first eagle direct lending v b spv llc?,michelle handy,2,0,0
149,Who is the managing director of first eagle direct lending v c scsp?,michelle handy,2,0,0
149,Who is the executive vice president of xcel brands inc?,seth burroughs,2,0,0
149,Who is the secretary of xcel brands inc?,seth burroughs,2,0,0
161,Who is the director of bmo harris bank na?,jonas robinson,2,0,0
161,Who is the senior vice president of first financial bank?,john wilgus,2,0,0
161,Who is the senior vice president of sandt bank?,sean apicella,2,0,0
161,Who is the corporate banker of synovus bank?,zachary braun,2,0,0
161,Who is the vice president of the huntington national bank?,joe white,2,0,0
161,Who is the director of truist bank?,ryan almond,2,0,0
161,Who is the chief financial officer of modiv operating partnership lp?,raymond j pacini,2,0,0
161,Who is the vice president of keybank national association?,thomas z schmitt,2,0,0
160,Who is the director of bank of america na?,amanuel assefa,2,0,0
160,Who is the vice president of barclays bank plc?,martin corrigan,2,0,0
160,Who is the vice president of citibank na?,robert g shaw,2,0,0
160,Who is the authorized officer of jpmorgan chase bank na?,helen d davis,2,0,0
160,Who is the authorized signatory of morgan stanley bank na?,michael king,2,0,0
160,Who is the vice president of mufg bank ltd?,joseph siri,2,0,0
160,Who is the chief financial officer of nuance communications inc?,daniel d tempesta,2,0,0
160,Who is the director of truist bank?,steve curran,2,0,0
148,Who is the director of barclays bank plc?,craig malloy,2,0,0
148,Who is the vice president of hsbc bank usa?,rumesha ahmed,2,0,0
148,Who is the chief financial officer of jacobs engineering group inc?,kevin berryman,2,0,0
148,Who is the executive director of jpmorgan chase bank?,peter s preoun,2,0,0
148,Who is the authorized signatory of morgan stanley bank?,michael king,2,0,0
148,Who is the vice president of mufg union bank?,meng zhang,2,0,0
148,Who is the director of national westminster bank plc?,jonathan eady,2,0,0
148,Who is the senior vice president of pnc bank?,r ruining nguyen,2,0,0
148,Who is the senior vice president of td bank?,emily chott,2,0,0
148,Who is the director of the bank of nova scotia?,todd kennedy,2,0,0
148,Who is the vice president of the northern trust company?,will hicks,2,0,0
148,Who is the director of truist bank?,katherine bass,2,0,0
148,Who is the senior vice president of us bank national association?,jonathan f lindvall,2,0,0
148,Who is the managing director of wells fargo bank?,greg strauss,2,0,0
148,Who is the vice president of bank of america?,liliana claar,2,0,0
148,Who is the director of bank of america?,mukesh singh,2,0,0
148,Who is the vice president of bnp paribas?,karim remtoula,2,0,0
148,Who is the managing director of bnp paribas?,p nicholas rogers,2,0,0
49,Who is the chief financial officer of dbg holdings subsidiary inc?,hamish sandhu,2,0,0
49,Who is the chief financial officer of dbg subsidiary inc?,hamish sandhu,2,0,0
49,Who is the chief financial officer of differential brands group inc?,hamish sandhu,2,0,0
49,Who is the chief executive officer of hc acquisition holdingsinc?,peter kim,2,0,0
49,Who is the chief executive officer of hudson clothing holdingsinc?,peter kim,2,0,0
49,Who is the chief executive officer of hudson clothing llc?,peter kim,2,0,0
49,Who is the chief financial officer of innovo west salesinc?,hamish sandhu,2,0,0
49,Who is the chief executive officer of marco brunelli ip llc?,michael buckley,2,0,0
49,Who is the chief executive officer of rgh group llc?,michael buckley,2,0,0
49,Who is the chief executive of robert graham designs llc?,michael buckley,2,0,0
49,Who is the chief executive of robert graham holdings llc?,michael buckley,2,0,0
49,Who is the chief executive of robert graham retail llc?,michael buckley,2,0,0
49,Who is the managing director of tcw direct lending llc?,suzanne grosso,2,0,0
49,Who is the managing director of tcw direct lending strategic ventures llc?,suzanne grosso,2,0,0
49,Who is the managing director of west virginia direct lending llc?,suzanne grosso,2,0,0
49,Who is the chief executive of rg parent llc?,michael buckley,2,0,0
49,Who is the managing director of tcw asset management company?,suzanne grosso,2,0,0
75,Who is the chief financial officer of aspen technologyinc?,karl johnsen,2,0,0
75,Who is the vice president of jpmorgan chase bank?,justin b kelley,2,0,0
61,Who is the vice president of jpmorgan chase bank na?,maria riaz,2,0,0
61,Who is the vice president of wells fargo bank national association?,christopher shafto,2,0,0
61,Who is the director of citibank na?,jim cahow,2,0,0
61,Who is the vice president of citibank na?,jim cahow,2,0,0
61,Who is the treasurer of citrix systems inc?,brian l shytle,2,0,0
61,Who is the vice president taxand treasury of citrix systems inc?,brian l shytle,2,0,0
61,Who is the managing director of bnp paribas?,gregory paul,2,0,0
61,Who is the vice president of bnp paribas?,liz cheng,2,0,0
61,Who is the vice president of deutsche bank ag new york branch?,marko lukin,2,0,0
61,Who is the director of deutsche bank ag new york branch?,ming k chu,2,0,0
77,Who is the senior vice president of bank of america?,mark hardison,2,0,0
77,Who is the svp candi banking of cadence bank?,teresa stinson,2,0,0
77,Who is the authorized signatory of goldman sachs bank usa?,rebecca kratz,2,0,0
77,Who is the senior vice president of hancock bank?,kenneth c misemer,2,0,0
77,Who is the director of mufg union bank?,teuta ghilaga,2,0,0
77,Who is the director of suntrust bank?,katherine bass,2,0,0
77,Who is the senior vice president of us bank national association?,david c mruk,2,0,0
77,Who is the director of wells fargo bank national association?,matthew olson,2,0,0
77,Who is the executive director of jpmorgan chase bank?,hector j varona,2,0,0
77,Who is the secretary of wellcare health plans inc?,blair w todt,2,0,0
77,Who is the chief legal of wellcare health plans inc?,blair w todt,2,0,0
77,Who is the administrative officer of wellcare health plans inc?,blair w todt,2,0,0
77,Who is the senior vice president of wellcare health plans inc?,blair w todt,2,0,0
88,Who is the director of mufg union bank?,westley white,2,0,0
88,Who is the chief financial officer of j2 cloud services llc?,r scott turicchi,2,0,0
88,Who is the president of j2 cloud services llc?,r scott turicchi,2,0,0
162,Who is the president of canrig drilling technology canada ltd?,michael j niedermaier,2,0,0
162,Who is the authorized signatory of goldman sachs bank usa?,thomas manning,2,0,0
162,Who is the senior vice president of hsbc bank usa na?,jay fort,2,0,0
162,Who is the vice president of morgan stanley senior funding inc?,michael king,2,0,0
162,Who is the class a manager of nabors global holdings limited?,henricus reindert petrus pollmann,2,0,0
162,Who is the president of nabors holdings ltd?,mark d andrews,2,0,0
162,Who is the corporate secretary of nabors industries ltd?,mark d andrews,2,0,0
162,Who is the president of nabors international management limited?,mark d andrews,2,0,0
162,Who is the class a manager of nabors lux 2?,henricus reindert petrus pollmann,2,0,0
162,Who is the class a manager of nabors lux finance 1?,henricus reindert petrus pollmann,2,0,0
162,Who is the director of wells fargo bank na?,corbin m womac,2,0,0
162,Who is the vice president of citibank na?,ivan davey,2,0,0
162,Who is the chief compliance officer of nabors alaska drilling inc?,michael rasmuson,2,0,0
162,Who is the general counsel of nabors alaska drilling inc?,michael rasmuson,2,0,0
162,Who is the secretary of nabors alaska drilling inc?,michael rasmuson,2,0,0
162,Who is the senior vice president of nabors alaska drilling inc?,michael rasmuson,2,0,0
162,Who is the general counsel of nabors drilling holdings inc?,michael rasmuson,2,0,0
162,Who is the secretary of nabors drilling holdings inc?,michael rasmuson,2,0,0
162,Who is the senior vice president of nabors drilling holdings inc?,michael rasmuson,2,0,0
162,Who is the chief compliance officer of nabors drilling holdings inc?,michael rasmuson,2,0,0
162,Who is the general counsel of nabors drilling technologies usa?,michael rasmuson,2,0,0
162,Who is the chief compliance officer of nabors drilling technologies usa?,michael rasmuson,2,0,0
162,Who is the senior vice president of nabors drilling technologies usa?,michael rasmuson,2,0,0
162,Who is the secretary of nabors drilling technologies usa?,michael rasmuson,2,0,0
162,Who is the secretary of nabors industries inc?,michael rasmuson,2,0,0
162,Who is the senior vice president of nabors industries inc?,michael rasmuson,2,0,0
162,Who is the general counsel of nabors industries inc?,michael rasmuson,2,0,0
162,Who is the chief compliance officer of nabors industries inc?,michael rasmuson,2,0,0
163,Who is the chief financial officer of commvault systems inc?,brian m carolan,2,0,0
163,Who is the vice president of jpmorgan chase bank na?,david tepper,2,0,0
89,Who is the chief financial officer of agiliti surgical inc?,james b pekarek,2,0,0
89,Who is the managing director of jpmorgan chase bank?,sabir hashmy,2,0,0
89,Who is the vp finance of agiliti healthinc?,lee neumann,2,0,0
89,Who is the general counsel of agiliti healthinc?,lee neumann,2,0,0
89,Who is the svp of agiliti healthinc?,lee neumann,2,0,0
62,Who is the managing director of td securities usa llc?,pradeep mehra,2,0,0
62,Who is the authorized signatory of the toronto dominion bank new york branch?,brian macfarlane,2,0,0
62,Who is the authorized signatory of toronto dominion texas llc?,annie dorval,2,0,0
62,Who is the chief financial officer of michigan electric transmission company llc?,gretchen l holloway,2,0,0
62,Who is the senior vice president of michigan electric transmission company llc?,gretchen l holloway,2,0,0
76,Who is the authorized signatory of morgan stanley senior funding inc?,jonathon rauen,2,0,0
76,Who is the secretary of microsemi corporation?,john w hohener,2,0,0
76,Who is the treasurer of microsemi corporation?,john w hohener,2,0,0
76,Who is the executive vice president of microsemi corporation?,john w hohener,2,0,0
76,Who is the chieffinancial officer of microsemi corporation?,john w hohener,2,0,0
72,Who is the authorized signatory of goldman sachs bank usa?,ryan durkin,2,0,0
72,Who is the managing director of wells fargo securities llc?,kay reedy,2,0,0
72,Who is the vice president of citibank?,carolyn kee,2,0,0
72,Who is the assistant vice president of citigroup global markets inc?,john summers,2,0,0
72,Who is the treasurer of stanley blackand decker inc?,craig a douglas,2,0,0
72,Who is the vice president of stanley blackand decker inc?,craig a douglas,2,0,0
66,Who is the svp of bank of america na?,ronnie glenn,2,0,0
66,Who is the director of bank of thewest?,cecile segovia,2,0,0
66,Who is the director of barclays bank plc?,ronnie glenn,2,0,0
66,Who is the duly authorized signatory of capital one national association?,karen m dahlquist,2,0,0
66,Who is the authorized signer of citibank na?,james riley,2,0,0
66,Who is the senior vice president of hsbc bank usa national association?,kathryn e benjamin,2,0,0
66,Who is the authorized officer of jpmorgan chase bank na?,erik barragan,2,0,0
66,Who is the vice president of keybank national association?,tanille ingle,2,0,0
66,Who is the director of mufg bank ltd?,kevin wood,2,0,0
66,Who is the vice president of pnc bank national association?,ben snodgrass,2,0,0
66,Who is the managing director of silicon valley bank?,erin robinson,2,0,0
66,Who is the senior vice president of the huntington national bank?,joseph d hricovsky,2,0,0
66,Who is the senior vice president of us bank national association?,tom priedeman,2,0,0
66,Who is the managing director of wells fargo bank national association?,darin mullis,2,0,0
66,Who is the cfo of icu medical inc?,brian m bonnell,2,0,0
66,Who is the treasurer of icu medical inc?,brian m bonnell,2,0,0
99,Who is the senior vice president of avenue bank?,carol s titus,2,0,0
99,Who is the senior vice president of bank of america?,robert j beckley,2,0,0
99,Who is the senior vice president of branch banking and trust company?,r andrew beam,2,0,0
99,Who is the managerand vice president of cb music llc?,chris ciavarra,2,0,0
99,Who is the vice president of cbocs distribution inc?,laura daily,2,0,0
99,Who is the chief manager of cbocs pennsylvania llc?,nick flanagan,2,0,0
99,Who is the president of cbocs properties inc?,s victoria harvey,2,0,0
99,Who is the treasurer of cbocs supply inc?,doug couvillion,2,0,0
99,Who is the president of cbocs texas llc?,doug couvillion,2,0,0
99,Who is the president of cbocs west inc?,nick flanagan,2,0,0
99,Who is the senior vice presidentand chief financial officer of crackerbarreloldcountrystoreinc?,lawrence e hyatt,2,0,0
99,Who is the vice president of fifth third bank?,lisa r cook,2,0,0
99,Who is the vp of first tennessee bank national association?,mac atsup,2,0,0
99,Who is the vice president of greenstone farm credit services?,jeff pavlik,2,0,0
99,Who is the senior vice president of pinnacle bank?,william h diehl,2,0,0
99,Who is the senior vice president of pnc bank national association?,john thurman,2,0,0
99,Who is the managing director of regions bank?,scott c tocci,2,0,0
99,Who is the assistant secretary of rocking chair inc?,elizabeth wilson,2,0,0
99,Who is the vice president of suntrust bank?,henry spark,2,0,0
99,Who is the senior vice president of synovus bank?,anne h lovette,2,0,0
99,Who is the authorized signatory of the bank of tokyo mitsubishi ufj ltd?,christine howatt,2,0,0
99,Who is the vice president of us bank national association?,steven dixon,2,0,0
99,Who is the managing director of wellsfargobanknationalassociation?,stephen a leon,2,0,0
99,Who is the managing director of coöperatieve centrale raiffeisen boerenleenbank ba rabobank?,adriaan weststrate,2,0,0
99,Who is the executive director of coöperatieve centrale raiffeisen boerenleenbank ba rabobank?,michael t harder,2,0,0
167,Who is the senior vice president of bank of america na?,shelley a mcgregor,2,0,0
167,Who is the treasurer of powell electrical systems inc?,don r madison,2,0,0
167,Who is the secretary of powell electrical systems inc?,don r madison,2,0,0
167,Who is the vice president of powell electrical systems inc?,don r madison,2,0,0
167,Who is the vice president of powell industries inc?,don r madison,2,0,0
167,Who is the treasurer of powell industries inc?,don r madison,2,0,0
167,Who is the secretary of powell industries inc?,don r madison,2,0,0
167,Who is the vice president of powell industries international inc?,don r madison,2,0,0
167,Who is the secretary of powell industries international inc?,don r madison,2,0,0
167,Who is the treasurer of powell industries international inc?,don r madison,2,0,0
167,Who is the treasurer of transdyn inc?,don r madison,2,0,0
167,Who is the vice president of transdyn inc?,don r madison,2,0,0
167,Who is the secretary of transdyn inc?,don r madison,2,0,0
166,Who is the authorized signatory of 4260848 canada inc?,chirag shah,2,0,0
166,Who is the authorized signatory of 4260856 canada inc?,chirag shah,2,0,0
166,Who is the authorized signatory of 8018227 canada inc?,chirag shah,2,0,0
166,Who is the head of loan syndications of australia and new zealand banking group limited?,carl roberts,2,0,0
166,Who is the assistant vice presiden of barclays bank plc?,mark pope,2,0,0
166,Who is the director of citibank na?,siddarth bansal,2,0,0
166,Who is the assistant general manager of icici bank limited?,sanjay jha,2,0,0
166,Who is the authorized signatory of novelis acquisitions llc?,chirag shah,2,0,0
166,Who is the authorized signatory of novelis ag?,chirag shah,2,0,0
166,Who is the authorized signatory of novelis corporation?,chirag shah,2,0,0
166,Who is the person authorized by virtue of power of attorney of novelis deutschland gmbh?,chirag shah,2,0,0
166,Who is the attorney in fact of novelis do brasil ltda?,chirag shah,2,0,0
166,Who is the attorney of novelis europe holdings limited?,chirag shah,2,0,0
166,Who is the authorized signatory of novelis global employment organization inc?,chirag shah,2,0,0
166,Who is the authorized signatory of novelis holdings inc?,chirag shah,2,0,0
166,Who is the authorized signatory of novelis mea ltd?,chirag shah,2,0,0
166,Who is the attorney in fact of novelis pae sas?,chirag shah,2,0,0
166,Who is the attorney of novelis services limited?,chirag shah,2,0,0
166,Who is the person authorized by virtue of power of attorney of novelis sheet ingot gmbh?,chirag shah,2,0,0
166,Who is the authorized signatory of novelis south america holdings llc?,chirag shah,2,0,0
166,Who is the authorized signatory of novelis switzerland sa?,chirag shah,2,0,0
166,Who is the attorney of novelis uk ltd?,chirag shah,2,0,0
166,Who is the svp credit administration of state bank of india?,r srinivasa sekaran,2,0,0
166,Who is the general manager of the bank of tokyo mitsubishi ufj ltd?,suguru hattori,2,0,0
166,Who is the authorized signatory of av metals inc?,chirag shah,2,0,0
166,Who is the chief manager of bank of baroda?,sudip kumar ghatak,2,0,0
166,Who is the authorized signatory of novelis inc?,chirag shah,2,0,0
166,Who is the chief executive of axis bank limited?,rachit bhatia,2,0,0
166,Who is the head cbo of axis bank limited?,sandeep patnaik,2,0,0
166,Who is the senior rm trade and export finance of icici bank uk plc?,nishant kumar,2,0,0
166,Who is the head corporate and investment banking of icici bank uk plc?,vikashh mehta,2,0,0
166,Who is the director credit risk management of ing bank nv?,lisa kwok,2,0,0
166,Who is the managing director head of credit and trading risk of ing bank nv?,richard cox,2,0,0
166,Who is the joint managing director of kotak mahindra bank limited?,dipak gupta,2,0,0
166,Who is the senior executive vice president of kotak mahindra bank limited?,rajeev mohan,2,0,0
166,Who is the sr legal manager of novelis aluminium holding unlimited company?,shannon curran,2,0,0
166,Who is the attorney of novelis aluminium holding unlimited company?,chirag shah,2,0,0
166,Who is the manager crc of standard chartered bank?,james perkins,2,0,0
166,Who is the head crc of standard chartered bank?,simon williams,2,0,0
166,Who is the legal counsel of standard chartered bank?,valdeep singh,2,0,0
67,Who is the managing member of bpcr limited partnership?,pedro gonzalez de cosio,2,0,0
67,Who is the ceo of coherus intermediate corp?,dennis m lanfear,2,0,0
67,Who is the president of intekrin therapeutics inc?,michael fleming,2,0,0
67,Who is the managing member of biopharma credit plc?,pedro gonzalez de cosio,2,0,0
67,Who is the ceo of biopharmacreditinvestmentsvmasterlp?,pedro gonzalez de cosio,2,0,0
67,Who is the managing member of biopharmacreditinvestmentsvmasterlp?,pedro gonzalez de cosio,2,0,0
67,Who is the ceo of coherus biosciences inc?,dennis m lanfear,2,0,0
73,Who is the assistant vice president of barclays bank plc?,christopher m aitkin,2,0,0
73,Who is the managing director of capital one?,thomas c king jr,2,0,0
73,Who is the director of citizens bank national association?,srbui seferian cfa,2,0,0
73,Who is the vice president of fifth third bank?,j david izard,2,0,0
73,Who is the chief financial officer of nexstar broadcasting inc?,thomas e carter,2,0,0
73,Who is the chief financial officer of nexstar media group inc?,thomas e carter,2,0,0
73,Who is the senior vice president of raymond james bank na?,michael pelletier,2,0,0
73,Who is the vice president of suntrust robinson humphrey inc?,michael chanin,2,0,0
73,Who is the director of the bank of tokyo mitsubishi ufj ltd?,ola anderssen,2,0,0
73,Who is the director of wells fargo securities llc?,lindsey mcgraw,2,0,0
9,Who is the senior vice president of bank of america na?,jonathan m phillips,2,0,0
9,Who is the director of barclays bank plc?,ann e sutton,2,0,0
9,Who is the senior vice president of branch banking and trust company?,eric searls,2,0,0
9,Who is the vice president of citibank na?,raymond g dunning,2,0,0
9,Who is the authorized signatory of goldman sachs bank usa?,mark walton,2,0,0
9,Who is the authorized signatory of royal bank of canada?,james disher,2,0,0
9,Who is the authorised signatory of the royal bank of scotland plc?,brian d williams,2,0,0
9,Who is the chief financial officer of haverhill cogeneration company llc?,mark e newman,2,0,0
9,Who is the treasurer of haverhill cogeneration company llc?,mark e newman,2,0,0
9,Who is the treasurer of haverhill coke company llc?,mark e newman,2,0,0
9,Who is the chief financial officer of haverhill coke company llc?,mark e newman,2,0,0
9,Who is the executive director of jpmorgan chase bank na?,peter predun,2,0,0
9,Who is the treasurer of middletown coke company llc?,mark e newman,2,0,0
9,Who is the chief financial officer of middletown coke company llc?,mark e newman,2,0,0
9,Who is the director of credit suisse ag cayman islands branch?,mikhail faybusovich,2,0,0
9,Who is the associate of credit suisse ag cayman islands branch?,wei jen yuan,2,0,0
9,Who is the senior vice president of suncoke energy partners lp?,mark e newman,2,0,0
9,Who is the chief financial officer of suncoke energy partners lp?,mark e newman,2,0,0
65,Who is the managing director of bank of america na?,brian d corum,2,0,0
65,Who is the director of citizens bank na?,sean mcwhinnie,2,0,0
65,Who is the senior vice president of fifth third bank?,lise hinton,2,0,0
65,Who is the authorized signatory of goldman sachs bank usa?,thomas manning,2,0,0
65,Who is the senior vice president of keybank national association?,matthew j bradley,2,0,0
65,Who is the chief executive officer of mohegan tribal gaming authority?,mario c kontomerkos,2,0,0
65,Who is the svp of truist bank?,frank mccormack,2,0,0
71,Who is the vice president of bank of america?,henry pennell,2,0,0
71,Who is the sr vice president of bank of america merrill lynch?,ryan maples,2,0,0
71,Who is the chief financial officer of total system services inc?,paul m todd,2,0,0
71,Who is the senior executive vice president of total system services inc?,paul m todd,2,0,0
164,Who is the loan manager of arvest bank?,richard winesburg,2,0,0
164,Who is the relationship manager of comerica bank?,richard c griffin jr,2,0,0
164,Who is the vice president of commerce bank?,adam hensley,2,0,0
164,Who is the director of fifth third bank?,hideo core,2,0,0
164,Who is the cfo of jack henry and associates inc?,kevin williams,2,0,0
164,Who is the officer of regions bank?,tyler tirpak,2,0,0
164,Who is the vice president of truist bank?,alex harrison,2,0,0
164,Who is the vice president of umb bank na?,jess adams,2,0,0
164,Who is the vice president of us bank national association?,marty mcdonald,2,0,0
170,Who is the vice president of citibank na?,michael vondriska,2,0,0
170,Who is the vice president of hsbc bank usa national association?,jason fuqua,2,0,0
170,Who is the vice president of jpmorgan chase bank na?,tony wong,2,0,0
170,Who is the managing director of the bank of nova scotia?,diane emanuel,2,0,0
170,Who is the assistant vice president of us bank national association?,mark d rodgers,2,0,0
170,Who is the managing director of wells fargo bank na?,susan t gallagher,2,0,0
170,Who is the vice president of starbucks corporation?,richard lautch,2,0,0
170,Who is the treasurer of starbucks corporation?,richard lautch,2,0,0
170,Who is the executive director of cooperatieve centrale raiffeisen boerenleenbank ba rabobank nederland new york branch?,gillian dickson,2,0,0
170,Who is the vice president of cooperatieve centrale raiffeisen boerenleenbank ba rabobank nederland new york branch?,matthew gregg,2,0,0
158,Who is the svp of bank of america na?,adam rose,2,0,0
158,Who is the chief financial officer of digital turbine usa inc?,barrett garrison,2,0,0
158,Who is the chief financial officer of mobile posse inc?,barrett garrison,2,0,0
159,Who is the authorized signatory of jpmorgan chase bank national association?,james greenfield,2,0,0
159,Who is the chief accounting officer of msc income fund inc?,cory e gilbert,2,0,0
159,Who is the chief accounting officer of msif funding llc?,cory e gilbert,2,0,0
159,Who is the vice president of us bank national association?,jon c warn,2,0,0
159,Who is the authorized signatory of jpmorgan chase bank?,james greenfield,2,0,0
165,Who is the director of bank of the west?,ole koppang,2,0,0
165,Who is the assistant vice president of barclays bank plc?,christopher aitkin,2,0,0
165,Who is the authorized signatory of goldman sachs bank usa?,annie carr,2,0,0
165,Who is the senior vice president of hsbc bank usa na?,fik durmus,2,0,0
165,Who is the executive director of jpmorgan chase bank na?,tony young,2,0,0
165,Who is the authorized signatory of royal bank of canada?,gordon macarthur,2,0,0
165,Who is the director of suntrust bank?,tesha winslow,2,0,0
165,Who is the director of the bank of nova scotia?,sangeeta shah,2,0,0
165,Who is the authorized signatory of the bank of tokyo mitsubishi ufj ltd?,charles shaw,2,0,0
165,Who is the vice president of us bank national association?,brigitte m sinclair,2,0,0
165,Who is the vice president of wells fargo bank national association?,ryan zimmerman,2,0,0
165,Who is the authorized signatory of mizuho bank ltd?,tracy rahn,2,0,0
165,Who is the vice president of cooperatieve rabobank ua new york branch?,pacella lehane,2,0,0
165,Who is the managing director of cooperatieve rabobank ua new york branch?,peter duncan,2,0,0
165,Who is the vice president of bank of america na?,bridgett j manduk mowry,2,0,0
165,Who is the director of bank of america na?,j casey cosgrove,2,0,0
165,Who is the corporate secretary of conagra brands inc?,colleen batcheler,2,0,0
165,Who is the general counsel of conagra brands inc?,colleen batcheler,2,0,0
165,Who is the investor relations officer of conagra brands inc?,johan nystedt,2,0,0
165,Who is the treasurer of conagra brands inc?,johan nystedt,2,0,0
165,Who is the vice president of conagra brands inc?,johan nystedt,2,0,0
70,Who is the chief financial officer of greenbacker renewable energy company llc?,richard butt,2,0,0
70,Who is the chief financial officer of greenbacker renewable energy corporation?,richard butt,2,0,0
70,Who is the vice president of fifth third bank?,eric cohen,2,0,0
70,Who is the chief financial officer of grec entity holdco llc?,richard butt,2,0,0
64,Who is the vice president of barclays bank plc?,martin corrigan,2,0,0
64,Who is the authorized signatory of goldman sachs lending partners llc?,thomas manning,2,0,0
64,Who is the vice president of truist bank?,richard w jantzen iii,2,0,0
64,Who is the chief capital officer of affirm inc?,geoff kott,2,0,0
64,Who is the vice president of morgan stanley senior fundinginc?,michael king,2,0,0
58,Who is the managing partner of hcr collateral management llc?,clarke b futch,2,0,0
58,Who is the managing partner of hcr molag fund lp?,clarke b futch,2,0,0
58,Who is the managing partner of hcrp overflow fund lp?,clarke b futch,2,0,0
58,Who is the managing partner of healthcare royalty partners iii lp?,clarke b futch,2,0,0
58,Who is the president of intekrin therapeutics inc?,michael fleming,2,0,0
58,Who is the chief executive officer of coherus biosciences inc?,dennis m lanfear,2,0,0
58,Who is the president of coherus biosciences inc?,dennis m lanfear,2,0,0
58,Who is the president of coherus intermediate corp?,dennis m lanfear,2,0,0
58,Who is the chief executive officer of coherus intermediate corp?,dennis m lanfear,2,0,0
41,Who is the senior vice president of citizens bank na?,marc j lubelczyk,2,0,0
41,Who is the director of bmo harris bank na?,john dillon,2,0,0
41,Who is the senior vice president of citibank na?,marina e grossi,2,0,0
41,Who is the senior vice president of eastern bank?,david nussbaum,2,0,0
41,Who is the senior banker of keybank national association?,je hall,2,0,0
41,Who is the senior vice president of middlesex savings bank?,deborah a colony,2,0,0
41,Who is the senior vice president of santander bank na?,mitchell b feldman,2,0,0
41,Who is the senior vice president of trc companies inc?,martin h dodd,2,0,0
41,Who is the general counsel of trc companies inc?,martin h dodd,2,0,0
41,Who is the senior vice president of webster bank na?,ann m meade,2,0,0
7,Who is the manager of mutual of omaha bank?,george mckean,2,0,0
7,Who is the treasurer of samson oil and gas usa inc?,terry barr,2,0,0
7,Who is the ceo of samson oil and gas usa inc?,terry barr,2,0,0
7,Who is the president of samson oil and gas usa inc?,terry barr,2,0,0
55,Who is the chief of k hovnanian enterprises inc?,j larry sorsby,2,0,0
55,Who is the banking officer of wilmington trust national association?,cora holland koller,2,0,0
55,Who is the executive vice president of hovnanian enterprises inc?,j larry sorsby,2,0,0
55,Who is the chief of hovnanian enterprises inc?,j larry sorsby,2,0,0
69,Who is the manager of mvp acquisitions llc?,michael shustek,2,0,0
69,Who is the manager of mvp milwaukee wells llc?,michael shustek,2,0,0
69,Who is the manager of mvp raider park garage llc?,michael shustek,2,0,0
69,Who is the manager of mvp real estate holdings llc?,michael shustek,2,0,0
69,Who is the manager of mvp merger sub llc?,michael shustek,2,0,0
69,Who is the chief executive officer of mvp merger sub llc?,michael shustek,2,0,0
69,Who is the chief executive officer of mvp reit ii operating partnership lp?,michael shustek,2,0,0
69,Who is the vice president of keybank national association?,christopher t neil,2,0,0
69,Who is the chief executive officer of the parking reit inc?,michael shustek,2,0,0
82,Who is the director of bank of america?,zubin r shroff,2,0,0
82,Who is the vice president of barclays bank plc?,vanessa a kurbatskiy,2,0,0
82,Who is the vice president of citibank?,anthony pantina,2,0,0
82,Who is the senior vice president of hsbc bank usa national association?,david a carroll,2,0,0
82,Who is the senior vice president of pnc bank national association?,michael richards,2,0,0
82,Who is the senior vice president of td bank?,shreya shah,2,0,0
82,Who is the director of the bank of tokyo mitsubishi ufj ltd?,scott oconnell,2,0,0
82,Who is the officer of the northern trust company?,charles r davis,2,0,0
82,Who is the director of the royal bank of scotland plc?,william mcginty,2,0,0
82,Who is the vice president of us bank national association?,jennifer hwang,2,0,0
82,Who is the vice president of wells fargo bank national association?,david m crane,2,0,0
82,Who is the senior vice president of jpmorgan chase bank?,d scott farquhar,2,0,0
82,Who is the secretary of perkinelmer health sciences inc?,john l healy,2,0,0
82,Who is the vice president of perkinelmer health sciences inc?,john l healy,2,0,0
82,Who is the attorney in fact of wallac oy?,john l healy,2,0,0
82,Who is the treasurer of perkinelmer inc?,david c francisco,2,0,0
82,Who is the vice president of perkinelmer inc?,david c francisco,2,0,0
168,Who is the director of bank of america na?,michael contreras,2,0,0
168,Who is the vice president of citibank na?,carolyn a kee,2,0,0
168,Who is the vice president of stanley blackand decker inc?,robert t paternostro,2,0,0
168,Who is the treasurer of stanley blackand decker inc?,robert t paternostro,2,0,0
96,Who is the director of bank of the west?,kevin r gillette,2,0,0
96,Who is the svp of bokf na dba bank of albuquerque?,john m valentine,2,0,0
96,Who is the vice president of community bank of santa fe?,fernando baca,2,0,0
96,Who is the executive vice president of first national bank of santa fe?,larry d cheek,2,0,0
96,Who is the chief lending officer of four corners community bank?,roger lahart,2,0,0
96,Who is the assistant vice president of southwest capital bank?,emilio vallejos,2,0,0
96,Who is the commercial loan officer of washington federal bank?,joshua l smith,2,0,0
96,Who is the executive vice president of western commerce bank?,mike hoyl,2,0,0
96,Who is the avp and portfolio mgr of us bank national association?,holland h williams,2,0,0
140,Who is the director of airopco 1et bermuda ltd?,demetrios tserpelis,2,0,0
140,Who is the director of airopco 1jt bermuda ltd?,demetrios tserpelis,2,0,0
140,Who is the director of airopco i sd ireland dac?,sean mckinley,2,0,0
140,Who is the director of airopco ii ko ireland dac?,sean mckinley,2,0,0
140,Who is the director of airopco ii me ireland dac?,sean mckinley,2,0,0
140,Who is the authorized signatory of fortress worldwide transportation and infrastructure general partnership?,demetrios tserpelis,2,0,0
140,Who is the director of wwtai airopco 1 bermuda ltd?,demetrios tserpelis,2,0,0
140,Who is the director of wwtai airopco bpa ireland limited?,sean mckinley,2,0,0
140,Who is the director of wwtai airopco ii dac?,sean mckinley,2,0,0
140,Who is the director of wwtai airopco malta ltd?,tony traynor,2,0,0
140,Who is the director of wwtai finance ltd?,demetrios tserpelis,2,0,0
140,Who is the ceo of fortress transportation and infrastructure investors llc?,joseph p adams jr,2,0,0
140,Who is the authorized signatory of morgan stanley senior funding inc?,william graham,2,0,0
154,Who is the chief financial officer of edge systems intermediate llc?,liyuan woo,2,0,0
154,Who is the chief financial officer of the hydrafacial company mexico holdings llc?,liyuan woo,2,0,0
154,Who is the chief financial officer of edge systems llc?,liyuan woo,2,0,0
154,Who is the authorized officer of jpmorgan chase bank na?,erica cross,2,0,0
155,Who is the director of boxlight group limited?,patrick foley,2,0,0
155,Who is the chief operating officer of boxlightinc?,hank nance,2,0,0
155,Who is the statutory director of clevertouch bv?,patrick foley,2,0,0
155,Who is the chief executive officer of eosedu llc?,michael r pope,2,0,0
155,Who is the manager of frontrow calypso llc?,jens holstebro,2,0,0
155,Who is the statutory director of sahara presentation systems europe bv?,patrick foley,2,0,0
155,Who is the chief financial officer of sahara presentation systemsinc?,patrick foley,2,0,0
155,Who is the authorized signatory of whitehawk finance llc?,harry chung,2,0,0
155,Who is the chief executive officer of boxlight corporation?,michael r pope,2,0,0
155,Who is the authorized signatory of whitehawk capital partners lp?,harry chung,2,0,0
141,Who is the vice president of bank of america na?,richard r powell,2,0,0
141,Who is the vice president of branch banking and trust company?,jeff skalka,2,0,0
141,Who is the senior vice president of citizens bank of pennsylvania?,david w dinella,2,0,0
141,Who is the vice president of keybank national association?,renee m bonnell,2,0,0
141,Who is the senior vice president of td bank na?,vijay prasad,2,0,0
141,Who is the senior vice president of the northern trust company?,andrew d holtz,2,0,0
141,Who is the senior vice president of pnc bank national association?,thomas e redmond,2,0,0
141,Who is the treasurer of south jersey gas company?,ann t anthony,2,0,0
169,Who is the authorized signatory of bank of america na?,john m olsen,2,0,0
169,Who is the authorized signatory of barclays bank plc?,noam s azachi,2,0,0
169,Who is the authorized signatory of goldman sachs bank usa?,mark walton,2,0,0
169,Who is the vice president of coöperatieve centrale raiffeisen boerenleenbank barabobank nederland new york branch?,jeff bliss,2,0,0
169,Who is the executive director of coöperatieve centrale raiffeisen boerenleenbank barabobank nederland new york branch?,timothy j devane,2,0,0
169,Who is the authorized signatory of wells fargo bank national association?,anwar s young,2,0,0
169,Who is the treasurer of chiquita brands international inc?,joseph b johnson,2,0,0
169,Who is the vice president of chiquita brands international inc?,joseph b johnson,2,0,0
169,Who is the chief accounting officer of chiquita brands international inc?,joseph b johnson,2,0,0
169,Who is the controller of chiquita brands international inc?,joseph b johnson,2,0,0
97,Who is the chief operating officer of summit healthcare reit inc?,kent eikanas,2,0,0
97,Who is the authorized signatory of general electric capital corporation?,dague retzlaff,2,0,0
97,Who is the vice president of general electric capital corporation?,dague retzlaff,2,0,0
97,Who is the chief counsel hfs real estate of general electric capital corporation?,diana pennington,2,0,0
97,Who is the managing director of general electric capital corporation?,jeffrey m muchmore,2,0,0
83,Who is the vice president of american savings bank fsb?,rian dubach,2,0,0
83,Who is the vice president of bank of america?,jeannette lu,2,0,0
83,Who is the svp and branch manager of bank of china?,haiyong yang,2,0,0
83,Who is the vp and general manager of bank of taiwan?,jane chang,2,0,0
83,Who is the director and senior relationship manager of bank of the west?,cecile segovia,2,0,0
83,Who is the senior vice president of banner bank?,rita e dillon,2,0,0
83,Who is the vice president of branch banking and trust company?,elizabeth willi,2,0,0
83,Who is the vp and general manager of chang hwa commercial bank ltd?,kang yang,2,0,0
83,Who is the vice president of citiban?,maureen p maroney,2,0,0
83,Who is the vice president of comerica bank?,mark c skrzynski,2,0,0
83,Who is the senior vice president of compass bank?,michael dixon,2,0,0
83,Who is the svp and branch manager of ctbc bank co ltd?,ralph wu,2,0,0
83,Who is the general manager of dbs bank ltd?,james mcwalters,2,0,0
83,Who is the managing director of fifth third bank?,suzanne m rode,2,0,0
83,Who is the vice president of first hawaiian bank?,susan takeda,2,0,0
83,Who is the director of hsbc bank plc?,michael miller,2,0,0
83,Who is the senior vice president of hsbc bank usa national association?,andrew hietala,2,0,0
83,Who is the vp and general manager of hua nan commercial bank?,eric chen,2,0,0
83,Who is the vice president and general manager of hua nan commercial bank ltd?,shu fei sophia lin,2,0,0
83,Who is the credit executive of jpmorgan chase bank?,keith winzenried,2,0,0
83,Who is the vice president of keybank national association?,shibani faehnle,2,0,0
83,Who is the svp and general manager of land bank of taiwan los angeles branch?,henry c r leu,2,0,0
83,Who is the vice president of manufacturers bank?,sandy lee,2,0,0
83,Who is the svp and general manager of mega international commercial bank co ltd los angeles branch?,hsiao ho huang,2,0,0
83,Who is the authorized signatory of mizuho bank ltd?,bertram h tang,2,0,0
83,Who is the assistant vice president of pnc bank national association?,matthew d meister,2,0,0
83,Who is the authorized signatory of royal bank of canada?,sheldon pinto,2,0,0
83,Who is the evp corporate and commercial banking of sabadell united bank?,maurici lladó,2,0,0
83,Who is the managing director of sumitomo mitsui banking corp?,shuji yabe,2,0,0
83,Who is the vice president of suntrust bank?,johnetta bush,2,0,0
83,Who is the vp and deputy general manager of taipei fubon commercial bank co ltd?,robin s wu,2,0,0
83,Who is the vp and general manager of taiwan cooperative bank ltd?,li hua huang,2,0,0
83,Who is the senior vice president of td bank?,steve levi,2,0,0
83,Who is the director of the bank of nova scotia?,eugene dempsey,2,0,0
83,Who is the senior vice president of the northern trust company?,steve ryan,2,0,0
83,Who is the director of thebankoftokyo mitsubishiufjltd?,richard ong pho,2,0,0
83,Who is the vice president of us bank national association?,richard j ameny jr,2,0,0
83,Who is the director of wells fargo bank national association?,lacy houstoun,2,0,0
83,Who is the chief financial officer of western digital corporation?,timothy leyden,2,0,0
83,Who is the vice president of western digital ireland ltd?,joseph carrillo,2,0,0
83,Who is the vp credit and documentation of banco de credito e inversiones?,ivan vera,2,0,0
83,Who is the corporate banking directo of banco de credito e inversiones?,juan segundo,2,0,0
83,Who is the vice president of bnp paribas?,charles de clapiers,2,0,0
83,Who is the director of bnp paribas?,todd rodgers,2,0,0
83,Who is the associate director of standard chartered bank?,johanna minaya,2,0,0
83,Who is the credit documentation manager of standard chartered bank?,robert k reddington,2,0,0
83,Who is the svp and coo of the bank of east asia ltd?,danny leung,2,0,0
83,Who is the svp of the bank of east asia ltd?,james hua,2,0,0
83,Who is the senior vice president of western digital technologies inc?,michael ray,2,0,0
83,Who is the general counsel of western digital technologies inc?,michael ray,2,0,0
83,Who is the secretary of western digital technologies inc?,michael ray,2,0,0
68,Who is the director of bank of montreal?,jonas l robinson,2,0,0
68,Who is the authorized signatory of capital one national association?,melissa devito,2,0,0
68,Who is the senior vice president of citizens bank na?,kerri colwell,2,0,0
68,Who is the senior vice president of first financial bank na?,john wilgus,2,0,0
68,Who is the chief executive officer of franklin street properties corp?,george j carter,2,0,0
68,Who is the executive director of jpmorgan chase bank na?,austin lotito,2,0,0
68,Who is the director of regions bank?,t barrett vawter,2,0,0
68,Who is the senior vice president of bank of america na?,john f simon,2,0,0
6,Who is the authorized agent of hines reit one wilshire lp?,j shea morgenroth,2,0,0
6,Who is the deputy branch manager of bank of china?,ying chen,2,0,0
6,Who is the vice president of bank of china?,ying chen,2,0,0
54,Who is the managing director of jpmorgan chase bank?,chuckie reddy,2,0,0
54,Who is the managing director of 2018 1 ih borrower lp?,jonathan olsen,2,0,0
54,Who is the senior vice president of 2018 1 ih borrower lp?,jonathan olsen,2,0,0
40,Who is the senior vice president of associated bank national association?,edward j chidiac,2,0,0
40,Who is the first vice president of first niagara bank na?,david reading,2,0,0
40,Who is the senior vice president of keybank national association?,james cribbet,2,0,0
40,Who is the authorized signatory of morgan stanley bank na?,michael king,2,0,0
40,Who is the director of the bank of novia scotia?,kevin chan,2,0,0
40,Who is the executive director of jpmorgan chase bank na?,hector j varona,2,0,0
40,Who is the chief financial officer of national general holdings corp?,michael h weiner,2,0,0
56,Who is the director of barclays bank plc?,chris walton,2,0,0
56,Who is the authorized signatory of goldman sachs bank usa?,rebecca kratz,2,0,0
56,Who is the authorized signatory of morgan stanley bank na?,melissa james,2,0,0
56,Who is the managing director of nomura corporate funding americas llc?,lee a olive,2,0,0
56,Who is the executive vice president general counsel of wmg acquisition corp?,paul m robinson,2,0,0
56,Who is the secretary of wmg acquisition corp?,paul m robinson,2,0,0
4,Who is the vice president of bank of america na?,frank byrne,2,0,0
4,Who is the vice president of barclays bank plc?,ronnie glen,2,0,0
4,Who is the chief executive officer of bright horizons capital corp?,david lissy,2,0,0
4,Who is the chief executive officer of brighthorizonsfamilysolutionsllc?,david lissy,2,0,0
4,Who is the executive director of jpmorgan chase bank na?,sarah l freedman,2,0,0
4,Who is the managing director of credit suisse ag?,john toronto,2,0,0
4,Who is the authorized signatory of goldman sachs bank usa?,robert ehudin,2,0,0
42,Who is the managing director of jpmorgan chase bank na?,helene p sprung,2,0,0
42,Who is the chief financial officer of panera enterprises inc?,michael j bufano,2,0,0
42,Who is the vice president of pnc bank national association?,paul spearing,2,0,0
42,Who is the managing director of regions bank?,jay r goldstein,2,0,0
42,Who is the senior vice president of td bank na?,alan garson,2,0,0
42,Who is the vice president of wells fargo bank national association?,maureen s malphus,2,0,0
42,Who is the senior vice president of artisan bread llc?,michael j bufano,2,0,0
42,Who is the chief financial officer of artisan bread llc?,michael j bufano,2,0,0
42,Who is the chief financial officer of panera llc?,michael j bufano,2,0,0
42,Who is the senior vice president of panera llc?,michael j bufano,2,0,0
42,Who is the senior vice president of panera bread company?,michael j bufano,2,0,0
42,Who is the chief financial officer of panera bread company?,michael j bufano,2,0,0
95,Who is the chief operating officer of cse cambridge realty llc?,daniel j booth,2,0,0
95,Who is the chief operating officer of cse casablanca holdings llc?,daniel j booth,2,0,0
95,Who is the chief operating officer of cse elkton realty llc?,daniel j booth,2,0,0
95,Who is the chief operating officer of cse lexington park realty llc?,daniel j booth,2,0,0
95,Who is the chief operating officer of cse north carolina holdings i llc?,daniel j booth,2,0,0
95,Who is the chief operating officer of ohi asset csb llc?,daniel j booth,2,0,0
95,Who is the chief operating officer of ohi asset cse e llc?,daniel j booth,2,0,0
95,Who is the chief operating officer of ohi asset cse u llc?,daniel j booth,2,0,0
95,Who is the chief operating officer of ohi asset hud cfg llc?,daniel j booth,2,0,0
95,Who is the chief operating officer of ohi asset hud delta llc?,daniel j booth,2,0,0
95,Who is the chief operating officer of ohi asset hud sf ca llc?,daniel j booth,2,0,0
95,Who is the chief operating officer of ohi asset hud sf llc?,daniel j booth,2,0,0
95,Who is the chief operating officer of ohi asset oh llc?,daniel j booth,2,0,0
95,Who is the chief operating officer of ohi asset pa llc?,daniel j booth,2,0,0
95,Who is the chief operating officer of ohi tennessee inc?,daniel j booth,2,0,0
95,Who is the chief operating officer of omega trs i inc?,daniel j booth,2,0,0
95,Who is the chief operating officer of pavillion nursing center north inc?,daniel j booth,2,0,0
95,Who is the chief operating officer of texas lessor stonegate gp inc?,daniel j booth,2,0,0
95,Who is the jr esq of kaye scholer llp?,john r fallon,2,0,0
95,Who is the chief operating officer of omega healthcare investors inc?,daniel j booth,2,0,0
157,Who is the vice president of frost bank?,jason purser,2,0,0
157,Who is the ceo of micropac industries inc?,mark w king,2,0,0
143,Who is the vice president of bank of america na?,anthony luppino,2,0,0
143,Who is the director of bmo harris bank na?,keith watanabe,2,0,0
143,Who is the vp of cadence bank na?,vance waldron,2,0,0
143,Who is the duly authorized signatory of capital one na?,michael j sullivan,2,0,0
143,Who is the vice president of citizens bank na?,ravi pillay,2,0,0
143,Who is the vice president of fifth third bank?,michael h keith,2,0,0
143,Who is the authorized signatory of first tennessee bank national association?,daniel nunes,2,0,0
143,Who is the senior vice president of texas capital bank na?,john kallina,2,0,0
143,Who is the president of wingstop beverages ii inc?,michael j skipworth,2,0,0
143,Who is the president of wingstop beverages inc?,michael j skipworth,2,0,0
143,Who is the chief financial officer of wingstop holdings inc?,michael j skipworth,2,0,0
143,Who is the chief financial officer of wingstop restaurants inc?,michael j skipworth,2,0,0
143,Who is the vice president of wells fargo bank national association?,maureen malphus,2,0,0
143,Who is the chief financial officer of wingstop gcm llc?,michael j skipworth,2,0,0
143,Who is the chief financial officer of wingstop inc?,michael j skipworth,2,0,0
142,Who is the director of bank of america na?,james campbell,2,0,0
142,Who is the director of bank of montreal chicago branch?,brian l banke,2,0,0
142,Who is the vice president of barclays bank plc?,marguerite sutton,2,0,0
142,Who is the vice president of the bank of tokyo mitsubishi ujf ltd?,todd vaubel,2,0,0
142,Who is the assistant vice president of wells fargo bank national association?,j michael quigley,2,0,0
142,Who is the director of citibank na?,michael zeller,2,0,0
142,Who is the director resources and energy group of hsbc bank canada?,jason lang,2,0,0
142,Who is the executive director of jpmorgan chase bank na?,juan j javellana,2,0,0
142,Who is the managing director of mizuho bank ltd?,rob mackinnon,2,0,0
142,Who is the authorized signatory of royal bank of canada?,tim vandegriend,2,0,0
142,Who is the managing director of sumitomo mitsui banking corporation?,james d weinstein,2,0,0
142,Who is the authorized signatory of the toronto dominion bank new york branch?,lexanne cooper,2,0,0
142,Who is the senior financing manager of export development canada?,martin eyok,2,0,0
142,Who is the financing manager of export development canada?,raj acharya,2,0,0
142,Who is the director of canadian imperial bank of commerce new york branch?,anar ramji,2,0,0
142,Who is the managing director of canadian imperial bank of commerce new york branch?,randy geislinger,2,0,0
142,Who is the director of credit agricole corporate and investment bank?,gordon yip,2,0,0
142,Who is the managing director of credit agricole corporate and investment bank?,jeff ferrell,2,0,0
142,Who is the associate of the bank of nova scotia?,jonathan leach,2,0,0
142,Who is the director of the bank of nova scotia?,michael linder,2,0,0
142,Who is the corporate secretary of columbia pipeline group inc?,jon a dobson,2,0,0
142,Who is the controller of columbia pipeline group inc?,nathaniel a brown,2,0,0
142,Who is the principal financial officer of columbia pipeline group inc?,nathaniel a brown,2,0,0
142,Who is the vice president law of transcanada pipelines limited?,christine r johnston,2,0,0
142,Who is the corporate secretary of transcanada pipelines limited?,christine r johnston,2,0,0
142,Who is the treasurer of transcanada pipelines limited?,joel e hunter,2,0,0
142,Who is the vice president finance of transcanada pipelines limited?,joel e hunter,2,0,0
156,Who is the executive director of jpmorgan chase bank na?,timothy lee,2,0,0
156,Who is the chief financial officer of optical coating laboratory?,henk derksen,2,0,0
156,Who is the chief financial officer of viavi solutions llc?,henk derksen,2,0,0
156,Who is the senior vice president of wells fargo capital finance corporation canada?,carmela massari,2,0,0
156,Who is the president and treasurer of viavi solutions canada ulc?,kevin siebert,2,0,0
156,Who is the managing director of viavi solutions deutschland gmbh?,andreas christoph beyertt,2,0,0
156,Who is the vice president of viavi solutions licensing llc?,henk derksen,2,0,0
156,Who is the director of viavi solutions uk limited?,henk derksen,2,0,0
156,Who is the vice president of bnp paribas?,christopher cassidy,2,0,0
156,Who is the director of bnp paribas?,guelay mese,2,0,0
156,Who is the associate of deutsche bank ag new york branch?,jessica lutrario,2,0,0
156,Who is the vice president of deutsche bank ag new york branch?,philip tancorra,2,0,0
156,Who is the executive vice president and chief financial officer of viavi solutions inc?,henk derksen,2,0,0
80,Who is the senior vice president of bank of america?,thomas m paulk,2,0,0
80,Who is the vice president of citibank?,blake gronich,2,0,0
80,Who is the authorized signatory of goldman sachs bank usa?,nicole ferry lacchia,2,0,0
80,Who is the vice president of hsbc bank usa national association?,chris burns,2,0,0
80,Who is the vice president of jp morgan chase bank?,daglas p panchal,2,0,0
80,Who is the senior vice president of pnc bank national association?,richard c brown,2,0,0
80,Who is the vice president of suntrust bank?,mary k lundin,2,0,0
80,Who is the vice president of us bank national association?,brian seipke,2,0,0
80,Who is the senior vice president of wells fargo bank national association?,michael pugsley,2,0,0
80,Who is the executive vice president of cree inc?,michael e mcdevitt,2,0,0
80,Who is the chief financial officer of cree inc?,michael e mcdevitt,2,0,0
80,Who is the chairman of e conolight llc?,charles m swoboda,2,0,0
80,Who is the chief executive officer of e conolight llc?,charles m swoboda,2,0,0
80,Who is the president of e conolight llc?,charles m swoboda,2,0,0
94,Who is the senior vice president of fifth third bank?,william d priester,2,0,0
94,Who is the managing director of jefferies finance llc?,e joseph hess,2,0,0
94,Who is the senior vice president of pnc bank national association?,richard c brown,2,0,0
94,Who is the senior vice president of rbs citizens na?,cheryl carangelo,2,0,0
94,Who is the executive director of sumitomo mitsui banking corporation?,katsuyuki kubo,2,0,0
94,Who is the director of suntrust bank?,ben cumming,2,0,0
94,Who is the managing director of natixis new york branch?,edward t crook,2,0,0
94,Who is the vice president of natixis new york branch?,j stéphane lautner,2,0,0
94,Who is the treasurer of salix pharmaceuticals ltd?,adam c derbyshire,2,0,0
94,Who is the executive vice president finance and administration of salix pharmaceuticals ltd?,adam c derbyshire,2,0,0
94,Who is the assistant secretary of salix pharmaceuticals ltd?,adam c derbyshire,2,0,0
94,Who is the chief financial officer of salix pharmaceuticals ltd?,adam c derbyshire,2,0,0
57,Who is the vice president of bank of america na?,henry pennell,2,0,0
57,Who is the director of barclays bank plc?,sydney g dennis,2,0,0
57,Who is the senior vice president of celanese corporation?,scott a richardson,2,0,0
57,Who is the svp emea and asia of celanese europe bv?,mark oberle,2,0,0
57,Who is the vice president global taxes of elwood cv?,ronnie d berry,2,0,0
57,Who is the vice president of hsbc bank usa national association?,lauren steiner,2,0,0
57,Who is the vice president of morgan stanley bank na?,alysha salinger,2,0,0
57,Who is the vice president of morgan stanley senior funding inc?,alysha salinger,2,0,0
57,Who is the authorized signatory of mufg bank ltd?,thomas j sterr,2,0,0
57,Who is the sr vice president of pnc bank national association?,divyang shah,2,0,0
57,Who is the vice president of us bank national association?,kara p van duzee,2,0,0
57,Who is the director of bank of america?,mukesh singh,2,0,0
57,Who is the treasurer of celanese us holdings llc?,chuck b kyrish,2,0,0
57,Who is the vice president of celanese us holdings llc?,chuck b kyrish,2,0,0
57,Who is the vice president of citibank na?,michael vondriska,2,0,0
57,Who is the director of commerzbank ag new york branch?,john w deegan,2,0,0
57,Who is the vice president of commerzbank ag new york branch?,robert sullivan,2,0,0
57,Who is the vice president of jpmorgan chase bank na?,katherine l hurley,2,0,0
57,Who is the associate director of unicredit bank ag new york branch?,betsy briggs,2,0,0
57,Who is the managing director of unicredit bank ag new york branch?,julien tizorin,2,0,0
57,Who is the director of deutsche bank ag new york branch?,ming k chu,2,0,0
57,Who is the vice president of deutsche bank ag new york branch?,virginia cosenza,2,0,0
5,Who is the senior vice president of acadia west shore expressway llc?,robert masters,2,0,0
5,Who is the senior vice president of pnc bank?,denise smyth,2,0,0
5,Who is the vice president of wells fargo bank?,andrew w hussion,2,0,0
5,Who is the vice president of bank of america na?,roy e alexander,2,0,0
5,Who is the senior vice president of bank of america na?,roy e alexander,2,0,0
1,Who is the authorized signatory of bank of america na?,alexandra m knights,2,0,0
1,Who is the treasurer of franklin resources inc?,mark constant,2,0,0
1,Who is the vice president of franklin resources inc?,mark constant,2,0,0
53,Who is the senior vice president of cadence bank?,charles m joye iii,2,0,0
53,Who is the cfo of jamba inc?,marie perry,2,0,0
53,Who is the treasurer of jamba inc?,marie perry,2,0,0
53,Who is the treasurer of jamba juice advertising fund inc?,marie perry,2,0,0
53,Who is the cfo of jamba juice advertising fund inc?,marie perry,2,0,0
53,Who is the evp of jamba juice company?,marie perry,2,0,0
53,Who is the cao of jamba juice company?,marie perry,2,0,0
53,Who is the secretary of jamba juice company?,marie perry,2,0,0
53,Who is the cfo of jamba juice company?,marie perry,2,0,0
47,Who is the senior vice president of bank of america na?,robert laporte,2,0,0
47,Who is the vice president of barclays bank plc?,samuel coward,2,0,0
47,Who is the vice president of citibank na?,marni mcmanus,2,0,0
47,Who is the vice president of hsbc bank usa na?,john p treadwell jr,2,0,0
47,Who is the vice president of jpmorgan chase bank na?,anthony galea,2,0,0
47,Who is the vice president of pnc bank national association?,bremmer kneib,2,0,0
47,Who is the director of the bank of tokyo mitsubishi ufjltd?,brian mcnany,2,0,0
47,Who is the senior vice president of dnb capital llc?,kristie li,2,0,0
47,Who is the vice president of dnb capital llc?,philip f kurpiewski,2,0,0
47,Who is the chief financial officer and treasurer of united therapeutics corporation?,james edgemond,2,0,0
47,Who is the managing director of wells fargo bank national association?,kirk tesch,2,0,0
152,Who is the manager of mvp realty advisors llc?,michael v shustek,2,0,0
152,Who is the esq of frost brown todd llc?,barry a hines,2,0,0
146,Who is the vice president of citibank?,victoria chant,2,0,0
146,Who is the vice president of wilmington trust?,adam scozzafava,2,0,0
146,Who is the chief legal officer of bcred castle peak funding llc?,marisa j beeney,2,0,0
146,Who is the chief compliance officer of bcred castle peak funding llc?,marisa j beeney,2,0,0
146,Who is the secretary of bcred castle peak funding llc?,marisa j beeney,2,0,0
146,Who is the chief compliance officer of blackstone private credit fund?,marisa j beeney,2,0,0
146,Who is the secretary of blackstone private credit fund?,marisa j beeney,2,0,0
146,Who is the chief legal officer of blackstone private credit fund?,marisa j beeney,2,0,0
90,Who is the treasurer of ashland chemco inc?,william c whitaker,2,0,0
90,Who is the managing director of ashland services bv?,kevin d higgins,2,0,0
90,Who is the director of bank of america?,mukesh singh,2,0,0
90,Who is the vice president of citibank?,michael vondriska,2,0,0
90,Who is the senior vice president of fifth third bank?,michael s barnett,2,0,0
90,Who is the authorized signatory of goldman sachs bank usa?,thomas m manning,2,0,0
90,Who is the avp of hsbc bank usa?,alexander foster,2,0,0
90,Who is the vice president of jpmorgan chase bank?,christopher a salek,2,0,0
90,Who is the authorized signatory of mizuho bank ltd?,donna demagistris,2,0,0
90,Who is the senior vice president of pnc bank?,david c beckett,2,0,0
90,Who is the senior vice president of santander bank?,irv roa,2,0,0
90,Who is the executive director of sumitomo mitsui banking corporation?,michael maguire,2,0,0
90,Who is the senior vice president of td bank?,christopher matheson,2,0,0
90,Who is the director of the bank of nova scotia?,clement yu,2,0,0
90,Who is the executive director of truist bank?,carlos cruz,2,0,0
90,Who is the assistant vice president of us bank national association?,kelsey e hehman,2,0,0
90,Who is the treasurer of ashland global holdings inc?,william c whitaker,2,0,0
90,Who is the vice president of ashland global holdings inc?,william c whitaker,2,0,0
90,Who is the vice president of ashland llc?,william c whitaker,2,0,0
90,Who is the treasurer of ashland llc?,william c whitaker,2,0,0
90,Who is the managing director of bnp paribas?,michael pearce,2,0,0
90,Who is the director of bnp paribas?,todd grossnickle,2,0,0
90,Who is the director of credit agricole corporate and investment bank?,brad matthews,2,0,0
90,Who is the managing director of credit agricole corporate and investment bank?,kaye ea,2,0,0
90,Who is the managing director of ing bank nv?,barry fehily,2,0,0
90,Who is the director of ing bank nv?,sean hassett,2,0,0
84,Who is the director of bank of america?,amie l edwards,2,0,0
84,Who is the authorized signatory of barclays bank plc?,noam azachi,2,0,0
84,Who is the vice president of bokf?,bershunda j taylor,2,0,0
84,Who is the assistant vice president of branch banking and trust company?,ahaz armstrong,2,0,0
84,Who is the vice president of citibank?,john c rowland,2,0,0
84,Who is the vice president of city national bank?,christina p blackwell,2,0,0
84,Who is the account representative of comerica bank?,kyle b oneill,2,0,0
84,Who is the senior vice president of compass bank?,brian tuerff,2,0,0
84,Who is the assistant vice president of fifth third bank?,megan r brearey,2,0,0
84,Who is the executive director of jpmorgan chase bank?,mark costantino,2,0,0
84,Who is the authorized signatory of morgan stanley bank?,michael king,2,0,0
84,Who is the vice president of pnc bank?,kirby r holman,2,0,0
84,Who is the senior vice president of raymond james bank?,james m armstrong,2,0,0
84,Who is the senior vice president of rbs citizens?,samuel a bluso,2,0,0
84,Who is the authorized signatory of royal bank of canada?,joshua freedman,2,0,0
84,Who is the vice president of suntrust bank?,joshua turner,2,0,0
84,Who is the managing director of the bank of new york mellon?,helga blum,2,0,0
84,Who is the vice president of the bank of tokyo mitsubishi ufj?,scott oconnell,2,0,0
84,Who is the vice president of the huntington national bank?,kristy ahee,2,0,0
84,Who is the managing director of the sumitomo mitsui banking corporation?,kazuhisa matsuda,2,0,0
84,Who is the director of wells fargo bank?,andrea s chen,2,0,0
84,Who is the general manager of bank of taiwan?,chwan ming ho,2,0,0
84,Who is the vp of bank of taiwan?,chwan ming ho,2,0,0
84,Who is the svp of cathay united bank?,alexander wu,2,0,0
84,Who is the general manager of cathay united bank?,alexander wu,2,0,0
84,Who is the general manager of esun commercial bank?,edward chen,2,0,0
84,Who is the vp of esun commercial bank?,edward chen,2,0,0
84,Who is the general manager of taiwan cooperative bank?,li hua huang,2,0,0
84,Who is the vp of taiwan cooperative bank?,li hua huang,2,0,0
84,Who is the director of credit suisse ag?,bill odaly,2,0,0
84,Who is the associate of credit suisse ag?,michael donofrio,2,0,0
84,Who is the associate director of ubs ag?,joselin fernandes,2,0,0
84,Who is the director of ubs ag?,lana gifas,2,0,0
84,Who is the senior vice president of health care reit inc?,michael a crabtree,2,0,0
84,Who is the treasurer of health care reit inc?,michael a crabtree,2,0,0
84,Who is the chief executive officer of health care reit inc?,mrgeorgel chapman,2,0,0
84,Who is the chairman of the board of health care reit inc?,mrgeorgel chapman,2,0,0
84,Who is the servicing officer of keybank national association?,audrey pishnery,2,0,0
84,Who is the manager of keybank national association?,elsa obrien,2,0,0
84,Who is the vice president of keybank national association?,laura conway,2,0,0
85,Who is the vice president of redent verification and licensing services llc?,emil hensel,2,0,0
85,Who is the vice president of allied health group llc?,emil hensel,2,0,0
85,Who is the vice president of assent consulting?,emil hensel,2,0,0
85,Who is the vice president of assignment america llc?,emil hensel,2,0,0
85,Who is the senior vice president of bank of america?,kenneth butler,2,0,0
85,Who is the vice president of cc local inc?,emil hensel,2,0,0
85,Who is the vice president of cejka search inc?,emil hensel,2,0,0
85,Who is the vice president of clinforce llc?,emil hensel,2,0,0
85,Who is the vice president of credent verification and licensing services llc?,emil hensel,2,0,0
85,Who is the chief financial officer of cross country healthcare inc?,emil hensel,2,0,0
85,Who is the vice president of cross country publishing llc?,emil hensel,2,0,0
85,Who is the vice president of cross country staffing inc?,emil hensel,2,0,0
85,Who is the vice president of local staff llc?,emil hensel,2,0,0
85,Who is the vice president of mcvt inc?,emil hensel,2,0,0
85,Who is the vice president of medical doctor associates llc?,emil hensel,2,0,0
85,Who is the vice president of mra search inc?,emil hensel,2,0,0
85,Who is the vice president of travel staff llc?,emil hensel,2,0,0
85,Who is the chief financial officer of cross country education llc?,emil hensel,2,0,0
85,Who is the vice president of cross country education llc?,emil hensel,2,0,0
85,Who is the chief financial officer of mda holdings inc?,emil hensel,2,0,0
85,Who is the vice president of mda holdings inc?,emil hensel,2,0,0
85,Who is the assistant controller of metropolitan research associates inc?,emil hensel,2,0,0
85,Who is the vice president of metropolitan research associates inc?,emil hensel,2,0,0
91,Who is the senior vice president of bank of oklahoma?,thomas m foncannon,2,0,0
91,Who is the chief executive officer of earthstone energy inc?,ray singleton,2,0,0
91,Who is the president of earthstone energy inc?,ray singleton,2,0,0
147,Who is the director of bank of america?,joseph l corah,2,0,0
147,Who is the director of barclays bank plc?,ronnie glenn,2,0,0
147,Who is the vice president of citibank?,eugene yermash,2,0,0
147,Who is the authorized signatory of goldman sachs bank usa?,thomas manning,2,0,0
147,Who is the vice president of hsbc bank usa?,jack kelly,2,0,0
147,Who is the managing director of mizuho bank ltd?,raymond ventura,2,0,0
147,Who is the authorized signatory of morgan stanley senior funding inc?,graham robertson,2,0,0
147,Who is the executive director of jpmorgan chase bank?,dawn lee lum,2,0,0
147,Who is the secretary of ppd inc?,b judd hartman,2,0,0
147,Who is the general counsel of ppd inc?,b judd hartman,2,0,0
147,Who is the chief administrative officer of ppd development lp?,b judd hartman,2,0,0
147,Who is the general counsel of ppd development lp?,b judd hartman,2,0,0
147,Who is the secretary of ppd development lp?,b judd hartman,2,0,0
147,Who is the executive vice president of ppd development lp?,b judd hartman,2,0,0
153,Who is the director of citizens bank na?,michael j mcwalters,2,0,0
153,Who is the senior vice president of hsbc bank usa national association?,kyle patterson,2,0,0
153,Who is the senior vice president of keybank national association?,david a wild,2,0,0
153,Who is the managing director of pnc bank national association?,daniel russell,2,0,0
153,Who is the director of silicon valley bank?,francis groccia,2,0,0
153,Who is the vice president of td bank na?,colin murphy,2,0,0
153,Who is the director of truist bank?,renata i levine,2,0,0
153,Who is the executive vice president and chief financial officer of avid technology inc?,kenneth gayron,2,0,0
153,Who is the authorized signatory of jpmorgan chase bank na?,grace mahood,2,0,0
46,Who is the chief executive officer of mvc gp ii llc?,james pinto,2,0,0
46,Who is the manager of mvc gp ii llc?,james pinto,2,0,0
46,Who is the senior vice president of santander bank na?,gregory r russano,2,0,0
46,Who is the vp of wintrust bank?,john paul hills,2,0,0
52,Who is the director of bank of the west?,adriana collins,2,0,0
52,Who is the authorized signatory of goldman sachs bank usa?,annie carr,2,0,0
52,Who is the authorized signatory of morgan stanley bank na?,michael king,2,0,0
52,Who is the authorized signatory of royal bank of canada?,john flores,2,0,0
52,Who is the director of the bank of nova scotia?,michelle c phillips,2,0,0
52,Who is the director of the bank of tokyo mitsubishi ufj ltd?,lauren hom,2,0,0
52,Who is the vice president of the northern trust company?,john lascody,2,0,0
52,Who is the vice president of us bank national association?,jeff benedix,2,0,0
52,Who is the vice president of citibank na?,carolyn kee,2,0,0
52,Who is the managing director of jpmorgan chase bank na?,barry bergman,2,0,0
52,Who is the managing director of wells fargo bank?,james travagline,2,0,0
52,Who is the treasurer of clorox company?,charles r conradi,2,0,0
52,Who is the vice president of tax of clorox company?,charles r conradi,2,0,0
52,Who is the executive vice president of clorox company?,laura stein,2,0,0
78,Who is the clo evp of heartland bank?,phil thomas,2,0,0
78,Who is the chief executive officer of lilis energy inc?,abraham mirman,2,0,0
44,Who is the senior vice president of first tennessee bank?,tiffany e gardner,2,0,0
44,Who is the president of forward air royalty llc?,matthew j jewell,2,0,0
44,Who is the chief financial officer of forward air corporation?,rodney l bell,2,0,0
44,Who is the senior vice president of bank of america?,john m hall,2,0,0
44,Who is the vice president of bank of america?,maria a mcclain,2,0,0
50,Who is the director of bank of america na?,yinghua zhang,2,0,0
50,Who is the senior vice president of fifth third bank?,william d priester,2,0,0
50,Who is the vice president of jpmorganchasebankna?,laura woodward,2,0,0
50,Who is the chief financial officer of myriad genetics inc?,r bryan riggsbee,2,0,0
50,Who is the vice president of pnc bank?,philip k lievscher,2,0,0
50,Who is the managing director of silicon valley bank?,derek r brunelle,2,0,0
50,Who is the vice president of us bank national association?,david green,2,0,0
50,Who is the director of wells fargo bank?,darin mullis,2,0,0
50,Who is the senior vice president of zions first national bank?,michael r brough,2,0,0
50,Who is the vice president of jpmorgan chase bank na?,laura woodward,2,0,0
2,Who is the director of bank of america na?,anthony hoye,2,0,0
2,Who is the duly authorized signatory of capital one na?,paul isaac,2,0,0
2,Who is the senior vice president of citizens bank na?,carl s tabacjar jr,2,0,0
2,Who is the managing director svp of fifth third bank national association?,mary ramsey,2,0,0
2,Who is the senior vice president of hsbc bank usa na?,jaime mariano,2,0,0
2,Who is the senior vice president of pnc bank national association?,mary f molnar,2,0,0
2,Who is the vice president of the huntington national bank?,phil andresen,2,0,0
2,Who is the director of truist bank?,alysa trakas,2,0,0
2,Who is the vice president of u s bank national association?,adam j kultgen,2,0,0
2,Who is the director of wells fargo bank national association?,carl hinrichs,2,0,0
2,Who is the chief financial officer of dicks sporting goods inc?,navdeep gupta,2,0,0
2,Who is the executive vice president of dicks sporting goods inc?,navdeep gupta,2,0,0
2,Who is the authorized signatory of the toronto dominion bank?,michael borowiecki,2,0,0
145,Who is the vice president of ap kent credit master fund lp?,joseph d glatt,2,0,0
145,Who is the vice president of apollo a n credit fund delaware lp?,joseph d glatt,2,0,0
145,Who is the vice president of apollo accord master fund iii lp?,joseph d glatt,2,0,0
145,Who is the vice president of apollo centre street partnership lp?,joseph d glatt,2,0,0
145,Who is the director of apollo credit funds icav?,joseph d glatt,2,0,0
145,Who is the director of apollo credit master fund ltd?,guy major,2,0,0
145,Who is the director of apollo credit strategies master fund ltd?,tammy jennissen,2,0,0
145,Who is the vice president of apollo lincoln fixed income fund lp?,joseph d glatt,2,0,0
145,Who is the vice president of apollo moultrie credit fund lp?,joseph d glatt,2,0,0
145,Who is the vice president of apollo tactical value spn investments lp?,joseph d glatt,2,0,0
145,Who is the vice president of apollo tr enhanced levered yield llc?,joseph d glatt,2,0,0
145,Who is the director of apollo tr opportunistic ltd?,joseph d glatt,2,0,0
145,Who is the vice president of athene annuity and life assurance company?,joseph d glatt,2,0,0
145,Who is the vice president of athene annuity and life company?,joseph d glatt,2,0,0
145,Who is the vice president of athora lux invest scsp?,joseph d glatt,2,0,0
145,Who is the manager of atlantic power holdings srl?,christopher stephen guinta,2,0,0
145,Who is the chief financial officer of new fortress intermediate llc?,christopher stephen guinta,2,0,0
145,Who is the chief financial officer of nfe atlantic holdings llc?,christopher stephen guinta,2,0,0
145,Who is the authorized signatory of nfe bahamas holdings ltd?,christopher stephen guinta,2,0,0
145,Who is the chief financial officer of nfe sub llc?,christopher stephen guinta,2,0,0
145,Who is the director of path ltd?,christopher stephen guinta,2,0,0
145,Who is the associate counsel of cortland capital market services llc?,emily ergang pappas,2,0,0
145,Who is the executive assistant of nfe shannon holdings limited?,lana guardino,2,0,0
145,Who is the executive assistant of shannon holdings limited?,lana guardino,2,0,0
145,Who is the executive assistant of shannon lng energy limited?,lana guardino,2,0,0
151,Who is the executive vice president of bank of china?,raymond qiao,2,0,0
151,Who is the director of barclays bank plc?,ronnie glenn,2,0,0
151,Who is the vice president of citibank?,richard rivera,2,0,0
151,Who is the authorized signatory of goldman sachs bank usa?,william e briggs iv,2,0,0
151,Who is the managing director of hsbc bank usa?,iain p stewart,2,0,0
151,Who is the vice president of keybank?,tanille ingle,2,0,0
151,Who is the executive director of mizuho bankltd?,tracy rahn,2,0,0
151,Who is the authorized signatory of morgan stanley bank?,michael king,2,0,0
151,Who is the authorized signatory of mufg bankltd?,jack lonker,2,0,0
151,Who is the authorized signatory of royal bank of canada?,scott macvicar,2,0,0
151,Who is the executive director of sumitomo mitsui bankning corporation?,gail motonaga,2,0,0
151,Who is the director of the bank of new york mellon?,jennifer s oneill,2,0,0
151,Who is the director of the bank of nova scotia?,arjun talwalkar,2,0,0
151,Who is the senior vice president of us bank national association?,maria massimino,2,0,0
151,Who is the managing director of wells fargo bank?,andrea s chen,2,0,0
151,Who is the treasurer of thermo fisher scientific inc?,anthony h smith,2,0,0
151,Who is the vice president tax and treasury of thermo fisher scientific inc?,anthony h smith,2,0,0
151,Who is the vice president of bank of america?,christopher coney,2,0,0
151,Who is the drector of bank of america?,joseph l corah,2,0,0
151,Who is the executive director of jpmorgan chase bank?,gregory t martin,2,0,0
151,Who is the vice president of jpmorgan chase bank?,robert botcherby,2,0,0
151,Who is the executive director of nordea bank abp?,anders holmgaard,2,0,0
151,Who is the first vice president of nordea bank abp?,ola anderssen,2,0,0
87,Who is the assistant vice president of bank of america?,melissa mullis,2,0,0
87,Who is the senior credit manager of hsbc bank usa?,robert levins,2,0,0
87,Who is the managing director of jpmorgan chase bank?,john emery,2,0,0
87,Who is the vice president of manufacturers and traders trust company?,sarah c lesser,2,0,0
87,Who is the director of suntrust bank?,chris hursey,2,0,0
87,Who is the vice president of afi licensing llc?,douglas b bingham,2,0,0
87,Who is the treasurer of afi licensing llc?,douglas b bingham,2,0,0
87,Who is the chief financial officer of armstrongflooringinc?,ronald d ford,2,0,0
87,Who is the senior vice president of armstrongflooringinc?,ronald d ford,2,0,0
93,Who is the senior vice president of austin 290 properties inc?,erin d pickens,2,0,0
93,Who is the senior vice president of comerica bank?,sterling j silver,2,0,0
93,Who is the senior vice president of stratus properties inc?,erin d pickens,2,0,0
92,Who is the president and chief executive officer of cypress pharmaceuticals inc?,cooper c collins,2,0,0
92,Who is the president and chief executive officer of gaine inc?,cooper c collins,2,0,0
92,Who is the president and chief executive officer of gta gp inc?,cooper c collins,2,0,0
92,Who is the president and chief executive officer of hawthorn pharmaceuticals inc?,cooper c collins,2,0,0
92,Who is the director of midcap funding v llc?,michael min,2,0,0
92,Who is the director of midcap funding vi llc?,michael min,2,0,0
92,Who is the president and chief executive officer of pernix acquisition corp i?,cooper c collins,2,0,0
92,Who is the president and chief executive officer of pernix manufacturing llc?,cooper c collins,2,0,0
92,Who is the president and chief executive officer of pernix therapeutics holdings inc?,cooper c collins,2,0,0
92,Who is the president and chief executive officer pernix therapeutics holdings inc sole member and sole manager of pernix therapeutics llc of pernix therapeutics llc?,cooper c collins,2,0,0
92,Who is the president of respicopea inc?,cooper c collins,2,0,0
86,Who is the vice president of comerica bank?,wayne liao,2,0,0
86,Who is the executive vice president of id analytics inc?,chris power,2,0,0
86,Who is the executive vice president of ida inc?,chris power,2,0,0
86,Who is the cfo of lifelock inc?,chris power,2,0,0
86,Who is the authorized signatory of royal bank of canada?,mark s gronich,2,0,0
86,Who is the rm ii of silicon valley bank?,jay wefel,2,0,0
86,Who is the senior vice president of bank of america?,julie yamauchi,2,0,0
86,Who is the vice president of bank of america?,rosanne parsill,2,0,0
150,Who is the authorized signatory of credit suisse loan funding llc?,jinah lim,2,0,0
150,Who is the ceo of national cinemedia llc?,tom lesinski,2,0,0
150,Who is the vice president of wilmington savings fund society fsb?,raye goldsborough,2,0,0
144,Who is the authorized signatory of midcap financial trust?,maurice amsellem,2,0,0
144,Who is the treasurer of radius health inc?,josé i carmona,2,0,0
144,Who is the treasurer of radius pharmaceuticals inc?,josé i carmona,2,0,0
144,Who is the vice president of apollo investment corporation?,joseph d glatt,2,0,0
51,Who is the vice president of morgan stanley senior funding inc?,cody gunsch,2,0,0
51,Who is the vp of mufg union bank na?,sonia flores,2,0,0
51,Who is the vice president finance of calpine corporation?,zamir rauf,2,0,0
51,Who is the treasurer of calpine corporation?,zamir rauf,2,0,0
3,Who is the secretary of grapevine metro hotel gp llc?,christopher eng,2,0,0
3,Who is the secretary of summit hospitality jv lp?,christopher eng,2,0,0
3,Who is the secretary of summit hospitality subjv llc?,christopher eng,2,0,0
3,Who is the secretary of summit hotel trs 156 llc?,christopher eng,2,0,0
3,Who is the secretary of summit jv mr 2 llc?,christopher eng,2,0,0
3,Who is the secretary of summit jv mr 3 llc?,christopher eng,2,0,0
3,Who is the secretary of summit nci jv 158 llc?,christopher eng,2,0,0
3,Who is the secretary of summit nci jv 159 llc?,christopher eng,2,0,0
3,Who is the secretary of summit nci jv 160 llc?,christopher eng,2,0,0
3,Who is the secretary of summit nci jv 161 llc?,christopher eng,2,0,0
3,Who is the secretary of summit nci jv 162 llc?,christopher eng,2,0,0
3,Who is the secretary of summit nci jv 165 llc?,christopher eng,2,0,0
3,Who is the secretary of summit nci jv 166 llc?,christopher eng,2,0,0
3,Who is the secretary of summit nci jv 169 llc?,christopher eng,2,0,0
3,Who is the secretary of summit nci jv 171 llc?,christopher eng,2,0,0
3,Who is the secretary of summit nci jv 172 llc?,christopher eng,2,0,0
3,Who is the secretary of summit nci jv 173 llc?,christopher eng,2,0,0
3,Who is the secretary of summit nci jv 175 llc?,christopher eng,2,0,0
3,Who is the secretary of summit nci jv 176 llc?,christopher eng,2,0,0
3,Who is the secretary of summit nci jv 177 llc?,christopher eng,2,0,0
3,Who is the secretary of summit nci jv 178 llc?,christopher eng,2,0,0
3,Who is the secretary of summit nci jv 181 llc?,christopher eng,2,0,0
3,Who is the secretary of summit nci jv 182 183 llc?,christopher eng,2,0,0
3,Who is the secretary of summit nci jv br 156 159 llc?,christopher eng,2,0,0
3,Who is the secretary of summit nci jv br 160 llc?,christopher eng,2,0,0
3,Who is the secretary of summit nci jv br 161 llc?,christopher eng,2,0,0
3,Who is the secretary of summit nci jv br 162 llc?,christopher eng,2,0,0
3,Who is the secretary of summit nci jv br 163 164 llc?,christopher eng,2,0,0
3,Who is the secretary of summit nci jv br 165 llc?,christopher eng,2,0,0
3,Who is the secretary of summit nci jv br 166 llc?,christopher eng,2,0,0
3,Who is the secretary of summit nci jv br 167 168 llc?,christopher eng,2,0,0
3,Who is the secretary of summit nci jv br 169 llc?,christopher eng,2,0,0
3,Who is the secretary of summit nci jv br 171 llc?,christopher eng,2,0,0
3,Who is the secretary of summit nci jv br 172 llc?,christopher eng,2,0,0
3,Who is the secretary of summit nci jv br 173 llc?,christopher eng,2,0,0
3,Who is the secretary of summit nci jv br 174 llc?,christopher eng,2,0,0
3,Who is the secretary of summit nci jv br 175 llc?,christopher eng,2,0,0
3,Who is the secretary of summit nci jv br 176 llc?,christopher eng,2,0,0
3,Who is the secretary of summit nci jv br 177 llc?,christopher eng,2,0,0
3,Who is the secretary of summit nci jv br 178 llc?,christopher eng,2,0,0
3,Who is the secretary of summit nci jv br 179 llc?,christopher eng,2,0,0
3,Who is the secretary of summit nci jv br 180 llc?,christopher eng,2,0,0
3,Who is the secretary of summit nci jv br 181 llc?,christopher eng,2,0,0
3,Who is the secretary of summit nci jv br 182 183 llc?,christopher eng,2,0,0
3,Who is the secretary of summit nci master trs inc?,christopher eng,2,0,0
3,Who is the secretary of summit nci nola br 184 llc?,christopher eng,2,0,0
3,Who is the secretary of supreme bright bricktown ii llc?,christopher eng,2,0,0
3,Who is the secretary of supreme bright bricktown iii llc?,christopher eng,2,0,0
3,Who is the secretary of supreme bright bryan llc?,christopher eng,2,0,0
3,Who is the secretary of supreme bright dallas ii llc?,christopher eng,2,0,0
3,Who is the secretary of supreme bright frisco ii llc?,christopher eng,2,0,0
3,Who is the managing director of wells fargo bank national association?,anand j jobanputra,2,0,0
3,Who is the avp of bank of america na?,cindy jordan,2,0,0
3,Who is the vice president of bank of america na?,kyle pearson,2,0,0
45,Who is the chief financial officer of pinnacle bank?,harold r carpenter,2,0,0
45,Who is the client services representative of us bank national association?,cynthia m olson,2,0,0
45,Who is the portfolio manager of us bank national association?,eric niedbalski,2,0,0
45,Who is the senior vice president of us bank national association?,mark r cousineau,2,0,0
79,Who is the vice president of associated bank national association?,gregory a conner,2,0,0
79,Who is the senior vice president of branch banking and trust company?,mark edwards,2,0,0
79,Who is the sr vp of compass bank?,s kent gorman,2,0,0
79,Who is the vice president of fifth third bank?,casey gehrig,2,0,0
79,Who is the vice president of first hawaiian bank?,derek chang,2,0,0
79,Who is the senior vice president of first tennessee bank?,jean m brennan,2,0,0
79,Who is the authorized signatory of mizuho bankltd?,noel purcell,2,0,0
79,Who is the authorized signatory of morgan stanley bank?,michael king,2,0,0
79,Who is the vice president of pnc bank national association?,john r roach jr,2,0,0
79,Who is the director of regions bank?,michael r mellott,2,0,0
79,Who is the senior vice president of us bank national association?,david heller,2,0,0
79,Who is the vice president of bank of america?,cheryl snoor,2,0,0
79,Who is the vice president of citigroup global markets inc?,john c rowland,2,0,0
79,Who is the authorized signatory of royal bank of canada?,dan lepage,2,0,0
79,Who is the senior vice president of bank hapoalim bm?,charles mclaughlin,2,0,0
79,Who is the vice president of bank hapoalim bm?,helen h gateson,2,0,0
79,Who is the associate director of ubs ag stamford branch?,craig pearson,2,0,0
79,Who is the director of ubs ag stamford branch?,darlene arias,2,0,0
79,Who is the director of wells fargo bank national association?,d bryan gregory,2,0,0
79,Who is the treasurer of select income reit?,john c popeo,2,0,0
79,Who is the chief financial officer of select income reit?,john c popeo,2,0,0
79,Who is the assistant secretary of select income reit?,john c popeo,2,0,0
22,Who is the vice president of bank of america na?,ajay jagsi,2,0,0
22,Who is the authorized officer of jpmorgan chase bank na?,anca loghin,2,0,0
22,Who is the authorized signatory of royal bank of canada?,alexandre camerlain,2,0,0
22,Who is the treasurer of oil states international inc?,lloyd a hajdik,2,0,0
22,Who is the executive vice president of oil states international inc?,lloyd a hajdik,2,0,0
22,Who is the chief financial officer of oil states international inc?,lloyd a hajdik,2,0,0
36,Who is the authorized signatory of morgan stanley senior funding inc?,reagan philipp,2,0,0
36,Who is the chief financial officer of silicon graphics international corp?,robert j nikl,2,0,0
123,Who is the avp of bank of america na?,kyle lewis,2,0,0
123,Who is the vice president of citibank na?,lisa huang,2,0,0
123,Who is the authorized signatory of goldman sachs bank usa?,robert ehudin,2,0,0
123,Who is the vice president of jpmorgan chase bank na?,gene r riego de dios,2,0,0
123,Who is the vice president of pnc bank?,brandon k fiddler,2,0,0
123,Who is the authorized signatory of royal bank of canada?,julia ivanova,2,0,0
123,Who is the director of the bank of tokyo mitsubishi ufj ltd?,ravneet mumick,2,0,0
123,Who is the vp of the northern trust company?,kimberly a crotty,2,0,0
123,Who is the senior vice president of us bank national association?,steven l sawyer,2,0,0
123,Who is the director of wells fargo bank?,andrew payne,2,0,0
123,Who is the vice president of newell rubbermaid inc?,john b ellis,2,0,0
123,Who is the treasurer of newell rubbermaid inc?,john b ellis,2,0,0
123,Who is the director of ing bank nv?,sean hassett,2,0,0
123,Who is the vice president of ing bank nv?,shaun hawley,2,0,0
137,Who is the secretary of summit hotel op lp?,christopher eng,2,0,0
137,Who is the secretary of summit hotel properties inc?,christopher eng,2,0,0
137,Who is the secretary of summit hotel trs 035 llc?,christopher eng,2,0,0
137,Who is the secretary of summit hotel trs 130 llc?,christopher eng,2,0,0
137,Who is the vice president of bank of america na?,john sletten,2,0,0
137,Who is the senior vice president of branch banking and trust company?,eric searls,2,0,0
137,Who is the vice president of keybank national association?,james komperda,2,0,0
137,Who is the vice president of pnc bank national association?,joseph j seroke,2,0,0
137,Who is the senior vice president of raymond james bank na?,alexander l rody,2,0,0
137,Who is the vice president of regions bank?,t barrett vawter,2,0,0
137,Who is the authorized signatory of royal bank of canada?,joshua freedman,2,0,0
137,Who is the senior vice president of us bank national association?,scott dejong,2,0,0
137,Who is the managing director of deutsche bank ag new york branch?,james rolison,2,0,0
137,Who is the vice president of deutsche bank ag new york branch?,murray mackinnon,2,0,0
122,Who is the treasurer of aon corporation?,paul hagy,2,0,0
122,Who is the director of australia and new zealand bank group limited?,robert grillo,2,0,0
122,Who is the director of bank of america na?,christopher choi,2,0,0
122,Who is the assistant vice president of barclays bank plc?,arti sugunan,2,0,0
122,Who is the director of hsbc bank usa na?,jody feldman,2,0,0
122,Who is the director of ing bank nv?,diederik sluijs,2,0,0
122,Who is the vice president of jpmorgan chase bank na?,kristen m murphy,2,0,0
122,Who is the authorized signatory of morgan stanley bank na?,michael king,2,0,0
122,Who is the director of national australia bank limited?,bill seabrook,2,0,0
122,Who is the managing director of the bank of new york mellon?,kenneth p sneiderjr,2,0,0
122,Who is the managing director of the bank of nova scotia?,thane rattew,2,0,0
122,Who is the director of wells fargo bank national association?,michelle s dagenhart,2,0,0
122,Who is the general manager of bank of china luxembourg?,zhao caiyan,2,0,0
122,Who is the vice president of citibank na?,maureen maroney,2,0,0
122,Who is the director of aon uk limited?,n j hardman,2,0,0
122,Who is the secretary of aon uk limited?,p a hogwood,2,0,0
122,Who is the vice president of bank of montreal?,anna smith,2,0,0
37,Who is the vice president of amegy bank national association?,kelly nash,2,0,0
37,Who is the senior vice president of branch banking and trust company?,mark grover,2,0,0
37,Who is the vice president of citizens bank na?,judith a huckins,2,0,0
37,Who is the vice president of cobank acb?,bryan ervin,2,0,0
37,Who is the vice president of compass bank?,raj nambiar,2,0,0
37,Who is the vice president of jpmorgan chase bank na?,john kushnerick,2,0,0
37,Who is the vice president of keybank national association?,tad stainbrook,2,0,0
37,Who is the director of mufg union bank na?,sandra cortes,2,0,0
37,Who is the senior vice president of pnc bank national association?,philip k liebscher,2,0,0
37,Who is the vice president of us bank national association?,steven dixon,2,0,0
37,Who is the senior vice president of wells fargo bank national association?,felix miranda,2,0,0
37,Who is the executive vice president of waste connections inc?,worthing f jackman,2,0,0
37,Who is the chief financial officer of waste connections inc?,worthing f jackman,2,0,0
37,Who is the managing director of bank of america na?,maria f maia,2,0,0
23,Who is the chief financial officer of aee solar inc?,tom vonreichbauer,2,0,0
23,Who is the vice president of bank of america na?,holli balzar,2,0,0
23,Who is the secretary of clean energy experts llc?,jeanna steele,2,0,0
23,Who is the managing director of credit agricole corporate and investment bank?,andrew sidford,2,0,0
23,Who is the senior vice president of keybank national association?,jonathan m bouvet,2,0,0
23,Who is the authorized signatory of morgan stanley senior funding inc?,michael king,2,0,0
23,Who is the authorized signatory of royal bank of canada?,mark w condon,2,0,0
23,Who is the managing director of silicon valley bank?,jordan kanis,2,0,0
23,Who is the chief financial officer of sunrun inc?,tom vonreichbauer,2,0,0
23,Who is the chief financial officer of sunrun installation services inc?,paul dickson,2,0,0
23,Who is the chief financial officer of sunrun south llc?,tom vonreichbauer,2,0,0
23,Who is the chief financial officer of vivint solar developer llc?,tom vonreichbauer,2,0,0
23,Who is the chief financial officer of vivint solar holdings inc?,tom vonreichbauer,2,0,0
23,Who is the chief financial officer of vivint solar inc?,tom vonreichbauer,2,0,0
23,Who is the chief financial officer of vivint solar operations llc?,tom vonreichbauer,2,0,0
23,Who is the director of mufg bank ltd?,michael agrimis,2,0,0
23,Who is the managing director of deutsche bank ag new york branch?,jeremy eisman,2,0,0
23,Who is the director of deutsche bank ag new york branch?,kyle hatze,2,0,0
35,Who is the vice president of bank of america na?,raza jafferi,2,0,0
35,Who is the senior vice president of branch banking and trust company?,devon j lang,2,0,0
35,Who is the vice president of citibank na?,maureen maroney,2,0,0
35,Who is the authorized signatory of goldman sachs bank usa?,rebecca kratz,2,0,0
35,Who is the treasurer of hess capital services llc?,eric s fishman,2,0,0
35,Who is the treasurer of hess international holdings limited?,eric s fishman,2,0,0
35,Who is the treasurer of hess netherlands oil and gas holdings cv?,eric s fishman,2,0,0
35,Who is the treasurer of hess oil and gas holdings inc?,eric s fishman,2,0,0
35,Who is the treasurer of hess overseas finance investments centre limited?,eric s fishman,2,0,0
35,Who is the director of hsbc bank usa na?,steven smith,2,0,0
35,Who is the vice president of ing capital llc?,hans beekmans,2,0,0
35,Who is the authorized signatory of mizuho bank ltd?,leon mo,2,0,0
35,Who is the authorized signatory of morgan stanley bank na?,michael king,2,0,0
35,Who is the managing director of sumitomo mitsui banking corporation?,james d weinstein,2,0,0
35,Who is the director of the bank of nova scotia?,j frazell,2,0,0
35,Who is the vice president of the bank of tokyo mitsubishi ufj ltd?,kevin sparks,2,0,0
35,Who is the senior vice president of the northern trust company?,sophia love,2,0,0
35,Who is the authorized signatory of the royal bank of scotland plc?,steve ray,2,0,0
35,Who is the vice president of us bank national association?,john m eyerman,2,0,0
35,Who is the vice president of wells fargo bank national association?,peter carini,2,0,0
35,Who is the executive vice president of bank of china?,haifeng xu,2,0,0
35,Who is the director of bnp paribas?,claudia zarate,2,0,0
35,Who is the vice president of bnp paribas?,nicolas anberree,2,0,0
35,Who is the managing director of commerzbank ag?,diane pockaj,2,0,0
35,Who is the vice president of intesa sanpaolo spa?,glen binder,2,0,0
35,Who is the global relationship manager of intesa sanpaolo spa?,marco pizzi,2,0,0
35,Who is the vice president of jpmorgan chase bank na?,debra hrelja,2,0,0
35,Who is the associate director of standard chartered bank?,hsing h huang,2,0,0
35,Who is the managing director capital markets of standard chartered bank?,steve aloupis,2,0,0
35,Who is the director of banco bilbao argentaria sa?,nurys maleki,2,0,0
35,Who is the managing director of banco bilbao argentaria sa?,veronica incera,2,0,0
35,Who is the chief financial officer of hess corporation?,john p rielly,2,0,0
35,Who is the general counsel of hess corporation?,timothy b goodell,2,0,0
21,Who is the authorized signatory of ally bank?,robert j shusterman,2,0,0
21,Who is the authorized person of bgsl big sky funding llc?,marisa beeney,2,0,0
21,Who is the authorized person of blackstone holdings finance co llc?,eric liaw,2,0,0
21,Who is the authorized person of blackstone private credit fund?,marisa beeney,2,0,0
21,Who is the authorized person of blackstone secured lending fund?,marisa beeney,2,0,0
21,Who is the authorized person of emerald direct lending 1 limited partnership?,marisa beeney,2,0,0
21,Who is the authorized signatory of goldman sachs bank usa?,danielle spar,2,0,0
21,Who is the secretary of ld intermediate holdings inc?,dawn m wilson,2,0,0
21,Who is the treasurer of ld topco inc?,dawn m wilson,2,0,0
21,Who is the assistant vice president of wilmington trust national association?,nicole kroll,2,0,0
21,Who is the secretary of wvld acquisition corp?,dawn m wilson,2,0,0
21,Who is the secretary of ld lower holdings inc?,dawn m wilson,2,0,0
21,Who is the treasurer of ld lower holdings inc?,dawn m wilson,2,0,0
108,Who is the executive vice president of edr lexington i llc?,randall h brown,2,0,0
108,Who is the executive vice president of education realty operating partnership lp?,randall h brown,2,0,0
108,Who is the treasurer of 3949 lindell llc?,randall h brown,2,0,0
108,Who is the executive vice president of 3949 lindell llc?,randall h brown,2,0,0
108,Who is the treasurer of carrollton place llc?,randall h brown,2,0,0
108,Who is the executive vice president of carrollton place llc?,randall h brown,2,0,0
108,Who is the executive vice president of cottages w lafayette in ll?,randall h brown,2,0,0
108,Who is the treasurer of cottages w lafayette in ll?,randall h brown,2,0,0
108,Who is the executive vice president of cv east lansing mi llc?,randall h brown,2,0,0
108,Who is the treasurer of cv east lansing mi llc?,randall h brown,2,0,0
108,Who is the executive vice president of district on 5th tuscon az llc?,randall h brown,2,0,0
108,Who is the treasurer of district on 5th tuscon az llc?,randall h brown,2,0,0
108,Who is the treasurer of east edge tuscaloosa llc?,randall h brown,2,0,0
108,Who is the executive vice president of east edge tuscaloosa llc?,randall h brown,2,0,0
108,Who is the treasurer of edr austin llc?,randall h brown,2,0,0
108,Who is the executive vice president of edr austin llc?,randall h brown,2,0,0
108,Who is the executive vice president of edr berkeley lp?,randall h brown,2,0,0
108,Who is the treasurer of edr berkeley lp?,randall h brown,2,0,0
108,Who is the executive vice president of edr carbondale llc?,randall h brown,2,0,0
108,Who is the treasurer of edr carbondale llc?,randall h brown,2,0,0
108,Who is the executive vice president of edr charlottesville jefferson llc?,randall h brown,2,0,0
108,Who is the treasurer of edr charlottesville jefferson llc?,randall h brown,2,0,0
108,Who is the executive vice president of edr charlottesville llc?,randall h brown,2,0,0
108,Who is the treasurer of edr charlottesville llc?,randall h brown,2,0,0
108,Who is the executive vice president of edr charlottesville wertland llc?,randall h brown,2,0,0
108,Who is the treasurer of edr charlottesville wertland llc?,randall h brown,2,0,0
108,Who is the treasurer of edr gainesville limited partnership?,randall h brown,2,0,0
108,Who is the executive vice president of edr gainesville limited partnership?,randall h brown,2,0,0
108,Who is the vice president of edr lawrence limited partnership?,randall h brown,2,0,0
108,Who is the secretary of edr lawrence limited partnership?,randall h brown,2,0,0
108,Who is the vice president of edr orlando limited partnership?,randall h brown,2,0,0
108,Who is the secretary of edr orlando limited partnership?,randall h brown,2,0,0
108,Who is the treasurer of edr oxford llc?,randall h brown,2,0,0
108,Who is the executive vice president of edr oxford llc?,randall h brown,2,0,0
108,Who is the treasurer of edr statesboro llc?,randall h brown,2,0,0
108,Who is the executive vice president of edr statesboro llc?,randall h brown,2,0,0
108,Who is the executive vice president of edr syracuse campus west llc?,randall h brown,2,0,0
108,Who is the treasurer of edr syracuse campus west llc?,randall h brown,2,0,0
108,Who is the executive vice president of edr syracuse ll?,randall h brown,2,0,0
108,Who is the treasurer of edr syracuse ll?,randall h brown,2,0,0
108,Who is the secretary of edr tallahassee limited partnership?,randall h brown,2,0,0
108,Who is the vice president of edr tallahassee limited partnership?,randall h brown,2,0,0
108,Who is the vice president of edr tampa limited partnership?,randall h brown,2,0,0
108,Who is the secretary of edr tampa limited partnership?,randall h brown,2,0,0
108,Who is the assistant vice president of fifth third bank an ohio banking corporation?,michael p perillo,2,0,0
108,Who is the vice president of keybank national association?,gregory w lane,2,0,0
108,Who is the executive vice president of province kent oh llc?,randall h brown,2,0,0
108,Who is the treasurer of province kent oh llc?,randall h brown,2,0,0
108,Who is the treasurer of retreat at state college llc?,randall h brown,2,0,0
108,Who is the executive vice president of retreat at state college llc?,randall h brown,2,0,0
108,Who is the executive vice president of the province greenville nc lp?,randall h brown,2,0,0
108,Who is the treasurer of the province greenville nc lp?,randall h brown,2,0,0
108,Who is the executive vice president of university village towers lp?,randall h brown,2,0,0
108,Who is the treasurer of university village towers lp?,randall h brown,2,0,0
134,Who is the vice president of banc of california national association?,nelson arteaga,2,0,0
134,Who is the senior vice president of east west bank?,janet chao,2,0,0
134,Who is the authorized signatory of sb gaming llc?,darren drake,2,0,0
134,Who is the authorized signatory of stockbridge sbe investment company llc?,darren drake,2,0,0
134,Who is the authorized signatory of stockbridge sbe holdings llc?,darren drake,2,0,0
134,Who is the vice president of jpmorgan chase bank na?,mohammad s hasan,2,0,0
120,Who is the vice president of associated bank?,greg conner,2,0,0
120,Who is the managing director of bmo harris bank?,mark w piekos,2,0,0
120,Who is the senior vice president of branch banking and trust company?,mark a edwards,2,0,0
120,Who is the senior vice president of capital one?,frederick h denecke,2,0,0
120,Who is the senior vice president of compass bank?,kent gorman,2,0,0
120,Who is the vice president of fifth third bank?,michael glandt,2,0,0
120,Who is the senior vice president of pnc bank?,john t murphy,2,0,0
120,Who is the vice president of regions bank?,lori chambers,2,0,0
120,Who is the authorized signatory of royal bank of canada?,dan lepage,2,0,0
120,Who is the executive officer of sumitomo mitsui banking corporation?,william g karl,2,0,0
120,Who is the vice president of td bank na?,rory desmond,2,0,0
120,Who is the managing director of the bank of new york mellon?,helga blum,2,0,0
120,Who is the senior vice president of us bank national association?,curt steiner,2,0,0
120,Who is the vice president of bank of america na?,cheryl sneor,2,0,0
120,Who is the executive director of jpmorgan chase bank na?,marc costantino,2,0,0
120,Who is the vp of mega international commercial bank co ltd?,angela chen,2,0,0
120,Who is the deputy gm of mega international commercial bank co ltd?,angela chen,2,0,0
120,Who is the director of the bank of nova scotia?,chad hale,2,0,0
120,Who is the executive head of the bank of nova scotia?,chad hale,2,0,0
120,Who is the senior vice president of wells fargo bank?,winita lau,2,0,0
120,Who is the senior vice president of bank hapoalim bm?,charles mclaughlin,2,0,0
120,Who is the vice president of bank hapoalim bm?,james p surless,2,0,0
120,Who is the executive vice president of equity commonwealth?,adam markman,2,0,0
120,Who is the treasurer of equity commonwealth?,adam markman,2,0,0
120,Who is the chief financial officer of equity commonwealth?,adam markman,2,0,0
121,Who is the senior vice president of bank of america na?,steven k kessler,2,0,0
121,Who is the managing director of bank of the west?,joshua r pirozzolo,2,0,0
121,Who is the assistant vice president of branch banking and trust company?,andrey rudnitsky,2,0,0
121,Who is the vice president of citizens bank national association?,darran wee,2,0,0
121,Who is the senior vice president of compass bank?,michael dixon,2,0,0
121,Who is the vice president of fifth third bank?,s bradley mcdougall,2,0,0
121,Who is the vice president of first hawaiian bank?,derek chang,2,0,0
121,Who is the vice president of first tennessee bank national association?,shirley shipley,2,0,0
121,Who is the senior vice president of hsbc bank usa?,joseph philbin,2,0,0
121,Who is the executive director of jpmorgan chase bank na?,brian grossman,2,0,0
121,Who is the authorized signatory of mizuho bankltd?,donna demagistris,2,0,0
121,Who is the authorized signatory of mufg union bank na?,victor pierzchalski,2,0,0
121,Who is the vice president of pnc bank?,christopher r hermann,2,0,0
121,Who is the vice president of regions bank?,eric harvey,2,0,0
121,Who is the vice president of santander bank na?,daniel vilarelle,2,0,0
121,Who is the managing director of sumitomo mitsui banking corporation?,shuji yabe,2,0,0
121,Who is the director of suntrust bank?,chris hursey,2,0,0
121,Who is the deputy general manager of taiwan business bank?,jason jean,2,0,0
121,Who is the assistant general manager of taiwan cooperative bank ltd?,li yin wang,2,0,0
121,Who is the senior vice president of td bank na?,michele dragonetti,2,0,0
121,Who is the director of the metropolitan life insurance company?,steven r bruno,2,0,0
121,Who is the vp of the northern trust company?,murtuza ziauddin,2,0,0
121,Who is the senior vice president of united bank?,carla balesano,2,0,0
121,Who is the vice president of us bank national association?,corey j davis,2,0,0
121,Who is the vice president of wells fargo bank na?,mary r wright,2,0,0
121,Who is the branch manager of bank of china?,kefel xu,2,0,0
121,Who is the svp of bank of china?,kefel xu,2,0,0
121,Who is the general manager of bank of taiwan?,jane chang,2,0,0
121,Who is the vp of bank of taiwan?,jane chang,2,0,0
121,Who is the director of bmo harris bank na?,paul hultgren,2,0,0
121,Who is the svp of bmo harris bank na?,paul hultgren,2,0,0
121,Who is the vp of mega international commercial bank?,angela chen,2,0,0
121,Who is the dgm of mega international commercial bank?,angela chen,2,0,0
121,Who is the general counsel of regal beloit corporation?,peter c underwood,2,0,0
121,Who is the secretary of regal beloit corporation?,peter c underwood,2,0,0
121,Who is the vice president of regal beloit corporation?,peter c underwood,2,0,0
135,Who is the vice president of barclays bank plc?,christine aharonian,2,0,0
135,Who is the managing director of bmo harris bank na?,gumaro tijerina,2,0,0
135,Who is the senior vice president of branch banking and trust company?,devon j lang,2,0,0
135,Who is the vice president of citibank na?,gabriel juarez,2,0,0
135,Who is the vice president of compass bank?,les werme,2,0,0
135,Who is the senior vice president of dnb bank asa new york branch?,cathleen buckley,2,0,0
135,Who is the authorized officer of jpmorgan chase bank na?,stephanie balette,2,0,0
135,Who is the authorized signatory of mizuho bankltd?,leon mo,2,0,0
135,Who is the authorized signatory of morgan stanley bank na?,michael king,2,0,0
135,Who is the vice president of pnc bank national association?,m colin warman,2,0,0
135,Who is the vice president of regions bank?,david valentine,2,0,0
135,Who is the authorized signatory of royal bank of canada?,james r allred,2,0,0
135,Who is the managing director of société générale?,michiel van der voort,2,0,0
135,Who is the managing director of sumitomo mitsui banking corporation?,david kee,2,0,0
135,Who is the vice president of suntrust bank?,shannon juhan,2,0,0
135,Who is the director of the bank of nova scotia?,mark sparrow,2,0,0
135,Who is the vice president of the bank of tokyo mitsubishi ufjltd?,mark oberreuter,2,0,0
135,Who is the vice president of us bank national association?,john c lozano,2,0,0
135,Who is the managing director of wells fargo bank national association?,michael a tribolet,2,0,0
135,Who is the vice president of plains all american pipeline lp?,sharon s spurlin,2,0,0
135,Who is the treasurer of plains all american pipeline lp?,sharon s spurlin,2,0,0
135,Who is the managing director of bnp paribas?,joseph onischuk,2,0,0
135,Who is the vice president of bnp paribas?,reginald crichlow,2,0,0
135,Who is the director of deutsche bank ag new york branch?,andreas bubenzer paim,2,0,0
135,Who is the vice president of deutsche bank ag new york branch?,virginia cosenza,2,0,0
135,Who is the associate director of ubs ag stamford branch?,craig pearson,2,0,0
135,Who is the director of ubs ag stamford branch?,darlene arias,2,0,0
135,Who is the director of bank of america na?,adam h fey,2,0,0
135,Who is the vice president of bank of america na?,rosanne parsill,2,0,0
109,Who is the ceo of liberated syndication inc?,christopher j spencer,2,0,0
109,Who is the chief financial officer of liberated syndication inc webmayhem inc and pair networks inc?,john busshaus,2,0,0
109,Who is the chief executive officer and chairman of the board of liberated syndication inc webmayhem inc and pair networks inc?,christopher j spencer,2,0,0
20,Who is the director of bank of montreal chicago branch?,benjamin mlot,2,0,0
34,Who is the executive vice president of michigan electric transmission company llc?,cameron m bready,2,0,0
34,Who is the chief financial officer of michigan electric transmission company llc?,cameron m bready,2,0,0
34,Who is the vice president finance and treasurer of michigan electric transmission company llc?,rejji p hayes,2,0,0
34,Who is the general counsel of michigan electric transmission company llc?,wendy a mcintyre,2,0,0
34,Who is the vice president of michigan electric transmission company llc?,wendy a mcintyre,2,0,0
34,Who is the secretary of michigan electric transmission company llc?,wendy a mcintyre,2,0,0
18,Who is the vice president of capital one national association?,elizabeth dove,2,0,0
18,Who is the director of mufg union bank na?,katherine davidson,2,0,0
18,Who is the senior vice president of raymond james bank na?,dennis szczesuil,2,0,0
18,Who is the senior vice president of regions bank?,ghi gavin,2,0,0
18,Who is the managing director of black creek diversified property operating partnership lp?,lainie minnick,2,0,0
18,Who is the chief financial officer of black creek diversified property operating partnership lp?,lainie minnick,2,0,0
18,Who is the treasurer of black creek diversified property operating partnership lp?,lainie minnick,2,0,0
18,Who is the vice president of wells fargo bank national association?,craig v koshkarian,2,0,0
18,Who is the senior vice president of wells fargo bank national association?,kevin a stacker,2,0,0
24,Who is the senior vice president of pnc bank national association?,chad mcmasters,2,0,0
24,Who is the vice president of regions bank?,paul e burgan,2,0,0
24,Who is the executive officer of sumitomo mitsui banking corporation?,william g karl,2,0,0
24,Who is the vice president of suntrust bank?,courtney jones,2,0,0
24,Who is the vice president of td bank n a?,jessica trombly,2,0,0
24,Who is the senior vice president of us bank national association?,j lee hord,2,0,0
24,Who is the director of wells fargo bank national association?,d bryan gregory,2,0,0
24,Who is the partner of king and spalding llp?,j craig lee,2,0,0
24,Who is the executive vice president of columbia property trust operating partnership lp?,james a fleming,2,0,0
24,Who is the chief financial officer of columbia property trust operating partnership lp?,james a fleming,2,0,0
24,Who is the vice president of jpmorgan chase bank na?,jaime gitler,2,0,0
131,Who is the authorized signatory of bcred maroon peak funding llc?,marisa j beeney,2,0,0
131,Who is the authorized signatory of blackstone private credit fund?,marisa j beeney,2,0,0
131,Who is the authorized signatory of morgan stanley senior funding inc?,john bumgarner,2,0,0
131,Who is the senior vice president of us bank national association?,ralph j creasia jr,2,0,0
131,Who is the authorized signatory of morgan stanley bank na?,matthieu milgrom,2,0,0
125,Who is the senior vice president of bank of america na?,david r barney,2,0,0
125,Who is the senior vice president of us bank national association?,eric j cosgrove,2,0,0
125,Who is the controller of public service company of new mexico?,joseph d tarry,2,0,0
125,Who is the vice president of public service company of new mexico?,joseph d tarry,2,0,0
125,Who is the treasurer of public service company of new mexico?,joseph d tarry,2,0,0
119,Who is the senior manager of international finance corporation?,delanson d crist,2,0,0
119,Who is the chief operating officer of vaalco gabon etame inc?,w russell scheirman,2,0,0
119,Who is the president of vaalco gabon etame inc?,w russell scheirman,2,0,0
118,Who is the senior vice president of bank of the west?,roger lumley,2,0,0
118,Who is the vice president of barclays bank plc?,ronnie glenn,2,0,0
118,Who is the vice president of bmo harris financing inc?,joan spiotto,2,0,0
118,Who is the vice president of cobank acb?,hal nelson,2,0,0
118,Who is the authorized signatory of goldman sachs bank usa?,charles d johnston,2,0,0
118,Who is the vice president of jpmorgan chase bank na?,brendan korb,2,0,0
118,Who is the authorized signatory of morgan stanley bank na?,kelly chin,2,0,0
118,Who is the managing director of nomura corporate funding americas llc?,carl a mayer iii,2,0,0
118,Who is the vice president of pnc bank?,daniel j miller,2,0,0
118,Who is the executive vice president of stifel bank and trust?,john h phillips,2,0,0
118,Who is the director of suntrust bank?,j haynes gentry iii,2,0,0
118,Who is the director of wells fargo bank national association?,daniel r van aken,2,0,0
118,Who is the managing director of cooperatieve centrale raiffeisen boerenleenbank?,peter duncan,2,0,0
118,Who is the executive director of cooperatieve centrale raiffeisen boerenleenbank?,peter glawe,2,0,0
118,Who is the general counsel of post holdings inc?,diedre j gray,2,0,0
118,Who is the svp of post holdings inc?,diedre j gray,2,0,0
118,Who is the secretary of post holdings inc?,diedre j gray,2,0,0
124,Who is the senior vice president of bank of america na?,thomas c strasenburgh,2,0,0
124,Who is the banking officer of branch banking and trust company?,trevor williams,2,0,0
124,Who is the senior vice president of citibank na?,christine keating,2,0,0
124,Who is the vice president of citizens bank na?,michael k makaitis,2,0,0
124,Who is the vice president of first niagara bank na?,randall r phillips,2,0,0
124,Who is the executive director of jpmorgan chase bank na?,peter m killea,2,0,0
124,Who is the senior vice president of keybank national association?,michael mcmahon,2,0,0
124,Who is the senior vice president of td bank na?,craig welch,2,0,0
124,Who is the senior vice president of wells fargo bank na?,richard ferrari,2,0,0
124,Who is the executive vice president of finance of monro muffler brake inc?,catherine damico,2,0,0
124,Who is the treasurer of monro muffler brake inc?,catherine damico,2,0,0
124,Who is the chief financial officer of monro muffler brake inc?,catherine damico,2,0,0
130,Who is the director of bancorpsouth bank?,jacob mcgee,2,0,0
130,Who is the svp commercial credit officer of bank of america na?,kevin couch,2,0,0
130,Who is the managing director of fifth third bank national association?,mike ross,2,0,0
130,Who is the svp of hancock whitney bank?,nancy g moragas,2,0,0
130,Who is the senior vice president of pnc bank national association?,michael l monninger,2,0,0
130,Who is the director of regions bank?,aaron wade,2,0,0
130,Who is the director of truist bank?,j carlos navarrete,2,0,0
130,Who is the senior vice president of umb bank na?,cory miller,2,0,0
130,Who is the managing director of wells fargo bank national association?,mark holm,2,0,0
130,Who is the authorized officer of jpmorgan chase bank na?,stephanie balette,2,0,0
130,Who is the chief financial office of murphy usa inc?,mindy k west,2,0,0
130,Who is the treasurer of murphy usa inc?,mindy k west,2,0,0
130,Who is the executive vice president fuels of murphy usa inc?,mindy k west,2,0,0
130,Who is the authorized signatory of royal bank of canada?,john flores,2,0,0
130,Who is the manager agency services of royal bank of canada?,yvonne brazier,2,0,0
130,Who is the executive vice president fuels of murphy oil usa inc?,mindy k west,2,0,0
130,Who is the treasurer of murphy oil usa inc?,mindy k west,2,0,0
130,Who is the chief financial officer of murphy oil usa inc?,mindy k west,2,0,0
25,Who is the associate counsel of cortland capital market services llc?,emily ergang pappas,2,0,0
25,Who is the president of five oaks acquisition corp?,michael larsen,2,0,0
25,Who is the president of hunt cmt equity llc?,michael larsen,2,0,0
25,Who is the president of hunt companies finance trust inc?,michael larsen,2,0,0
25,Who is the svp of jefferies leveraged credit products llc?,william p mcloughlin,2,0,0
31,Who is the vice president debt finance of barclays bank plc?,mark timms,2,0,0
31,Who is the vice president of citibank na?,maureen maroney,2,0,0
31,Who is the authorized signatory of goldman sachs bank usa?,mark walton,2,0,0
31,Who is the director of hsbc bank usa national association?,george manchenko,2,0,0
31,Who is the vice president of the bank of tokyo mitsubishi ufj ltd?,oscar d cortez,2,0,0
31,Who is the vice president of us bank national association?,kurban h merchant,2,0,0
31,Who is the vice president of wells fargo bank national association?,dhiren desai,2,0,0
31,Who is the branch manager of the bank of china?,haiyong yang,2,0,0
31,Who is the vice president of the bank of china?,haiyong yang,2,0,0
31,Who is the executive director of canadian imperial bank of commerce new york agency?,eoin roche,2,0,0
31,Who is the authorized signatory of canadian imperial bank of commerce new york agency?,robert casey,2,0,0
31,Who is the executive director of jpmorgan chase bank na?,richard j poworoznek,2,0,0
31,Who is the associate director of standard chartered bank?,johanna minaya,2,0,0
31,Who is the documentation manager of standard chartered bank?,robert k reddington,2,0,0
31,Who is the treasurer of visa inc?,richard laiderman,2,0,0
31,Who is the treasurer of visa international service association?,richard laiderman,2,0,0
31,Who is the treasurer of visa usa inc?,richard laiderman,2,0,0
31,Who is the vice president of bank of america na?,anthea del bianco,2,0,0
31,Who is the director of bank of america na?,scott w reynolds,2,0,0
19,Who is the director of bmo harris bank na?,katherine robinson,2,0,0
19,Who is the authorized signatory of goldman sachs bank?,annie carr,2,0,0
19,Who is the director of mufg bank ltd?,katie cunningham,2,0,0
19,Who is the senior vice president of umb bank na?,robert p elbert,2,0,0
19,Who is the vice president of wells fargo bank national association?,maureen s malphus,2,0,0
19,Who is the president of caseys general stores inc?,terry w handley,2,0,0
19,Who is the managing director of coöperatieve rabobank ua new york?,robert graff,2,0,0
19,Who is the executive director of coöperatieve rabobank ua new york?,timothy j devane,2,0,0
19,Who is the authorized signatory of royal bank of canada?,john flores,2,0,0
19,Who is the manager agency of royal bank of canada?,rodica dutka,2,0,0
27,Who is the authorized signatory of af v energy i holdings lp?,gary levin,2,0,0
27,Who is the chief financial of gastar midco holdings llc?,michael a gerlich,2,0,0
27,Who is the officer of gastar midco holdings llc?,michael a gerlich,2,0,0
27,Who is the senior vice president of gastar midco holdings llc?,michael a gerlich,2,0,0
27,Who is the secretary of gastar midco holdings llc?,michael a gerlich,2,0,0
33,Who is the treasurer of ply gem holdings inc?,shawn k poe,2,0,0
33,Who is the chief financial officer of ply gem holdings inc?,shawn k poe,2,0,0
33,Who is the secretary of ply gem holdings inc?,shawn k poe,2,0,0
33,Who is the vice president of ply gem holdings inc?,shawn k poe,2,0,0
33,Who is the secretary of ply gem industries inc?,shawn k poe,2,0,0
33,Who is the chief financial officer of ply gem industries inc?,shawn k poe,2,0,0
33,Who is the treasurer of ply gem industries inc?,shawn k poe,2,0,0
33,Who is the vice president of ply gem industries inc?,shawn k poe,2,0,0
126,Who is the managing director of banco santander sa new york branch?,xavier ruiz sena,2,0,0
126,Who is the vice president of bank of america na?,puneet lakhotia,2,0,0
126,Who is the executive vice president of bank of china new york branch?,raymond qiao,2,0,0
126,Who is the senior vice president of dbs bank ltd?,juliana fong,2,0,0
126,Who is the director of hsbc bank usa national association?,brett bonet,2,0,0
126,Who is the executive director of mizuho bank ltd?,tracy rahn,2,0,0
126,Who is the director of mufg bank ltd?,lillian kim,2,0,0
126,Who is the senior vice president of pnc bank national association?,dan beckwith,2,0,0
126,Who is the associate director of standard chartered bank?,james beck,2,0,0
126,Who is the managing director of sumitomo mitsui banking corporation?,michael maguire,2,0,0
126,Who is the managing director of the bank of nova scotia?,michelle c phillips,2,0,0
126,Who is the vice president of us bank national association?,richard j ameny jr,2,0,0
126,Who is the vice president of wells fargo bank national association?,derek jensen,2,0,0
126,Who is the vice president of citibank na?,susan m olsen,2,0,0
126,Who is the treasurer of jabil inc?,sergio a cadavid,2,0,0
126,Who is the vice president of jpmorgan chase bank na?,min park,2,0,0
126,Who is the director of bnp paribas?,brendan heneghan,2,0,0
126,Who is the vice president of bnp paribas?,karim remtoula,2,0,0
126,Who is the managing director of credit agricole corporate and investment bank?,andrew sidford,2,0,0
126,Who is the director of credit agricole corporate and investment bank?,gordon yip,2,0,0
126,Who is the executive director of industrial and commercial bank of china limited new york branch?,dayi liu,2,0,0
126,Who is the director of industrial and commercial bank of china limited new york branch?,tony huang,2,0,0
132,Who is the executive vice president chief financial officer and treasurer of assetmark financial inc?,gary g zyla,2,0,0
132,Who is the executive vice president chief financial officer and treasurer of assetmark inc?,gary g zyla,2,0,0
132,Who is the executive vice president chief financial officer and treasurer of assetmark retirement services inc?,gary g zyla,2,0,0
132,Who is the vice president and treasurer of global financial advisory llc?,gary g zyla,2,0,0
132,Who is the executive vice president and treasurer of global financial private capital inc?,gary g zyla,2,0,0
132,Who is the authorized signatory of goldman sachs bank usa?,ryan durkin,2,0,0
132,Who is the vice president of jpmorgan chase bank na?,jennifer m dunneback,2,0,0
132,Who is the executive vice president and treasurer of obs financial services inc?,gary g zyla,2,0,0
132,Who is the vice president and treasurer of obs holdings inc?,gary g zyla,2,0,0
132,Who is the senior vice president of us bank national association?,mark r cousineau,2,0,0
132,Who is the vice president and treasurer of wbi obs financial inc?,gary g zyla,2,0,0
132,Who is the director of wells fargo bank na?,james mastroianna,2,0,0
132,Who is the executive vice president chief financial officer and treasurer of assetmark financial holdings inc?,gary g zyla,2,0,0
132,Who is the director of bank of montreal?,amy prager,2,0,0
133,Who is the senior vice president of bank of america na?,ronald j drobny,2,0,0
133,Who is the senior vice president of merrill lynch pierce fenner and smith?,ronald j drobny,2,0,0
133,Who is the svp of citibank na?,william allen,2,0,0
133,Who is the chief financial officer of zulily inc?,marc stolzman,2,0,0
127,Who is the executive vice president of bank of china new york branch?,raymond qiao,2,0,0
127,Who is the vice president of citibank na?,eugene yermash,2,0,0
127,Who is the authorized signer of jpmorgan chase bank na?,heather e hoopingarner,2,0,0
127,Who is the authorized signatory of morgan stanley bank na?,julie lilienfeld,2,0,0
127,Who is the vice president of us bank national association?,ryan m black,2,0,0
127,Who is the director of wellsfargobanknationalassociation?,teddy koch,2,0,0
127,Who is the treasurer of biogen inc?,michael dambach,2,0,0
127,Who is the vice president of biogen inc?,michael dambach,2,0,0
127,Who is the authorized signatory of goldman sachs bank?,annie carr,2,0,0
127,Who is the executive director of mizuho bank?,tracy rahn,2,0,0
127,Who is the director of bank of america na?,darren merten,2,0,0
127,Who is the assistant vice president of bank of america na?,taelitha bonds harris,2,0,0
32,Who is the director of barclays bank plc?,ann e sutton,2,0,0
32,Who is the authorized signatory of chc global operations 2008inc?,rebecca camden,2,0,0
32,Who is the authorized signatory of chc group ltd?,john hanbury,2,0,0
32,Who is the authorized signatory of chc helicopter holding sàrl?,rebecca camden,2,0,0
32,Who is the authorised signatory of hsbc corporate trustee company uk limited?,jason blondell,2,0,0
32,Who is the executive director of jp morgan securities llc?,gregg l byers,2,0,0
32,Who is the vice president of jpmorgan chase bank na?,muhammad hasan,2,0,0
32,Who is the authorized signatory of royal bank of canada?,mark lumpkin jr,2,0,0
32,Who is the executive of the standard bank of south africa limited?,o lavitzson,2,0,0
32,Who is the senior vice president of wells fargo bank na?,john cantalupo,2,0,0
32,Who is the authorized signatory of 6922767 holding sà rl?,rebecca camden,2,0,0
32,Who is the authorized signatory of chc den helder bv?,rebecca camden,2,0,0
32,Who is the authorized signatory of chc global operations international inc?,rebecca camden,2,0,0
32,Who is the authorized signatory of chc helicopter sa?,rebecca camden,2,0,0
32,Who is the authorized signatory of chc holding nl bv?,rebecca camden,2,0,0
32,Who is the authorized signatory of chc netherlands bv?,rebecca camden,2,0,0
32,Who is the authorized signatory of chc norway acquisition co as?,rebecca camden,2,0,0
32,Who is the authorized signatory of heli one canada inc?,rebecca camden,2,0,0
32,Who is the authorized signatory of heli one europe as?,rebecca camden,2,0,0
32,Who is the authorized signatory of heli one leasing inc?,rebecca camden,2,0,0
32,Who is the authorized signatory of heli one norway as?,rebecca camden,2,0,0
32,Who is the director corporate banking of bnp paribas?,chris golding,2,0,0
32,Who is the managing director corporate coverage canada of bnp paribas?,tony baratta,2,0,0
32,Who is the vice president commercial banking of hsbc bank canada?,douglas brandes,2,0,0
32,Who is the assistant vice president of hsbc bank canada?,todd patchell,2,0,0
32,Who is the authorised signatory of hsbc bank plc?,jeremy causton,2,0,0
32,Who is the director and counsel region americas legal of ubs securities llc?,barbara s wang,2,0,0
32,Who is the director of ubs securities llc?,john stholl,2,0,0
26,Who is the director of barclays bank plc?,ronnie glenn,2,0,0
26,Who is the director of bmo harris bank na?,joshua hovermale,2,0,0
26,Who is the senior vice president of city national bank?,breck fleming,2,0,0
26,Who is the managing director of hsbc bank usa na?,iain stewart,2,0,0
26,Who is the authorized signatory of mizuho bank ltd?,tracy rahn,2,0,0
26,Who is the authorized signatory of morgan stanley bank na?,anish shah,2,0,0
26,Who is the director of mufg bank ltd?,scott oconnell,2,0,0
26,Who is the vice president of pnc bank national association?,william p herold,2,0,0
26,Who is the managing director of santander bank na?,xavier ruiz sena,2,0,0
26,Who is the director of société générale?,jonathan logan,2,0,0
26,Who is the associate director of standard chartered bank?,daniel mattern,2,0,0
26,Who is the managin director of sumitomo mitsui banking corporation?,katsuyuki kubo,2,0,0
26,Who is the director of suntrust bank?,katherine bass,2,0,0
26,Who is the director of the bank of new york mellon?,clifford a mull,2,0,0
26,Who is the managing director of the bank of nova scotia?,michelle c phillips,2,0,0
26,Who is the senior vice president of the northern trust company?,andrew d holtz,2,0,0
26,Who is the vice president of us bank national association?,ryan m black,2,0,0
26,Who is the director of wells fargo bank national association?,jordan harris,2,0,0
26,Who is the vice president of bnp paribas?,ade adedeji,2,0,0
26,Who is the managing director of bnp paribas?,christopher sked,2,0,0
26,Who is the managing director of credit agricole corporate and investment bank?,gary herzog,2,0,0
26,Who is the director of credit agricole corporate and investment bank?,jill wong,2,0,0
26,Who is the authorized signatory of morgan stanley senior funding inc?,anish shah,2,0,0
26,Who is the senior vice president of bristol meyers squibb company?,jeffrey galik,2,0,0
26,Who is the treasurer of bristol meyers squibb company?,jeffrey galik,2,0,0
26,Who is the corporate secretary of bristol meyers squibb company?,katherine kelly,2,0,0
26,Who is the managing director of commerzbank ag?,pedro bell,2,0,0
26,Who is the vice president of commerzbank ag?,veli matti abohen,2,0,0
26,Who is the director of deutsche bank?,ming k chu,2,0,0
26,Who is the vice president of deutsche bank?,virginia cosenza,2,0,0
26,Who is the treasurer of bristol myers squibb company?,jeffreygalik,2,0,0
26,Who is the corporate secretary of bristol myers squibb company?,katherinekelly,2,0,0
