document_number,question,answer,num_hops,num_set_operations,multiple_answer_dimension
17,what are the roles in the agreement of the company associated with 1310 point street 12th floor baltimore md 21231,"grantor, borrower",2,0,1
17,what are the roles in the agreement of the company associated with 1300 thames street 4th floor thames street wharf baltimore md 21231,"bookrunner, lead arranger",2,0,1
17,what are the roles in the agreement of the company associated with 1100 north market street wilmington delaware 19890,"depositary bank, collateral agent",2,0,1
17,what is the address of chief executive office of the company which is the holding in the agreement,exgen renewables iv holding llc,3,0,0
102,what are the roles in the agreement of the company where jeffry r keyes is employed,"borrowers, administrative borrower",2,0,1
102,what are the roles in the agreement of the company where kathy r plisko is employed,"agent, lender, runner, arranger",2,0,1
102,what are the roles in the agreement of the company associated with 1048 industrial court suite e suwanee ga 30024,"borrowers, administrative borrower",2,0,1
102,what are the roles in the agreement of the company associated with 2450 colorado avenue suite 3000 west santa monica ca 90404,"agent, lender, runner, arranger",2,0,1
102,who is the chief financial officer and president of digirad imaging solutions inc,jeffry r keyes,2,1,0
102,who is the chief financial officer and president of dms health technologies inc,jeffry r keyes,2,1,0
102,who is the chief financial officer and president of dms imaging inc,jeffry r keyes,2,1,0
102,who is the chief financial officer and president of md office solutions,jeffry r keyes,2,1,0
102,who is the chief financial officer and president of project rendezvous holding corporation,jeffry r keyes,2,1,0
102,who is the chief financial officer and president of telerhythmics llc,jeffry r keyes,2,1,0
102,who is the chief financial officer and president of digirad corporation,jeffry r keyes,2,1,0
102,who is the authorized signatory of the company which is the arranger in the agreement,kathy r plisko,2,1,0
102,who is the authorized signatory of the company which is the book runner in the agreement,kathy r plisko,2,1,0
102,who is the authorized signatory of the company which is the agent in the agreement,kathy r plisko,2,1,0
102,who is the authorized signatory of the company which is the runner in the agreement,kathy r plisko,2,1,0
102,who is the authorized signatory of the company which is the sole book runner in the agreement,kathy r plisko,2,1,0
102,who is the authorized signatory of the company which is the administrative agent in the agreement,kathy r plisko,2,1,0
102,who is the authorized signatory of the company which is the lender in the agreement,kathy r plisko,2,1,0
102,who is the chief financial officer of the company associated with 1048 industrial court suite e suwanee ga 30024,jeffry r keyes,3,0,0
102,who is the president of the company associated with 1048 industrial court suite e suwanee ga 30024,jeffry r keyes,3,0,0
102,who is the authorized signatory of the company associated with 2450 colorado avenue suite 3000 west santa monica ca 90404,kathy r plisko,3,0,0
102,who is the esq of the company associated with 65 east 55th street new york ny 10022,adam finerman,3,0,0
102,who is the esq of the company associated with 695 town center drive 17th floor costa mesa ca 92626,katherine bell,3,0,0
116,what are the roles in the agreement of the company where nicholas jordan is employed,"arranger, issuing lender, administrative agent",2,0,1
116,what are the roles in the agreement of the company associated with 120 south lasalle street chicago illinois 60603,"arranger, issuing lender, administrative agent",2,0,1
116,what are the roles in the agreement of the company associated with 70 w madison chicago illinois 60602,"arranger, issuing lender, administrative agent",2,0,1
116,who is the managing director of the company which is the issuing lender in the agreement,nicholas jordan,2,1,0
116,who is the managing director of the company which is the administrative agent in the agreement,nicholas jordan,2,1,0
116,who is the managing director of the company which is the arranger in the agreement,nicholas jordan,2,1,0
116,who is the managing director of the company associated with 120 south lasalle street chicago illinois 60603,nicholas jordan,3,0,0
116,who is the managing director of the company associated with 70 w madison chicago illinois 60602,nicholas jordan,3,0,0
116,who is the coo of the company where venugopal rathi is employed,orit mizrachi,3,0,0
116,who is the cfo of the company where venugopal rathi is employed,venu rathi,3,0,0
116,who is the cfo of the company where orit mizrachi is employed,venu rathi,3,0,0
116,who is the chief financial officer of the company where orit mizrachi is employed,venugopal rathi,3,0,0
116,who is the coo of the company where venu rathi is employed,orit mizrachi,3,0,0
116,who is the chief financial officer of the company where venu rathi is employed,venugopal rathi,3,0,0
117,what role does bofa securities inc have in the agreement which is not the role of jpmorgan chase bank na,joint bookrunner,2,1,0
117,what role does bank of america na have in the agreement which is not the role of wells fargo bank national association,syndication agent,2,1,0
117,what company is the bookrunner but not the arranger in the agreement,bofa securities inc,2,1,0
117,what are the roles in the agreement of the company where michael snook is employed,"lender, syndication agent",2,0,1
117,what are the roles in the agreement of the company where lynn braun is employed,"arranger, bookrunner, issuing lender, swing line lender, administrative agent",2,0,1
117,what are the roles in the agreement of the company where dawn mace moore is employed,"agent, lender",2,0,1
117,who is the chief financial officer and executive vice president of columbia sportswear company,jim a swanson,2,1,0
117,who is the senior vice president of the company which is the syndication agent in the agreement,michael snook,2,1,0
117,who is the executive director of the company which is the swing line lender in the agreement,lynn braun,2,1,0
117,who is the executive director of the company which is the issuing lender in the agreement,lynn braun,2,1,0
117,who is the executive director of the company which is the administrative agent in the agreement,lynn braun,2,1,0
117,who is the senior vice president of the company which is the agent in the agreement,dawn mace moore,2,1,0
117,who is the chief financial officer of the company associated with 14375 nw science park drive portland or 97229,jim a swanson,3,0,0
117,who is the executive vice president of the company associated with 14375 nw science park drive portland or 97229,jim a swanson,3,0,0
103,who is the director of the company which is the borrowers in the agreement,stephen sernett,2,1,0
103,who is the associate counsel of the company which is the collateral agent in the agreement,matthew trybula,2,1,0
103,who is the associate counsel of the company associated with 225 w washington street 21st floor chicago il 60606,matthew trybula,3,0,0
103,who is the director of the company associated with 3 sw 129th avenue suite 400 pembroke pines fl 33027,stephen sernett,3,0,0
16,what are the roles in the agreement of the company where christopher a arnold is employed,"lender, term agent",2,0,1
16,what are the roles in the agreement of the company associated with two international place 17th floor boston ma 02110,"lender, term agent",2,0,1
16,who is the senior managing directo and senior managing director of crystal financial spv llc,christopher a arnold,2,1,0
16,who is the chief executive officer and president of standard diversified opportunities inc,ian w estus,2,1,0
16,who is the chief executive officer and president of standard outdoor llc,ian w estus,2,1,0
16,who is the chief executive officer and president of standard outdoor southeast i llc,ian w estus,2,1,0
16,who is the chief executive officer and president of standard outdoor southeast ii llc,ian w estus,2,1,0
16,who is the chief executive officer and president of standard outdoor southwest llc,ian w estus,2,1,0
16,who is the senior managing directo and senior managing director of crystal financial llc,christopher a arnold,2,1,0
16,who is the senior managing director of the company associated with two international place 17th floor boston ma 02110,christopher a arnold,3,0,0
16,who is the senior managing directo of the company associated with two international place 17th floor boston ma 02110,christopher a arnold,3,0,0
28,what role does akin gump strauss hauer and feld llp have in the agreement which is not the role of biopharma credit plc,agent,2,1,0
28,what are the roles in the agreement of the company where pedro gonzalez de cosio is employed,"lender, collateral agent",2,0,1
28,what are the roles in the agreement of the company associated with one bryant park new york ny 10036 6745,"agent, lender",2,0,1
28,what are the roles in the agreement of the company associated with 110 east 59th street 3300 new york ny 10022,"agent, lender, investment manager",2,0,1
28,what are the roles in the agreement of the company associated with 51 new north road exeter ex4 4ep united kingdom,"lender, collateral agent",2,0,1
28,who is the chief executive officer and president of collegium securities corporation,joseph ciaffoni,2,1,0
28,who is the ceo and managing member of biopharma credit investments v master lp,pedro gonzalez de cosio,2,1,0
28,who is the ceo and managing member of biopharma credit plc,pedro gonzalez de cosio,2,1,0
28,who is the chief executive officer and president of collegium pharmaceutical inc,joseph ciaffoni,2,1,0
28,who is the chief executive officer of the company associated with 100 technology center drive suite 300 stoughton ma 02072,joseph ciaffoni,3,0,0
28,who is the president of the company associated with 100 technology center drive suite 300 stoughton ma 02072,joseph ciaffoni,3,0,0
28,who is the ceo of the company associated with 51 new north road exeter ex4 4ep united kingdom,pedro gonzalez de cosio,3,0,0
28,who is the managing member of the company associated with 51 new north road exeter ex4 4ep united kingdom,pedro gonzalez de cosio,3,0,0
28,who is the ceo of the company associated with cayman corporate centre 27 hospital road george town grand cayman ky1 9008,pedro gonzalez de cosio,3,0,0
28,who is the managing member of the company associated with cayman corporate centre 27 hospital road george town grand cayman ky1 9008,pedro gonzalez de cosio,3,0,0
129,what are the roles in the agreement of the company where elizabeth a jordan is employed,"issuing bank, administrative agent",2,0,1
129,what are the roles in the agreement of the company associated with 1 south clinton avenue floor 7 rochester ny 14604,"issuing bank, administrative agent",2,0,1
129,who is the chief financial officer and secretary of ghm acquisition corp,jeffrey glajch,2,1,0
129,who is the chief financial officer and secretary of graham corporation,jeffrey glajch,2,1,0
129,who is the authorized officer of the company which is the administrative agent in the agreement,elizabeth a jordan,2,1,0
129,who is the authorized officer of the company which is the issuing bank in the agreement,elizabeth a jordan,2,1,0
129,who is the authorized officer of the company associated with 1 south clinton avenue floor 7 rochester ny 14604,elizabeth a jordan,3,0,0
129,who is the chief financial officer of the company associated with 20 florence avenue batavia new york 14020,jeffrey glajch,3,0,0
129,who is the secretary of the company associated with 20 florence avenue batavia new york 14020,jeffrey glajch,3,0,0
115,who is the assistant secretary and chief accounting officer of alliance trading inc,melanie housey hart,2,1,0
115,who is the assistant secretary and president of alliance trading inc,melanie housey hart,2,1,0
115,who is the assistant secretary and secretary of alliance trading inc,melanie housey hart,2,1,0
115,who is the assistant secretary and treasurer of alliance trading inc,melanie housey hart,2,1,0
115,who is the chief accounting officer and president of alliance trading inc,melanie housey hart,2,1,0
115,who is the chief accounting officer and secretary of alliance trading inc,melanie housey hart,2,1,0
115,who is the chief accounting officer and treasurer of alliance trading inc,melanie housey hart,2,1,0
115,who is the president and secretary of alliance trading inc,melanie housey hart,2,1,0
115,who is the president and treasurer of alliance trading inc,melanie housey hart,2,1,0
115,who is the secretary and treasurer of alliance trading inc,melanie housey hart,2,1,0
115,who is the assistant secretary and chief accounting officer of cypress inc,melanie housey hart,2,1,0
115,who is the assistant secretary and president of cypress inc,melanie housey hart,2,1,0
115,who is the assistant secretary and secretary of cypress inc,melanie housey hart,2,1,0
115,who is the assistant secretary and treasurer of cypress inc,melanie housey hart,2,1,0
115,who is the chief accounting officer and president of cypress inc,melanie housey hart,2,1,0
115,who is the chief accounting officer and secretary of cypress inc,melanie housey hart,2,1,0
115,who is the chief accounting officer and treasurer of cypress inc,melanie housey hart,2,1,0
115,who is the president and secretary of cypress inc,melanie housey hart,2,1,0
115,who is the president and treasurer of cypress inc,melanie housey hart,2,1,0
115,who is the secretary and treasurer of cypress inc,melanie housey hart,2,1,0
115,who is the chief legal officer and secretary of horizon distributors inc,jennifer m neil,2,1,0
115,who is the chief legal officer and vice president of horizon distributors inc,jennifer m neil,2,1,0
115,who is the secretary and vice president of horizon distributors inc,jennifer m neil,2,1,0
115,who is the chief legal officer and secretary of pool corporation,jennifer m neil,2,1,0
115,who is the chief legal officer and vice president of pool corporation,jennifer m neil,2,1,0
115,who is the secretary and vice president of pool corporation,jennifer m neil,2,1,0
115,who is the chief legal officer and secretary of pool development llc,jennifer m neil,2,1,0
115,who is the chief legal officer and vice president of pool development llc,jennifer m neil,2,1,0
115,who is the secretary and vice president of pool development llc,jennifer m neil,2,1,0
115,who is the assistant secretary and chief accounting officer of poolfx supply llc,melanie housey hart,2,1,0
115,who is the assistant secretary and president of poolfx supply llc,melanie housey hart,2,1,0
115,who is the assistant secretary and secretary of poolfx supply llc,melanie housey hart,2,1,0
115,who is the assistant secretary and treasurer of poolfx supply llc,melanie housey hart,2,1,0
115,who is the chief accounting officer and president of poolfx supply llc,melanie housey hart,2,1,0
115,who is the chief accounting officer and secretary of poolfx supply llc,melanie housey hart,2,1,0
115,who is the chief accounting officer and treasurer of poolfx supply llc,melanie housey hart,2,1,0
115,who is the president and secretary of poolfx supply llc,melanie housey hart,2,1,0
115,who is the president and treasurer of poolfx supply llc,melanie housey hart,2,1,0
115,who is the secretary and treasurer of poolfx supply llc,melanie housey hart,2,1,0
115,who is the chief legal officer and secretary of scp distributors llc,jennifer m neil,2,1,0
115,who is the chief legal officer and vice president of scp distributors llc,jennifer m neil,2,1,0
115,who is the secretary and vice president of scp distributors llc,jennifer m neil,2,1,0
115,who is the assistant secretary and chief accounting officer of scp international inc,melanie housey hart,2,1,0
115,who is the assistant secretary and president of scp international inc,melanie housey hart,2,1,0
115,who is the assistant secretary and secretary of scp international inc,melanie housey hart,2,1,0
115,who is the assistant secretary and treasurer of scp international inc,melanie housey hart,2,1,0
115,who is the chief accounting officer and president of scp international inc,melanie housey hart,2,1,0
115,who is the chief accounting officer and secretary of scp international inc,melanie housey hart,2,1,0
115,who is the chief accounting officer and treasurer of scp international inc,melanie housey hart,2,1,0
115,who is the president and secretary of scp international inc,melanie housey hart,2,1,0
115,who is the president and treasurer of scp international inc,melanie housey hart,2,1,0
115,who is the secretary and treasurer of scp international inc,melanie housey hart,2,1,0
115,who is the chief legal officer and secretary of superior pool products llc,jennifer m neil,2,1,0
115,who is the chief legal officer and vice president of superior pool products llc,jennifer m neil,2,1,0
115,who is the secretary and vice president of superior pool products llc,jennifer m neil,2,1,0
101,what are the roles in the agreement of the company where deborah t purvin is employed,"lender, arranger, l c issuer, sole book runner, administrative agent",2,0,1
101,who is the ceo of the company which is the borrower in the agreement,stanton m nelson,2,1,0
101,who is the senior vice president of the company which is the arranger in the agreement,deborah t purvin,2,1,0
101,who is the senior vice president of the company which is the l c issuer in the agreement,deborah t purvin,2,1,0
101,who is the senior vice president of the company which is the sole book runner in the agreement,deborah t purvin,2,1,0
101,who is the senior vice president of the company which is the administrative agent in the agreement,deborah t purvin,2,1,0
100,what are the roles in the agreement of the company where min park is employed,"agent, lender",2,0,1
100,what are the roles in the agreement of the company where ray aguilar is employed,"issuing lender, swingline lender, administrative agent",2,0,1
100,what are the roles in the agreement of the company associated with 400 hamilton ave suite110 palo alto ca 94301,"issuing lender, swingline lender, administrative agent",2,0,1
100,who is the vice president relationship manager and vp relationship manager of wells fargo bank national association,ray aguilar,2,1,0
100,who is the chief legal and administrative officer and vice president of omnicellinc,dan johnston,2,1,0
100,who is the chief financial officer and executive vice president of omnicellinc,peter kuipers,2,1,0
100,who is the esq of the company associated with 12670 high bluff drive san diego california 92103,sony ben moshe,3,0,0
100,who is the vp relationship manager of the company associated with 400 hamilton ave suite110 palo alto ca 94301,ray aguilar,3,0,0
100,who is the vice president relationship manager of the company associated with 400 hamilton ave suite110 palo alto ca 94301,ray aguilar,3,0,0
100,who is the vice president of the company associated with 590 e middlefield road mountain view ca 94043 4008,dan johnston,3,0,0
100,who is the chief legal and administrative officer of the company associated with 590 e middlefield road mountain view ca 94043 4008,dan johnston,3,0,0
100,who is the chief financial officer of the company associated with 590 e middlefield road mountain view ca 94043 4008,peter kuipers,3,0,0
100,who is the executive vice president of the company associated with 590 e middlefield road mountain view ca 94043 4008,peter kuipers,3,0,0
100,who is the chief legal and administrative officer of the company where peter kuipers is employed,dan johnston,3,0,0
100,who is the vice president of the company where peter kuipers is employed,dan johnston,3,0,0
100,who is the chief financial officer of the company where dan johnston is employed,peter kuipers,3,0,0
100,who is the executive vice president of the company where dan johnston is employed,peter kuipers,3,0,0
114,who is the chief financial officer of the company associated with moduslink corporation 1601 trapelo road suite 170 waltham massachusetts 02451,peter feret,3,0,0
128,what role does bofa securities inc have in the agreement which is not the role of jpmorgan chase bank na,joint bookrunners,2,1,0
128,what are the roles in the agreement of the company where ryan zimmerman is employed,"arranger, bookrunners, administrative agent",2,0,1
128,what are the roles in the agreement of the company associated with jpmorgan loan services 500 stanton christiana road ncc5 floor 1 newark de 19713,"arranger, bookrunners, administrative agent",2,0,1
128,who is the director and market manager of bank of the west,leni preciado,2,1,0
128,who is the senior vice president of the company which is the syndication agent in the agreement,timothy g holsapple,2,1,0
128,who is the vice president of the company which is the administrative agent in the agreement,ryan zimmerman,2,1,0
128,who is the chief financial officer of the company associated with 801 5th avenue seattle washington 98104,frank pelzer,3,0,0
128,who is the vice president of the company associated with jpmorgan loan services 500 stanton christiana road ncc5 floor 1 newark de 19713,ryan zimmerman,3,0,0
29,what are the roles in the agreement of the company where efrain rivera is employed,parent,2,0,1
29,what are the roles in the agreement of the company associated with new york,"borrower, guarantors",2,0,1
29,what are the roles in the agreement of the company associated with 6750 miller road brecksville ohio 44141,"lender, issuing bank, administrative agent",2,0,1
29,what are the roles in the agreement of the company associated with 1175 john street rochester new york 14586,parent,2,0,1
29,what are the roles in the agreement of the company associated with 911 panorama trail south rochester new york 14625,parent,2,0,1
29,who is the chief financial officer of the company which is the parent borrower in the agreement,efrain rivera,2,1,0
29,who is the chief financial officer of the company which is the parent in the agreement,efrain rivera,2,1,0
29,who is the chief financial officer of the company associated with 1175 john street rochester new york 14586,efrain rivera,3,0,0
29,who is the chief financial officer of the company associated with 911 panorama trail south rochester new york 14625,efrain rivera,3,0,0
15,who are the executive directors of ubs ag,"jared randall, racquel ac small",2,0,1
15,who is the ceo of the company associated with 110 east 59th street new york new york 1002,shawn matthews,3,0,0
15,what is the address of branch office of the company where jared randall is employed,1285 avenue of the americas new york new york 10019,3,0,0
15,what is the address of branch office of the company where racquel ac small is employed,1285 avenue of the americas new york new york 10019,3,0,0
39,what are the roles in the agreement of the company where james foley is employed,"lender, co collateral agent",2,0,1
39,what are the roles in the agreement of the company where david b thayer is employed,"lender, co collateral agent, administrative agent",2,0,1
39,what are the roles in the agreement of the company associated with one bryant park 32nd floor new york ny 10036,"lender, co collateral agent",2,0,1
39,what are the roles in the agreement of the company associated with 300 fifth avenue 14th floor pittsburgh pennsylvania 15222,"lender, co collateral agent, administrative agent",2,0,1
39,what are the roles in the agreement of the company associated with 6750 miller rd mail stop br yb58 01 p brecksville ohio 44141,"lender, co collateral agent, administrative agent",2,0,1
39,who is the chief financeofficer and treasurer of dunkirkspecialtysteelllc,rosscwilkin,2,1,0
39,who is the chief financeofficer and vicepresidentoffinance of dunkirkspecialtysteelllc,rosscwilkin,2,1,0
39,who is the treasurer and vicepresidentoffinance of dunkirkspecialtysteelllc,rosscwilkin,2,1,0
39,who is the chief financeofficer and treasurer of northjacksonspecialtysteel llc,rosscwilkin,2,1,0
39,who is the chief financeofficer and vicepresidentoffinance of northjacksonspecialtysteel llc,rosscwilkin,2,1,0
39,who is the treasurer and vicepresidentoffinance of northjacksonspecialtysteel llc,rosscwilkin,2,1,0
39,who is the chief financeofficer and treasurer of universalstainlessandalloy productsinc,rosscwilkin,2,1,0
39,who is the chief financeofficer and vicepresidentoffinance of universalstainlessandalloy productsinc,rosscwilkin,2,1,0
39,who is the treasurer and vicepresidentoffinance of universalstainlessandalloy productsinc,rosscwilkin,2,1,0
39,who is the vice president of the company which is the administrative agent in the agreement,david b thayer,2,1,0
39,who is the vice president of the company associated with 300 fifth avenue 14th floor pittsburgh pennsylvania 15222,david b thayer,3,0,0
39,who is the vice president of the company associated with 6750 miller rd mail stop br yb58 01 p brecksville ohio 44141,david b thayer,3,0,0
39,who is the senior vice president of the company associated with one bryant park 32nd floor new york ny 10036,james foley,3,0,0
11,what are the roles in the agreement of the company associated with floor 3 ops 2 500 stanton christiana rd newark de 19713,"initial lender, administrative agent",2,0,1
11,who is the treasurer and vice president of honeywell international inc,john j tus,2,1,0
11,who is the vice president of the company associated with director,virginia cosenza,3,0,0
11,what is the address of loan and agency services group of the company which is the administrative agent in the agreement,jpmorgan chase bank na,3,0,0
110,what role does merrill lynch pierce fenner and smith incorporated have in the agreement which is not the role of wells fargo securities llc,joint bookrunners,2,1,0
110,what role does merrill lynch pierce fenner and smith incorporated have in the agreement which is not the role of jpmorgan chase bank na,joint bookrunners,2,1,0
110,what role does merrill lynch pierce fenner and smith incorporated have in the agreement which is not the role of the bank of tokyo mitsubishi ufj ltd,joint bookrunners,2,1,0
110,what role does merrill lynch pierce fenner and smith incorporated have in the agreement which is not the role of mizuho bank ltd,joint bookrunners,2,1,0
110,who are the directors of bnp paribas,"david l berger, brendan heneghan",2,0,1
110,what are the roles in the agreement of the company where dave katz is employed,"arrangers, bookrunners",2,0,1
110,what are the roles in the agreement of the company where traci bankston is employed,"arrangers, bookrunners",2,0,1
110,what are the roles in the agreement of the company where nathan starr is employed,"syndication agent, administrative agent",2,0,1
110,what are the roles in the agreement of the company where donna demagistris is employed,"arrangers, bookrunners",2,0,1
110,what are the roles in the agreement of the company associated with harborside financial center 1800 plaza ten jersey city nj 07311,"arrangers, bookrunners",2,0,1
110,who is the vice president of the company which is the syndication agent in the agreement,nathan starr,2,1,0
110,who is the vice president of the company which is the administrative agent in the agreement,nathan starr,2,1,0
110,who is the authorized signatory of the company associated with harborside financial center 1800 plaza ten jersey city nj 07311,donna demagistris,3,0,0
110,who is the associate director of the company where kenneth chin is employed,houssem daly,3,0,0
110,who is the director of the company where houssem daly is employed,kenneth chin,3,0,0
104,who is the vice president of the company which is the syndication agent in the agreement,robert kling,2,1,0
104,who is the vice president of the company which is the co documentation agent in the agreement,jeffrey p fisher,2,1,0
104,who is the vice president of the company which is the administrative agent in the agreement,michael vondriska,2,1,0
104,who is the vice president of the company associated with 1615 brett road building 3 new castle de 19720,michael vondriska,3,0,0
104,who is the chief financial officer of the company where david r wiedwald is employed,andre s valentine,3,0,0
104,who is the treasurer of the company where andre s valentine is employed,david r wiedwald,3,0,0
138,what role does us bank national association have in the agreement which is not the role of pnc bank national association,agent,2,1,0
138,what are the roles in the agreement of the company where christopher harahan is employed,"agent, lender",2,0,1
138,what are the roles in the agreement of the company where nicolas zitelli is employed,"lender, administrative agent",2,0,1
138,what are the roles in the agreement of the company associated with 11620 wilshire boulevard suite 1000 los angeles california 90025,"borrower, guarantors",2,0,1
138,what are the roles in the agreement of the company associated with 575 market street floor 28 san francisco ca 94105,"lender, administrative agent",2,0,1
138,what are the roles in the agreement of the company associated with pnc firstside center 500 first avenue fourth floor pittsburgh pa 15219,"lender, administrative agent",2,0,1
138,who is the chief financial officer and secretary of rexford industrial realty lp,adeel khan,2,1,0
138,who is the vice president of the company which is the agent in the agreement,christopher harahan,2,1,0
138,who is the senior vice president of the company which is the administrative agent in the agreement,nicolas zitelli,2,1,0
138,who is the senior vice president of the company associated with 575 market street floor 28 san francisco ca 94105,nicolas zitelli,3,0,0
138,who is the senior vice president of the company associated with pnc firstside center 500 first avenue fourth floor pittsburgh pa 15219,nicolas zitelli,3,0,0
138,who is the chief financial officer of the company associated with 11620 wilshire boulevard suite 1000 los angeles california 90025,adeel khan,3,0,0
138,who is the secretary of the company associated with 11620 wilshire boulevard suite 1000 los angeles california 90025,adeel khan,3,0,0
138,what is the address of business matters of the company where nicolas zitelli is employed,575 market street floor 28 san francisco ca 94105,3,0,0
138,what is the address of administrative matters of the company where nicolas zitelli is employed,pnc firstside center 500 first avenue fourth floor pittsburgh pa 15219,3,0,0
139,what role does fenner and smith incorporated have in the agreement which is not the role of td securities usa llc,joint lead arrangers,2,1,0
139,what role does jp morgan securities llc merrill lynch pierce fenner and smith incorporated citigroup global markets inc cr dit agricole corporate and investment bank mizuho bank ltd rbc capital markets have in the agreement which is not the role of td securities usa llc,joint lead arrangers,2,1,0
139,what role does rbc capital markets have in the agreement which is not the role of td securities usa llc,joint lead arrangers,2,1,0
139,what company is the syndication agent but not the administrative agent in the agreement,bank of america,2,1,0
139,what company is the syndication agent but not the lender in the agreement,bank of america,2,1,0
139,what company is the documentation agents but not the joint bookrunners in the agreement,citibank na cr dit agricole corporate and investment bank mizuho bank ltd royal bank of canada,2,1,0
139,what company is the administrative agent but not the lender in the agreement,jpmorgan chase bank,2,1,0
139,what are the roles in the agreement of the company where eric ridgway is employed,"lender, syndication agent, administrative agent",2,0,1
139,what are the roles in the agreement of the company where jay a brown is employed,"lenders, borrower",2,0,1
139,what are the roles in the agreement of the company where bruce s borden is employed,"agent, lender",2,0,1
139,what are the roles in the agreement of the company associated with 500 stanton christiana road newark de 19713,"agent, lender, borrower",2,0,1
139,who is the authorized signatory and vice president of morgan stanley bank na,michael king,2,1,0
139,who is the authorized signatory and vice president of morgan stanley senior funding inc,michael king,2,1,0
139,who is the chief financial officer and senior vice president of crown castle international corp,jay a brown,2,1,0
139,who is the chief financial officer and treasurer of crown castle international corp,jay a brown,2,1,0
139,who is the senior vice president and treasurer of crown castle international corp,jay a brown,2,1,0
139,who is the executive director of the company which is the agent in the agreement,bruce s borden,2,1,0
139,who is the chief financial officer of the company associated with 500 stanton christiana road newark de 19713,jay a brown,3,0,0
139,who is the senior vice president of the company associated with 500 stanton christiana road newark de 19713,jay a brown,3,0,0
139,who is the treasurer of the company associated with 500 stanton christiana road newark de 19713,jay a brown,3,0,0
139,who is the executive director of the company associated with 500 stanton christiana road newark de 19713,bruce s borden,3,0,0
139,who is the managing director of the company where kestrina budina is employed,tanya crossley,3,0,0
139,who is the director of the company where tanya crossley is employed,kestrina budina,3,0,0
105,who is the president digital cinema general counsel and secretary of the company associated with 45 west 36th street 7th floor new york ny 10018,gary s loffredo,3,0,0
105,who is the director of the company associated with unit 1501 2 15 f sino plaza 255 gloucester road causeway bay hong kong,xu peixin,3,0,0
111,what role does suntrust robinson humphrey inc have in the agreement which is not the role of wells fargo securities llc,joint bookrunners,2,1,0
111,what role does suntrust robinson humphrey inc have in the agreement which is not the role of national australia bank limited,joint bookrunners,2,1,0
111,what role does suntrust bank have in the agreement which is not the role of wells fargo bank national association,co syndication agent,2,1,0
111,what company is the arrangers but not the bookrunners in the agreement,suntrust robinson humphrey inc,2,1,0
111,what company is the bookrunners but not the lender in the agreement,wells fargo securities llc,2,1,0
111,what are the roles in the agreement of the company where jennifer miu is employed,guarantor,2,0,1
111,what are the roles in the agreement of the company where clive paul thomas is employed,guarantor,2,0,1
111,what are the roles in the agreement of the company where duncan scott is employed,guarantor,2,0,1
111,what are the roles in the agreement of the company where bill seabrook is employed,"lender, arrangers, bookrunners",2,0,1
111,what are the roles in the agreement of the company where doug kennedy is employed,"lender, administrative agent, co syndication agent",2,0,1
111,what are the roles in the agreement of the company where william r goley is employed,"agent, lender",2,0,1
111,what are the roles in the agreement of the company associated with mac d1109 019 1525 west wt harris blvd charlotte nc 28262,"agent, lender",2,0,1
111,what are the roles in the agreement of the company associated with one wells fargo center 11th floor 301 south college street charlotte north carolina 28202,"agent, lender",2,0,1
111,who is the chief financial officer of the company which is the borrower in the agreement,guy bowker,2,1,0
111,who is the director of the company which is the co syndication agent in the agreement,doug kennedy,2,1,0
111,who is the managing director of the company which is the agent in the agreement,william r goley,2,1,0
111,who is the managing director of the company associated with mac d1109 019 1525 west wt harris blvd charlotte nc 28262,william r goley,3,0,0
111,who is the managing director of the company associated with one wells fargo center 11th floor 301 south college street charlotte north carolina 28202,william r goley,3,0,0
111,who is the head of corporate banking of the company where louise twiss west is employed,neville grant,3,0,0
111,who is the head of financial institutions group of the company where neville grant is employed,louise twiss west,3,0,0
10,what are the roles in the agreement of the company where alex figueroa is employed,"lender issuing bank, administrative agent",2,0,1
10,what are the roles in the agreement of the company where susan khokher is employed,"lender issuing bank, administrative agent",2,0,1
10,what are the roles in the agreement of the company associated with 200 vesey street new york new york 10281,"lender issuing bank, administrative agent",2,0,1
10,what are the roles in the agreement of the company associated with royal bank plaza 200 bay street 12th floor south tower toronto ontario m5j 2w7 canada,"lender issuing bank, administrative agent",2,0,1
10,who is the chief financial officer and treasuruer of victory capital holdingsinc,terence f sullivan,2,1,0
10,who is the authorized signatory of the company associated with 200 vesey street new york new york 10281,alex figueroa,3,0,0
10,who is the manager agency of the company associated with 200 vesey street new york new york 10281,susan khokher,3,0,0
10,who is the chief financial officer of the company associated with 4900 tiedeman road 4th floor brooklyn oh 44144,terence f sullivan,3,0,0
10,who is the treasuruer of the company associated with 4900 tiedeman road 4th floor brooklyn oh 44144,terence f sullivan,3,0,0
10,who is the authorized signatory of the company associated with royal bank plaza 200 bay street 12th floor south tower toronto ontario m5j 2w7 canada,alex figueroa,3,0,0
10,who is the manager agency of the company associated with royal bank plaza 200 bay street 12th floor south tower toronto ontario m5j 2w7 canada,susan khokher,3,0,0
10,who is the manager agency of the company where alex figueroa is employed,susan khokher,3,0,0
10,who is the authorized signatory of the company where susan khokher is employed,alex figueroa,3,0,0
38,what roles do both mizuho bank ltd and the bank of tokyo mitsubishi ufj ltd have in the agreement,"lender, arranger, bookrunners, co documentation agents",1,1,1
38,what role does bank of america na have in the agreement which is not the role of wells fargo bank national association,co documentation agents,2,1,0
38,what role does bank of america na have in the agreement which is not the role of jpmorgan chase bank na,co documentation agents,2,1,0
38,what role does citibank na have in the agreement which is not the role of wells fargo bank national association,co documentation agents,2,1,0
38,what role does citibank na have in the agreement which is not the role of jpmorgan chase bank na,co documentation agents,2,1,0
38,what role does wells fargo bank national association have in the agreement which is not the role of jpmorgan chase bank na,syndication agent,2,1,0
38,who are the managing directors of credit agricole corporate and investment,"dennis petito, michael willis",2,0,1
38,who are the authorized signatorys of credit suisse ag,"nupur kumar, stefan dickenmann",2,0,1
38,what are the roles in the agreement of the company where kenneth phelan is employed,"lender, co documentation agents",2,0,1
38,what are the roles in the agreement of the company where maureen maroney is employed,"lender, co documentation agents",2,0,1
38,what are the roles in the agreement of the company where donna demagistris is employed,"lender, arranger, bookrunners, co documentation agents",2,0,1
38,what are the roles in the agreement of the company where sherwin brandford is employed,"lender, arranger, bookrunners, co documentation agents",2,0,1
38,what are the roles in the agreement of the company where borden tennant is employed,"lender, syndication agent",2,0,1
38,what are the roles in the agreement of the company where dave katz is employed,"lender, administrative agent",2,0,1
38,what are the roles in the agreement of the company associated with 383 madison avenue new york new york 10179,"lender, administrative agent",2,0,1
38,what are the roles in the agreement of the company associated with 500 stanton christiana road ops 2 3rd floor newark de 19713,"lender, administrative agent",2,0,1
38,who is the finance and senior vice president of anadarko petroleum corporation,albert l richey,2,1,0
38,who is the finance and treasurer of anadarko petroleum corporation,albert l richey,2,1,0
38,who is the senior vice president and treasurer of anadarko petroleum corporation,albert l richey,2,1,0
38,who is the assistant vice president of the company which is the syndication agent in the agreement,borden tennant,2,1,0
38,who is the executive director of the company which is the administrative agent in the agreement,dave katz,2,1,0
38,who is the executive director of the company associated with 383 madison avenue new york new york 10179,dave katz,3,0,0
38,who is the executive director of the company associated with 500 stanton christiana road ops 2 3rd floor newark de 19713,dave katz,3,0,0
38,who is the managing director of the company where sriram chandrasekaran is employed,ann rhoads,3,0,0
38,who is the director of the company where ann rhoads is employed,sriram chandrasekaran,3,0,0
38,who is the vice president of the company where ross levitsky is employed,ming k chu,3,0,0
38,who is the managing director of the company where ming k chu is employed,ross levitsky,3,0,0
38,who is the senior vice president of the company where jamie grubb is employed,joe hykle,3,0,0
38,who is the vice president of the company where joe hykle is employed,jamie grubb,3,0,0
12,who is the global treasurer and senior vice president of walgreens boots alliance inc,aidan clare,2,1,0
12,who is the executive vice president and general counsel of walgreens boots alliance inc,marco pagni,2,1,0
12,who is the executive vice president and global chief administrative officer of walgreens boots alliance inc,marco pagni,2,1,0
12,who is the general counsel and global chief administrative officer of walgreens boots alliance inc,marco pagni,2,1,0
12,who is the senior vice president of the company associated with 108 wilmot road deerfield il 60015,aidan clare,3,0,0
12,who is the global treasurer of the company associated with 108 wilmot road deerfield il 60015,aidan clare,3,0,0
12,who is the vice president global treasury of the company associated with 108 wilmot road deerfield il 60015,gr inne kelly,3,0,0
12,who is the executive vice president of the company associated with 108 wilmot road deerfield il 60015,marco pagni,3,0,0
12,who is the global chief administrative officer of the company associated with 108 wilmot road deerfield il 60015,marco pagni,3,0,0
12,who is the general counsel of the company associated with 108 wilmot road deerfield il 60015,marco pagni,3,0,0
12,who is the senior managerglobal treasury of the company associated with 108 wilmot road deerfield il 60015,sara la berg,3,0,0
12,who is the authorized signatory of the company associated with mizuho bank ltd harborside financial ctr 1800 plaza ten jersey city nj 07311,tracy rahn,3,0,0
12,who is the relationship manager of the company where francesco di mario is employed,lorenzo rodino,3,0,0
12,who is the fvp head of credit of the company where lorenzo rodino is employed,francesco di mario,3,0,0
12,who is the director of the company where luca balestra is employed,thilo huber,3,0,0
12,who is the managing director of the company where thilo huber is employed,luca balestra,3,0,0
12,who is the vice president global treasury of the company where aidan clare is employed,gr inne kelly,3,0,0
12,who is the executive vice president of the company where aidan clare is employed,marco pagni,3,0,0
12,who is the general counsel of the company where aidan clare is employed,marco pagni,3,0,0
12,who is the global chief administrative officer of the company where aidan clare is employed,marco pagni,3,0,0
12,who is the senior managerglobal treasury of the company where aidan clare is employed,sara la berg,3,0,0
12,who is the global treasurer of the company where gr inne kelly is employed,aidan clare,3,0,0
12,who is the senior vice president of the company where gr inne kelly is employed,aidan clare,3,0,0
12,who is the executive vice president of the company where gr inne kelly is employed,marco pagni,3,0,0
12,who is the general counsel of the company where gr inne kelly is employed,marco pagni,3,0,0
12,who is the global chief administrative officer of the company where gr inne kelly is employed,marco pagni,3,0,0
12,who is the senior managerglobal treasury of the company where gr inne kelly is employed,sara la berg,3,0,0
12,who is the global treasurer of the company where sara la berg is employed,aidan clare,3,0,0
12,who is the senior vice president of the company where sara la berg is employed,aidan clare,3,0,0
12,who is the vice president global treasury of the company where sara la berg is employed,gr inne kelly,3,0,0
12,who is the executive vice president of the company where sara la berg is employed,marco pagni,3,0,0
12,who is the general counsel of the company where sara la berg is employed,marco pagni,3,0,0
12,who is the global chief administrative officer of the company where sara la berg is employed,marco pagni,3,0,0
12,who is the global treasurer of the company where marco pagni is employed,aidan clare,3,0,0
12,who is the senior vice president of the company where marco pagni is employed,aidan clare,3,0,0
12,who is the vice president global treasury of the company where marco pagni is employed,gr inne kelly,3,0,0
12,who is the senior managerglobal treasury of the company where marco pagni is employed,sara la berg,3,0,0
107,what role does barclays capital have in the agreement which is not the role of rbc capital markets,bookrunners,2,1,0
107,what role does citigroup global markets inc have in the agreement which is not the role of rbc capital markets,bookrunners,2,1,0
107,what role does jp morgan securities inc have in the agreement which is not the role of wells fargo foothill inc,barclays capital agents,2,1,0
107,what role does easylink services international corporation have in the agreement which is not the role of ocelot merger sub inc,domestic guarantor,2,1,0
107,what role does easylink services usa inc have in the agreement which is not the role of ocelot merger sub inc,domestic guarantor,2,1,0
107,what role does ocelot merger sub inc have in the agreement which is not the role of open text canada ltd,borrower,2,1,0
107,what role does ocelot merger sub inc have in the agreement which is not the role of open text holdings inc,borrower,2,1,0
107,what role does ocelot merger sub inc have in the agreement which is not the role of open text inc,borrower,2,1,0
107,what role does ocelot merger sub inc have in the agreement which is not the role of open text usa inc,borrower,2,1,0
107,what role does ocelot merger sub inc have in the agreement which is not the role of xpedite systems llc,borrower,2,1,0
107,what role does ocelot merger sub inc have in the agreement which is not the role of open text corporation,borrower,2,1,0
107,what role does ocelot merger sub inc have in the agreement which is not the role of open text ulc,borrower,2,1,0
107,what company is the arrangers but not the bookrunners in the agreement,rbc capital markets,2,1,0
107,what are the roles in the agreement of the company where paul mcfeeters is employed,"grantor, domestic guarantor",2,0,1
107,what are the roles in the agreement of the company where ritam bhalla is employed,"lender, arranger, collateral agent, intercreditor agent, administrative agent",2,0,1
107,what are the roles in the agreement of the company associated with delaware usa,"grantor, borrower, guarantor",2,0,1
107,what are the roles in the agreement of the company associated with canada,"grantor, domestic guarantor",2,0,1
107,what are the roles in the agreement of the company associated with 1301 avenue of the americas new york new york 10019,"lender, arranger, collateral agent, intercreditor agent, administrative agent",2,0,1
107,what are the roles in the agreement of the company associated with 745 seventh avenue new york new york 10019,"lender, arranger, collateral agent, intercreditor agent, administrative agent",2,0,1
107,what are the roles in the agreement of the company associated with 275 frank tompa drive waterloo ontario,"grantor, domestic guarantor",2,0,1
107,what are the roles in the agreement of the company associated with 1959 upper water street suite 900 halifax nova scotia,"grantor, domestic guarantor",2,0,1
107,what are the roles in the agreement of the company associated with nova scotia canada,"grantor, domestic guarantor",2,0,1
107,who is the assistant treasurer and chief administrative officer of easylink services international corporation,paul mcfeeters,2,1,0
107,who is the assistant treasurer and chief executive officer of easylink services international corporation,paul mcfeeters,2,1,0
107,who is the assistant treasurer and chief financial officer of easylink services international corporation,paul mcfeeters,2,1,0
107,who is the assistant treasurer and president of easylink services international corporation,paul mcfeeters,2,1,0
107,who is the assistant treasurer and treasurer of easylink services international corporation,paul mcfeeters,2,1,0
107,who is the assistant treasurer and vice president of easylink services international corporation,paul mcfeeters,2,1,0
107,who is the chief administrative officer and chief executive officer of easylink services international corporation,paul mcfeeters,2,1,0
107,who is the chief administrative officer and chief financial officer of easylink services international corporation,paul mcfeeters,2,1,0
107,who is the chief administrative officer and president of easylink services international corporation,paul mcfeeters,2,1,0
107,who is the chief administrative officer and treasurer of easylink services international corporation,paul mcfeeters,2,1,0
107,who is the chief administrative officer and vice president of easylink services international corporation,paul mcfeeters,2,1,0
107,who is the chief executive officer and chief financial officer of easylink services international corporation,paul mcfeeters,2,1,0
107,who is the chief executive officer and president of easylink services international corporation,paul mcfeeters,2,1,0
107,who is the chief executive officer and treasurer of easylink services international corporation,paul mcfeeters,2,1,0
107,who is the chief executive officer and vice president of easylink services international corporation,paul mcfeeters,2,1,0
107,who is the chief financial officer and president of easylink services international corporation,paul mcfeeters,2,1,0
107,who is the chief financial officer and treasurer of easylink services international corporation,paul mcfeeters,2,1,0
107,who is the chief financial officer and vice president of easylink services international corporation,paul mcfeeters,2,1,0
107,who is the president and treasurer of easylink services international corporation,paul mcfeeters,2,1,0
107,who is the president and vice president of easylink services international corporation,paul mcfeeters,2,1,0
107,who is the treasurer and vice president of easylink services international corporation,paul mcfeeters,2,1,0
107,who is the assistant treasurer and chief administrative officer of easylink services usa inc,paul mcfeeters,2,1,0
107,who is the assistant treasurer and chief executive officer of easylink services usa inc,paul mcfeeters,2,1,0
107,who is the assistant treasurer and chief financial officer of easylink services usa inc,paul mcfeeters,2,1,0
107,who is the assistant treasurer and president of easylink services usa inc,paul mcfeeters,2,1,0
107,who is the assistant treasurer and treasurer of easylink services usa inc,paul mcfeeters,2,1,0
107,who is the assistant treasurer and vice president of easylink services usa inc,paul mcfeeters,2,1,0
107,who is the chief administrative officer and chief executive officer of easylink services usa inc,paul mcfeeters,2,1,0
107,who is the chief administrative officer and chief financial officer of easylink services usa inc,paul mcfeeters,2,1,0
107,who is the chief administrative officer and president of easylink services usa inc,paul mcfeeters,2,1,0
107,who is the chief administrative officer and treasurer of easylink services usa inc,paul mcfeeters,2,1,0
107,who is the chief administrative officer and vice president of easylink services usa inc,paul mcfeeters,2,1,0
107,who is the chief executive officer and chief financial officer of easylink services usa inc,paul mcfeeters,2,1,0
107,who is the chief executive officer and president of easylink services usa inc,paul mcfeeters,2,1,0
107,who is the chief executive officer and treasurer of easylink services usa inc,paul mcfeeters,2,1,0
107,who is the chief executive officer and vice president of easylink services usa inc,paul mcfeeters,2,1,0
107,who is the chief financial officer and president of easylink services usa inc,paul mcfeeters,2,1,0
107,who is the chief financial officer and treasurer of easylink services usa inc,paul mcfeeters,2,1,0
107,who is the chief financial officer and vice president of easylink services usa inc,paul mcfeeters,2,1,0
107,who is the president and treasurer of easylink services usa inc,paul mcfeeters,2,1,0
107,who is the president and vice president of easylink services usa inc,paul mcfeeters,2,1,0
107,who is the treasurer and vice president of easylink services usa inc,paul mcfeeters,2,1,0
107,who is the assistant treasurer and chief administrative officer of gxs group inc,paul mcfeeters,2,1,0
107,who is the assistant treasurer and chief executive officer of gxs group inc,paul mcfeeters,2,1,0
107,who is the assistant treasurer and chief financial officer of gxs group inc,paul mcfeeters,2,1,0
107,who is the assistant treasurer and president of gxs group inc,paul mcfeeters,2,1,0
107,who is the assistant treasurer and treasurer of gxs group inc,paul mcfeeters,2,1,0
107,who is the assistant treasurer and vice president of gxs group inc,paul mcfeeters,2,1,0
107,who is the chief administrative officer and chief executive officer of gxs group inc,paul mcfeeters,2,1,0
107,who is the chief administrative officer and chief financial officer of gxs group inc,paul mcfeeters,2,1,0
107,who is the chief administrative officer and president of gxs group inc,paul mcfeeters,2,1,0
107,who is the chief administrative officer and treasurer of gxs group inc,paul mcfeeters,2,1,0
107,who is the chief administrative officer and vice president of gxs group inc,paul mcfeeters,2,1,0
107,who is the chief executive officer and chief financial officer of gxs group inc,paul mcfeeters,2,1,0
107,who is the chief executive officer and president of gxs group inc,paul mcfeeters,2,1,0
107,who is the chief executive officer and treasurer of gxs group inc,paul mcfeeters,2,1,0
107,who is the chief executive officer and vice president of gxs group inc,paul mcfeeters,2,1,0
107,who is the chief financial officer and president of gxs group inc,paul mcfeeters,2,1,0
107,who is the chief financial officer and treasurer of gxs group inc,paul mcfeeters,2,1,0
107,who is the chief financial officer and vice president of gxs group inc,paul mcfeeters,2,1,0
107,who is the president and treasurer of gxs group inc,paul mcfeeters,2,1,0
107,who is the president and vice president of gxs group inc,paul mcfeeters,2,1,0
107,who is the treasurer and vice president of gxs group inc,paul mcfeeters,2,1,0
107,who is the assistant treasurer and chief administrative officer of gxs holdings inc,paul mcfeeters,2,1,0
107,who is the assistant treasurer and chief executive officer of gxs holdings inc,paul mcfeeters,2,1,0
107,who is the assistant treasurer and chief financial officer of gxs holdings inc,paul mcfeeters,2,1,0
107,who is the assistant treasurer and president of gxs holdings inc,paul mcfeeters,2,1,0
107,who is the assistant treasurer and treasurer of gxs holdings inc,paul mcfeeters,2,1,0
107,who is the assistant treasurer and vice president of gxs holdings inc,paul mcfeeters,2,1,0
107,who is the chief administrative officer and chief executive officer of gxs holdings inc,paul mcfeeters,2,1,0
107,who is the chief administrative officer and chief financial officer of gxs holdings inc,paul mcfeeters,2,1,0
107,who is the chief administrative officer and president of gxs holdings inc,paul mcfeeters,2,1,0
107,who is the chief administrative officer and treasurer of gxs holdings inc,paul mcfeeters,2,1,0
107,who is the chief administrative officer and vice president of gxs holdings inc,paul mcfeeters,2,1,0
107,who is the chief executive officer and chief financial officer of gxs holdings inc,paul mcfeeters,2,1,0
107,who is the chief executive officer and president of gxs holdings inc,paul mcfeeters,2,1,0
107,who is the chief executive officer and treasurer of gxs holdings inc,paul mcfeeters,2,1,0
107,who is the chief executive officer and vice president of gxs holdings inc,paul mcfeeters,2,1,0
107,who is the chief financial officer and president of gxs holdings inc,paul mcfeeters,2,1,0
107,who is the chief financial officer and treasurer of gxs holdings inc,paul mcfeeters,2,1,0
107,who is the chief financial officer and vice president of gxs holdings inc,paul mcfeeters,2,1,0
107,who is the president and treasurer of gxs holdings inc,paul mcfeeters,2,1,0
107,who is the president and vice president of gxs holdings inc,paul mcfeeters,2,1,0
107,who is the treasurer and vice president of gxs holdings inc,paul mcfeeters,2,1,0
107,who is the assistant treasurer and chief administrative officer of gxs international inc,paul mcfeeters,2,1,0
107,who is the assistant treasurer and chief executive officer of gxs international inc,paul mcfeeters,2,1,0
107,who is the assistant treasurer and chief financial officer of gxs international inc,paul mcfeeters,2,1,0
107,who is the assistant treasurer and president of gxs international inc,paul mcfeeters,2,1,0
107,who is the assistant treasurer and treasurer of gxs international inc,paul mcfeeters,2,1,0
107,who is the assistant treasurer and vice president of gxs international inc,paul mcfeeters,2,1,0
107,who is the chief administrative officer and chief executive officer of gxs international inc,paul mcfeeters,2,1,0
107,who is the chief administrative officer and chief financial officer of gxs international inc,paul mcfeeters,2,1,0
107,who is the chief administrative officer and president of gxs international inc,paul mcfeeters,2,1,0
107,who is the chief administrative officer and treasurer of gxs international inc,paul mcfeeters,2,1,0
107,who is the chief administrative officer and vice president of gxs international inc,paul mcfeeters,2,1,0
107,who is the chief executive officer and chief financial officer of gxs international inc,paul mcfeeters,2,1,0
107,who is the chief executive officer and president of gxs international inc,paul mcfeeters,2,1,0
107,who is the chief executive officer and treasurer of gxs international inc,paul mcfeeters,2,1,0
107,who is the chief executive officer and vice president of gxs international inc,paul mcfeeters,2,1,0
107,who is the chief financial officer and president of gxs international inc,paul mcfeeters,2,1,0
107,who is the chief financial officer and treasurer of gxs international inc,paul mcfeeters,2,1,0
107,who is the chief financial officer and vice president of gxs international inc,paul mcfeeters,2,1,0
107,who is the president and treasurer of gxs international inc,paul mcfeeters,2,1,0
107,who is the president and vice president of gxs international inc,paul mcfeeters,2,1,0
107,who is the treasurer and vice president of gxs international inc,paul mcfeeters,2,1,0
107,who is the assistant treasurer and chief administrative officer of gxs investments inc,paul mcfeeters,2,1,0
107,who is the assistant treasurer and chief executive officer of gxs investments inc,paul mcfeeters,2,1,0
107,who is the assistant treasurer and chief financial officer of gxs investments inc,paul mcfeeters,2,1,0
107,who is the assistant treasurer and president of gxs investments inc,paul mcfeeters,2,1,0
107,who is the assistant treasurer and treasurer of gxs investments inc,paul mcfeeters,2,1,0
107,who is the assistant treasurer and vice president of gxs investments inc,paul mcfeeters,2,1,0
107,who is the chief administrative officer and chief executive officer of gxs investments inc,paul mcfeeters,2,1,0
107,who is the chief administrative officer and chief financial officer of gxs investments inc,paul mcfeeters,2,1,0
107,who is the chief administrative officer and president of gxs investments inc,paul mcfeeters,2,1,0
107,who is the chief administrative officer and treasurer of gxs investments inc,paul mcfeeters,2,1,0
107,who is the chief administrative officer and vice president of gxs investments inc,paul mcfeeters,2,1,0
107,who is the chief executive officer and chief financial officer of gxs investments inc,paul mcfeeters,2,1,0
107,who is the chief executive officer and president of gxs investments inc,paul mcfeeters,2,1,0
107,who is the chief executive officer and treasurer of gxs investments inc,paul mcfeeters,2,1,0
107,who is the chief executive officer and vice president of gxs investments inc,paul mcfeeters,2,1,0
107,who is the chief financial officer and president of gxs investments inc,paul mcfeeters,2,1,0
107,who is the chief financial officer and treasurer of gxs investments inc,paul mcfeeters,2,1,0
107,who is the chief financial officer and vice president of gxs investments inc,paul mcfeeters,2,1,0
107,who is the president and treasurer of gxs investments inc,paul mcfeeters,2,1,0
107,who is the president and vice president of gxs investments inc,paul mcfeeters,2,1,0
107,who is the treasurer and vice president of gxs investments inc,paul mcfeeters,2,1,0
107,who is the assistant treasurer and chief administrative officer of gxs worldwide inc,paul mcfeeters,2,1,0
107,who is the assistant treasurer and chief executive officer of gxs worldwide inc,paul mcfeeters,2,1,0
107,who is the assistant treasurer and chief financial officer of gxs worldwide inc,paul mcfeeters,2,1,0
107,who is the assistant treasurer and president of gxs worldwide inc,paul mcfeeters,2,1,0
107,who is the assistant treasurer and treasurer of gxs worldwide inc,paul mcfeeters,2,1,0
107,who is the assistant treasurer and vice president of gxs worldwide inc,paul mcfeeters,2,1,0
107,who is the chief administrative officer and chief executive officer of gxs worldwide inc,paul mcfeeters,2,1,0
107,who is the chief administrative officer and chief financial officer of gxs worldwide inc,paul mcfeeters,2,1,0
107,who is the chief administrative officer and president of gxs worldwide inc,paul mcfeeters,2,1,0
107,who is the chief administrative officer and treasurer of gxs worldwide inc,paul mcfeeters,2,1,0
107,who is the chief administrative officer and vice president of gxs worldwide inc,paul mcfeeters,2,1,0
107,who is the chief executive officer and chief financial officer of gxs worldwide inc,paul mcfeeters,2,1,0
107,who is the chief executive officer and president of gxs worldwide inc,paul mcfeeters,2,1,0
107,who is the chief executive officer and treasurer of gxs worldwide inc,paul mcfeeters,2,1,0
107,who is the chief executive officer and vice president of gxs worldwide inc,paul mcfeeters,2,1,0
107,who is the chief financial officer and president of gxs worldwide inc,paul mcfeeters,2,1,0
107,who is the chief financial officer and treasurer of gxs worldwide inc,paul mcfeeters,2,1,0
107,who is the chief financial officer and vice president of gxs worldwide inc,paul mcfeeters,2,1,0
107,who is the president and treasurer of gxs worldwide inc,paul mcfeeters,2,1,0
107,who is the president and vice president of gxs worldwide inc,paul mcfeeters,2,1,0
107,who is the treasurer and vice president of gxs worldwide inc,paul mcfeeters,2,1,0
107,who is the assistant treasurer and chief administrative officer of ocelot merger sub inc,paul mcfeeters,2,1,0
107,who is the assistant treasurer and chief executive officer of ocelot merger sub inc,paul mcfeeters,2,1,0
107,who is the assistant treasurer and chief financial officer of ocelot merger sub inc,paul mcfeeters,2,1,0
107,who is the assistant treasurer and president of ocelot merger sub inc,paul mcfeeters,2,1,0
107,who is the assistant treasurer and treasurer of ocelot merger sub inc,paul mcfeeters,2,1,0
107,who is the assistant treasurer and vice president of ocelot merger sub inc,paul mcfeeters,2,1,0
107,who is the chief administrative officer and chief executive officer of ocelot merger sub inc,paul mcfeeters,2,1,0
107,who is the chief administrative officer and chief financial officer of ocelot merger sub inc,paul mcfeeters,2,1,0
107,who is the chief administrative officer and president of ocelot merger sub inc,paul mcfeeters,2,1,0
107,who is the chief administrative officer and treasurer of ocelot merger sub inc,paul mcfeeters,2,1,0
107,who is the chief administrative officer and vice president of ocelot merger sub inc,paul mcfeeters,2,1,0
107,who is the chief executive officer and chief financial officer of ocelot merger sub inc,paul mcfeeters,2,1,0
107,who is the chief executive officer and president of ocelot merger sub inc,paul mcfeeters,2,1,0
107,who is the chief executive officer and treasurer of ocelot merger sub inc,paul mcfeeters,2,1,0
107,who is the chief executive officer and vice president of ocelot merger sub inc,paul mcfeeters,2,1,0
107,who is the chief financial officer and president of ocelot merger sub inc,paul mcfeeters,2,1,0
107,who is the chief financial officer and treasurer of ocelot merger sub inc,paul mcfeeters,2,1,0
107,who is the chief financial officer and vice president of ocelot merger sub inc,paul mcfeeters,2,1,0
107,who is the president and treasurer of ocelot merger sub inc,paul mcfeeters,2,1,0
107,who is the president and vice president of ocelot merger sub inc,paul mcfeeters,2,1,0
107,who is the treasurer and vice president of ocelot merger sub inc,paul mcfeeters,2,1,0
107,who is the assistant treasurer and chief administrative officer of open text canada ltd,paul mcfeeters,2,1,0
107,who is the assistant treasurer and chief executive officer of open text canada ltd,paul mcfeeters,2,1,0
107,who is the assistant treasurer and chief financial officer of open text canada ltd,paul mcfeeters,2,1,0
107,who is the assistant treasurer and president of open text canada ltd,paul mcfeeters,2,1,0
107,who is the assistant treasurer and treasurer of open text canada ltd,paul mcfeeters,2,1,0
107,who is the assistant treasurer and vice president of open text canada ltd,paul mcfeeters,2,1,0
107,who is the chief administrative officer and chief executive officer of open text canada ltd,paul mcfeeters,2,1,0
107,who is the chief administrative officer and chief financial officer of open text canada ltd,paul mcfeeters,2,1,0
107,who is the chief administrative officer and president of open text canada ltd,paul mcfeeters,2,1,0
107,who is the chief administrative officer and treasurer of open text canada ltd,paul mcfeeters,2,1,0
107,who is the chief administrative officer and vice president of open text canada ltd,paul mcfeeters,2,1,0
107,who is the chief executive officer and chief financial officer of open text canada ltd,paul mcfeeters,2,1,0
107,who is the chief executive officer and president of open text canada ltd,paul mcfeeters,2,1,0
107,who is the chief executive officer and treasurer of open text canada ltd,paul mcfeeters,2,1,0
107,who is the chief executive officer and vice president of open text canada ltd,paul mcfeeters,2,1,0
107,who is the chief financial officer and president of open text canada ltd,paul mcfeeters,2,1,0
107,who is the chief financial officer and treasurer of open text canada ltd,paul mcfeeters,2,1,0
107,who is the chief financial officer and vice president of open text canada ltd,paul mcfeeters,2,1,0
107,who is the president and treasurer of open text canada ltd,paul mcfeeters,2,1,0
107,who is the president and vice president of open text canada ltd,paul mcfeeters,2,1,0
107,who is the treasurer and vice president of open text canada ltd,paul mcfeeters,2,1,0
107,who is the assistant treasurer and chief administrative officer of open text holdings inc,paul mcfeeters,2,1,0
107,who is the assistant treasurer and chief executive officer of open text holdings inc,paul mcfeeters,2,1,0
107,who is the assistant treasurer and chief financial officer of open text holdings inc,paul mcfeeters,2,1,0
107,who is the assistant treasurer and president of open text holdings inc,paul mcfeeters,2,1,0
107,who is the assistant treasurer and treasurer of open text holdings inc,paul mcfeeters,2,1,0
107,who is the assistant treasurer and vice president of open text holdings inc,paul mcfeeters,2,1,0
107,who is the chief administrative officer and chief executive officer of open text holdings inc,paul mcfeeters,2,1,0
107,who is the chief administrative officer and chief financial officer of open text holdings inc,paul mcfeeters,2,1,0
107,who is the chief administrative officer and president of open text holdings inc,paul mcfeeters,2,1,0
107,who is the chief administrative officer and treasurer of open text holdings inc,paul mcfeeters,2,1,0
107,who is the chief administrative officer and vice president of open text holdings inc,paul mcfeeters,2,1,0
107,who is the chief executive officer and chief financial officer of open text holdings inc,paul mcfeeters,2,1,0
107,who is the chief executive officer and president of open text holdings inc,paul mcfeeters,2,1,0
107,who is the chief executive officer and treasurer of open text holdings inc,paul mcfeeters,2,1,0
107,who is the chief executive officer and vice president of open text holdings inc,paul mcfeeters,2,1,0
107,who is the chief financial officer and president of open text holdings inc,paul mcfeeters,2,1,0
107,who is the chief financial officer and treasurer of open text holdings inc,paul mcfeeters,2,1,0
107,who is the chief financial officer and vice president of open text holdings inc,paul mcfeeters,2,1,0
107,who is the president and treasurer of open text holdings inc,paul mcfeeters,2,1,0
107,who is the president and vice president of open text holdings inc,paul mcfeeters,2,1,0
107,who is the treasurer and vice president of open text holdings inc,paul mcfeeters,2,1,0
107,who is the assistant treasurer and chief administrative officer of open text inc,paul mcfeeters,2,1,0
107,who is the assistant treasurer and chief executive officer of open text inc,paul mcfeeters,2,1,0
107,who is the assistant treasurer and chief financial officer of open text inc,paul mcfeeters,2,1,0
107,who is the assistant treasurer and president of open text inc,paul mcfeeters,2,1,0
107,who is the assistant treasurer and treasurer of open text inc,paul mcfeeters,2,1,0
107,who is the assistant treasurer and vice president of open text inc,paul mcfeeters,2,1,0
107,who is the chief administrative officer and chief executive officer of open text inc,paul mcfeeters,2,1,0
107,who is the chief administrative officer and chief financial officer of open text inc,paul mcfeeters,2,1,0
107,who is the chief administrative officer and president of open text inc,paul mcfeeters,2,1,0
107,who is the chief administrative officer and treasurer of open text inc,paul mcfeeters,2,1,0
107,who is the chief administrative officer and vice president of open text inc,paul mcfeeters,2,1,0
107,who is the chief executive officer and chief financial officer of open text inc,paul mcfeeters,2,1,0
107,who is the chief executive officer and president of open text inc,paul mcfeeters,2,1,0
107,who is the chief executive officer and treasurer of open text inc,paul mcfeeters,2,1,0
107,who is the chief executive officer and vice president of open text inc,paul mcfeeters,2,1,0
107,who is the chief financial officer and president of open text inc,paul mcfeeters,2,1,0
107,who is the chief financial officer and treasurer of open text inc,paul mcfeeters,2,1,0
107,who is the chief financial officer and vice president of open text inc,paul mcfeeters,2,1,0
107,who is the president and treasurer of open text inc,paul mcfeeters,2,1,0
107,who is the president and vice president of open text inc,paul mcfeeters,2,1,0
107,who is the treasurer and vice president of open text inc,paul mcfeeters,2,1,0
107,who is the assistant treasurer and chief administrative officer of open text usa inc,paul mcfeeters,2,1,0
107,who is the assistant treasurer and chief executive officer of open text usa inc,paul mcfeeters,2,1,0
107,who is the assistant treasurer and chief financial officer of open text usa inc,paul mcfeeters,2,1,0
107,who is the assistant treasurer and president of open text usa inc,paul mcfeeters,2,1,0
107,who is the assistant treasurer and treasurer of open text usa inc,paul mcfeeters,2,1,0
107,who is the assistant treasurer and vice president of open text usa inc,paul mcfeeters,2,1,0
107,who is the chief administrative officer and chief executive officer of open text usa inc,paul mcfeeters,2,1,0
107,who is the chief administrative officer and chief financial officer of open text usa inc,paul mcfeeters,2,1,0
107,who is the chief administrative officer and president of open text usa inc,paul mcfeeters,2,1,0
107,who is the chief administrative officer and treasurer of open text usa inc,paul mcfeeters,2,1,0
107,who is the chief administrative officer and vice president of open text usa inc,paul mcfeeters,2,1,0
107,who is the chief executive officer and chief financial officer of open text usa inc,paul mcfeeters,2,1,0
107,who is the chief executive officer and president of open text usa inc,paul mcfeeters,2,1,0
107,who is the chief executive officer and treasurer of open text usa inc,paul mcfeeters,2,1,0
107,who is the chief executive officer and vice president of open text usa inc,paul mcfeeters,2,1,0
107,who is the chief financial officer and president of open text usa inc,paul mcfeeters,2,1,0
107,who is the chief financial officer and treasurer of open text usa inc,paul mcfeeters,2,1,0
107,who is the chief financial officer and vice president of open text usa inc,paul mcfeeters,2,1,0
107,who is the president and treasurer of open text usa inc,paul mcfeeters,2,1,0
107,who is the president and vice president of open text usa inc,paul mcfeeters,2,1,0
107,who is the treasurer and vice president of open text usa inc,paul mcfeeters,2,1,0
107,who is the assistant treasurer and chief administrative officer of vignette partnership lp,paul mcfeeters,2,1,0
107,who is the assistant treasurer and chief executive officer of vignette partnership lp,paul mcfeeters,2,1,0
107,who is the assistant treasurer and chief financial officer of vignette partnership lp,paul mcfeeters,2,1,0
107,who is the assistant treasurer and president of vignette partnership lp,paul mcfeeters,2,1,0
107,who is the assistant treasurer and treasurer of vignette partnership lp,paul mcfeeters,2,1,0
107,who is the assistant treasurer and vice president of vignette partnership lp,paul mcfeeters,2,1,0
107,who is the chief administrative officer and chief executive officer of vignette partnership lp,paul mcfeeters,2,1,0
107,who is the chief administrative officer and chief financial officer of vignette partnership lp,paul mcfeeters,2,1,0
107,who is the chief administrative officer and president of vignette partnership lp,paul mcfeeters,2,1,0
107,who is the chief administrative officer and treasurer of vignette partnership lp,paul mcfeeters,2,1,0
107,who is the chief administrative officer and vice president of vignette partnership lp,paul mcfeeters,2,1,0
107,who is the chief executive officer and chief financial officer of vignette partnership lp,paul mcfeeters,2,1,0
107,who is the chief executive officer and president of vignette partnership lp,paul mcfeeters,2,1,0
107,who is the chief executive officer and treasurer of vignette partnership lp,paul mcfeeters,2,1,0
107,who is the chief executive officer and vice president of vignette partnership lp,paul mcfeeters,2,1,0
107,who is the chief financial officer and president of vignette partnership lp,paul mcfeeters,2,1,0
107,who is the chief financial officer and treasurer of vignette partnership lp,paul mcfeeters,2,1,0
107,who is the chief financial officer and vice president of vignette partnership lp,paul mcfeeters,2,1,0
107,who is the president and treasurer of vignette partnership lp,paul mcfeeters,2,1,0
107,who is the president and vice president of vignette partnership lp,paul mcfeeters,2,1,0
107,who is the treasurer and vice president of vignette partnership lp,paul mcfeeters,2,1,0
107,who is the assistant treasurer and chief administrative officer of xpedite systems llc,paul mcfeeters,2,1,0
107,who is the assistant treasurer and chief executive officer of xpedite systems llc,paul mcfeeters,2,1,0
107,who is the assistant treasurer and chief financial officer of xpedite systems llc,paul mcfeeters,2,1,0
107,who is the assistant treasurer and president of xpedite systems llc,paul mcfeeters,2,1,0
107,who is the assistant treasurer and treasurer of xpedite systems llc,paul mcfeeters,2,1,0
107,who is the assistant treasurer and vice president of xpedite systems llc,paul mcfeeters,2,1,0
107,who is the chief administrative officer and chief executive officer of xpedite systems llc,paul mcfeeters,2,1,0
107,who is the chief administrative officer and chief financial officer of xpedite systems llc,paul mcfeeters,2,1,0
107,who is the chief administrative officer and president of xpedite systems llc,paul mcfeeters,2,1,0
107,who is the chief administrative officer and treasurer of xpedite systems llc,paul mcfeeters,2,1,0
107,who is the chief administrative officer and vice president of xpedite systems llc,paul mcfeeters,2,1,0
107,who is the chief executive officer and chief financial officer of xpedite systems llc,paul mcfeeters,2,1,0
107,who is the chief executive officer and president of xpedite systems llc,paul mcfeeters,2,1,0
107,who is the chief executive officer and treasurer of xpedite systems llc,paul mcfeeters,2,1,0
107,who is the chief executive officer and vice president of xpedite systems llc,paul mcfeeters,2,1,0
107,who is the chief financial officer and president of xpedite systems llc,paul mcfeeters,2,1,0
107,who is the chief financial officer and treasurer of xpedite systems llc,paul mcfeeters,2,1,0
107,who is the chief financial officer and vice president of xpedite systems llc,paul mcfeeters,2,1,0
107,who is the president and treasurer of xpedite systems llc,paul mcfeeters,2,1,0
107,who is the president and vice president of xpedite systems llc,paul mcfeeters,2,1,0
107,who is the treasurer and vice president of xpedite systems llc,paul mcfeeters,2,1,0
107,who is the assistant treasurer and chief administrative officer of gxs inc,paul mcfeeters,2,1,0
107,who is the assistant treasurer and chief executive officer of gxs inc,paul mcfeeters,2,1,0
107,who is the assistant treasurer and chief financial officer of gxs inc,paul mcfeeters,2,1,0
107,who is the assistant treasurer and president of gxs inc,paul mcfeeters,2,1,0
107,who is the assistant treasurer and treasurer of gxs inc,paul mcfeeters,2,1,0
107,who is the assistant treasurer and vice president of gxs inc,paul mcfeeters,2,1,0
107,who is the chief administrative officer and chief executive officer of gxs inc,paul mcfeeters,2,1,0
107,who is the chief administrative officer and chief financial officer of gxs inc,paul mcfeeters,2,1,0
107,who is the chief administrative officer and president of gxs inc,paul mcfeeters,2,1,0
107,who is the chief administrative officer and treasurer of gxs inc,paul mcfeeters,2,1,0
107,who is the chief administrative officer and vice president of gxs inc,paul mcfeeters,2,1,0
107,who is the chief executive officer and chief financial officer of gxs inc,paul mcfeeters,2,1,0
107,who is the chief executive officer and president of gxs inc,paul mcfeeters,2,1,0
107,who is the chief executive officer and treasurer of gxs inc,paul mcfeeters,2,1,0
107,who is the chief executive officer and vice president of gxs inc,paul mcfeeters,2,1,0
107,who is the chief financial officer and president of gxs inc,paul mcfeeters,2,1,0
107,who is the chief financial officer and treasurer of gxs inc,paul mcfeeters,2,1,0
107,who is the chief financial officer and vice president of gxs inc,paul mcfeeters,2,1,0
107,who is the president and treasurer of gxs inc,paul mcfeeters,2,1,0
107,who is the president and vice president of gxs inc,paul mcfeeters,2,1,0
107,who is the treasurer and vice president of gxs inc,paul mcfeeters,2,1,0
107,who is the assistant treasurer and chief administrative officer of open text corporation,paul mcfeeters,2,1,0
107,who is the assistant treasurer and chief executive officer of open text corporation,paul mcfeeters,2,1,0
107,who is the assistant treasurer and chief financial officer of open text corporation,paul mcfeeters,2,1,0
107,who is the assistant treasurer and president of open text corporation,paul mcfeeters,2,1,0
107,who is the assistant treasurer and treasurer of open text corporation,paul mcfeeters,2,1,0
107,who is the assistant treasurer and vice president of open text corporation,paul mcfeeters,2,1,0
107,who is the chief administrative officer and chief executive officer of open text corporation,paul mcfeeters,2,1,0
107,who is the chief administrative officer and chief financial officer of open text corporation,paul mcfeeters,2,1,0
107,who is the chief administrative officer and president of open text corporation,paul mcfeeters,2,1,0
107,who is the chief administrative officer and treasurer of open text corporation,paul mcfeeters,2,1,0
107,who is the chief administrative officer and vice president of open text corporation,paul mcfeeters,2,1,0
107,who is the chief executive officer and chief financial officer of open text corporation,paul mcfeeters,2,1,0
107,who is the chief executive officer and president of open text corporation,paul mcfeeters,2,1,0
107,who is the chief executive officer and treasurer of open text corporation,paul mcfeeters,2,1,0
107,who is the chief executive officer and vice president of open text corporation,paul mcfeeters,2,1,0
107,who is the chief financial officer and president of open text corporation,paul mcfeeters,2,1,0
107,who is the chief financial officer and treasurer of open text corporation,paul mcfeeters,2,1,0
107,who is the chief financial officer and vice president of open text corporation,paul mcfeeters,2,1,0
107,who is the president and treasurer of open text corporation,paul mcfeeters,2,1,0
107,who is the president and vice president of open text corporation,paul mcfeeters,2,1,0
107,who is the treasurer and vice president of open text corporation,paul mcfeeters,2,1,0
107,who is the assistant treasurer and chief administrative officer of open text ulc,paul mcfeeters,2,1,0
107,who is the assistant treasurer and chief executive officer of open text ulc,paul mcfeeters,2,1,0
107,who is the assistant treasurer and chief financial officer of open text ulc,paul mcfeeters,2,1,0
107,who is the assistant treasurer and president of open text ulc,paul mcfeeters,2,1,0
107,who is the assistant treasurer and treasurer of open text ulc,paul mcfeeters,2,1,0
107,who is the assistant treasurer and vice president of open text ulc,paul mcfeeters,2,1,0
107,who is the chief administrative officer and chief executive officer of open text ulc,paul mcfeeters,2,1,0
107,who is the chief administrative officer and chief financial officer of open text ulc,paul mcfeeters,2,1,0
107,who is the chief administrative officer and president of open text ulc,paul mcfeeters,2,1,0
107,who is the chief administrative officer and treasurer of open text ulc,paul mcfeeters,2,1,0
107,who is the chief administrative officer and vice president of open text ulc,paul mcfeeters,2,1,0
107,who is the chief executive officer and chief financial officer of open text ulc,paul mcfeeters,2,1,0
107,who is the chief executive officer and president of open text ulc,paul mcfeeters,2,1,0
107,who is the chief executive officer and treasurer of open text ulc,paul mcfeeters,2,1,0
107,who is the chief executive officer and vice president of open text ulc,paul mcfeeters,2,1,0
107,who is the chief financial officer and president of open text ulc,paul mcfeeters,2,1,0
107,who is the chief financial officer and treasurer of open text ulc,paul mcfeeters,2,1,0
107,who is the chief financial officer and vice president of open text ulc,paul mcfeeters,2,1,0
107,who is the president and treasurer of open text ulc,paul mcfeeters,2,1,0
107,who is the president and vice president of open text ulc,paul mcfeeters,2,1,0
107,who is the treasurer and vice president of open text ulc,paul mcfeeters,2,1,0
107,who is the director of the company which is the collateral agent in the agreement,ritam bhalla,2,1,0
107,who is the director of the company which is the arranger in the agreement,ritam bhalla,2,1,0
107,who is the director of the company which is the lead arrangers in the agreement,ritam bhalla,2,1,0
107,who is the director of the company which is the intercreditor agent in the agreement,ritam bhalla,2,1,0
107,who is the director of the company which is the lender in the agreement,ritam bhalla,2,1,0
107,who is the director of the company associated with 1301 avenue of the americas new york new york 10019,ritam bhalla,3,0,0
107,who is the treasurer of the company associated with 1959 upper water street suite 900 halifax nova scotia,paul mcfeeters,3,0,0
107,who is the chief financial officer of the company associated with 1959 upper water street suite 900 halifax nova scotia,paul mcfeeters,3,0,0
107,who is the vice president of the company associated with 1959 upper water street suite 900 halifax nova scotia,paul mcfeeters,3,0,0
107,who is the assistant treasurer of the company associated with 1959 upper water street suite 900 halifax nova scotia,paul mcfeeters,3,0,0
107,who is the chief executive officer of the company associated with 1959 upper water street suite 900 halifax nova scotia,paul mcfeeters,3,0,0
107,who is the chief administrative officer of the company associated with 1959 upper water street suite 900 halifax nova scotia,paul mcfeeters,3,0,0
107,who is the president of the company associated with 1959 upper water street suite 900 halifax nova scotia,paul mcfeeters,3,0,0
107,who is the treasurer of the company associated with 275 frank tompa drive waterloo ontario,paul mcfeeters,3,0,0
107,who is the chief financial officer of the company associated with 275 frank tompa drive waterloo ontario,paul mcfeeters,3,0,0
107,who is the vice president of the company associated with 275 frank tompa drive waterloo ontario,paul mcfeeters,3,0,0
107,who is the assistant treasurer of the company associated with 275 frank tompa drive waterloo ontario,paul mcfeeters,3,0,0
107,who is the chief executive officer of the company associated with 275 frank tompa drive waterloo ontario,paul mcfeeters,3,0,0
107,who is the chief administrative officer of the company associated with 275 frank tompa drive waterloo ontario,paul mcfeeters,3,0,0
107,who is the president of the company associated with 275 frank tompa drive waterloo ontario,paul mcfeeters,3,0,0
107,who is the director of the company associated with 745 seventh avenue new york new york 10019,ritam bhalla,3,0,0
107,who is the treasurer of the company associated with korea,paul mcfeeters,3,0,0
107,who is the chief financial officer of the company associated with korea,paul mcfeeters,3,0,0
107,who is the vice president of the company associated with korea,paul mcfeeters,3,0,0
107,who is the assistant treasurer of the company associated with korea,paul mcfeeters,3,0,0
107,who is the chief executive officer of the company associated with korea,paul mcfeeters,3,0,0
107,who is the chief administrative officer of the company associated with korea,paul mcfeeters,3,0,0
107,who is the president of the company associated with korea,paul mcfeeters,3,0,0
107,who is the treasurer of the company associated with nova scotia canada,paul mcfeeters,3,0,0
107,who is the chief financial officer of the company associated with nova scotia canada,paul mcfeeters,3,0,0
107,who is the vice president of the company associated with nova scotia canada,paul mcfeeters,3,0,0
107,who is the assistant treasurer of the company associated with nova scotia canada,paul mcfeeters,3,0,0
107,who is the chief executive officer of the company associated with nova scotia canada,paul mcfeeters,3,0,0
107,who is the chief administrative officer of the company associated with nova scotia canada,paul mcfeeters,3,0,0
107,who is the president of the company associated with nova scotia canada,paul mcfeeters,3,0,0
107,who is the treasurer of the company associated with canada,paul mcfeeters,3,0,0
107,who is the chief financial officer of the company associated with canada,paul mcfeeters,3,0,0
107,who is the vice president of the company associated with canada,paul mcfeeters,3,0,0
107,who is the assistant treasurer of the company associated with canada,paul mcfeeters,3,0,0
107,who is the chief executive officer of the company associated with canada,paul mcfeeters,3,0,0
107,who is the chief administrative officer of the company associated with canada,paul mcfeeters,3,0,0
107,who is the president of the company associated with canada,paul mcfeeters,3,0,0
107,who is the treasurer of the company associated with delaware usa,paul mcfeeters,3,0,0
107,who is the chief financial officer of the company associated with delaware usa,paul mcfeeters,3,0,0
107,who is the vice president of the company associated with delaware usa,paul mcfeeters,3,0,0
107,who is the assistant treasurer of the company associated with delaware usa,paul mcfeeters,3,0,0
107,who is the chief executive officer of the company associated with delaware usa,paul mcfeeters,3,0,0
107,who is the chief administrative officer of the company associated with delaware usa,paul mcfeeters,3,0,0
107,who is the president of the company associated with delaware usa,paul mcfeeters,3,0,0
113,who is the manager and managing director a and authorized representative of hurco international holdings inc,sonja k mcclelland,2,1,0
113,who is the manager and secretary treasurer of hurco international holdings inc,sonja k mcclelland,2,1,0
113,who is the managing director a and authorized representative and secretary treasurer of hurco international holdings inc,sonja k mcclelland,2,1,0
113,who is the manager and managing director a and authorized representative of hurco international inc,sonja k mcclelland,2,1,0
113,who is the manager and secretary treasurer of hurco international inc,sonja k mcclelland,2,1,0
113,who is the managing director a and authorized representative and secretary treasurer of hurco international inc,sonja k mcclelland,2,1,0
113,who is the manager and managing director a and authorized representative of machinery sales co llc,sonja k mcclelland,2,1,0
113,who is the manager and secretary treasurer of machinery sales co llc,sonja k mcclelland,2,1,0
113,who is the managing director a and authorized representative and secretary treasurer of machinery sales co llc,sonja k mcclelland,2,1,0
113,who is the manager and managing director a and authorized representative of milltronics usa inc,sonja k mcclelland,2,1,0
113,who is the manager and secretary treasurer of milltronics usa inc,sonja k mcclelland,2,1,0
113,who is the managing director a and authorized representative and secretary treasurer of milltronics usa inc,sonja k mcclelland,2,1,0
113,who is the manager and managing director a and authorized representative of hurco bv,sonja k mcclelland,2,1,0
113,who is the manager and secretary treasurer of hurco bv,sonja k mcclelland,2,1,0
113,who is the managing director a and authorized representative and secretary treasurer of hurco bv,sonja k mcclelland,2,1,0
113,who is the manager and managing director a and authorized representative of hurco companies inc,sonja k mcclelland,2,1,0
113,who is the manager and secretary treasurer of hurco companies inc,sonja k mcclelland,2,1,0
113,who is the managing director a and authorized representative and secretary treasurer of hurco companies inc,sonja k mcclelland,2,1,0
113,who is the senior vice president of the company associated with 9000 southside blvd bldg 100 transaction processing fl9 100 04 24 jacksonville fl 32256,jonathan m phillips,3,0,0
113,who is the chief executive officer of the company associated with one technology way indianapolis indiana 42268 usa,michael doar,3,0,0
113,who is the managing director a and authorized representative of the company associated with one technology way indianapolis indiana 42268 usa,sonja k mcclelland,3,0,0
113,who is the secretary treasurer of the company associated with one technology way indianapolis indiana 42268 usa,sonja k mcclelland,3,0,0
113,who is the manager of the company associated with one technology way indianapolis indiana 42268 usa,sonja k mcclelland,3,0,0
113,who is the managing director a and authorized representative of the company associated with prins bernhardplein 200 1097 jb amsterdam the netherlands,sonja k mcclelland,3,0,0
113,who is the secretary treasurer of the company associated with prins bernhardplein 200 1097 jb amsterdam the netherlands,sonja k mcclelland,3,0,0
113,who is the manager of the company associated with prins bernhardplein 200 1097 jb amsterdam the netherlands,sonja k mcclelland,3,0,0
113,who is the chief executive officer of the company where sonja k mcclelland is employed,michael doar,3,0,0
113,who is the manager of the company where michael doar is employed,sonja k mcclelland,3,0,0
113,who is the managing director a and authorized representative of the company where michael doar is employed,sonja k mcclelland,3,0,0
113,who is the secretary treasurer of the company where michael doar is employed,sonja k mcclelland,3,0,0
112,what role does merrill lynch pierce fennerand smith incorporated have in the agreement which is not the role of jpmorgan chase bank na,joint bookrunners,2,1,0
112,what role does bank of america na have in the agreement which is not the role of jpmorgan chase bank na,syndication agent,2,1,0
112,what company is the arrangers but not the lender in the agreement,merrill lynch pierce fennerand smith incorporated,2,1,0
112,what are the roles in the agreement of the company where robert c megan is employed,"lender, syndication agent",2,0,1
112,what are the roles in the agreement of the company where amy u lessner is employed,"lender, arrangers, bookrunners, administrative agent",2,0,1
112,what are the roles in the agreement of the company associated with 10 so dearborn floor l2s chicago il 60603 2300,"lender, arrangers, bookrunners, administrative agent",2,0,1
112,what are the roles in the agreement of the company associated with 50 rowes wharf 2nd floor boston ma 02110,"lender, arrangers, bookrunners, administrative agent",2,0,1
112,who is the senior vice president of the company which is the syndication agent in the agreement,robert c megan,2,1,0
112,who is the chief financial officer of the company which is the borrower in the agreement,michael a doyle,2,1,0
112,who is the authorized officer of the company which is the administrative agent in the agreement,amy u lessner,2,1,0
112,who is the authorized officer of the company which is the bookrunners in the agreement,amy u lessner,2,1,0
112,who is the authorized officer of the company associated with 10 so dearborn floor l2s chicago il 60603 2300,amy u lessner,3,0,0
112,who is the authorized officer of the company associated with 50 rowes wharf 2nd floor boston ma 02110,amy u lessner,3,0,0
112,who is the chief financial officer of the company associated with 60 acorn park drive cambridge ma 02140,michael a doyle,3,0,0
106,what roles do both citigroup global marketsinc and deutsche bank securities inc have in the agreement,"arranger, bookrunner",1,1,1
106,what roles do both citigroup global marketsinc and rbc capital markets have in the agreement,"arranger, bookrunner",1,1,1
106,what roles do both citigroup global marketsinc and barclays bank plc have in the agreement,"arranger, bookrunner",1,1,1
106,what roles do both citigroup global marketsinc and goldman sachs bank usa have in the agreement,"arranger, bookrunner",1,1,1
106,what roles do both deutsche bank securities inc and rbc capital markets have in the agreement,"arranger, bookrunner",1,1,1
106,what roles do both deutsche bank securities inc and ubs securities llc have in the agreement,"arrangers, bookrunner",1,1,1
106,what roles do both deutsche bank securities inc and barclays bank plc have in the agreement,"arranger, bookrunner",1,1,1
106,what roles do both deutsche bank securities inc and goldman sachs bank usa have in the agreement,"arranger, bookrunner",1,1,1
106,what roles do both rbc capital markets and ubs securities llc have in the agreement,"arrangers, bookrunner",1,1,1
106,what roles do both rbc capital markets and barclays bank plc have in the agreement,"arranger, bookrunner",1,1,1
106,what roles do both rbc capital markets and goldman sachs bank usa have in the agreement,"arranger, bookrunner",1,1,1
106,what roles do both ubs securities llc and barclays bank plc have in the agreement,"arrangers, bookrunner",1,1,1
106,what roles do both ubs securities llc and goldman sachs bank usa have in the agreement,"arrangers, bookrunner",1,1,1
106,what roles do both barclays bank plc and goldman sachs bank usa have in the agreement,"lender, arranger, bookrunner",1,1,1
106,what role does black mountain cogeninc have in the agreement which is not the role of dynegy power llc,borrowers,2,1,0
106,what role does blue ridge generation llc have in the agreement which is not the role of dynegy power llc,borrowers,2,1,0
106,what role does citigroup global marketsinc have in the agreement which is not the role of ubs securities llc,arranger,2,1,0
106,what role does deutsche bank securities inc have in the agreement which is not the role of ubs securities llc,arranger,2,1,0
106,what role does dynegy equipment llc have in the agreement which is not the role of dynegy power llc,borrowers,2,1,0
106,what role does dynegy marketing and trade llc have in the agreement which is not the role of dynegy power llc,borrowers,2,1,0
106,what role does dynegy power generation inc have in the agreement which is not the role of dynegy power llc,borrowers,2,1,0
106,what role does dynegy south bay llc have in the agreement which is not the role of dynegy power llc,borrowers,2,1,0
106,what role does rbc capital markets have in the agreement which is not the role of ubs securities llc,arranger,2,1,0
106,what role does sithe energiesinc have in the agreement which is not the role of dynegy power llc,borrowers,2,1,0
106,what role does sithe independence llc have in the agreement which is not the role of dynegy power llc,borrowers,2,1,0
106,what role does sithe independence power partners lp have in the agreement which is not the role of dynegy power llc,borrowers,2,1,0
106,what role does casco bay energy company llc have in the agreement which is not the role of dynegy power llc,borrowers,2,1,0
106,what role does dynegy kendall energy llc have in the agreement which is not the role of dynegy power llc,borrowers,2,1,0
106,what role does dynegy morro bay llc have in the agreement which is not the role of dynegy power llc,borrowers,2,1,0
106,what role does dynegy moss landing llc have in the agreement which is not the role of dynegy power llc,borrowers,2,1,0
106,what role does dynegy oakland llc have in the agreement which is not the role of dynegy power llc,borrowers,2,1,0
106,what role does ontelaunee power operating company llc have in the agreement which is not the role of dynegy power llc,borrowers,2,1,0
106,what company is the arranger but not the arrangers in the agreement,citigroup global marketsinc,2,1,0
106,what company is the bookrunner but not the arrangers in the agreement,citigroup global marketsinc,2,1,0
106,what company is the bookrunners but not the arrangers in the agreement,citigroup global marketsinc,2,1,0
106,what are the roles in the agreement of the company where vanessa a kurbatskiy is employed,"lender, arranger, bookrunner",2,0,1
106,what are the roles in the agreement of the company where robert ehudin is employed,"lender, arranger, bookrunner",2,0,1
106,what are the roles in the agreement of the company where clint c freeland is employed,"lenders, borrower",2,0,1
106,what are the roles in the agreement of the company where ann hurley is employed,"lender, collateral trustee, administrative agent",2,0,1
106,what are the roles in the agreement of the company where thomas casey is employed,"lender, collateral trustee, administrative agent",2,0,1
106,what are the roles in the agreement of the company associated with casco bay 125 shore road veazie me 04401 penobscot county maine,"lenders, borrowers",2,0,1
106,what are the roles in the agreement of the company associated with kendall 1401 county line road minookail 60447 kendall and grundy countiesillinois,"lenders, borrowers",2,0,1
106,what are the roles in the agreement of the company associated with morro bay 1290 embarcadero morro bay ca 93442 san luis obispo county california,"lenders, borrowers",2,0,1
106,what are the roles in the agreement of the company associated with moss landing hwy 1and dolan road moss landing ca 95039 monterey county california,"lenders, borrowers",2,0,1
106,what are the roles in the agreement of the company associated with oakland 50 martin luther king way oakland ca 94607 alameda county california,"lenders, borrowers",2,0,1
106,what are the roles in the agreement of the company associated with ontelaunee 5115 pottsville pike reading pa 19605 berks county pennsylvania,"lenders, borrowers",2,0,1
106,what are the roles in the agreement of the company associated with 601 travis street 14thfloor houston texas 77002 5050,"lenders, borrower",2,0,1
106,what are the roles in the agreement of the company associated with 4th floor 20 king street west toronto ontario m5h 1c4,"lender, collateral trustee, administrative agent",2,0,1
106,who is the director and vice president of citibank na,kirkwood roland,2,1,0
106,who is the chief financial officer and executive vice president of dynegy gas investments holdings llc,clint c freeland,2,1,0
106,who is the chief financial officer and executive vice president of dynegy power llc,clint c freeland,2,1,0
106,who is the manager agency of the company associated with 4th floor 20 king street west toronto ontario m5h 1c4,ann hurley,3,0,0
106,who is the authorized signatory of the company associated with 4th floor 20 king street west toronto ontario m5h 1c4,thomas casey,3,0,0
106,who is the chief financial officer of the company associated with 601 travis street 14thfloor houston texas 77002 5050,clint c freeland,3,0,0
106,who is the executive vice president of the company associated with 601 travis street 14thfloor houston texas 77002 5050,clint c freeland,3,0,0
106,who is the associate director of the company where lana gifas is employed,joselin fernandes,3,0,0
106,who is the director of the company where joselin fernandes is employed,lana gifas,3,0,0
106,who is the authorized signatory of the company where ann hurley is employed,thomas casey,3,0,0
106,who is the manager agency of the company where thomas casey is employed,ann hurley,3,0,0
13,who is the chief financial officer and executive vice president of cvr energyinc,tracy d jackson,2,1,0
60,what roles do both bank of montreal and capital one national association have in the agreement,"agents, arrangers, bookrunners",1,1,1
60,what roles do both bank of montreal and jpmorgan chase bank na have in the agreement,"agents, arrangers, bookrunners",1,1,1
60,what roles do both bank of montreal and the bank of nova scotia have in the agreement,"agents, arrangers, bookrunners",1,1,1
60,what roles do both bank of montreal and us bank national association have in the agreement,"agents, arrangers, bookrunners",1,1,1
60,what roles do both capital one national association and jpmorgan chase bank na have in the agreement,"agents, arrangers, bookrunners",1,1,1
60,what roles do both capital one national association and the bank of nova scotia have in the agreement,"agents, arrangers, bookrunners",1,1,1
60,what roles do both capital one national association and us bank national association have in the agreement,"agents, arrangers, bookrunners",1,1,1
60,what roles do both jpmorgan chase bank na and the bank of nova scotia have in the agreement,"agents, arrangers, bookrunners",1,1,1
60,what roles do both jpmorgan chase bank na and us bank national association have in the agreement,"agents, arrangers, bookrunners",1,1,1
60,what roles do both the bank of nova scotia and us bank national association have in the agreement,"agents, arrangers, bookrunners",1,1,1
60,what role does bofa securities inc have in the agreement which is not the role of mizuho bank ltd,bookrunners,2,1,0
60,what role does wells fargo securities llc have in the agreement which is not the role of mizuho bank ltd,bookrunners,2,1,0
60,what role does bank of montreal have in the agreement which is not the role of mizuho bank ltd,bookrunners,2,1,0
60,what role does bank of montreal have in the agreement which is not the role of mufg bank ltd,agents,2,1,0
60,what role does bank of montreal have in the agreement which is not the role of citibank na,agents,2,1,0
60,what role does capital one national association have in the agreement which is not the role of mizuho bank ltd,bookrunners,2,1,0
60,what role does capital one national association have in the agreement which is not the role of mufg bank ltd,agents,2,1,0
60,what role does capital one national association have in the agreement which is not the role of citibank na,agents,2,1,0
60,what role does jpmorgan chase bank na have in the agreement which is not the role of mizuho bank ltd,bookrunners,2,1,0
60,what role does jpmorgan chase bank na have in the agreement which is not the role of mufg bank ltd,agents,2,1,0
60,what role does jpmorgan chase bank na have in the agreement which is not the role of citibank na,agents,2,1,0
60,what role does mizuho bank ltd have in the agreement which is not the role of mufg bank ltd,agents,2,1,0
60,what role does mizuho bank ltd have in the agreement which is not the role of citibank na,agents,2,1,0
60,what role does the bank of nova scotia have in the agreement which is not the role of citibank na,agents,2,1,0
60,what role does us bank national association have in the agreement which is not the role of citibank na,agents,2,1,0
60,what company is the arrangers but not the bookrunners in the agreement,mizuho bank ltd,2,1,0
60,what are the roles in the agreement of the company where patrick hartweger is employed,"agents, arrangers, bookrunners",2,0,1
60,what are the roles in the agreement of the company where joshua dearmon is employed,"agents, arrangers, bookrunners",2,0,1
60,what are the roles in the agreement of the company where anthony galea is employed,"agents, arrangers, bookrunners",2,0,1
60,what are the roles in the agreement of the company where tracy rahn is employed,"agents, arrangers",2,0,1
60,what are the roles in the agreement of the company where oscar cortez is employed,"arrangers, bookrunners",2,0,1
60,what are the roles in the agreement of the company where jason rinne is employed,"agents, arrangers, bookrunners",2,0,1
60,what are the roles in the agreement of the company where lukas coleman is employed,"agents, arrangers, bookrunners",2,0,1
60,what are the roles in the agreement of the company where susan m olsen is employed,"arrangers, bookrunners, administrative agent",2,0,1
60,what are the roles in the agreement of the company associated with one penns way ops ii floor 2 new castle de 19720,"arrangers, bookrunners, administrative agent",2,0,1
60,who is the senior vice president and treasurer of leidos holdings inc,marc h crown,2,1,0
60,who is the vice president of the company which is the documentation agents in the agreement,thor oconnell,2,1,0
60,who is the vice president of the company which is the administrative agent in the agreement,susan m olsen,2,1,0
60,who is the vice president of the company associated with one penns way ops ii floor 2 new castle de 19720,susan m olsen,3,0,0
60,who is the managing director of the company where caroline smith is employed,harry yergey,3,0,0
60,who is the assistant vice president of the company where harry yergey is employed,caroline smith,3,0,0
74,who are the authorized signatorys of credit suisse ag cayman islands branch,"christopher day, karim rahimtoola",2,0,1
74,who is the senior vice president of the company associated with 4900 tiedeman road mail code oh 01 49 0362 brooklyn ohio 44144,jeff kalinowski,3,0,0
74,who is the executive vice president and secretary of the company associated with 7900 tysons one place suite1450 mclean va 22102,christopher t mckee,3,0,0
48,what are the roles in the agreement of the company associated with 1100 louisiana suite 3300 houston tx 77002 5217,"lender, borrower",2,0,1
48,what are the roles in the agreement of the company associated with c o enbridge inc 3000 425 1st calgary alberta canada,"lender, borrower",2,0,1
48,who is the corporate secretary and vice president law and assistant of enbridge us inc,chris kaitson,2,1,0
48,who is the corporate secretary and vice president us law of enbridge us inc,chris kaitson,2,1,0
48,who is the vice president law and assistant and vice president us law of enbridge us inc,chris kaitson,2,1,0
48,who is the corporate secretary and vice president law and assistant of enbridge energy partners lp,chris kaitson,2,1,0
48,who is the corporate secretary and vice president us law of enbridge energy partners lp,chris kaitson,2,1,0
48,who is the vice president law and assistant and vice president us law of enbridge energy partners lp,chris kaitson,2,1,0
48,who is the corporate secretary of the company associated with 1100 louisiana suite 3300 houston tx 77002 5217,chris kaitson,3,0,0
48,who is the vice president law and assistant of the company associated with 1100 louisiana suite 3300 houston tx 77002 5217,chris kaitson,3,0,0
48,who is the vice president us law of the company associated with 1100 louisiana suite 3300 houston tx 77002 5217,chris kaitson,3,0,0
48,who is the treasurer of the company associated with 1100 louisiana suite 3300 houston tx 77002 5217,jonathan rose,3,0,0
48,who is the corporate secretary of the company associated with c o enbridge inc 3000 425 1st calgary alberta canada,chris kaitson,3,0,0
48,who is the vice president law and assistant of the company associated with c o enbridge inc 3000 425 1st calgary alberta canada,chris kaitson,3,0,0
48,who is the vice president us law of the company associated with c o enbridge inc 3000 425 1st calgary alberta canada,chris kaitson,3,0,0
48,who is the treasurer of the company associated with c o enbridge inc 3000 425 1st calgary alberta canada,jonathan rose,3,0,0
48,who is the corporate secretary of the company where jonathan rose is employed,chris kaitson,3,0,0
48,who is the vice president law and assistant of the company where jonathan rose is employed,chris kaitson,3,0,0
48,who is the vice president us law of the company where jonathan rose is employed,chris kaitson,3,0,0
48,who is the treasurer of the company where chris kaitson is employed,jonathan rose,3,0,0
149,who is the executive vice president and secretary of xcel brands inc,seth burroughs,2,1,0
161,who is the vice president of the company associated with 1200 abernathy road ne suite 1550 atlanta georgia 30328,thomas z schmitt,3,0,0
161,who is the vice president of the company associated with 2390 east camelback road ste 220 phoenix arizona 85016,thomas z schmitt,3,0,0
161,who is the chief financial officer of the company associated with c o modiv advisors llc 120 newport center drive newport beach ca 92660,raymond j pacini,3,0,0
148,who is the director of the company where liliana claar is employed,mukesh singh,3,0,0
148,who is the vice president of the company where mukesh singh is employed,liliana claar,3,0,0
148,who is the vice president of the company where p nicholas rogers is employed,karim remtoula,3,0,0
148,who is the managing director of the company where karim remtoula is employed,p nicholas rogers,3,0,0
49,who is the chief executive and chief executive officer of marco brunelli ip llc,michael buckley,2,1,0
49,who is the chief executive and chief executive officer of rgh group llc,michael buckley,2,1,0
49,who is the chief executive and chief executive officer of robert graham designs llc,michael buckley,2,1,0
49,who is the chief executive and chief executive officer of robert graham holdings llc,michael buckley,2,1,0
49,who is the chief executive and chief executive officer of robert graham retail llc,michael buckley,2,1,0
49,who is the chief executive and chief executive officer of rg parent llc,michael buckley,2,1,0
49,who is the chief executive officer of the company associated with 1231 s gerhart avenue commerce ca 90022,michael buckley,3,0,0
49,who is the chief executive of the company associated with 1231 s gerhart avenue commerce ca 90022,michael buckley,3,0,0
49,who is the managing director of the company associated with 200 clarendon street 51st floor boston massachusetts 02116,suzanne grosso,3,0,0
75,who is the vice president of the company associated with 10 south dearborn street chicagoillinois 60603,justin b kelley,3,0,0
75,who is the chief financial officer of the company associated with 20 crosby drive bedford ma 01730,karl johnsen,3,0,0
61,what role does citibank na have in the agreement which is not the role of bank of america na,agent,2,1,0
61,what role does citibank na have in the agreement which is not the role of bnp paribas,agent,2,1,0
61,what role does jpmorgan chase bank na have in the agreement which is not the role of bank of america na,agent,2,1,0
61,what role does jpmorgan chase bank na have in the agreement which is not the role of bnp paribas,agent,2,1,0
61,what role does wells fargo bank national association have in the agreement which is not the role of bank of america na,agent,2,1,0
61,what role does wells fargo bank national association have in the agreement which is not the role of bnp paribas,agent,2,1,0
61,what role does bank of america na have in the agreement which is not the role of bnp paribas,administrative agent,2,1,0
61,what company is the agent but not the lender in the agreement,deutsche bank securities inc,2,1,0
61,who are the vice presidents of bank of america na,"amanuel assefa, bridgett j manduk mowry",2,0,1
61,what are the roles in the agreement of the company where jim cahow is employed,"agent, lender",2,0,1
61,what are the roles in the agreement of the company where maria riaz is employed,"agent, lender",2,0,1
61,what are the roles in the agreement of the company where christopher shafto is employed,"agent, lender",2,0,1
61,what are the roles in the agreement of the company where amanuel assefa is employed,"lender, administrative agent",2,0,1
61,what are the roles in the agreement of the company where bridgett j manduk mowry is employed,"lender, administrative agent",2,0,1
61,what are the roles in the agreement of the company where gregory paul is employed,"lender, syndication agent",2,0,1
61,what are the roles in the agreement of the company where liz cheng is employed,"lender, syndication agent",2,0,1
61,who is the director and vice president of citibank na,jim cahow,2,1,0
61,who is the treasurer and vice president taxand treasury of citrix systems inc,brian l shytle,2,1,0
61,who is the vice president of the company where gregory paul is employed,liz cheng,3,0,0
61,who is the managing director of the company where liz cheng is employed,gregory paul,3,0,0
61,who is the director of the company where marko lukin is employed,ming k chu,3,0,0
61,who is the vice president of the company where ming k chu is employed,marko lukin,3,0,0
77,who is the administrative officer and chief legal of wellcare health plans inc,blair w todt,2,1,0
77,who is the administrative officer and secretary of wellcare health plans inc,blair w todt,2,1,0
77,who is the administrative officer and senior vice president of wellcare health plans inc,blair w todt,2,1,0
77,who is the chief legal and secretary of wellcare health plans inc,blair w todt,2,1,0
77,who is the chief legal and senior vice president of wellcare health plans inc,blair w todt,2,1,0
77,who is the secretary and senior vice president of wellcare health plans inc,blair w todt,2,1,0
77,who is the executive director of the company associated with 10 south dearborn street chicago illinois 60603,hector j varona,3,0,0
88,who is the chief financial officer and president of j2 cloud services llc,r scott turicchi,2,1,0
88,who is the director of the company associated with 445 s figueroa street floor 10 los angeles ca 90071,westley white,3,0,0
88,who is the chief financial officer of the company associated with 6922 hollywood blvd suite 500 los angeles ca 90028,r scott turicchi,3,0,0
88,who is the president of the company associated with 6922 hollywood blvd suite 500 los angeles ca 90028,r scott turicchi,3,0,0
162,who is the chief compliance officer and general counsel of nabors alaska drilling inc,michael rasmuson,2,1,0
162,who is the chief compliance officer and secretary of nabors alaska drilling inc,michael rasmuson,2,1,0
162,who is the chief compliance officer and senior vice president of nabors alaska drilling inc,michael rasmuson,2,1,0
162,who is the general counsel and secretary of nabors alaska drilling inc,michael rasmuson,2,1,0
162,who is the general counsel and senior vice president of nabors alaska drilling inc,michael rasmuson,2,1,0
162,who is the secretary and senior vice president of nabors alaska drilling inc,michael rasmuson,2,1,0
162,who is the chief compliance officer and general counsel of nabors drilling holdings inc,michael rasmuson,2,1,0
162,who is the chief compliance officer and secretary of nabors drilling holdings inc,michael rasmuson,2,1,0
162,who is the chief compliance officer and senior vice president of nabors drilling holdings inc,michael rasmuson,2,1,0
162,who is the general counsel and secretary of nabors drilling holdings inc,michael rasmuson,2,1,0
162,who is the general counsel and senior vice president of nabors drilling holdings inc,michael rasmuson,2,1,0
162,who is the secretary and senior vice president of nabors drilling holdings inc,michael rasmuson,2,1,0
162,who is the chief compliance officer and general counsel of nabors drilling technologies usa,michael rasmuson,2,1,0
162,who is the chief compliance officer and secretary of nabors drilling technologies usa,michael rasmuson,2,1,0
162,who is the chief compliance officer and senior vice president of nabors drilling technologies usa,michael rasmuson,2,1,0
162,who is the general counsel and secretary of nabors drilling technologies usa,michael rasmuson,2,1,0
162,who is the general counsel and senior vice president of nabors drilling technologies usa,michael rasmuson,2,1,0
162,who is the secretary and senior vice president of nabors drilling technologies usa,michael rasmuson,2,1,0
162,who is the corporate secretary and president of nabors holdings ltd,mark d andrews,2,1,0
162,who is the corporate secretary and president of nabors industries ltd,mark d andrews,2,1,0
162,who is the corporate secretary and president of nabors international management limited,mark d andrews,2,1,0
162,who is the chief compliance officer and general counsel of nabors industries inc,michael rasmuson,2,1,0
162,who is the chief compliance officer and secretary of nabors industries inc,michael rasmuson,2,1,0
162,who is the chief compliance officer and senior vice president of nabors industries inc,michael rasmuson,2,1,0
162,who is the general counsel and secretary of nabors industries inc,michael rasmuson,2,1,0
162,who is the general counsel and senior vice president of nabors industries inc,michael rasmuson,2,1,0
162,who is the secretary and senior vice president of nabors industries inc,michael rasmuson,2,1,0
162,who is the vice president of the company associated with 1615 brett road ops 3 new castle de 19720,ivan davey,3,0,0
162,who is the secretary of the company associated with 515 west greens road suite 1200 houston texas 77067 attention general counsel,michael rasmuson,3,0,0
162,who is the senior vice president of the company associated with 515 west greens road suite 1200 houston texas 77067 attention general counsel,michael rasmuson,3,0,0
162,who is the general counsel of the company associated with 515 west greens road suite 1200 houston texas 77067 attention general counsel,michael rasmuson,3,0,0
162,who is the chief compliance officer of the company associated with 515 west greens road suite 1200 houston texas 77067 attention general counsel,michael rasmuson,3,0,0
163,who is the vice president of the company which is the sole bookrunner in the agreement,david tepper,2,1,0
89,what role does golub capital llc have in the agreement which is not the role of keybanc capital markets inc,joint bookrunners,2,1,0
89,what role does golub capital llc have in the agreement which is not the role of macquarie capital usa inc,joint bookrunners,2,1,0
89,what role does golub capital llc have in the agreement which is not the role of jpmorgan chase bank,joint bookrunners,2,1,0
89,who are the cfos of agiliti healthinc,"james pekarek, matthew mccabe",2,0,1
89,what are the roles in the agreement of the company where sabir hashmy is employed,"arrangers, bookrunners",2,0,1
89,what are the roles in the agreement of the company associated with 10 s dearborn chicagoil 60603,"arrangers, bookrunners",2,0,1
89,who is the general counsel and svp of agiliti healthinc,lee neumann,2,1,0
89,who is the general counsel and vp finance of agiliti healthinc,lee neumann,2,1,0
89,who is the svp and vp finance of agiliti healthinc,lee neumann,2,1,0
89,who is the managing director of the company associated with 10 s dearborn chicagoil 60603,sabir hashmy,3,0,0
89,who is the vp finance of the company associated with 6625 west 78th street suite300 minneapolis mn 55439,lee neumann,3,0,0
89,who is the general counsel of the company associated with 6625 west 78th street suite300 minneapolis mn 55439,lee neumann,3,0,0
89,who is the svp of the company associated with 6625 west 78th street suite300 minneapolis mn 55439,lee neumann,3,0,0
89,who is the general counsel of the company where james pekarek is employed,lee neumann,3,0,0
89,who is the svp of the company where james pekarek is employed,lee neumann,3,0,0
89,who is the vp finance of the company where james pekarek is employed,lee neumann,3,0,0
89,who is the general counsel of the company where matthew mccabe is employed,lee neumann,3,0,0
89,who is the svp of the company where matthew mccabe is employed,lee neumann,3,0,0
89,who is the vp finance of the company where matthew mccabe is employed,lee neumann,3,0,0
62,who is the chief financial officer and senior vice president of michigan electric transmission company llc,gretchen l holloway,2,1,0
62,who is the authorized signatory of the company which is the administrative agent in the agreement,annie dorval,2,1,0
62,who is the authorized signatory of the company associated with 222 bay street 15 floor toronto on m5k 1a2,brian macfarlane,3,0,0
62,who is the authorized signatory of the company associated with 222 bay street 15th floor toronto ontario m5k1a2,annie dorval,3,0,0
62,who is the chief financial officer of the company associated with 27175 energy way novi mi 48377,gretchen l holloway,3,0,0
62,who is the senior vice president of the company associated with 27175 energy way novi mi 48377,gretchen l holloway,3,0,0
76,who is the chieffinancial officer and executive vice president of microsemi corporation,john w hohener,2,1,0
76,who is the chieffinancial officer and secretary of microsemi corporation,john w hohener,2,1,0
76,who is the chieffinancial officer and treasurer of microsemi corporation,john w hohener,2,1,0
76,who is the executive vice president and secretary of microsemi corporation,john w hohener,2,1,0
76,who is the executive vice president and treasurer of microsemi corporation,john w hohener,2,1,0
76,who is the secretary and treasurer of microsemi corporation,john w hohener,2,1,0
8,what role does fennerand smith incorporated have in the agreement which is not the role of wells fargo securities llc,bookrunners,2,1,0
8,what role does merrill lynch have in the agreement which is not the role of wells fargo securities llc,bookrunners,2,1,0
8,what role does pierce have in the agreement which is not the role of wells fargo securities llc,bookrunners,2,1,0
8,what company is the arrangers but not the bookrunners in the agreement,wells fargo securities llc,2,1,0
72,what role does goldman sachs bank usa have in the agreement which is not the role of citigroup global markets inc,syndication agents,2,1,0
72,what role does wells fargo securities llc have in the agreement which is not the role of citigroup global markets inc,lead arrangers,2,1,0
72,what company is the syndication agents but not the arrangers in the agreement,wells fargo bank national association,2,1,0
72,what company is the syndication agents but not the book runners in the agreement,wells fargo bank national association,2,1,0
72,what are the roles in the agreement of the company where ryan durkin is employed,"arrangers, book runners, syndication agents",2,0,1
72,what are the roles in the agreement of the company where kay reedy is employed,"book runners, lead arrangers",2,0,1
72,what are the roles in the agreement of the company where john summers is employed,"arrangers, book runners",2,0,1
72,what are the roles in the agreement of the company associated with 25 canada square canary wharf london england e14 5lb,"arrangers, book runners",2,0,1
72,who is the treasurer and vice president of stanley blackand decker inc,craig a douglas,2,1,0
72,who is the managing director of the company which is the lead arrangers in the agreement,kay reedy,2,1,0
72,who is the vice president of the company which is the administrative agent in the agreement,carolyn kee,2,1,0
72,who is the vice president of the company associated with 1000 stanley drive new britain connecticut 06053,craig a douglas,3,0,0
72,who is the treasurer of the company associated with 1000 stanley drive new britain connecticut 06053,craig a douglas,3,0,0
72,who is the assistant vice president of the company associated with 25 canada square canary wharf london england e14 5lb,john summers,3,0,0
72,who is the vice president of the company associated with building 3 1615 brett road new castle de 19720,carolyn kee,3,0,0
72,what is the address of uk branch of the company where john summers is employed,25 canada square canary wharf london england e14 5lb,3,0,0
66,what role does barclays bank plc have in the agreement which is not the role of mufg bank ltd,issuing lender,2,1,0
66,what role does barclays bank plc have in the agreement which is not the role of us bank national association,issuing lender,2,1,0
66,what role does mufg bank ltd have in the agreement which is not the role of wells fargo bank national association,agents,2,1,0
66,what role does us bank national association have in the agreement which is not the role of wells fargo bank national association,agents,2,1,0
66,who are the senior vice presidents of dnb capital llc,"kristie li, bret douglas",2,0,1
66,what are the roles in the agreement of the company where ronnie glenn is employed,"agents, issuing lender",2,0,1
66,what are the roles in the agreement of the company where james riley is employed,"revolver, term loan a lender",2,0,1
66,what are the roles in the agreement of the company where kevin wood is employed,"agents, lender",2,0,1
66,what are the roles in the agreement of the company where tom priedeman is employed,"agents, lender",2,0,1
66,what are the roles in the agreement of the company where darin mullis is employed,"agent, lender",2,0,1
66,what are the roles in the agreement of the company associated with 1525 w wt harris blvd charlotte north carolina 28262,"agent, lender",2,0,1
66,who is the director and svp of bank of america na,ronnie glenn,2,1,0
66,who is the director and svp of barclays bank plc,ronnie glenn,2,1,0
66,who is the cfo and treasurer of icu medical inc,brian m bonnell,2,1,0
66,who is the authorized signer of the company which is the term loan a lender in the agreement,james riley,2,1,0
66,who is the authorized signer of the company which is the revolver in the agreement,james riley,2,1,0
66,who is the managing director of the company which is the agent in the agreement,darin mullis,2,1,0
66,who is the managing director of the company associated with 1525 w wt harris blvd charlotte north carolina 28262,darin mullis,3,0,0
66,who is the cfo of the company associated with 951 calle amanecer san clemente california 92673,brian m bonnell,3,0,0
66,who is the treasurer of the company associated with 951 calle amanecer san clemente california 92673,brian m bonnell,3,0,0
99,what is the position held by doug couvillion but not by nick flanagan,treasurer,1,2,0
99,what role does co peratieve centrale raiffeisen boerenleenbank ba have in the agreement which is not the role of merrill lynch pierce fennerand smith incorporated,agent,2,1,0
99,what role does co peratieve centrale raiffeisen boerenleenbank ba have in the agreement which is not the role of rabobank nederland,bookrunners,2,1,0
99,what role does co peratieve centrale raiffeisen boerenleenbank ba have in the agreement which is not the role of wells fargo securities llc,agent,2,1,0
99,what role does merrill lynch pierce fennerand smith incorporated have in the agreement which is not the role of rabobank nederland,bookrunners,2,1,0
99,what role does regions bank have in the agreement which is not the role of wellsfargobanknationalassociation,agent,2,1,0
99,what role does regions bank have in the agreement which is not the role of wells fargo bank national association,lender,2,1,0
99,what role does suntrust bank have in the agreement which is not the role of wellsfargobanknationalassociation,agent,2,1,0
99,what role does suntrust bank have in the agreement which is not the role of wells fargo bank national association,lender,2,1,0
99,what role does the bank of tokyo mitsubishi ufj ltd have in the agreement which is not the role of wellsfargobanknationalassociation,agent,2,1,0
99,what role does the bank of tokyo mitsubishi ufj ltd have in the agreement which is not the role of wells fargo bank national association,lender,2,1,0
99,what role does us bank national association have in the agreement which is not the role of wellsfargobanknationalassociation,agent,2,1,0
99,what role does us bank national association have in the agreement which is not the role of wells fargo bank national association,lender,2,1,0
99,what company is the arrangers but not the bookrunners in the agreement,rabobank nederland,2,1,0
99,what are the roles in the agreement of the company where scott c tocci is employed,"agent, lender",2,0,1
99,what are the roles in the agreement of the company where henry spark is employed,"agent, lender",2,0,1
99,what are the roles in the agreement of the company where christine howatt is employed,"agent, lender",2,0,1
99,what are the roles in the agreement of the company where steven dixon is employed,"agent, lender",2,0,1
99,what are the roles in the agreement of the company where stephen a leon is employed,"bank, lender, collateral agent, administrative agent",2,0,1
99,what are the roles in the agreement of the company associated with 1808 aston avenue suite 250 carlsbad ca 92008,agent,2,0,1
99,what are the roles in the agreement of the company associated with mac d1109 019 1525 west wt harris blvd charlotte nc28262,agent,2,0,1
99,who is the chief manager and president of cbocs pennsylvania llc,nick flanagan,2,1,0
99,who is the president and treasurer of cbocs supply inc,doug couvillion,2,1,0
99,who is the president and treasurer of cbocs texas llc,doug couvillion,2,1,0
99,who is the chief manager and president of cbocs west inc,nick flanagan,2,1,0
99,who is the managing director of the company which is the bank in the agreement,stephen a leon,2,1,0
99,who is the managing director of the company which is the collateral agent in the agreement,stephen a leon,2,1,0
99,who is the managing director of the company where michael t harder is employed,adriaan weststrate,3,0,0
99,who is the executive director of the company where adriaan weststrate is employed,michael t harder,3,0,0
167,who is the secretary and treasurer of powell electrical systems inc,don r madison,2,1,0
167,who is the secretary and vice president of powell electrical systems inc,don r madison,2,1,0
167,who is the treasurer and vice president of powell electrical systems inc,don r madison,2,1,0
167,who is the secretary and treasurer of powell industries inc,don r madison,2,1,0
167,who is the secretary and vice president of powell industries inc,don r madison,2,1,0
167,who is the treasurer and vice president of powell industries inc,don r madison,2,1,0
167,who is the secretary and treasurer of powell industries international inc,don r madison,2,1,0
167,who is the secretary and vice president of powell industries international inc,don r madison,2,1,0
167,who is the treasurer and vice president of powell industries international inc,don r madison,2,1,0
167,who is the secretary and treasurer of transdyn inc,don r madison,2,1,0
167,who is the secretary and vice president of transdyn inc,don r madison,2,1,0
167,who is the treasurer and vice president of transdyn inc,don r madison,2,1,0
98,what roles do both bank of america na and bank of america have in the agreement,"l c issuer, swing line lender, administrative agent",1,1,1
98,what role does jp morgan securities llc have in the agreement which is not the role of merrill lynch pierce fennerand smith incorporated,arrangers,2,1,0
98,what are the roles in the agreement of the company associated with 1 fleet way scranton pa 18507,"l c issuer, swing line lender, administrative agent",2,0,1
98,what are the roles in the agreement of the company associated with 555 california st san francisco ca 94104,"l c issuer, swing line lender, administrative agent",2,0,1
98,what are the roles in the agreement of the company associated with 901 main st dallas tx 75202 3714,"l c issuer, swing line lender, administrative agent",2,0,1
166,who is the attorney and attorney in fact of 4260848 canada inc,chirag shah,2,1,0
166,who is the attorney and authorized signatory of 4260848 canada inc,chirag shah,2,1,0
166,who is the attorney and person authorized by virtue of power of attorney of 4260848 canada inc,chirag shah,2,1,0
166,who is the attorney in fact and authorized signatory of 4260848 canada inc,chirag shah,2,1,0
166,who is the attorney in fact and person authorized by virtue of power of attorney of 4260848 canada inc,chirag shah,2,1,0
166,who is the authorized signatory and person authorized by virtue of power of attorney of 4260848 canada inc,chirag shah,2,1,0
166,who is the attorney and attorney in fact of 4260856 canada inc,chirag shah,2,1,0
166,who is the attorney and authorized signatory of 4260856 canada inc,chirag shah,2,1,0
166,who is the attorney and person authorized by virtue of power of attorney of 4260856 canada inc,chirag shah,2,1,0
166,who is the attorney in fact and authorized signatory of 4260856 canada inc,chirag shah,2,1,0
166,who is the attorney in fact and person authorized by virtue of power of attorney of 4260856 canada inc,chirag shah,2,1,0
166,who is the authorized signatory and person authorized by virtue of power of attorney of 4260856 canada inc,chirag shah,2,1,0
166,who is the attorney and attorney in fact of 8018227 canada inc,chirag shah,2,1,0
166,who is the attorney and authorized signatory of 8018227 canada inc,chirag shah,2,1,0
166,who is the attorney and person authorized by virtue of power of attorney of 8018227 canada inc,chirag shah,2,1,0
166,who is the attorney in fact and authorized signatory of 8018227 canada inc,chirag shah,2,1,0
166,who is the attorney in fact and person authorized by virtue of power of attorney of 8018227 canada inc,chirag shah,2,1,0
166,who is the authorized signatory and person authorized by virtue of power of attorney of 8018227 canada inc,chirag shah,2,1,0
166,who is the attorney and attorney in fact of novelis acquisitions llc,chirag shah,2,1,0
166,who is the attorney and authorized signatory of novelis acquisitions llc,chirag shah,2,1,0
166,who is the attorney and person authorized by virtue of power of attorney of novelis acquisitions llc,chirag shah,2,1,0
166,who is the attorney in fact and authorized signatory of novelis acquisitions llc,chirag shah,2,1,0
166,who is the attorney in fact and person authorized by virtue of power of attorney of novelis acquisitions llc,chirag shah,2,1,0
166,who is the authorized signatory and person authorized by virtue of power of attorney of novelis acquisitions llc,chirag shah,2,1,0
166,who is the attorney and attorney in fact of novelis ag,chirag shah,2,1,0
166,who is the attorney and authorized signatory of novelis ag,chirag shah,2,1,0
166,who is the attorney and person authorized by virtue of power of attorney of novelis ag,chirag shah,2,1,0
166,who is the attorney in fact and authorized signatory of novelis ag,chirag shah,2,1,0
166,who is the attorney in fact and person authorized by virtue of power of attorney of novelis ag,chirag shah,2,1,0
166,who is the authorized signatory and person authorized by virtue of power of attorney of novelis ag,chirag shah,2,1,0
166,who is the attorney and attorney in fact of novelis corporation,chirag shah,2,1,0
166,who is the attorney and authorized signatory of novelis corporation,chirag shah,2,1,0
166,who is the attorney and person authorized by virtue of power of attorney of novelis corporation,chirag shah,2,1,0
166,who is the attorney in fact and authorized signatory of novelis corporation,chirag shah,2,1,0
166,who is the attorney in fact and person authorized by virtue of power of attorney of novelis corporation,chirag shah,2,1,0
166,who is the authorized signatory and person authorized by virtue of power of attorney of novelis corporation,chirag shah,2,1,0
166,who is the attorney and attorney in fact of novelis deutschland gmbh,chirag shah,2,1,0
166,who is the attorney and authorized signatory of novelis deutschland gmbh,chirag shah,2,1,0
166,who is the attorney and person authorized by virtue of power of attorney of novelis deutschland gmbh,chirag shah,2,1,0
166,who is the attorney in fact and authorized signatory of novelis deutschland gmbh,chirag shah,2,1,0
166,who is the attorney in fact and person authorized by virtue of power of attorney of novelis deutschland gmbh,chirag shah,2,1,0
166,who is the authorized signatory and person authorized by virtue of power of attorney of novelis deutschland gmbh,chirag shah,2,1,0
166,who is the attorney and attorney in fact of novelis do brasil ltda,chirag shah,2,1,0
166,who is the attorney and authorized signatory of novelis do brasil ltda,chirag shah,2,1,0
166,who is the attorney and person authorized by virtue of power of attorney of novelis do brasil ltda,chirag shah,2,1,0
166,who is the attorney in fact and authorized signatory of novelis do brasil ltda,chirag shah,2,1,0
166,who is the attorney in fact and person authorized by virtue of power of attorney of novelis do brasil ltda,chirag shah,2,1,0
166,who is the authorized signatory and person authorized by virtue of power of attorney of novelis do brasil ltda,chirag shah,2,1,0
166,who is the attorney and attorney in fact of novelis europe holdings limited,chirag shah,2,1,0
166,who is the attorney and authorized signatory of novelis europe holdings limited,chirag shah,2,1,0
166,who is the attorney and person authorized by virtue of power of attorney of novelis europe holdings limited,chirag shah,2,1,0
166,who is the attorney in fact and authorized signatory of novelis europe holdings limited,chirag shah,2,1,0
166,who is the attorney in fact and person authorized by virtue of power of attorney of novelis europe holdings limited,chirag shah,2,1,0
166,who is the authorized signatory and person authorized by virtue of power of attorney of novelis europe holdings limited,chirag shah,2,1,0
166,who is the attorney and attorney in fact of novelis global employment organization inc,chirag shah,2,1,0
166,who is the attorney and authorized signatory of novelis global employment organization inc,chirag shah,2,1,0
166,who is the attorney and person authorized by virtue of power of attorney of novelis global employment organization inc,chirag shah,2,1,0
166,who is the attorney in fact and authorized signatory of novelis global employment organization inc,chirag shah,2,1,0
166,who is the attorney in fact and person authorized by virtue of power of attorney of novelis global employment organization inc,chirag shah,2,1,0
166,who is the authorized signatory and person authorized by virtue of power of attorney of novelis global employment organization inc,chirag shah,2,1,0
166,who is the attorney and attorney in fact of novelis holdings inc,chirag shah,2,1,0
166,who is the attorney and authorized signatory of novelis holdings inc,chirag shah,2,1,0
166,who is the attorney and person authorized by virtue of power of attorney of novelis holdings inc,chirag shah,2,1,0
166,who is the attorney in fact and authorized signatory of novelis holdings inc,chirag shah,2,1,0
166,who is the attorney in fact and person authorized by virtue of power of attorney of novelis holdings inc,chirag shah,2,1,0
166,who is the authorized signatory and person authorized by virtue of power of attorney of novelis holdings inc,chirag shah,2,1,0
166,who is the attorney and attorney in fact of novelis mea ltd,chirag shah,2,1,0
166,who is the attorney and authorized signatory of novelis mea ltd,chirag shah,2,1,0
166,who is the attorney and person authorized by virtue of power of attorney of novelis mea ltd,chirag shah,2,1,0
166,who is the attorney in fact and authorized signatory of novelis mea ltd,chirag shah,2,1,0
166,who is the attorney in fact and person authorized by virtue of power of attorney of novelis mea ltd,chirag shah,2,1,0
166,who is the authorized signatory and person authorized by virtue of power of attorney of novelis mea ltd,chirag shah,2,1,0
166,who is the attorney and attorney in fact of novelis pae sas,chirag shah,2,1,0
166,who is the attorney and authorized signatory of novelis pae sas,chirag shah,2,1,0
166,who is the attorney and person authorized by virtue of power of attorney of novelis pae sas,chirag shah,2,1,0
166,who is the attorney in fact and authorized signatory of novelis pae sas,chirag shah,2,1,0
166,who is the attorney in fact and person authorized by virtue of power of attorney of novelis pae sas,chirag shah,2,1,0
166,who is the authorized signatory and person authorized by virtue of power of attorney of novelis pae sas,chirag shah,2,1,0
166,who is the attorney and attorney in fact of novelis services limited,chirag shah,2,1,0
166,who is the attorney and authorized signatory of novelis services limited,chirag shah,2,1,0
166,who is the attorney and person authorized by virtue of power of attorney of novelis services limited,chirag shah,2,1,0
166,who is the attorney in fact and authorized signatory of novelis services limited,chirag shah,2,1,0
166,who is the attorney in fact and person authorized by virtue of power of attorney of novelis services limited,chirag shah,2,1,0
166,who is the authorized signatory and person authorized by virtue of power of attorney of novelis services limited,chirag shah,2,1,0
166,who is the attorney and attorney in fact of novelis sheet ingot gmbh,chirag shah,2,1,0
166,who is the attorney and authorized signatory of novelis sheet ingot gmbh,chirag shah,2,1,0
166,who is the attorney and person authorized by virtue of power of attorney of novelis sheet ingot gmbh,chirag shah,2,1,0
166,who is the attorney in fact and authorized signatory of novelis sheet ingot gmbh,chirag shah,2,1,0
166,who is the attorney in fact and person authorized by virtue of power of attorney of novelis sheet ingot gmbh,chirag shah,2,1,0
166,who is the authorized signatory and person authorized by virtue of power of attorney of novelis sheet ingot gmbh,chirag shah,2,1,0
166,who is the attorney and attorney in fact of novelis south america holdings llc,chirag shah,2,1,0
166,who is the attorney and authorized signatory of novelis south america holdings llc,chirag shah,2,1,0
166,who is the attorney and person authorized by virtue of power of attorney of novelis south america holdings llc,chirag shah,2,1,0
166,who is the attorney in fact and authorized signatory of novelis south america holdings llc,chirag shah,2,1,0
166,who is the attorney in fact and person authorized by virtue of power of attorney of novelis south america holdings llc,chirag shah,2,1,0
166,who is the authorized signatory and person authorized by virtue of power of attorney of novelis south america holdings llc,chirag shah,2,1,0
166,who is the attorney and attorney in fact of novelis switzerland sa,chirag shah,2,1,0
166,who is the attorney and authorized signatory of novelis switzerland sa,chirag shah,2,1,0
166,who is the attorney and person authorized by virtue of power of attorney of novelis switzerland sa,chirag shah,2,1,0
166,who is the attorney in fact and authorized signatory of novelis switzerland sa,chirag shah,2,1,0
166,who is the attorney in fact and person authorized by virtue of power of attorney of novelis switzerland sa,chirag shah,2,1,0
166,who is the authorized signatory and person authorized by virtue of power of attorney of novelis switzerland sa,chirag shah,2,1,0
166,who is the attorney and attorney in fact of novelis uk ltd,chirag shah,2,1,0
166,who is the attorney and authorized signatory of novelis uk ltd,chirag shah,2,1,0
166,who is the attorney and person authorized by virtue of power of attorney of novelis uk ltd,chirag shah,2,1,0
166,who is the attorney in fact and authorized signatory of novelis uk ltd,chirag shah,2,1,0
166,who is the attorney in fact and person authorized by virtue of power of attorney of novelis uk ltd,chirag shah,2,1,0
166,who is the authorized signatory and person authorized by virtue of power of attorney of novelis uk ltd,chirag shah,2,1,0
166,who is the attorney and attorney in fact of av metals inc,chirag shah,2,1,0
166,who is the attorney and authorized signatory of av metals inc,chirag shah,2,1,0
166,who is the attorney and person authorized by virtue of power of attorney of av metals inc,chirag shah,2,1,0
166,who is the attorney in fact and authorized signatory of av metals inc,chirag shah,2,1,0
166,who is the attorney in fact and person authorized by virtue of power of attorney of av metals inc,chirag shah,2,1,0
166,who is the authorized signatory and person authorized by virtue of power of attorney of av metals inc,chirag shah,2,1,0
166,who is the attorney and attorney in fact of novelis inc,chirag shah,2,1,0
166,who is the attorney and authorized signatory of novelis inc,chirag shah,2,1,0
166,who is the attorney and person authorized by virtue of power of attorney of novelis inc,chirag shah,2,1,0
166,who is the attorney in fact and authorized signatory of novelis inc,chirag shah,2,1,0
166,who is the attorney in fact and person authorized by virtue of power of attorney of novelis inc,chirag shah,2,1,0
166,who is the authorized signatory and person authorized by virtue of power of attorney of novelis inc,chirag shah,2,1,0
166,who is the attorney and attorney in fact of novelis aluminium holding unlimited company,chirag shah,2,1,0
166,who is the attorney and authorized signatory of novelis aluminium holding unlimited company,chirag shah,2,1,0
166,who is the attorney and person authorized by virtue of power of attorney of novelis aluminium holding unlimited company,chirag shah,2,1,0
166,who is the attorney in fact and authorized signatory of novelis aluminium holding unlimited company,chirag shah,2,1,0
166,who is the attorney in fact and person authorized by virtue of power of attorney of novelis aluminium holding unlimited company,chirag shah,2,1,0
166,who is the authorized signatory and person authorized by virtue of power of attorney of novelis aluminium holding unlimited company,chirag shah,2,1,0
166,who is the manager crc of the company associated with 1 basinghall avenue london ec2v 5dd,james perkins,3,0,0
166,who is the head crc of the company associated with 1 basinghall avenue london ec2v 5dd,simon williams,3,0,0
166,who is the legal counsel of the company associated with 1 basinghall avenue london ec2v 5dd,valdeep singh,3,0,0
166,who is the sr legal manager of the company associated with 3560 lenox road suite 2000 atlanta ga 30326,shannon curran,3,0,0
166,who is the person authorized by virtue of power of attorney of the company associated with 3560 lenox road suite 2000 atlanta ga 30326,chirag shah,3,0,0
166,who is the attorney of the company associated with 3560 lenox road suite 2000 atlanta ga 30326,chirag shah,3,0,0
166,who is the authorized signatory of the company associated with 3560 lenox road suite 2000 atlanta ga 30326,chirag shah,3,0,0
166,who is the attorney in fact of the company associated with 3560 lenox road suite 2000 atlanta ga 30326,chirag shah,3,0,0
166,who is the chief manager of the company associated with dubai uae,sudip kumar ghatak,3,0,0
166,who is the person authorized by virtue of power of attorney of the company associated with two alliance center 3560 lenox road suite 2000 atlanta ga 30326 usa,chirag shah,3,0,0
166,who is the attorney of the company associated with two alliance center 3560 lenox road suite 2000 atlanta ga 30326 usa,chirag shah,3,0,0
166,who is the authorized signatory of the company associated with two alliance center 3560 lenox road suite 2000 atlanta ga 30326 usa,chirag shah,3,0,0
166,who is the attorney in fact of the company associated with two alliance center 3560 lenox road suite 2000 atlanta ga 30326 usa,chirag shah,3,0,0
166,who is the chief executive of the company where sandeep patnaik is employed,rachit bhatia,3,0,0
166,who is the head cbo of the company where rachit bhatia is employed,sandeep patnaik,3,0,0
166,who is the head corporate and investment banking of the company where nishant kumar is employed,vikashh mehta,3,0,0
166,who is the senior rm trade and export finance of the company where vikashh mehta is employed,nishant kumar,3,0,0
166,who is the managing director head of credit and trading risk of the company where lisa kwok is employed,richard cox,3,0,0
166,who is the director credit risk management of the company where richard cox is employed,lisa kwok,3,0,0
166,who is the senior executive vice president of the company where dipak gupta is employed,rajeev mohan,3,0,0
166,who is the joint managing director of the company where rajeev mohan is employed,dipak gupta,3,0,0
166,who is the attorney of the company where shannon curran is employed,chirag shah,3,0,0
166,who is the attorney in fact of the company where shannon curran is employed,chirag shah,3,0,0
166,who is the authorized signatory of the company where shannon curran is employed,chirag shah,3,0,0
166,who is the person authorized by virtue of power of attorney of the company where shannon curran is employed,chirag shah,3,0,0
166,who is the sr legal manager of the company where chirag shah is employed,shannon curran,3,0,0
166,who is the head crc of the company where james perkins is employed,simon williams,3,0,0
166,who is the legal counsel of the company where james perkins is employed,valdeep singh,3,0,0
166,who is the manager crc of the company where simon williams is employed,james perkins,3,0,0
166,who is the legal counsel of the company where simon williams is employed,valdeep singh,3,0,0
166,who is the manager crc of the company where valdeep singh is employed,james perkins,3,0,0
166,who is the head crc of the company where valdeep singh is employed,simon williams,3,0,0
166,what is the address of corporate office of the company which is the borrower in the agreement,novelis inc,3,0,0
166,what is the address of zonal office of the company where sudip kumar ghatak is employed,dubai uae,3,0,0
67,who is the ceo and managing member of biopharmacreditinvestmentsvmasterlp,pedro gonzalez de cosio,2,1,0
67,who is the ceo and managing member of bpcr limited partnership,pedro gonzalez de cosio,2,1,0
67,who is the ceo of the company associated with 333 twin dolphin drive suite 600 redwood city ca 94065,dennis m lanfear,3,0,0
67,who is the ceo of the company associated with 51 new north road,pedro gonzalez de cosio,3,0,0
67,who is the managing member of the company associated with 51 new north road,pedro gonzalez de cosio,3,0,0
73,who are the vice presidents of bank of america,"don b pinzon, marie f harrison",2,0,1
73,who are the authorized signatorys of credit suisse securities usa llc,"vipul dhadda, karim rahimtoola",2,0,1
73,who are the managing directors of cr dit industriel et commercial new york bank,"marcus edward, clifford abramsky",2,0,1
73,who are the vice presidents of deutsche bank securities inc,"benjamin souh, peter cucchiara",2,0,1
9,what roles do both jp morgan securities llc and rbs securities inc have in the agreement,"arranger, bookrunner",1,1,1
9,what roles do both jp morgan securities llc and barclays bank plc have in the agreement,"arranger, bookrunner",1,1,1
9,what roles do both rbs securities inc and barclays bank plc have in the agreement,"arranger, bookrunner",1,1,1
9,what roles do both bank of america na and citibank na have in the agreement,"agent, lender",1,1,1
9,what role does the royal bank of scotland plc have in the agreement which is not the role of jpmorgan chase bank na,co documentation agents,2,1,0
9,what are the roles in the agreement of the company where jonathan m phillips is employed,"agent, lender",2,0,1
9,what are the roles in the agreement of the company where ann e sutton is employed,"lender, arranger, bookrunner, syndication agent",2,0,1
9,what are the roles in the agreement of the company where raymond g dunning is employed,"agent, lender",2,0,1
9,what are the roles in the agreement of the company where brian d williams is employed,"lender, co documentation agents",2,0,1
9,what are the roles in the agreement of the company where peter predun is employed,"lender, administrative agent",2,0,1
9,what are the roles in the agreement of the company associated with 383 madison avenue fl 24 new york ny 10179,"lender, administrative agent",2,0,1
9,who is the chief financial officer and senior vice president of haverhill cogeneration company llc,mark e newman,2,1,0
9,who is the chief financial officer and treasurer of haverhill cogeneration company llc,mark e newman,2,1,0
9,who is the senior vice president and treasurer of haverhill cogeneration company llc,mark e newman,2,1,0
9,who is the chief financial officer and senior vice president of haverhill coke company llc,mark e newman,2,1,0
9,who is the chief financial officer and treasurer of haverhill coke company llc,mark e newman,2,1,0
9,who is the senior vice president and treasurer of haverhill coke company llc,mark e newman,2,1,0
9,who is the chief financial officer and senior vice president of middletown coke company llc,mark e newman,2,1,0
9,who is the chief financial officer and treasurer of middletown coke company llc,mark e newman,2,1,0
9,who is the senior vice president and treasurer of middletown coke company llc,mark e newman,2,1,0
9,who is the chief financial officer and senior vice president of suncoke energy partners lp,mark e newman,2,1,0
9,who is the chief financial officer and treasurer of suncoke energy partners lp,mark e newman,2,1,0
9,who is the senior vice president and treasurer of suncoke energy partners lp,mark e newman,2,1,0
9,who is the director of the company which is the joint bookrunner in the agreement,ann e sutton,2,1,0
9,who is the director of the company which is the syndication agent in the agreement,ann e sutton,2,1,0
9,who is the authorised signatory of the company which is the co documentation agents in the agreement,brian d williams,2,1,0
9,who is the executive director of the company which is the administrative agent in the agreement,peter predun,2,1,0
9,who is the executive director of the company which is the swing line lender in the agreement,peter predun,2,1,0
9,who is the chief financial officer of the company associated with 1011 warrenville road suite 600 lisle il 60532,mark e newman,3,0,0
9,who is the senior vice president of the company associated with 1011 warrenville road suite 600 lisle il 60532,mark e newman,3,0,0
9,who is the treasurer of the company associated with 1011 warrenville road suite 600 lisle il 60532,mark e newman,3,0,0
9,who is the executive director of the company associated with 383 madison avenue fl 24 new york ny 10179,peter predun,3,0,0
9,who is the chief financial officer of the company associated with 500 stanton christiana road ops 2 floor 3 newark delaware 19713 2107,mark e newman,3,0,0
9,who is the senior vice president of the company associated with 500 stanton christiana road ops 2 floor 3 newark delaware 19713 2107,mark e newman,3,0,0
9,who is the treasurer of the company associated with 500 stanton christiana road ops 2 floor 3 newark delaware 19713 2107,mark e newman,3,0,0
9,who is the director of the company where wei jen yuan is employed,mikhail faybusovich,3,0,0
9,who is the associate of the company where mikhail faybusovich is employed,wei jen yuan,3,0,0
59,what roles do both bank of the west and bmo harris bank na have in the agreement,"agents, lender, arrangers",1,1,1
59,what roles do both bank of the west and fifth third bank have in the agreement,"agents, lender, arrangers",1,1,1
59,what roles do both bmo harris bank na and fifth third bank have in the agreement,"agents, lender, arrangers",1,1,1
59,what role does abn amro capital usa llc have in the agreement which is not the role of bank of america na,arrangers,2,1,0
59,what role does abn amro capital usa llc have in the agreement which is not the role of branch banking and trust company,arrangers,2,1,0
59,what role does abn amro capital usa llc have in the agreement which is not the role of citibank na,arrangers,2,1,0
59,what role does abn amro capital usa llc have in the agreement which is not the role of us bank national association,arrangers,2,1,0
59,what role does bank of america na have in the agreement which is not the role of farm credit mid america pca,agents,2,1,0
59,what role does bank of america na have in the agreement which is not the role of us bank,agents,2,1,0
59,what role does bank of america na have in the agreement which is not the role of us bank national association,agents,2,1,0
59,what role does bank of the west have in the agreement which is not the role of branch banking and trust company,arrangers,2,1,0
59,what role does bank of the west have in the agreement which is not the role of citibank na,arrangers,2,1,0
59,what role does bank of the west have in the agreement which is not the role of farm credit mid america pca,agents,2,1,0
59,what role does bank of the west have in the agreement which is not the role of us bank,agents,2,1,0
59,what role does bmo harris bank na have in the agreement which is not the role of branch banking and trust company,arrangers,2,1,0
59,what role does bmo harris bank na have in the agreement which is not the role of citibank na,arrangers,2,1,0
59,what role does bmo harris bank na have in the agreement which is not the role of farm credit mid america pca,agents,2,1,0
59,what role does bmo harris bank na have in the agreement which is not the role of us bank,agents,2,1,0
59,what role does branch banking and trust company have in the agreement which is not the role of farm credit mid america pca,agents,2,1,0
59,what role does branch banking and trust company have in the agreement which is not the role of us bank,agents,2,1,0
59,what role does branch banking and trust company have in the agreement which is not the role of us bank national association,agents,2,1,0
59,what role does citibank na have in the agreement which is not the role of farm credit mid america pca,agents,2,1,0
59,what role does citibank na have in the agreement which is not the role of us bank,agents,2,1,0
59,what role does citibank na have in the agreement which is not the role of us bank national association,agents,2,1,0
59,what role does farm credit mid america pca have in the agreement which is not the role of us bank national association,arrangers,2,1,0
59,what role does fifth third bank have in the agreement which is not the role of us bank,agents,2,1,0
59,what role does us bank have in the agreement which is not the role of us bank national association,arrangers,2,1,0
59,what company is the agents but not the lender in the agreement,abn amro capital llc,2,1,0
59,what are the roles in the agreement of the company associated with 1420 5th avenue seattle wa 98121,"agent, lender",2,0,1
65,what role does bank of america na have in the agreement which is not the role of citizens bank na,swingline lender,2,1,0
65,who are the authorized signatorys of credit suisse ag cayman islands branch,"andrew griffin, whitney gaston",2,0,1
65,who are the vice presidents of deutsche bank ag new york branch,"yumi okabe, philip tancorra",2,0,1
65,what are the roles in the agreement of the company where brian d corum is employed,"revolving lender, swingline lender",2,0,1
65,what are the roles in the agreement of the company where sean mcwhinnie is employed,"issuer, lender, administrative agent",2,0,1
65,who is the managing director of the company which is the swingline lender in the agreement,brian d corum,2,1,0
65,who is the director of the company which is the issuer in the agreement,sean mcwhinnie,2,1,0
65,who is the director of the company which is the administrative agent in the agreement,sean mcwhinnie,2,1,0
65,who is the director of the company which is the lender in the agreement,sean mcwhinnie,2,1,0
71,what are the roles in the agreement of the company where ryan maples is employed,"arranger, sole bookrunner",2,0,1
71,who is the chief financial officer and senior executive vice president of total system services inc,paul m todd,2,1,0
71,who is the vice president of the company which is the administrative agent in the agreement,henry pennell,2,1,0
71,who is the sr vice president of the company which is the arranger in the agreement,ryan maples,2,1,0
71,who is the sr vice president of the company which is the sole bookrunner in the agreement,ryan maples,2,1,0
170,what are the roles in the agreement of the company associated with 101 north tryon street mail code nc1 001 05 46 charlotte north carolina 28255 0001,"agent, lender, l c issuer",2,0,1
170,who is the treasurer and vice president of starbucks corporation,richard lautch,2,1,0
170,who is the vice president of the company where gillian dickson is employed,matthew gregg,3,0,0
170,who is the executive director of the company where matthew gregg is employed,gillian dickson,3,0,0
158,who is the svp of the company which is the l c issuer in the agreement,adam rose,2,1,0
159,what are the roles in the agreement of the company where cory e gilbert is employed,"lenders, borrower",2,0,1
159,what are the roles in the agreement of the company where jon c warn is employed,"securities intermediary, collateral administrator",2,0,1
159,what are the roles in the agreement of the company where james greenfield is employed,"lender, administrative agent",2,0,1
159,what are the roles in the agreement of the company associated with c o msc income fund inc 1300 post oak boulevard 8th floor houston texas 77056,"lenders, borrower",2,0,1
159,what are the roles in the agreement of the company associated with 8 greenway plaza suite 1100 houston texas 77046,"securities intermediary, collateral administrator",2,0,1
159,what are the roles in the agreement of the company associated with 383 madison ave new york new york 10179,"lender, administrative agent",2,0,1
159,what are the roles in the agreement of the company associated with c o jpmorgan services inc 500 stanton christiana rd 3rd floor newark delaware 19713,"lender, administrative agent",2,0,1
159,who is the chief accounting officer of the company which is the portfolio manager in the agreement,cory e gilbert,2,1,0
159,who is the chief accounting officer of the company which is the borrower in the agreement,cory e gilbert,2,1,0
159,who is the chief accounting officer of the company which is the lenders in the agreement,cory e gilbert,2,1,0
159,who is the vice president of the company which is the collateral administrator in the agreement,jon c warn,2,1,0
159,who is the vice president of the company which is the securities intermediary in the agreement,jon c warn,2,1,0
159,who is the authorized signatory of the company which is the administrative agent in the agreement,james greenfield,2,1,0
159,who is the authorized signatory of the company which is the lender in the agreement,james greenfield,2,1,0
159,who is the chief accounting officer of the company associated with 1300 post oak boulevard 8th floor houston texas 77056,cory e gilbert,3,0,0
159,who is the authorized signatory of the company associated with 383 madison ave new york new york 10179,james greenfield,3,0,0
159,who is the vice president of the company associated with 8 greenway plaza suite 1100 houston texas 77046,jon c warn,3,0,0
159,who is the authorized signatory of the company associated with c o jpmorgan services inc 500 stanton christiana rd 3rd floor newark delaware 19713,james greenfield,3,0,0
159,who is the chief accounting officer of the company associated with c o msc income fund inc 1300 post oak boulevard 8th floor houston texas 77056,cory e gilbert,3,0,0
165,who is the corporate secretary and general counsel of conagra brands inc,colleen batcheler,2,1,0
165,who is the investor relations officer and treasurer of conagra brands inc,johan nystedt,2,1,0
165,who is the investor relations officer and vice president of conagra brands inc,johan nystedt,2,1,0
165,who is the treasurer and vice president of conagra brands inc,johan nystedt,2,1,0
165,who is the corporate secretary of the company associated with 222 merchandise mart plaza suite 1300 chicago il 60654,colleen batcheler,3,0,0
165,who is the general counsel of the company associated with 222 merchandise mart plaza suite 1300 chicago il 60654,colleen batcheler,3,0,0
165,who is the vice president of the company associated with 222 merchandise mart plaza suite 1300 chicago il 60654,johan nystedt,3,0,0
165,who is the investor relations officer of the company associated with 222 merchandise mart plaza suite 1300 chicago il 60654,johan nystedt,3,0,0
165,who is the treasurer of the company associated with 222 merchandise mart plaza suite 1300 chicago il 60654,johan nystedt,3,0,0
165,who is the vice president of the company associated with bank of america na bank of america plaza 901 main st mail code tx1 492 14 11 dallas tx 75202 3714,bridgett j manduk mowry,3,0,0
165,who is the director of the company associated with bank of america na bank of america plaza 901 main st mail code tx1 492 14 11 dallas tx 75202 3714,j casey cosgrove,3,0,0
165,who is the vice president of the company associated with mail code ca5 705 04 09 555 california street 4th floor san francisco ca 94104,bridgett j manduk mowry,3,0,0
165,who is the director of the company associated with mail code ca5 705 04 09 555 california street 4th floor san francisco ca 94104,j casey cosgrove,3,0,0
165,who is the vice president of the company associated with mail code pa6 580 02 30 1 fleet way scranton pa 18507,bridgett j manduk mowry,3,0,0
165,who is the director of the company associated with mail code pa6 580 02 30 1 fleet way scranton pa 18507,j casey cosgrove,3,0,0
165,who is the authorized signatory of the company associated with mizuho bank ltd 1800 plaza ten harborside financial center jersey city state nj 07311,tracy rahn,3,0,0
165,who is the vice president of the company where peter duncan is employed,pacella lehane,3,0,0
165,who is the managing director of the company where pacella lehane is employed,peter duncan,3,0,0
165,who is the investor relations officer of the company where colleen batcheler is employed,johan nystedt,3,0,0
165,who is the treasurer of the company where colleen batcheler is employed,johan nystedt,3,0,0
165,who is the vice president of the company where colleen batcheler is employed,johan nystedt,3,0,0
165,who is the corporate secretary of the company where johan nystedt is employed,colleen batcheler,3,0,0
165,who is the general counsel of the company where johan nystedt is employed,colleen batcheler,3,0,0
165,who is the vice president of the company where j casey cosgrove is employed,bridgett j manduk mowry,3,0,0
165,who is the director of the company where bridgett j manduk mowry is employed,j casey cosgrove,3,0,0
165,what is the address of agency management of the company where bridgett j manduk mowry is employed,mail code ca5 705 04 09 555 california street 4th floor san francisco ca 94104,3,0,0
165,what is the address of agency management of the company where j casey cosgrove is employed,mail code ca5 705 04 09 555 california street 4th floor san francisco ca 94104,3,0,0
70,what are the roles in the agreement of the company where eric cohen is employed,"arranger, bookrunner, administrative agent",2,0,1
70,what are the roles in the agreement of the company associated with 201 n tryon street suite 1700 charlotte north carolina 28202,"arranger, bookrunner, administrative agent",2,0,1
70,who is the chief financial officer of the company which is the parent in the agreement,richard butt,2,1,0
70,who is the chief financial officer of the company which is the intermediate holdco in the agreement,richard butt,2,1,0
70,who is the vice president of the company which is the bookrunner in the agreement,eric cohen,2,1,0
70,who is the vice president of the company which is the administrative agent in the agreement,eric cohen,2,1,0
70,who is the vice president of the company which is the arranger in the agreement,eric cohen,2,1,0
70,who is the chief financial officer of the company which is the subsidiaries borrower in the agreement,richard butt,2,1,0
70,who is the chief financial officer of the company associated with 11 east 44th street suite 1200 new york ny 10017,richard butt,3,0,0
70,who is the vice president of the company associated with 201 n tryon street suite 1700 charlotte north carolina 28202,eric cohen,3,0,0
64,what role does morgan stanley senior funding inc have in the agreement which is not the role of goldman sachs lending partners llc,arrangers,2,1,0
64,what company is the bookrunners but not the lender in the agreement,morgan stanley senior funding inc,2,1,0
64,who are the authorized signatorys of credit suisse ag cayman islands branch,"komal shah, doreen barr",2,0,1
64,what are the roles in the agreement of the company where thomas manning is employed,"lender, bookrunners, lead arrangers, syndication agent",2,0,1
64,who is the authorized signatory of the company which is the lead arrangers in the agreement,thomas manning,2,1,0
64,who is the authorized signatory of the company which is the syndication agent in the agreement,thomas manning,2,1,0
64,who is the vice president of the company which is the administrative agent in the agreement,michael king,2,1,0
64,who is the vice president of the company associated with 1300 thames street 4thfloor thames street wharf baltimore md 21231,michael king,3,0,0
64,who is the chief capital officer of the company associated with 650 california street san francisco ca 94108,geoff kott,3,0,0
58,who is the chief executive officer and president of coherus biosciences inc,dennis m lanfear,2,1,0
58,who is the chief executive officer and president of coherus intermediate corp,dennis m lanfear,2,1,0
58,who is the managing partner of the company which is the administrative agent in the agreement,clarke b futch,2,1,0
41,what company is the lc issuer but not the lender in the agreement,bmo harris bank,2,1,0
41,what company is the syndication agent but not the lender in the agreement,bmo harris bank,2,1,0
41,what are the roles in the agreement of the company where marc j lubelczyk is employed,"lender, bookrunner, lead arranger, administrative agent",2,0,1
41,what are the roles in the agreement of the company where john dillon is employed,"lender, lc issuer, syndication agent",2,0,1
41,what are the roles in the agreement of the company where je hall is employed,"lender, documentation agent",2,0,1
41,what are the roles in the agreement of the company associated with 111 w monroe street 5thfloor center chicago il 60603,"lender, lc issuer, syndication agent",2,0,1
41,what are the roles in the agreement of the company associated with 225 franklin street 18th floor boston ma 02110,"lender, documentation agent",2,0,1
41,who is the general counsel and senior vice president of trc companies inc,martin h dodd,2,1,0
41,who is the senior vice president of the company which is the bookrunner in the agreement,marc j lubelczyk,2,1,0
41,who is the senior vice president of the company which is the swingline lender in the agreement,marc j lubelczyk,2,1,0
41,who is the senior vice president of the company which is the lead arranger in the agreement,marc j lubelczyk,2,1,0
41,who is the senior vice president of the company which is the administrative agent in the agreement,marc j lubelczyk,2,1,0
41,who is the senior banker of the company which is the documentation agent in the agreement,je hall,2,1,0
41,who is the senior vice president of the company associated with 100 franklin street boston ma 02110,ann m meade,3,0,0
41,who is the director of the company associated with 111 w monroe street 5thfloor center chicago il 60603,john dillon,3,0,0
41,who is the senior banker of the company associated with 225 franklin street 18th floor boston ma 02110,je hall,3,0,0
41,who is the senior vice president of the company associated with 28 state street 16th floor ma2 6560 cb16 boston ma 02109,mitchell b feldman,3,0,0
41,who is the senior vice president of the company associated with 6400 las colinas boulevard irvine tx 75039,marina e grossi,3,0,0
41,who is the senior vice president of the company associated with 6 main street natick ma 01760,deborah a colony,3,0,0
41,who is the senior vice president of the company associated with eastern bank 265 franklin street 2nd floor boston ma 02110,david nussbaum,3,0,0
7,who is the ceo and president of samson oil and gas usa inc,terry barr,2,1,0
7,who is the ceo and treasurer of samson oil and gas usa inc,terry barr,2,1,0
7,who is the president and treasurer of samson oil and gas usa inc,terry barr,2,1,0
7,who is the ceo of the company associated with 1331 17th street suite 710 denver co 80202,terry barr,3,0,0
7,who is the president of the company associated with 1331 17th street suite 710 denver co 80202,terry barr,3,0,0
7,who is the treasurer of the company associated with 1331 17th street suite 710 denver co 80202,terry barr,3,0,0
7,who is the manager of the company associated with 520 post oak boulevard suite 700 houston texas77027,george mckean,3,0,0
55,who is the chief and executive vice president of k hovnanian enterprises inc,j larry sorsby,2,1,0
55,who is the chief and executive vice president of hovnanian enterprises inc,j larry sorsby,2,1,0
55,who is the banking officer of the company which is the administrative agent in the agreement,cora holland koller,2,1,0
55,who is the executive vice president of the company associated with 110 west front street po box 500 red bank new jersey 07701,j larry sorsby,3,0,0
55,who is the chief of the company associated with 110 west front street po box 500 red bank new jersey 07701,j larry sorsby,3,0,0
55,who is the banking officer of the company associated with 50 south sixth street suite 1290 minneapolis mn 55402,cora holland koller,3,0,0
69,what role does mvp acquisitions llc have in the agreement which is not the role of mvp reit ii operating partnership lp,subsidiary guarantors,2,1,0
69,what role does mvp merger sub llc have in the agreement which is not the role of mvp reit ii operating partnership lp,subsidiary guarantors,2,1,0
69,what role does mvp milwaukee wells llc have in the agreement which is not the role of mvp reit ii operating partnership lp,subsidiary guarantors,2,1,0
69,what role does mvp raider park garage llc have in the agreement which is not the role of mvp reit ii operating partnership lp,subsidiary guarantors,2,1,0
69,what are the roles in the agreement of the company where michael shustek is employed,"borrower, subsidiary",2,0,1
69,what are the roles in the agreement of the company associated with 8880 w sunset road suite 300 las vegas nv 89148,"borrower, subsidiary, parent guarantor",2,0,1
69,who is the chief executive officer and manager of mvp acquisitions llc,michael shustek,2,1,0
69,who is the chief executive officer and manager of mvp merger sub llc,michael shustek,2,1,0
69,who is the chief executive officer and manager of mvp milwaukee wells llc,michael shustek,2,1,0
69,who is the chief executive officer and manager of mvp raider park garage llc,michael shustek,2,1,0
69,who is the chief executive officer and manager of mvp real estate holdings llc,michael shustek,2,1,0
69,who is the chief executive officer and manager of mvp reit ii operating partnership lp,michael shustek,2,1,0
69,who is the chief executive officer and manager of the parking reit inc,michael shustek,2,1,0
69,who is the vice president of the company which is the administrative agent in the agreement,christopher t neil,2,1,0
69,who is the vice president of the company associated with 225 franklin street 16th floor boston ma 02110,christopher t neil,3,0,0
69,who is the vice president of the company associated with 225 franklin street 18th floor boston massachusetts 02110,christopher t neil,3,0,0
69,who is the chief executive officer of the company associated with 8880 w sunset road suite 210 las vegas nv 89148,michael shustek,3,0,0
69,who is the manager of the company associated with 8880 w sunset road suite 210 las vegas nv 89148,michael shustek,3,0,0
69,who is the chief executive officer of the company associated with 8880 w sunset road suite 360 las vegas nv 89148,michael shustek,3,0,0
69,who is the manager of the company associated with 8880 w sunset road suite 360 las vegas nv 89148,michael shustek,3,0,0
69,who is the chief executive officer of the company associated with 8880 w sunset road suite 300 las vegas nv 89148,michael shustek,3,0,0
69,who is the manager of the company associated with 8880 w sunset road suite 300 las vegas nv 89148,michael shustek,3,0,0
82,what is the position held by david c francisco but not by john l healy,treasurer,1,2,0
82,who is the attorney in fact and secretary of perkinelmer health sciences inc,john l healy,2,1,0
82,who is the attorney in fact and vice president of perkinelmer health sciences inc,john l healy,2,1,0
82,who is the secretary and vice president of perkinelmer health sciences inc,john l healy,2,1,0
82,who is the treasurer and vice president of perkinelmer inc,david c francisco,2,1,0
82,who is the attorney in fact and secretary of wallac oy,john l healy,2,1,0
82,who is the attorney in fact and vice president of wallac oy,john l healy,2,1,0
82,who is the secretary and vice president of wallac oy,john l healy,2,1,0
82,who is the vice president of the company associated with 04 2052042,david c francisco,3,0,0
82,who is the treasurer of the company associated with 04 2052042,david c francisco,3,0,0
82,who is the secretary of the company associated with 04 2436772,john l healy,3,0,0
82,who is the vice president of the company associated with 04 2436772,john l healy,3,0,0
82,who is the attorney in fact of the company associated with 04 2436772,john l healy,3,0,0
82,who is the senior vice president of the company associated with 10 south dearborn street chicago illinois 60603,d scott farquhar,3,0,0
168,what are the roles in the agreement of the company where carolyn a kee is employed,"agent, lender",2,0,1
168,what are the roles in the agreement of the company associated with building ops ii one penns way new castle de 19720,"agent, lender",2,0,1
168,who is the treasurer and vice president of stanley blackand decker inc,robert t paternostro,2,1,0
168,who is the vice president of the company which is the agent in the agreement,carolyn a kee,2,1,0
168,who is the vice president of the company which is the lender in the agreement,carolyn a kee,2,1,0
168,who is the vice president of the company associated with 1000 stanley drive new britain connecticut 06053,robert t paternostro,3,0,0
168,who is the treasurer of the company associated with 1000 stanley drive new britain connecticut 06053,robert t paternostro,3,0,0
168,who is the vice president of the company associated with building ops ii one penns way new castle de 19720,carolyn a kee,3,0,0
96,what roles do both bokf na dba bank of albuquerque and us bank national association have in the agreement,"lenders, arrangers, syndication agent",1,1,1
96,what role does bokf na dba bank of albuquerque have in the agreement which is not the role of us bank national association,co book managers,2,1,0
96,who are the vice president and treasurers of public service company of new mexico,"terry horn, terry r horn",2,0,1
96,what are the roles in the agreement of the company where john m valentine is employed,"lenders, arrangers, co book managers, syndication agent",2,0,1
96,what are the roles in the agreement of the company where holland h williams is employed,"lenders, arrangers, book managers, syndication agent, administrative agent",2,0,1
96,what are the roles in the agreement of the company associated with raymond palmer us bank utilities division 461 fifth avenue 8th floor new york ny 10017,"lenders, arrangers, book managers, syndication agent, administrative agent",2,0,1
96,what are the roles in the agreement of the company associated with us bank utilities division 461 fifth avenue 8th floor new york ny 10017,"lenders, arrangers, book managers, syndication agent, administrative agent",2,0,1
96,who is the svp of the company which is the co book managers in the agreement,john m valentine,2,1,0
96,who is the avp and portfolio mgr of the company which is the book managers in the agreement,holland h williams,2,1,0
96,who is the avp and portfolio mgr of the company which is the administrative agent in the agreement,holland h williams,2,1,0
96,who is the executive vice president of the company associated with carlsbad new mexico,mike hoyl,3,0,0
96,who is the avp and portfolio mgr of the company associated with raymond palmer us bank utilities division 461 fifth avenue 8th floor new york ny 10017,holland h williams,3,0,0
96,who is the avp and portfolio mgr of the company associated with us bank utilities division 461 fifth avenue 8th floor new york ny 10017,holland h williams,3,0,0
140,what company is the intermediateco but not the borrower in the agreement,fortress worldwide transportation and infrastructure general partnership,2,1,0
140,what are the roles in the agreement of the company where joseph p adams jr is employed,"borrower, holdings, intermediateco",2,0,1
140,what are the roles in the agreement of the company associated with 1345 avenue of the americas newyork ny 10105,"borrower, holdings, intermediateco",2,0,1
140,who is the authorized signatory and director of airopco 1et bermuda ltd,demetrios tserpelis,2,1,0
140,who is the authorized signatory and director of airopco 1jt bermuda ltd,demetrios tserpelis,2,1,0
140,who is the authorized signatory and director of fortress worldwide transportation and infrastructure general partnership,demetrios tserpelis,2,1,0
140,who is the authorized signatory and director of wwtai airopco 1 bermuda ltd,demetrios tserpelis,2,1,0
140,who is the authorized signatory and director of wwtai finance ltd,demetrios tserpelis,2,1,0
140,who is the ceo of the company which is the holdings in the agreement,joseph p adams jr,2,1,0
140,who is the authorized signatory of the company associated with 1300 thames street 4th floor thames street wharf baltimore md 21231,william graham,3,0,0
140,who is the ceo of the company associated with 1345 avenue of the americas newyork ny 10105,joseph p adams jr,3,0,0
154,who is the authorized officer of the company associated with 10 south dearborn floor l2 suite il1 1145 chicago il 60603 2300,erica cross,3,0,0
154,who is the chief financial officer of the company associated with 2165 e spring st long beach ca 90806,liyuan woo,3,0,0
154,who is the authorized officer of the company associated with 4 new york plaza floor 17 new york ny 10004,erica cross,3,0,0
154,what is the address of middle market servicing of the company where erica cross is employed,10 south dearborn floor l2 suite il1 1145 chicago il 60603 2300,3,0,0
154,what is the address of commercial banking of the company where erica cross is employed,4 new york plaza floor 17 new york ny 10004,3,0,0
155,who are the directorss of sahara holdings limited,"michael pope, patrick foley",2,0,1
155,who is the chief financial officer and director of boxlight group limited,patrick foley,2,1,0
155,who is the chief financial officer and directors of boxlight group limited,patrick foley,2,1,0
155,who is the chief financial officer and statutory director of boxlight group limited,patrick foley,2,1,0
155,who is the director and directors of boxlight group limited,patrick foley,2,1,0
155,who is the director and statutory director of boxlight group limited,patrick foley,2,1,0
155,who is the directors and statutory director of boxlight group limited,patrick foley,2,1,0
155,who is the chief financial officer and director of clevertouch bv,patrick foley,2,1,0
155,who is the chief financial officer and directors of clevertouch bv,patrick foley,2,1,0
155,who is the chief financial officer and statutory director of clevertouch bv,patrick foley,2,1,0
155,who is the director and directors of clevertouch bv,patrick foley,2,1,0
155,who is the director and statutory director of clevertouch bv,patrick foley,2,1,0
155,who is the directors and statutory director of clevertouch bv,patrick foley,2,1,0
155,who is the chief financial officer and director of sahara presentation systems europe bv,patrick foley,2,1,0
155,who is the chief financial officer and directors of sahara presentation systems europe bv,patrick foley,2,1,0
155,who is the chief financial officer and statutory director of sahara presentation systems europe bv,patrick foley,2,1,0
155,who is the director and directors of sahara presentation systems europe bv,patrick foley,2,1,0
155,who is the director and statutory director of sahara presentation systems europe bv,patrick foley,2,1,0
155,who is the directors and statutory director of sahara presentation systems europe bv,patrick foley,2,1,0
155,who is the chief financial officer and director of sahara presentation systemsinc,patrick foley,2,1,0
155,who is the chief financial officer and directors of sahara presentation systemsinc,patrick foley,2,1,0
155,who is the chief financial officer and statutory director of sahara presentation systemsinc,patrick foley,2,1,0
155,who is the director and directors of sahara presentation systemsinc,patrick foley,2,1,0
155,who is the director and statutory director of sahara presentation systemsinc,patrick foley,2,1,0
155,who is the directors and statutory director of sahara presentation systemsinc,patrick foley,2,1,0
155,who is the chief financial officer and director of sahara holdings limited,patrick foley,2,1,0
155,who is the chief financial officer and statutory director of sahara holdings limited,patrick foley,2,1,0
155,who is the director and statutory director of sahara holdings limited,patrick foley,2,1,0
155,who is the chief executive officer of the company associated with 1045 progress circle lawrenceville georgia 30043,michael r pope,3,0,0
155,who is the authorized signatory of the company associated with 11601 wilshire boulevard suite1250 los angeles ca 90025,harry chung,3,0,0
155,who is the chief financial officer of the company where michael pope is employed,patrick foley,3,0,0
155,who is the director of the company where michael pope is employed,patrick foley,3,0,0
155,who is the statutory director of the company where michael pope is employed,patrick foley,3,0,0
141,what are the roles in the agreement of the company where thomas e redmond is employed,"lender, administrative agent",2,0,1
141,what are the roles in the agreement of the company associated with 500 first avenue pittsburgh pa 15219,"lender, administrative agent",2,0,1
141,who is the senior vice president of the company which is the administrative agent in the agreement,thomas e redmond,2,1,0
141,who is the treasurer of the company which is the borrower in the agreement,ann t anthony,2,1,0
141,who is the treasurer of the company associated with 1 south jersey plaza folsom new jersey 08037,ann t anthony,3,0,0
141,who is the senior vice president of the company associated with 500 first avenue pittsburgh pa 15219,thomas e redmond,3,0,0
141,what is the address of agency services of the company which is the administrative agent in the agreement,pnc bank national association,3,0,0
141,what is the address of agency services of the company where thomas e redmond is employed,500 first avenue pittsburgh pa 15219,3,0,0
169,what roles do both goldman sachs bank usa and co peratieve centrale raiffeisen boerenleenbank barabobank nederland new york branch have in the agreement,"agent, lender, arranger",1,1,1
169,what role does merrill lynch pierce fenner and smith incorporated have in the agreement which is not the role of bank of america na,book runners,2,1,0
169,what role does merrill lynch pierce fenner and smith incorporated have in the agreement which is not the role of goldman sachs bank usa,book runners,2,1,0
169,what role does merrill lynch pierce fenner and smith incorporated have in the agreement which is not the role of co peratieve centrale raiffeisen boerenleenbank barabobank nederland new york branch,book runners,2,1,0
169,what role does bank of america na have in the agreement which is not the role of goldman sachs bank usa,syndication agents,2,1,0
169,what role does bank of america na have in the agreement which is not the role of co peratieve centrale raiffeisen boerenleenbank barabobank nederland new york branch,syndication agents,2,1,0
169,what role does bank of america na have in the agreement which is not the role of wells fargo bank national association,syndication agents,2,1,0
169,what role does goldman sachs bank usa have in the agreement which is not the role of wells fargo bank national association,arranger,2,1,0
169,what role does co peratieve centrale raiffeisen boerenleenbank barabobank nederland new york branch have in the agreement which is not the role of wells fargo bank national association,arranger,2,1,0
169,what company is the book runners but not the agent in the agreement,merrill lynch pierce fenner and smith incorporated,2,1,0
169,what are the roles in the agreement of the company where john m olsen is employed,"agent, lender",2,0,1
169,what are the roles in the agreement of the company where mark walton is employed,"agent, lender, arranger",2,0,1
169,what are the roles in the agreement of the company where jeff bliss is employed,"agent, lender, arranger",2,0,1
169,what are the roles in the agreement of the company where timothy j devane is employed,"agent, lender, arranger",2,0,1
169,what are the roles in the agreement of the company where anwar s young is employed,"agent, lender, book runner, lead arranger",2,0,1
169,what are the roles in the agreement of the company associated with 150 south wacker drive suite 2200 chicago illinois 60606,"agent, lender, book runner, lead arranger",2,0,1
169,what are the roles in the agreement of the company associated with new york branch,"agent, lender, book runner, lead arranger",2,0,1
169,who is the chief accounting officer and controller of chiquita brands international inc,joseph b johnson,2,1,0
169,who is the chief accounting officer and treasurer of chiquita brands international inc,joseph b johnson,2,1,0
169,who is the chief accounting officer and vice president of chiquita brands international inc,joseph b johnson,2,1,0
169,who is the controller and treasurer of chiquita brands international inc,joseph b johnson,2,1,0
169,who is the controller and vice president of chiquita brands international inc,joseph b johnson,2,1,0
169,who is the treasurer and vice president of chiquita brands international inc,joseph b johnson,2,1,0
169,who is the authorized signatory of the company which is the syndication agents in the agreement,john m olsen,2,1,0
169,who is the authorized signatory of the company which is the lead arranger in the agreement,anwar s young,2,1,0
169,who is the authorized signatory of the company which is the book runner in the agreement,anwar s young,2,1,0
169,who is the authorized signatory of the company which is the administrative agent in the agreement,anwar s young,2,1,0
169,who is the authorized signatory of the company associated with 150 south wacker drive suite 2200 chicago illinois 60606,anwar s young,3,0,0
169,who is the vice president of the company associated with 550 south caldwell street charlotte north carolina 28202,joseph b johnson,3,0,0
169,who is the treasurer of the company associated with 550 south caldwell street charlotte north carolina 28202,joseph b johnson,3,0,0
169,who is the chief accounting officer of the company associated with 550 south caldwell street charlotte north carolina 28202,joseph b johnson,3,0,0
169,who is the controller of the company associated with 550 south caldwell street charlotte north carolina 28202,joseph b johnson,3,0,0
169,who is the authorized signatory of the company associated with new york branch,anwar s young,3,0,0
169,who is the executive director of the company where jeff bliss is employed,timothy j devane,3,0,0
169,who is the vice president of the company where timothy j devane is employed,jeff bliss,3,0,0
97,what are the roles in the agreement of the company where dague retzlaff is employed,"lender, administrative agent",2,0,1
97,what are the roles in the agreement of the company where diana pennington is employed,"lender, administrative agent",2,0,1
97,what are the roles in the agreement of the company where jeffrey m muchmore is employed,"lender, administrative agent",2,0,1
97,what are the roles in the agreement of the company associated with 500 west monroe street chicago illinois 60661,"lender, administrative agent",2,0,1
97,who is the authorized signatory and vice president of general electric capital corporation,dague retzlaff,2,1,0
97,who is the chief operating officer of the company associated with 2 south pointe drive suite 1400 lake forest california 92630,kent eikanas,3,0,0
97,who is the vice president of the company associated with 500 west monroe street chicago illinois 60661,dague retzlaff,3,0,0
97,who is the authorized signatory of the company associated with 500 west monroe street chicago illinois 60661,dague retzlaff,3,0,0
97,who is the chief counsel hfs real estate of the company associated with 500 west monroe street chicago illinois 60661,diana pennington,3,0,0
97,who is the managing director of the company associated with 500 west monroe street chicago illinois 60661,jeffrey m muchmore,3,0,0
97,who is the chief counsel hfs real estate of the company where dague retzlaff is employed,diana pennington,3,0,0
97,who is the managing director of the company where dague retzlaff is employed,jeffrey m muchmore,3,0,0
97,who is the authorized signatory of the company where diana pennington is employed,dague retzlaff,3,0,0
97,who is the vice president of the company where diana pennington is employed,dague retzlaff,3,0,0
97,who is the managing director of the company where diana pennington is employed,jeffrey m muchmore,3,0,0
97,who is the authorized signatory of the company where jeffrey m muchmore is employed,dague retzlaff,3,0,0
97,who is the vice president of the company where jeffrey m muchmore is employed,dague retzlaff,3,0,0
97,who is the chief counsel hfs real estate of the company where jeffrey m muchmore is employed,diana pennington,3,0,0
83,who are the chief financial officers of western digital technologies inc,"tim leyden, timothy leyden",2,0,1
83,what are the roles in the agreement of the company where timothy leyden is employed,"us borrower, cayman borrower",2,0,1
83,what are the roles in the agreement of the company where tim leyden is employed,"us borrower, cayman borrower",2,0,1
83,what are the roles in the agreement of the company where michael ray is employed,"us borrower, cayman borrower",2,0,1
83,what are the roles in the agreement of the company associated with 10 south dearborn street floor 7 chicago il 60603,"l c issuer, swing line lender, administrative agent",2,0,1
83,what are the roles in the agreement of the company associated with 1301 second avenue floor 25 seattle wa 98101,"l c issuer, swing line lender, administrative agent",2,0,1
83,who is the general counsel and secretary of western digital technologies inc,michael ray,2,1,0
83,who is the general counsel and senior vice president of western digital technologies inc,michael ray,2,1,0
83,who is the secretary and senior vice president of western digital technologies inc,michael ray,2,1,0
83,who is the chief financial officer of the company which is the guarantor in the agreement,timothy leyden,2,1,0
83,who is the chief financial officer of the company which is the holdings in the agreement,timothy leyden,2,1,0
83,who is the vice president of the company associated with 3355 michelson drive suite 100 irvine ca 92612,joseph carrillo,3,0,0
83,who is the vp credit and documentation of the company where juan segundo is employed,ivan vera,3,0,0
83,who is the corporate banking directo of the company where ivan vera is employed,juan segundo,3,0,0
83,who is the vice president of the company where todd rodgers is employed,charles de clapiers,3,0,0
83,who is the director of the company where charles de clapiers is employed,todd rodgers,3,0,0
83,who is the credit documentation manager of the company where johanna minaya is employed,robert k reddington,3,0,0
83,who is the associate director of the company where robert k reddington is employed,johanna minaya,3,0,0
83,who is the svp and coo of the company where james hua is employed,danny leung,3,0,0
83,who is the svp of the company where danny leung is employed,james hua,3,0,0
83,who is the general counsel of the company where tim leyden is employed,michael ray,3,0,0
83,who is the secretary of the company where tim leyden is employed,michael ray,3,0,0
83,who is the senior vice president of the company where tim leyden is employed,michael ray,3,0,0
83,who is the general counsel of the company where timothy leyden is employed,michael ray,3,0,0
83,who is the secretary of the company where timothy leyden is employed,michael ray,3,0,0
83,who is the senior vice president of the company where timothy leyden is employed,michael ray,3,0,0
68,what role does bank of montreal have in the agreement which is not the role of bank of america na,agent,2,1,0
68,what role does citizens bank na have in the agreement which is not the role of bank of america na,agent,2,1,0
68,what role does jpmorgan chase bank na have in the agreement which is not the role of regions bank,l c issuer,2,1,0
68,what role does regions bank have in the agreement which is not the role of bank of america na,agent,2,1,0
68,what are the roles in the agreement of the company where jonas l robinson is employed,"agent, lender",2,0,1
68,what are the roles in the agreement of the company where kerri colwell is employed,"agent, lender",2,0,1
68,what are the roles in the agreement of the company where austin lotito is employed,"agent, lender, l c issuer",2,0,1
68,what are the roles in the agreement of the company where t barrett vawter is employed,"agent, lender",2,0,1
68,what are the roles in the agreement of the company where john f simon is employed,"issuer, lender, administrative agent",2,0,1
68,what are the roles in the agreement of the company associated with 900 w trade st charlotte nc 28255,"issuer, lender, administrative agent",2,0,1
68,who is the chief executive officer of the company which is the borrower in the agreement,george j carter,2,1,0
68,who is the executive director of the company which is the l c issuer in the agreement,austin lotito,2,1,0
68,who is the senior vice president of the company which is the issuer in the agreement,john f simon,2,1,0
68,who is the senior vice president of the company which is the administrative agent in the agreement,john f simon,2,1,0
68,who is the senior vice president of the company associated with 900 w trade st charlotte nc 28255,john f simon,3,0,0
6,who is the deputy branch manager and vice president of bank of china,ying chen,2,1,0
6,who is the authorized agent of the company associated with 2800 post oak boulevard suite 4800 houston texas 77056,j shea morgenroth,3,0,0
6,who is the vice president of the company associated with 444 s flower street 39th floor los angeles california 90071,ying chen,3,0,0
6,who is the deputy branch manager of the company associated with 444 s flower street 39th floor los angeles california 90071,ying chen,3,0,0
6,who is the vice president of the company associated with los angeles,ying chen,3,0,0
6,who is the deputy branch manager of the company associated with los angeles,ying chen,3,0,0
6,what is the address of branch of the company where ying chen is employed,los angeles,3,0,0
54,who is the managing director and senior vice president of 2018 1 ih borrower lp,jonathan olsen,2,1,0
54,who is the managing director of the company associated with 383 madison avenue new york new york 10179,chuckie reddy,3,0,0
54,who is the senior vice president of the company associated with c o blackstone real estate advisors lp 345 park avenue new york new york 10154,jonathan olsen,3,0,0
54,who is the managing director of the company associated with c o blackstone real estate advisors lp 345 park avenue new york new york 10154,jonathan olsen,3,0,0
40,what role does associated bank national association have in the agreement which is not the role of keybank national association,co documentation agent,2,1,0
40,what role does associated bank national association have in the agreement which is not the role of jpmorgan chase bank na,co documentation agent,2,1,0
40,what role does first niagara bank na have in the agreement which is not the role of keybank national association,co documentation agent,2,1,0
40,what role does first niagara bank na have in the agreement which is not the role of jpmorgan chase bank na,co documentation agent,2,1,0
40,what role does keybank national association have in the agreement which is not the role of jpmorgan chase bank na,syndication agent,2,1,0
40,what are the roles in the agreement of the company where edward j chidiac is employed,"lender, co documentation agent",2,0,1
40,what are the roles in the agreement of the company where david reading is employed,"lender, co documentation agent",2,0,1
40,what are the roles in the agreement of the company where james cribbet is employed,"lender, syndication agent",2,0,1
40,what are the roles in the agreement of the company where hector j varona is employed,"lender, issuing bank, administrative agent",2,0,1
40,what are the roles in the agreement of the company associated with 10 south dearborn street floor l2 chicago il 60603 2003,"lender, issuing bank, administrative agent",2,0,1
40,who is the senior vice president of the company which is the syndication agent in the agreement,james cribbet,2,1,0
40,who is the executive director of the company which is the administrative agent in the agreement,hector j varona,2,1,0
40,who is the executive director of the company which is the issuing bank in the agreement,hector j varona,2,1,0
40,who is the chief financial officer of the company which is the borrower in the agreement,michael h weiner,2,1,0
40,who is the executive director of the company associated with 10 south dearborn street floor l2 chicago il 60603 2003,hector j varona,3,0,0
40,who is the chief financial officer of the company associated with 59 maiden lane 38th floor new york ny 10038,michael h weiner,3,0,0
56,what role does barclays bank plc have in the agreement which is not the role of credit suisse ag cayman islands branch,agents,2,1,0
56,what role does credit suisse ag have in the agreement which is not the role of credit suisse ag cayman islands branch,collateral agent,2,1,0
56,what role does goldman sachs bank usa have in the agreement which is not the role of credit suisse ag cayman islands branch,agents,2,1,0
56,what company is the agents but not the lender in the agreement,morgan stanley senior funding inc,2,1,0
56,who are the authorized signatorys of credit suisse ag cayman islands branch,"judith smith, d andrew maletta",2,0,1
56,who are the directors of ubs ag stamford branch,"kenneth chin, darlene arias",2,0,1
56,what are the roles in the agreement of the company where chris walton is employed,"agents, lender",2,0,1
56,what are the roles in the agreement of the company where rebecca kratz is employed,"agents, lender",2,0,1
56,what are the roles in the agreement of the company where d andrew maletta is employed,"lender, administrative agent",2,0,1
56,what are the roles in the agreement of the company where judith smith is employed,"lender, administrative agent",2,0,1
56,what are the roles in the agreement of the company associated with eleven madison avenue new york ny 10010,"collateral agent, administrative agent",2,0,1
56,who is the executive vice president general counsel and secretary of wmg acquisition corp,paul m robinson,2,1,0
56,who is the secretary of the company associated with 1633 broadway 7th floor new york ny 10019,paul m robinson,3,0,0
56,who is the executive vice president general counsel of the company associated with 1633 broadway 7th floor new york ny 10019,paul m robinson,3,0,0
4,who is the authorized signatory of the company associated with 200 west street new york new york,robert ehudin,3,0,0
4,who is the authorized signatory of the company associated with 6011 connection drive irving texas 75039,robert ehudin,3,0,0
4,who is the managing director of the company associated with cayman islands,john toronto,3,0,0
4,what is the address of branch of the company where john toronto is employed,cayman islands,3,0,0
42,what role does jpmorgan chase bank na have in the agreement which is not the role of bank of america na,syndication agent,2,1,0
42,who are the vice presidents of bank of america na,"kelly weaver, anthony luppino",2,0,1
42,what are the roles in the agreement of the company where helene p sprung is employed,"lender, syndication agent",2,0,1
42,what are the roles in the agreement of the company where kelly weaver is employed,"lender, administrative agent",2,0,1
42,what are the roles in the agreement of the company where anthony luppino is employed,"lender, administrative agent",2,0,1
42,what are the roles in the agreement of the company associated with 101 north tryon st 5th floor charlotte nc 28255,"lender, administrative agent",2,0,1
42,what are the roles in the agreement of the company associated with 900 west trade st charlotte nc 28255 0001,"lender, administrative agent",2,0,1
42,what are the roles in the agreement of the company associated with new york ny,"lender, administrative agent",2,0,1
42,who is the chief financial officer and senior vice president of artisan bread llc,michael j bufano,2,1,0
42,who is the chief financial officer and senior vice president of panera enterprises inc,michael j bufano,2,1,0
42,who is the chief financial officer and senior vice president of panera llc,michael j bufano,2,1,0
42,who is the chief financial officer and senior vice president of panera bread company,michael j bufano,2,1,0
42,who is the managing director of the company which is the syndication agent in the agreement,helene p sprung,2,1,0
42,who is the chief financial officer of the company associated with 3630 south geyer road suite 100 st louis mo 63127,michael j bufano,3,0,0
42,who is the senior vice president of the company associated with 3630 south geyer road suite 100 st louis mo 63127,michael j bufano,3,0,0
42,who is the chief financial officer of the company associated with 63 kendrick street needham ma 02494,michael j bufano,3,0,0
42,who is the senior vice president of the company associated with 63 kendrick street needham ma 02494,michael j bufano,3,0,0
95,who are the vice presidents of bank of america na,"angela lau, yinghua zhang",2,0,1
95,what are the roles in the agreement of the company where daniel j booth is employed,"borrower, credit parties",2,0,1
95,what are the roles in the agreement of the company associated with 200 international circle suite 3500 hunt valley maryland 21030,"borrower, credit parties",2,0,1
95,who is the chief operating officer of the company which is the credit parties in the agreement,daniel j booth,2,1,0
95,who is the chief operating officer of the company which is the borrower in the agreement,daniel j booth,2,1,0
95,who is the chief operating officer of the company associated with 200 international circle suite 3500 hunt valley maryland 21030,daniel j booth,3,0,0
95,who is the jr esq of the company associated with 425 park avenue new york new york 10022,john r fallon,3,0,0
95,what is the address of global corporate debt products of the company where angela lau is employed,100 n tryon street mail code nc1 007 17 11 charlotte nc 28255,3,0,0
95,what is the address of agency management of the company where angela lau is employed,1455 market street mail code ca5 701 05 19 san francisco california 94103 1399,3,0,0
95,what is the address of global corporate debt products of the company where yinghua zhang is employed,100 n tryon street mail code nc1 007 17 11 charlotte nc 28255,3,0,0
95,what is the address of agency management of the company where yinghua zhang is employed,1455 market street mail code ca5 701 05 19 san francisco california 94103 1399,3,0,0
157,who is the ceo of the company associated with 1100 placid avenue plano tx 75074,mark w king,3,0,0
157,who is the ceo of the company associated with 1137 e walnut st garland tx 75040,mark w king,3,0,0
157,who is the vice president of the company associated with 2727 n harwood 10th floor dallas texas 75201,jason purser,3,0,0
157,who is the ceo of the company associated with 480 s honduras cd juraez mexico,mark w king,3,0,0
157,who is the ceo of the company associated with 725 e walnut st garland tx 75040,mark w king,3,0,0
157,who is the ceo of the company associated with 903 e walnut st garland tx 75040,mark w king,3,0,0
157,who is the ceo of the company associated with 905 e walnut st garland texas 75040,mark w king,3,0,0
157,who is the ceo of the company associated with 905 e walnut st garland tx 75040,mark w king,3,0,0
157,who is the ceo of the company associated with 905 e walnut street garland texas 75040,mark w king,3,0,0
157,who is the ceo of the company associated with 912 e walnut st garland tx 75040,mark w king,3,0,0
157,who is the vice president of the company associated with po box 1600 san antonio texas78296,jason purser,3,0,0
157,who is the vice president of the company associated with texas,jason purser,3,0,0
157,who is the vice president of the company associated with 706 winterwood court garland texas 75044,jason purser,3,0,0
157,who is the ceo of the company associated with 706 winterwood court garland texas 75044,mark w king,3,0,0
157,what is the address of mexico location contract manufacturing of the company where mark w king is employed,480 s honduras cd juraez mexico,3,0,0
157,what is the address of opto building of the company where mark w king is employed,725 e walnut st garland tx 75040,3,0,0
157,what is the address of front end test building of the company where mark w king is employed,903 e walnut st garland tx 75040,3,0,0
157,what is the address of micro building and corporate office of the company where mark w king is employed,905 e walnut st garland tx 75040,3,0,0
157,what is the address of assembly building of the company where mark w king is employed,912 e walnut st garland tx 75040,3,0,0
143,what role does citizens bank national association have in the agreement which is not the role of fifth third bank,arrangers,2,1,0
143,what role does wells fargo securities llc have in the agreement which is not the role of fifth third bank,arrangers,2,1,0
143,what are the roles in the agreement of the company where michael h keith is employed,"lender, book runners, joint lead arrangers",2,0,1
143,what are the roles in the agreement of the company where maureen malphus is employed,"agent, lender",2,0,1
143,what are the roles in the agreement of the company associated with 1808 aston avenue suite 250 carlsbad ca 92008,"agent, lender",2,0,1
143,who is the chief financial officer and president of wingstop beverages ii inc,michael j skipworth,2,1,0
143,who is the chief financial officer and president of wingstop beverages inc,michael j skipworth,2,1,0
143,who is the chief financial officer and president of wingstop holdings inc,michael j skipworth,2,1,0
143,who is the chief financial officer and president of wingstop restaurants inc,michael j skipworth,2,1,0
143,who is the chief financial officer and president of wingstop gcm llc,michael j skipworth,2,1,0
143,who is the chief financial officer and president of wingstop inc,michael j skipworth,2,1,0
143,who is the vice president of the company which is the joint lead arrangers in the agreement,michael h keith,2,1,0
143,who is the vice president of the company which is the agent in the agreement,maureen malphus,2,1,0
143,who is the chief financial officer of the company associated with 1012 e hwy 80 suite a forney tx 75126 kaufman county,michael j skipworth,3,0,0
143,who is the president of the company associated with 1012 e hwy 80 suite a forney tx 75126 kaufman county,michael j skipworth,3,0,0
143,who is the chief financial officer of the company associated with 1152 n buckner blvd ste 106 dallas tx 75218 dallas county,michael j skipworth,3,0,0
143,who is the president of the company associated with 1152 n buckner blvd ste 106 dallas tx 75218 dallas county,michael j skipworth,3,0,0
143,who is the chief financial officer of the company associated with 1251 northwest hwy ste c garland tx 75041 dallas county,michael j skipworth,3,0,0
143,who is the president of the company associated with 1251 northwest hwy ste c garland tx 75041 dallas county,michael j skipworth,3,0,0
143,who is the chief financial officer of the company associated with 1515 s buckner blvd ste 247b dallas tx 75217 dallas county,michael j skipworth,3,0,0
143,who is the president of the company associated with 1515 s buckner blvd ste 247b dallas tx 75217 dallas county,michael j skipworth,3,0,0
143,who is the chief financial officer of the company associated with 1801 east chase pkwy ste 117 fort worth tx 76120 tarrant county,michael j skipworth,3,0,0
143,who is the president of the company associated with 1801 east chase pkwy ste 117 fort worth tx 76120 tarrant county,michael j skipworth,3,0,0
143,who is the vice president of the company associated with 1808 aston avenue suite 250 carlsbad ca 92008,maureen malphus,3,0,0
143,who is the chief financial officer of the company associated with 237 ne 28th st fort worth tx 76164 tarrant county,michael j skipworth,3,0,0
143,who is the president of the company associated with 237 ne 28th st fort worth tx 76164 tarrant county,michael j skipworth,3,0,0
143,who is the chief financial officer of the company associated with 2777 w craig rd ste 107 north las vegas nv 89032 clark county,michael j skipworth,3,0,0
143,who is the president of the company associated with 2777 w craig rd ste 107 north las vegas nv 89032 clark county,michael j skipworth,3,0,0
143,who is the chief financial officer of the company associated with 2802 n shepherd drste 400 houston tx 77008 harris county,michael j skipworth,3,0,0
143,who is the president of the company associated with 2802 n shepherd drste 400 houston tx 77008 harris county,michael j skipworth,3,0,0
143,who is the chief financial officer of the company associated with 3300 western center blvd ste 114a fort worth tx 76137 tarrant county,michael j skipworth,3,0,0
143,who is the president of the company associated with 3300 western center blvd ste 114a fort worth tx 76137 tarrant county,michael j skipworth,3,0,0
143,who is the chief financial officer of the company associated with 3910 s maryland pkwy las vegas nv 89119 clark county,michael j skipworth,3,0,0
143,who is the president of the company associated with 3910 s maryland pkwy las vegas nv 89119 clark county,michael j skipworth,3,0,0
143,who is the chief financial officer of the company associated with 400 n nellis blvd ste 120 las vegas nv 89110 clark county,michael j skipworth,3,0,0
143,who is the president of the company associated with 400 n nellis blvd ste 120 las vegas nv 89110 clark county,michael j skipworth,3,0,0
143,who is the chief financial officer of the company associated with 5045 w tropicana ave ste 110 las vegas nv 89103 clark county,michael j skipworth,3,0,0
143,who is the president of the company associated with 5045 w tropicana ave ste 110 las vegas nv 89103 clark county,michael j skipworth,3,0,0
143,who is the chief financial officer of the company associated with 5501 lbj freeway 5th floor dallas tx 75240,michael j skipworth,3,0,0
143,who is the president of the company associated with 5501 lbj freeway 5th floor dallas tx 75240,michael j skipworth,3,0,0
143,who is the chief financial officer of the company associated with 5501 lbj freeway dallas tx 75240 dallas county,michael j skipworth,3,0,0
143,who is the president of the company associated with 5501 lbj freeway dallas tx 75240 dallas county,michael j skipworth,3,0,0
143,who is the chief financial officer of the company associated with 6760 abrams rd ste 119 dallas tx 75231 dallas county,michael j skipworth,3,0,0
143,who is the president of the company associated with 6760 abrams rd ste 119 dallas tx 75231 dallas county,michael j skipworth,3,0,0
143,who is the chief financial officer of the company associated with 7017 spring mountain rd ste 101 las vegas nv 89117 clark county,michael j skipworth,3,0,0
143,who is the president of the company associated with 7017 spring mountain rd ste 101 las vegas nv 89117 clark county,michael j skipworth,3,0,0
143,who is the chief financial officer of the company associated with 7645 s custer road ste 420 mckinney tx 75070 collin county,michael j skipworth,3,0,0
143,who is the president of the company associated with 7645 s custer road ste 420 mckinney tx 75070 collin county,michael j skipworth,3,0,0
143,who is the chief financial officer of the company associated with 820 e cartwright rd suite 130 mesquite tx 75149 dallas county,michael j skipworth,3,0,0
143,who is the president of the company associated with 820 e cartwright rd suite 130 mesquite tx 75149 dallas county,michael j skipworth,3,0,0
143,who is the chief financial officer of the company associated with 900 n coit rd ste 2700 richardson tx 75080 dallas county,michael j skipworth,3,0,0
143,who is the president of the company associated with 900 n coit rd ste 2700 richardson tx 75080 dallas county,michael j skipworth,3,0,0
143,who is the chief financial officer of the company associated with 908 audelia rd ste 600 richardson tx 75081 dallas county,michael j skipworth,3,0,0
143,who is the president of the company associated with 908 audelia rd ste 600 richardson tx 75081 dallas county,michael j skipworth,3,0,0
143,who is the chief financial officer of the company associated with 9208 e r l thornton fwy ste 204 dallas tx 75228 dallas county,michael j skipworth,3,0,0
143,who is the president of the company associated with 9208 e r l thornton fwy ste 204 dallas tx 75228 dallas county,michael j skipworth,3,0,0
142,who are the directors of deutsche bank ag new york branch,"ming k chu, john s mcgill",2,0,1
142,who are the authorized signatorys of credit suisse ag toronto branch,"szymon ordys, tammy oldenburg",2,0,1
142,who are the authorized signatorys of national bank of canada new york branch,"john niedermier, mark williamson",2,0,1
142,what are the roles in the agreement of the company where juan j javellana is employed,"lender, administrative agent",2,0,1
142,what are the roles in the agreement of the company associated with 500 stanton christiana road ops 2 floor 03 newark de 197 2107 united states,"lender, administrative agent",2,0,1
142,who is the controller and principal financial officer of columbia pipeline group inc,nathaniel a brown,2,1,0
142,who is the corporate secretary and vice president law of transcanada pipelines limited,christine r johnston,2,1,0
142,who is the treasurer and vice president finance of transcanada pipelines limited,joel e hunter,2,1,0
142,who is the executive director of the company which is the administrative agent in the agreement,juan j javellana,2,1,0
142,who is the director of the company associated with 1301 avenue of the americas new york ny 10019,gordon yip,3,0,0
142,who is the managing director of the company associated with 1301 avenue of the americas new york ny 10019,jeff ferrell,3,0,0
142,who is the associate of the company associated with 2000 700 2nd street sw,jonathan leach,3,0,0
142,who is the director of the company associated with 2000 700 2nd street sw,michael linder,3,0,0
142,who is the managing director of the company associated with 277 park avenue,james d weinstein,3,0,0
142,who is the authorized signatory of the company associated with 31 west 52nd street 22nd floor,lexanne cooper,3,0,0
142,who is the director of the company associated with 333 clay st suite 4510,anar ramji,3,0,0
142,who is the managing director of the company associated with 333 clay st suite 4510,randy geislinger,3,0,0
142,who is the authorized signatory of the company associated with 3900 888 3rd street sw,tim vandegriend,3,0,0
142,who is the corporate secretary of the company associated with 450 1st street sw,christine r johnston,3,0,0
142,who is the vice president law of the company associated with 450 1st street sw,christine r johnston,3,0,0
142,who is the vice president finance of the company associated with 450 1st street sw,joel e hunter,3,0,0
142,who is the treasurer of the company associated with 450 1st street sw,joel e hunter,3,0,0
142,who is the executive director of the company associated with 500 stanton christiana road ops 2 floor 03 newark de 197 2107 united states,juan j javellana,3,0,0
142,who is the corporate secretary of the company associated with 700 louisiana street suite 700,jon a dobson,3,0,0
142,who is the principal financial officer of the company associated with 700 louisiana street suite 700,nathaniel a brown,3,0,0
142,who is the controller of the company associated with 700 louisiana street suite 700,nathaniel a brown,3,0,0
142,who is the managing director of the company associated with 888 3rd street sw suite 1000,rob mackinnon,3,0,0
142,who is the director of the company associated with building 3 1615 brett road new castle de 19720,michael zeller,3,0,0
142,who is the director resources and energy group of the company associated with calgary alberta t2p 1e5,jason lang,3,0,0
142,who is the financing manager of the company where martin eyok is employed,raj acharya,3,0,0
142,who is the senior financing manager of the company where raj acharya is employed,martin eyok,3,0,0
142,who is the director of the company where randy geislinger is employed,anar ramji,3,0,0
142,who is the managing director of the company where anar ramji is employed,randy geislinger,3,0,0
142,who is the corporate secretary of the company where nathaniel a brown is employed,jon a dobson,3,0,0
142,who is the controller of the company where jon a dobson is employed,nathaniel a brown,3,0,0
142,who is the principal financial officer of the company where jon a dobson is employed,nathaniel a brown,3,0,0
142,who is the managing director of the company where gordon yip is employed,jeff ferrell,3,0,0
142,who is the director of the company where jeff ferrell is employed,gordon yip,3,0,0
142,who is the associate of the company where michael linder is employed,jonathan leach,3,0,0
142,who is the director of the company where jonathan leach is employed,michael linder,3,0,0
142,who is the treasurer of the company where christine r johnston is employed,joel e hunter,3,0,0
142,who is the vice president finance of the company where christine r johnston is employed,joel e hunter,3,0,0
142,who is the corporate secretary of the company where joel e hunter is employed,christine r johnston,3,0,0
142,who is the vice president law of the company where joel e hunter is employed,christine r johnston,3,0,0
142,what is the address of corporate customers operations of the company where john niedermier is employed,500 place darmes 26th floor,3,0,0
142,what is the address of corporate customers operations of the company where mark williamson is employed,500 place darmes 26th floor,3,0,0
156,who are the its authorized signatorys of wells fargo bank national association,"brian lane, patricia del busto",2,0,1
156,who is the chief financial officer and director of optical coating laboratory,henk derksen,2,1,0
156,who is the chief financial officer and executive vice president and chief financial officer of optical coating laboratory,henk derksen,2,1,0
156,who is the chief financial officer and vice president of optical coating laboratory,henk derksen,2,1,0
156,who is the director and executive vice president and chief financial officer of optical coating laboratory,henk derksen,2,1,0
156,who is the director and vice president of optical coating laboratory,henk derksen,2,1,0
156,who is the executive vice president and chief financial officer and vice president of optical coating laboratory,henk derksen,2,1,0
156,who is the chief financial officer and director of viavi solutions llc,henk derksen,2,1,0
156,who is the chief financial officer and executive vice president and chief financial officer of viavi solutions llc,henk derksen,2,1,0
156,who is the chief financial officer and vice president of viavi solutions llc,henk derksen,2,1,0
156,who is the director and executive vice president and chief financial officer of viavi solutions llc,henk derksen,2,1,0
156,who is the director and vice president of viavi solutions llc,henk derksen,2,1,0
156,who is the executive vice president and chief financial officer and vice president of viavi solutions llc,henk derksen,2,1,0
156,who is the chief financial officer and director of viavi solutions licensing llc,henk derksen,2,1,0
156,who is the chief financial officer and executive vice president and chief financial officer of viavi solutions licensing llc,henk derksen,2,1,0
156,who is the chief financial officer and vice president of viavi solutions licensing llc,henk derksen,2,1,0
156,who is the director and executive vice president and chief financial officer of viavi solutions licensing llc,henk derksen,2,1,0
156,who is the director and vice president of viavi solutions licensing llc,henk derksen,2,1,0
156,who is the executive vice president and chief financial officer and vice president of viavi solutions licensing llc,henk derksen,2,1,0
156,who is the chief financial officer and director of viavi solutions uk limited,henk derksen,2,1,0
156,who is the chief financial officer and executive vice president and chief financial officer of viavi solutions uk limited,henk derksen,2,1,0
156,who is the chief financial officer and vice president of viavi solutions uk limited,henk derksen,2,1,0
156,who is the director and executive vice president and chief financial officer of viavi solutions uk limited,henk derksen,2,1,0
156,who is the director and vice president of viavi solutions uk limited,henk derksen,2,1,0
156,who is the executive vice president and chief financial officer and vice president of viavi solutions uk limited,henk derksen,2,1,0
156,who is the chief financial officer and director of viavi solutions inc,henk derksen,2,1,0
156,who is the chief financial officer and executive vice president and chief financial officer of viavi solutions inc,henk derksen,2,1,0
156,who is the chief financial officer and vice president of viavi solutions inc,henk derksen,2,1,0
156,who is the director and executive vice president and chief financial officer of viavi solutions inc,henk derksen,2,1,0
156,who is the director and vice president of viavi solutions inc,henk derksen,2,1,0
156,who is the executive vice president and chief financial officer and vice president of viavi solutions inc,henk derksen,2,1,0
156,who is the chief financial officer of the company associated with 6001 america center drive san jose california 95002,henk derksen,3,0,0
156,who is the vice president of the company associated with 6001 america center drive san jose california 95002,henk derksen,3,0,0
156,who is the director of the company associated with 6001 america center drive san jose california 95002,henk derksen,3,0,0
156,who is the executive vice president and chief financial officer of the company associated with 6001 america center drive san jose california 95002,henk derksen,3,0,0
156,who is the president and treasurer of the company associated with canadian,kevin siebert,3,0,0
156,who is the managing director of the company associated with german,andreas christoph beyertt,3,0,0
156,who is the chief financial officer of the company associated with uk,henk derksen,3,0,0
156,who is the vice president of the company associated with uk,henk derksen,3,0,0
156,who is the director of the company associated with uk,henk derksen,3,0,0
156,who is the executive vice president and chief financial officer of the company associated with uk,henk derksen,3,0,0
156,who is the chief financial officer of the company associated with us,henk derksen,3,0,0
156,who is the vice president of the company associated with us,henk derksen,3,0,0
156,who is the director of the company associated with us,henk derksen,3,0,0
156,who is the executive vice president and chief financial officer of the company associated with us,henk derksen,3,0,0
156,who is the director of the company where christopher cassidy is employed,guelay mese,3,0,0
156,who is the vice president of the company where guelay mese is employed,christopher cassidy,3,0,0
156,who is the associate of the company where philip tancorra is employed,jessica lutrario,3,0,0
156,who is the vice president of the company where jessica lutrario is employed,philip tancorra,3,0,0
80,what are the roles in the agreement of the company where michael pugsley is employed,"lender, administrative agent",2,0,1
80,who is the chief financial officer and executive vice president of cree inc,michael e mcdevitt,2,1,0
80,who is the chairman and chief executive officer of e conolight llc,charles m swoboda,2,1,0
80,who is the chairman and president of e conolight llc,charles m swoboda,2,1,0
80,who is the chief executive officer and president of e conolight llc,charles m swoboda,2,1,0
80,who is the senior vice president of the company which is the issuing lender in the agreement,michael pugsley,2,1,0
80,who is the senior vice president of the company which is the administrative agent in the agreement,michael pugsley,2,1,0
80,who is the senior vice president of the company which is the swingline lender in the agreement,michael pugsley,2,1,0
94,what roles do both fifth third bank and jefferies finance llc have in the agreement,"lender, arrangers, bookrunners",1,1,1
94,what roles do both fifth third bank and sumitomo mitsui banking corporation have in the agreement,"lender, arrangers, bookrunners",1,1,1
94,what roles do both jefferies finance llc and sumitomo mitsui banking corporation have in the agreement,"lender, arrangers, bookrunners",1,1,1
94,what role does rbs citizens na have in the agreement which is not the role of sumitomo mitsui banking corporation,senior managing agent,2,1,0
94,what role does rbs citizens na have in the agreement which is not the role of natixis new york branch,senior managing agent,2,1,0
94,what company is the arrangers but not the lender in the agreement,pnc capital markets llc,2,1,0
94,what company is the bookrunners but not the lender in the agreement,pnc capital markets llc,2,1,0
94,what are the roles in the agreement of the company where william d priester is employed,"lender, arrangers, bookrunners",2,0,1
94,what are the roles in the agreement of the company where e joseph hess is employed,"lender, arrangers, bookrunners, collatera agent, administrative agent",2,0,1
94,what are the roles in the agreement of the company where richard c brown is employed,"bank, swingline lender",2,0,1
94,what are the roles in the agreement of the company where cheryl carangelo is employed,"lender, senior managing agent",2,0,1
94,what are the roles in the agreement of the company where katsuyuki kubo is employed,"lender, arrangers, bookrunners",2,0,1
94,what are the roles in the agreement of the company where j st phane lautner is employed,"agent, lender",2,0,1
94,what are the roles in the agreement of the company where edward t crook is employed,"agent, lender",2,0,1
94,who is the assistant secretary and chief financial officer of salix pharmaceuticals ltd,adam c derbyshire,2,1,0
94,who is the assistant secretary and executive vice president finance and administration of salix pharmaceuticals ltd,adam c derbyshire,2,1,0
94,who is the assistant secretary and treasurer of salix pharmaceuticals ltd,adam c derbyshire,2,1,0
94,who is the chief financial officer and executive vice president finance and administration of salix pharmaceuticals ltd,adam c derbyshire,2,1,0
94,who is the chief financial officer and treasurer of salix pharmaceuticals ltd,adam c derbyshire,2,1,0
94,who is the executive vice president finance and administration and treasurer of salix pharmaceuticals ltd,adam c derbyshire,2,1,0
94,who is the managing director of the company which is the collatera agent in the agreement,e joseph hess,2,1,0
94,who is the managing director of the company which is the administrative agent in the agreement,e joseph hess,2,1,0
94,who is the senior vice president of the company which is the bank in the agreement,richard c brown,2,1,0
94,who is the senior vice president of the company which is the swingline lender in the agreement,richard c brown,2,1,0
94,who is the senior vice president of the company which is the senior managing agent in the agreement,cheryl carangelo,2,1,0
94,who is the chief financial officer of the company associated with 520 madison avenue new york ny 10022,adam c derbyshire,3,0,0
94,who is the assistant secretary of the company associated with 520 madison avenue new york ny 10022,adam c derbyshire,3,0,0
94,who is the treasurer of the company associated with 520 madison avenue new york ny 10022,adam c derbyshire,3,0,0
94,who is the executive vice president finance and administration of the company associated with 520 madison avenue new york ny 10022,adam c derbyshire,3,0,0
94,who is the chief financial officer of the company associated with 8510 colonnade center drive raleigh north carolina 27615,adam c derbyshire,3,0,0
94,who is the assistant secretary of the company associated with 8510 colonnade center drive raleigh north carolina 27615,adam c derbyshire,3,0,0
94,who is the treasurer of the company associated with 8510 colonnade center drive raleigh north carolina 27615,adam c derbyshire,3,0,0
94,who is the executive vice president finance and administration of the company associated with 8510 colonnade center drive raleigh north carolina 27615,adam c derbyshire,3,0,0
94,who is the managing director of the company where j st phane lautner is employed,edward t crook,3,0,0
94,who is the vice president of the company where edward t crook is employed,j st phane lautner,3,0,0
57,what roles do both citibank na and jpmorgan chase bank na have in the agreement,"lender, arranger, bookrunner",1,1,1
57,what role does bank of america na have in the agreement which is not the role of citibank na,administrative agent,2,1,0
57,what role does bank of america na have in the agreement which is not the role of jpmorgan chase bank na,administrative agent,2,1,0
57,what role does bank of america na have in the agreement which is not the role of deutsche bank ag new york branch,administrative agent,2,1,0
57,what are the roles in the agreement of the company where henry pennell is employed,"lender, administrative agent",2,0,1
57,what are the roles in the agreement of the company where ronnie d berry is employed,"dutch borrower, designated borrower",2,0,1
57,what are the roles in the agreement of the company where chuck b kyrish is employed,"company, borrower",2,0,1
57,what are the roles in the agreement of the company where mukesh singh is employed,"agent, swingline lender, l c issuer lender",2,0,1
57,what are the roles in the agreement of the company where michael vondriska is employed,"lender, arranger, bookrunner",2,0,1
57,what are the roles in the agreement of the company where katherine l hurley is employed,"lender, arranger, bookrunner, l c issuer",2,0,1
57,what are the roles in the agreement of the company where virginia cosenza is employed,"issuer, lender",2,0,1
57,what are the roles in the agreement of the company where ming k chu is employed,"issuer, lender",2,0,1
57,what are the roles in the agreement of the company associated with 222 w las colinas blvd suite 900n irving texas 75039,"company, borrower",2,0,1
57,what are the roles in the agreement of the company associated with 1 fleet way scranton pa 18507,"agent, swingline lender, l c issuer lender",2,0,1
57,what are the roles in the agreement of the company associated with 2380 performance dr bldg c richardson tx 75082,"agent, swingline lender, l c issuer lender",2,0,1
57,what are the roles in the agreement of the company associated with 1615 brett road new castle de 19709,"lender, arranger, bookrunner",2,0,1
57,what are the roles in the agreement of the company associated with 388 greenwich street new york ny 10013,"lender, arranger, bookrunner",2,0,1
57,what are the roles in the agreement of the company associated with 383 madison avenue floor 24 new york ny 10179,"lender, arranger, bookrunner, l c issuer",2,0,1
57,what are the roles in the agreement of the company associated with jpm bangalore loan operations prestige tech park floor 4 sarjapur outer ring rd vathur hobli bangalore india 560 087,"lender, arranger, bookrunner, l c issuer",2,0,1
57,what are the roles in the agreement of the company associated with 5022 gate parkway suite 100 jacksonville fl 32256,"issuer, lender",2,0,1
57,what are the roles in the agreement of the company associated with 60 wall street new york ny 10005,"issuer, lender",2,0,1
57,who is the treasurer and vice president of celanese us holdings llc,chuck b kyrish,2,1,0
57,who is the senior vice president of the company which is the holdings in the agreement,scott a richardson,2,1,0
57,who is the vice president global taxes of the company which is the dutch borrower in the agreement,ronnie d berry,2,1,0
57,who is the director of the company which is the swingline lender in the agreement,mukesh singh,2,1,0
57,who is the director of the company which is the l c issuer lender in the agreement,mukesh singh,2,1,0
57,who is the director of the company which is the agent in the agreement,mukesh singh,2,1,0
57,who is the vice president of the company which is the l c issuer in the agreement,katherine l hurley,2,1,0
57,who is the vice president of the company associated with 1615 brett road new castle de 19709,michael vondriska,3,0,0
57,who is the director of the company associated with 1 fleet way scranton pa 18507,mukesh singh,3,0,0
57,who is the vice president of the company associated with 222 w las colinas blvd suite 900n irving texas 75039,chuck b kyrish,3,0,0
57,who is the treasurer of the company associated with 222 w las colinas blvd suite 900n irving texas 75039,chuck b kyrish,3,0,0
57,who is the director of the company associated with 2380 performance dr bldg c richardson tx 75082,mukesh singh,3,0,0
57,who is the vice president of the company associated with 383 madison avenue floor 24 new york ny 10179,katherine l hurley,3,0,0
57,who is the vice president of the company associated with 388 greenwich street new york ny 10013,michael vondriska,3,0,0
57,who is the director of the company associated with 5022 gate parkway suite 100 jacksonville fl 32256,ming k chu,3,0,0
57,who is the vice president of the company associated with 5022 gate parkway suite 100 jacksonville fl 32256,virginia cosenza,3,0,0
57,who is the director of the company associated with 60 wall street new york ny 10005,ming k chu,3,0,0
57,who is the vice president of the company associated with 60 wall street new york ny 10005,virginia cosenza,3,0,0
57,who is the vice president of the company associated with jpm bangalore loan operations prestige tech park floor 4 sarjapur outer ring rd vathur hobli bangalore india 560 087,katherine l hurley,3,0,0
57,who is the director of the company where robert sullivan is employed,john w deegan,3,0,0
57,who is the vice president of the company where john w deegan is employed,robert sullivan,3,0,0
57,who is the managing director of the company where betsy briggs is employed,julien tizorin,3,0,0
57,who is the associate director of the company where julien tizorin is employed,betsy briggs,3,0,0
57,who is the director of the company where virginia cosenza is employed,ming k chu,3,0,0
57,who is the vice president of the company where ming k chu is employed,virginia cosenza,3,0,0
5,what are the roles in the agreement of the company where roy e alexander is employed,"lender, l c issuer, administrative agent",2,0,1
5,what are the roles in the agreement of the company where denise smyth is employed,"lead arrangers, documentation agents",2,0,1
5,who is the senior vice president and vice president of bank of america na,roy e alexander,2,1,0
5,who is the senior vice president of the company which is the lead arrangers in the agreement,denise smyth,2,1,0
1,what are the roles in the agreement of the company where alexandra m knights is employed,"lender, arranger, bookrunner, administrative agent",2,0,1
1,who is the treasurer and vice president of franklin resources inc,mark constant,2,1,0
1,who is the authorized signatory of the company which is the bookrunner in the agreement,alexandra m knights,2,1,0
1,who is the authorized signatory of the company which is the lender in the agreement,alexandra m knights,2,1,0
1,who is the authorized signatory of the company which is the administrative agent in the agreement,alexandra m knights,2,1,0
1,who is the authorized signatory of the company which is the arranger in the agreement,alexandra m knights,2,1,0
53,what are the roles in the agreement of the company where charles m joye iii is employed,"lender, l c issuer",2,0,1
53,who is the cao and cfo of jamba inc,marie perry,2,1,0
53,who is the cao and evp of jamba inc,marie perry,2,1,0
53,who is the cao and secretary of jamba inc,marie perry,2,1,0
53,who is the cao and treasurer of jamba inc,marie perry,2,1,0
53,who is the cfo and evp of jamba inc,marie perry,2,1,0
53,who is the cfo and secretary of jamba inc,marie perry,2,1,0
53,who is the cfo and treasurer of jamba inc,marie perry,2,1,0
53,who is the evp and secretary of jamba inc,marie perry,2,1,0
53,who is the evp and treasurer of jamba inc,marie perry,2,1,0
53,who is the secretary and treasurer of jamba inc,marie perry,2,1,0
53,who is the cao and cfo of jamba juice advertising fund inc,marie perry,2,1,0
53,who is the cao and evp of jamba juice advertising fund inc,marie perry,2,1,0
53,who is the cao and secretary of jamba juice advertising fund inc,marie perry,2,1,0
53,who is the cao and treasurer of jamba juice advertising fund inc,marie perry,2,1,0
53,who is the cfo and evp of jamba juice advertising fund inc,marie perry,2,1,0
53,who is the cfo and secretary of jamba juice advertising fund inc,marie perry,2,1,0
53,who is the cfo and treasurer of jamba juice advertising fund inc,marie perry,2,1,0
53,who is the evp and secretary of jamba juice advertising fund inc,marie perry,2,1,0
53,who is the evp and treasurer of jamba juice advertising fund inc,marie perry,2,1,0
53,who is the secretary and treasurer of jamba juice advertising fund inc,marie perry,2,1,0
53,who is the cao and cfo of jamba juice company,marie perry,2,1,0
53,who is the cao and evp of jamba juice company,marie perry,2,1,0
53,who is the cao and secretary of jamba juice company,marie perry,2,1,0
53,who is the cao and treasurer of jamba juice company,marie perry,2,1,0
53,who is the cfo and evp of jamba juice company,marie perry,2,1,0
53,who is the cfo and secretary of jamba juice company,marie perry,2,1,0
53,who is the cfo and treasurer of jamba juice company,marie perry,2,1,0
53,who is the evp and secretary of jamba juice company,marie perry,2,1,0
53,who is the evp and treasurer of jamba juice company,marie perry,2,1,0
53,who is the secretary and treasurer of jamba juice company,marie perry,2,1,0
53,who is the senior vice president of the company which is the l c issuer in the agreement,charles m joye iii,2,1,0
53,who is the senior vice president of the company which is the lender in the agreement,charles m joye iii,2,1,0
47,who are the vice presidents of deutsche bank ag new york branch,"ming k chu, virginia cosenza",2,0,1
47,what are the roles in the agreement of the company where kirk tesch is employed,"lender, administrative agent",2,0,1
47,what are the roles in the agreement of the company associated with 301 south college street 14th floor charlotte nc 28202,"lender, administrative agent",2,0,1
47,what are the roles in the agreement of the company associated with mac d1109 019 1525 west wt harris blvd charlotte nc 28262,"lender, administrative agent",2,0,1
47,who is the chief financial officer and treasurer of the company which is the borrower in the agreement,james edgemond,2,1,0
47,who is the managing director of the company which is the administrative agent in the agreement,kirk tesch,2,1,0
47,who is the chief financial officer and treasurer of the company associated with 1040 spring street silver spring maryland 20910,james edgemond,3,0,0
47,who is the chief financial officer and treasurer of the company associated with 1735 connecticut avenue nw washington district of columbia 20009,james edgemond,3,0,0
47,who is the managing director of the company associated with 301 south college street 14th floor charlotte nc 28202,kirk tesch,3,0,0
47,who is the managing director of the company associated with mac d1109 019 1525 west wt harris blvd charlotte nc 28262,kirk tesch,3,0,0
47,who is the senior vice president of the company where philip f kurpiewski is employed,kristie li,3,0,0
47,who is the vice president of the company where kristie li is employed,philip f kurpiewski,3,0,0
152,who is the esq of the company associated with 400 west market street suite 3200 louisville kentucky 40202,barry a hines,3,0,0
146,who is the chief compliance officer and chief legal officer of bcred castle peak funding llc,marisa j beeney,2,1,0
146,who is the chief compliance officer and secretary of bcred castle peak funding llc,marisa j beeney,2,1,0
146,who is the chief legal officer and secretary of bcred castle peak funding llc,marisa j beeney,2,1,0
146,who is the chief compliance officer and chief legal officer of blackstone private credit fund,marisa j beeney,2,1,0
146,who is the chief compliance officer and secretary of blackstone private credit fund,marisa j beeney,2,1,0
146,who is the chief legal officer and secretary of blackstone private credit fund,marisa j beeney,2,1,0
90,who are the directors of deutsche bank ag new york branch,"ming k chu, annie chung",2,0,1
90,who is the treasurer and vice president of ashland chemco inc,william c whitaker,2,1,0
90,who is the treasurer and vice president of ashland global holdings inc,william c whitaker,2,1,0
90,who is the treasurer and vice president of ashland llc,william c whitaker,2,1,0
90,who is the director of the company where michael pearce is employed,todd grossnickle,3,0,0
90,who is the managing director of the company where todd grossnickle is employed,michael pearce,3,0,0
90,who is the director of the company where kaye ea is employed,brad matthews,3,0,0
90,who is the managing director of the company where brad matthews is employed,kaye ea,3,0,0
90,who is the managing director of the company where sean hassett is employed,barry fehily,3,0,0
90,who is the director of the company where barry fehily is employed,sean hassett,3,0,0
84,what are the positions held by both chwan ming ho and edward chen,"vp, general manager",1,1,1
84,what are the positions held by both chwan ming ho and li hua huang,"vp, general manager",1,1,1
84,what are the positions held by both edward chen and li hua huang,"vp, general manager",1,1,1
84,what is the position held by alexander wu but not by chwan ming ho,svp,1,2,0
84,what is the position held by alexander wu but not by edward chen,svp,1,2,0
84,what is the position held by alexander wu but not by li hua huang,svp,1,2,0
84,who are the managing directors of credit agricole corporate and investment bank,"amy trapp, tanya crossley",2,0,1
84,who are the vice presidents of deutsche bank ag,"ming k chu, virginia cosenza",2,0,1
84,who is the general manager and vp of bank of taiwan,chwan ming ho,2,1,0
84,who is the general manager and svp of cathay united bank,alexander wu,2,1,0
84,who is the general manager and vp of esun commercial bank,edward chen,2,1,0
84,who is the general manager and vp of taiwan cooperative bank,li hua huang,2,1,0
84,who is the senior vice president and treasurer of health care reit inc,michael a crabtree,2,1,0
84,who is the chairman of the board and chief executive officer of health care reit inc,mrgeorgel chapman,2,1,0
84,who is the servicing officer of the company associated with 127 public square cleveland ohio 44114 1306,audrey pishnery,3,0,0
84,who is the manager of the company associated with 127 public square cleveland ohio 44114 1306,elsa obrien,3,0,0
84,who is the vice president of the company associated with 127 public square cleveland ohio 44114 1306,laura conway,3,0,0
84,who is the senior vice president of the company associated with 4500 dorr street toledo ohio 43615 4040,michael a crabtree,3,0,0
84,who is the treasurer of the company associated with 4500 dorr street toledo ohio 43615 4040,michael a crabtree,3,0,0
84,who is the chief executive officer of the company associated with 4500 dorr street toledo ohio 43615 4040,mrgeorgel chapman,3,0,0
84,who is the chairman of the board of the company associated with 4500 dorr street toledo ohio 43615 4040,mrgeorgel chapman,3,0,0
84,who is the servicing officer of the company associated with 4910 tiedeman rd mail code oh 01 51 0311 brooklyn ohio 44144,audrey pishnery,3,0,0
84,who is the manager of the company associated with 4910 tiedeman rd mail code oh 01 51 0311 brooklyn ohio 44144,elsa obrien,3,0,0
84,who is the vice president of the company associated with 4910 tiedeman rd mail code oh 01 51 0311 brooklyn ohio 44144,laura conway,3,0,0
84,who is the director of the company where michael donofrio is employed,bill odaly,3,0,0
84,who is the associate of the company where bill odaly is employed,michael donofrio,3,0,0
84,who is the senior vice president of the company where mrgeorgel chapman is employed,michael a crabtree,3,0,0
84,who is the treasurer of the company where mrgeorgel chapman is employed,michael a crabtree,3,0,0
84,who is the chairman of the board of the company where michael a crabtree is employed,mrgeorgel chapman,3,0,0
84,who is the chief executive officer of the company where michael a crabtree is employed,mrgeorgel chapman,3,0,0
84,who is the manager of the company where audrey pishnery is employed,elsa obrien,3,0,0
84,who is the vice president of the company where audrey pishnery is employed,laura conway,3,0,0
84,who is the servicing officer of the company where elsa obrien is employed,audrey pishnery,3,0,0
84,who is the vice president of the company where elsa obrien is employed,laura conway,3,0,0
84,who is the servicing officer of the company where laura conway is employed,audrey pishnery,3,0,0
84,who is the manager of the company where laura conway is employed,elsa obrien,3,0,0
85,who is the assistant controller and chief financial officer of redent verification and licensing services llc,emil hensel,2,1,0
85,who is the assistant controller and vice president of redent verification and licensing services llc,emil hensel,2,1,0
85,who is the chief financial officer and vice president of redent verification and licensing services llc,emil hensel,2,1,0
85,who is the assistant controller and chief financial officer of allied health group llc,emil hensel,2,1,0
85,who is the assistant controller and vice president of allied health group llc,emil hensel,2,1,0
85,who is the chief financial officer and vice president of allied health group llc,emil hensel,2,1,0
85,who is the assistant controller and chief financial officer of assent consulting,emil hensel,2,1,0
85,who is the assistant controller and vice president of assent consulting,emil hensel,2,1,0
85,who is the chief financial officer and vice president of assent consulting,emil hensel,2,1,0
85,who is the assistant controller and chief financial officer of assignment america llc,emil hensel,2,1,0
85,who is the assistant controller and vice president of assignment america llc,emil hensel,2,1,0
85,who is the chief financial officer and vice president of assignment america llc,emil hensel,2,1,0
85,who is the assistant controller and chief financial officer of cc local inc,emil hensel,2,1,0
85,who is the assistant controller and vice president of cc local inc,emil hensel,2,1,0
85,who is the chief financial officer and vice president of cc local inc,emil hensel,2,1,0
85,who is the assistant controller and chief financial officer of cejka search inc,emil hensel,2,1,0
85,who is the assistant controller and vice president of cejka search inc,emil hensel,2,1,0
85,who is the chief financial officer and vice president of cejka search inc,emil hensel,2,1,0
85,who is the assistant controller and chief financial officer of clinforce llc,emil hensel,2,1,0
85,who is the assistant controller and vice president of clinforce llc,emil hensel,2,1,0
85,who is the chief financial officer and vice president of clinforce llc,emil hensel,2,1,0
85,who is the assistant controller and chief financial officer of credent verification and licensing services llc,emil hensel,2,1,0
85,who is the assistant controller and vice president of credent verification and licensing services llc,emil hensel,2,1,0
85,who is the chief financial officer and vice president of credent verification and licensing services llc,emil hensel,2,1,0
85,who is the assistant controller and chief financial officer of cross country education llc,emil hensel,2,1,0
85,who is the assistant controller and vice president of cross country education llc,emil hensel,2,1,0
85,who is the chief financial officer and vice president of cross country education llc,emil hensel,2,1,0
85,who is the assistant controller and chief financial officer of cross country healthcare inc,emil hensel,2,1,0
85,who is the assistant controller and vice president of cross country healthcare inc,emil hensel,2,1,0
85,who is the chief financial officer and vice president of cross country healthcare inc,emil hensel,2,1,0
85,who is the assistant controller and chief financial officer of cross country publishing llc,emil hensel,2,1,0
85,who is the assistant controller and vice president of cross country publishing llc,emil hensel,2,1,0
85,who is the chief financial officer and vice president of cross country publishing llc,emil hensel,2,1,0
85,who is the assistant controller and chief financial officer of cross country staffing inc,emil hensel,2,1,0
85,who is the assistant controller and vice president of cross country staffing inc,emil hensel,2,1,0
85,who is the chief financial officer and vice president of cross country staffing inc,emil hensel,2,1,0
85,who is the assistant controller and chief financial officer of local staff llc,emil hensel,2,1,0
85,who is the assistant controller and vice president of local staff llc,emil hensel,2,1,0
85,who is the chief financial officer and vice president of local staff llc,emil hensel,2,1,0
85,who is the assistant controller and chief financial officer of mcvt inc,emil hensel,2,1,0
85,who is the assistant controller and vice president of mcvt inc,emil hensel,2,1,0
85,who is the chief financial officer and vice president of mcvt inc,emil hensel,2,1,0
85,who is the assistant controller and chief financial officer of mda holdings inc,emil hensel,2,1,0
85,who is the assistant controller and vice president of mda holdings inc,emil hensel,2,1,0
85,who is the chief financial officer and vice president of mda holdings inc,emil hensel,2,1,0
85,who is the assistant controller and chief financial officer of medical doctor associates llc,emil hensel,2,1,0
85,who is the assistant controller and vice president of medical doctor associates llc,emil hensel,2,1,0
85,who is the chief financial officer and vice president of medical doctor associates llc,emil hensel,2,1,0
85,who is the assistant controller and chief financial officer of metropolitan research associates inc,emil hensel,2,1,0
85,who is the assistant controller and vice president of metropolitan research associates inc,emil hensel,2,1,0
85,who is the chief financial officer and vice president of metropolitan research associates inc,emil hensel,2,1,0
85,who is the assistant controller and chief financial officer of mra search inc,emil hensel,2,1,0
85,who is the assistant controller and vice president of mra search inc,emil hensel,2,1,0
85,who is the chief financial officer and vice president of mra search inc,emil hensel,2,1,0
85,who is the assistant controller and chief financial officer of travel staff llc,emil hensel,2,1,0
85,who is the assistant controller and vice president of travel staff llc,emil hensel,2,1,0
85,who is the chief financial officer and vice president of travel staff llc,emil hensel,2,1,0
85,who is the senior vice president of the company associated with 300 galleria parkway suite 800 atlanta ga 30339,kenneth butler,3,0,0
85,who is the chief financial officer of the company associated with 3805 w chester pike suite 200 newtown square pennsylvania 19073,emil hensel,3,0,0
85,who is the assistant controller of the company associated with 3805 w chester pike suite 200 newtown square pennsylvania 19073,emil hensel,3,0,0
85,who is the vice president of the company associated with 3805 w chester pike suite 200 newtown square pennsylvania 19073,emil hensel,3,0,0
85,who is the chief financial officer of the company associated with 380 stevens avenue suite 120 solana beach california 92075,emil hensel,3,0,0
85,who is the assistant controller of the company associated with 380 stevens avenue suite 120 solana beach california 92075,emil hensel,3,0,0
85,who is the vice president of the company associated with 380 stevens avenue suite 120 solana beach california 92075,emil hensel,3,0,0
85,who is the chief financial officer of the company associated with 40 eastern avenue malden massachusetts 02148 9104,emil hensel,3,0,0
85,who is the assistant controller of the company associated with 40 eastern avenue malden massachusetts 02148 9104,emil hensel,3,0,0
85,who is the vice president of the company associated with 40 eastern avenue malden massachusetts 02148 9104,emil hensel,3,0,0
85,who is the chief financial officer of the company associated with 48815 emperor blvd suite 300 durham north carolina 27703,emil hensel,3,0,0
85,who is the assistant controller of the company associated with 48815 emperor blvd suite 300 durham north carolina 27703,emil hensel,3,0,0
85,who is the vice president of the company associated with 48815 emperor blvd suite 300 durham north carolina 27703,emil hensel,3,0,0
85,who is the chief financial officer of the company associated with 4 city place drive suite 300 creve coeur missouri 63141,emil hensel,3,0,0
85,who is the assistant controller of the company associated with 4 city place drive suite 300 creve coeur missouri 63141,emil hensel,3,0,0
85,who is the vice president of the company associated with 4 city place drive suite 300 creve coeur missouri 63141,emil hensel,3,0,0
85,who is the chief financial officer of the company associated with 9020 overlook blvd suite 140 brentwood tennessee 37027,emil hensel,3,0,0
85,who is the assistant controller of the company associated with 9020 overlook blvd suite 140 brentwood tennessee 37027,emil hensel,3,0,0
85,who is the vice president of the company associated with 9020 overlook blvd suite 140 brentwood tennessee 37027,emil hensel,3,0,0
85,who is the chief financial officer of the company associated with 135 technology parkway nw norcross georgia 30092,emil hensel,3,0,0
85,who is the assistant controller of the company associated with 135 technology parkway nw norcross georgia 30092,emil hensel,3,0,0
85,who is the vice president of the company associated with 135 technology parkway nw norcross georgia 30092,emil hensel,3,0,0
85,who is the chief financial officer of the company associated with 6551 park of commerce blvd nw boca raton florida 33487,emil hensel,3,0,0
85,who is the assistant controller of the company associated with 6551 park of commerce blvd nw boca raton florida 33487,emil hensel,3,0,0
85,who is the vice president of the company associated with 6551 park of commerce blvd nw boca raton florida 33487,emil hensel,3,0,0
91,who is the chief executive officer and president of earthstone energy inc,ray singleton,2,1,0
91,who is the chief executive officer of the company associated with 63317th street suite 1900 denver colorado 80202 3619,ray singleton,3,0,0
91,who is the president of the company associated with 63317th street suite 1900 denver colorado 80202 3619,ray singleton,3,0,0
91,who is the senior vice president of the company associated with bank of oklahoma 1625 broadway suite 1100 denver colorado 80202,thomas m foncannon,3,0,0
91,who is the senior vice president of the company associated with po box 248817 oklahoma city oklahoma 73124 8817,thomas m foncannon,3,0,0
91,what is the address of address for notices of the company where ray singleton is employed,63317th street suite 1900 denver colorado 80202 3619,3,0,0
91,what is the address of address for notices of the company where thomas m foncannon is employed,bank of oklahoma 1625 broadway suite 1100 denver colorado 80202,3,0,0
91,what is the address of payment processing center of the company where thomas m foncannon is employed,po box 248817 oklahoma city oklahoma 73124 8817,3,0,0
147,what company is the l c issuer but not the lender in the agreement,hsbc bank usa,2,1,0
147,who are the authorized signatorys of credit suisse ag,"komal shah, whitney gaston",2,0,1
147,who are the vice presidents of deutsche bank,"michael strobel, philip tancorra",2,0,1
147,what are the roles in the agreement of the company where joseph l corah is employed,"lender, l c issuer",2,0,1
147,what are the roles in the agreement of the company where ronnie glenn is employed,"lender, l c issuer",2,0,1
147,what are the roles in the agreement of the company where eugene yermash is employed,"lender, l c issuer",2,0,1
147,what are the roles in the agreement of the company where thomas manning is employed,"lender, l c issuer",2,0,1
147,what are the roles in the agreement of the company where raymond ventura is employed,"lender, l c issuer",2,0,1
147,what are the roles in the agreement of the company where graham robertson is employed,"lender, l c issuer",2,0,1
147,what are the roles in the agreement of the company where whitney gaston is employed,"lender, l c issuer",2,0,1
147,what are the roles in the agreement of the company where komal shah is employed,"lender, l c issuer",2,0,1
147,what are the roles in the agreement of the company where michael strobel is employed,"lender, l c issuer",2,0,1
147,what are the roles in the agreement of the company where philip tancorra is employed,"lender, l c issuer",2,0,1
147,what are the roles in the agreement of the company where dawn lee lum is employed,"lender, l c issuer, collateral agent",2,0,1
147,what are the roles in the agreement of the company associated with 500 stanton christiana rd ncc5 1st floor newark de 19713,"lender, l c issuer, collateral agent",2,0,1
147,who is the chief administrative officer and executive vice president of ppd development lp,b judd hartman,2,1,0
147,who is the chief administrative officer and general counsel of ppd development lp,b judd hartman,2,1,0
147,who is the chief administrative officer and secretary of ppd development lp,b judd hartman,2,1,0
147,who is the executive vice president and general counsel of ppd development lp,b judd hartman,2,1,0
147,who is the executive vice president and secretary of ppd development lp,b judd hartman,2,1,0
147,who is the general counsel and secretary of ppd development lp,b judd hartman,2,1,0
147,who is the chief administrative officer and executive vice president of ppd inc,b judd hartman,2,1,0
147,who is the chief administrative officer and general counsel of ppd inc,b judd hartman,2,1,0
147,who is the chief administrative officer and secretary of ppd inc,b judd hartman,2,1,0
147,who is the executive vice president and general counsel of ppd inc,b judd hartman,2,1,0
147,who is the executive vice president and secretary of ppd inc,b judd hartman,2,1,0
147,who is the general counsel and secretary of ppd inc,b judd hartman,2,1,0
147,who is the executive director of the company which is the collateral agent in the agreement,dawn lee lum,2,1,0
147,who is the secretary of the company associated with 929 north front street wilmington nc 28401,b judd hartman,3,0,0
147,who is the general counsel of the company associated with 929 north front street wilmington nc 28401,b judd hartman,3,0,0
147,who is the executive vice president of the company associated with 929 north front street wilmington nc 28401,b judd hartman,3,0,0
147,who is the chief administrative officer of the company associated with 929 north front street wilmington nc 28401,b judd hartman,3,0,0
147,who is the executive director of the company associated with 500 stanton christiana rd ncc5 1st floor newark de 19713,dawn lee lum,3,0,0
153,what are the roles in the agreement of the company where michael j mcwalters is employed,"lender, issuing bank",2,0,1
153,what are the roles in the agreement of the company where daniel russell is employed,"lender, issuing bank",2,0,1
153,what are the roles in the agreement of the company where francis groccia is employed,"lender, issuing bank",2,0,1
153,what are the roles in the agreement of the company where renata i levine is employed,"lender, issuing bank",2,0,1
153,what are the roles in the agreement of the company where grace mahood is employed,"lender, issuing bank, administrative agent",2,0,1
153,what are the roles in the agreement of the company associated with 10 south dearborn floor l2s chicago illinois 60603 2300,"lender, issuing bank, administrative agent",2,0,1
153,who is the executive vice president and chief financial officer of the company which is the borrower in the agreement,kenneth gayron,2,1,0
153,who is the authorized signatory of the company which is the administrative agent in the agreement,grace mahood,2,1,0
153,who is the authorized signatory of the company associated with 10 south dearborn floor l2s chicago illinois 60603 2300,grace mahood,3,0,0
153,who is the executive vice president and chief financial officer of the company associated with 75 network drive burlington ma 01803,kenneth gayron,3,0,0
46,what role does santander bank na have in the agreement which is not the role of wintrust bank,agent,2,1,0
46,what are the roles in the agreement of the company where gregory r russano is employed,"agent, lender",2,0,1
46,what are the roles in the agreement of the company where john paul hills is employed,lender,2,0,1
46,what are the roles in the agreement of the company associated with 830 morris turnpike 3rdfloor short hills nj 07078,"agent, lender",2,0,1
46,what are the roles in the agreement of the company associated with at wintrust bank 231 s lasalle street 2ndfloor chicagoil 60604,lender,2,0,1
46,who is the chief executive officer and manager of mvc gp ii llc,james pinto,2,1,0
46,who is the senior vice president of the company which is the agent in the agreement,gregory r russano,2,1,0
46,who is the vp of the company which is the counsel lender in the agreement,john paul hills,2,1,0
46,who is the senior vice president of the company associated with 830 morris turnpike 3rdfloor short hills nj 07078,gregory r russano,3,0,0
46,who is the vp of the company associated with at wintrust bank 231 s lasalle street 2ndfloor chicagoil 60604,john paul hills,3,0,0
52,what role does the bank of tokyo mitsubishi ufj ltd have in the agreement which is not the role of citibank na,documentation agent,2,1,0
52,what role does the bank of tokyo mitsubishi ufj ltd have in the agreement which is not the role of jpmorgan chase bank na,documentation agent,2,1,0
52,what role does the bank of tokyo mitsubishi ufj ltd have in the agreement which is not the role of wells fargo bank,documentation agent,2,1,0
52,what role does citibank na have in the agreement which is not the role of jpmorgan chase bank na,servicing agent,2,1,0
52,what company is the arrangers but not the bank in the agreement,citigroup global markets inc,2,1,0
52,what company is the arrangers but not the agents in the agreement,citigroup global markets inc,2,1,0
52,what company is the bookrunners but not the bank in the agreement,citigroup global markets inc,2,1,0
52,what company is the bookrunners but not the agents in the agreement,citigroup global markets inc,2,1,0
52,what are the roles in the agreement of the company where lauren hom is employed,"bank, documentation agent",2,0,1
52,what are the roles in the agreement of the company where carolyn kee is employed,"bank, agents, servicing agent",2,0,1
52,what are the roles in the agreement of the company where barry bergman is employed,"bank, agents, arrangers, bookrunners",2,0,1
52,what are the roles in the agreement of the company where james travagline is employed,"bank, administrative agents",2,0,1
52,what are the roles in the agreement of the company associated with 1615 brett road building 3 new castle de 19720,"bank, agents, servicing agent",2,0,1
52,what are the roles in the agreement of the company associated with 270 park avenue new york ny 10017,"bank, agents, arrangers, bookrunners",2,0,1
52,what are the roles in the agreement of the company associated with 301 south college st charlotte nc 28288,"bank, administrative agents",2,0,1
52,who is the treasurer and vice president of tax of clorox company,charles r conradi,2,1,0
52,who is the director of the company which is the documentation agent in the agreement,lauren hom,2,1,0
52,who is the vice president of the company which is the servicing agent in the agreement,carolyn kee,2,1,0
52,who is the managing director of the company which is the administrative agents in the agreement,james travagline,2,1,0
52,who is the treasurer of the company associated with 1221 broadway oakland california 94612,charles r conradi,3,0,0
52,who is the vice president of tax of the company associated with 1221 broadway oakland california 94612,charles r conradi,3,0,0
52,who is the executive vice president of the company associated with 1221 broadway oakland california 94612,laura stein,3,0,0
52,who is the vice president of the company associated with 1615 brett road building 3 new castle de 19720,carolyn kee,3,0,0
52,who is the managing director of the company associated with 270 park avenue new york ny 10017,barry bergman,3,0,0
52,who is the managing director of the company associated with 301 south college st charlotte nc 28288,james travagline,3,0,0
52,who is the executive vice president of the company where charles r conradi is employed,laura stein,3,0,0
52,who is the treasurer of the company where laura stein is employed,charles r conradi,3,0,0
52,who is the vice president of tax of the company where laura stein is employed,charles r conradi,3,0,0
78,who is the chief executive officer of the company associated with 1900 grant street suite 720 denver co 80203,abraham mirman,3,0,0
78,who is the clo evp of the company associated with one information way suite 300 little rock arkansas 72202,phil thomas,3,0,0
44,what are the roles in the agreement of the company where maria a mcclain is employed,"administrative agent, swing line lender lender",2,0,1
44,what are the roles in the agreement of the company where john m hall is employed,"administrative agent, swing line lender lender",2,0,1
44,what are the roles in the agreement of the company associated with nc1 026 06 03 900 w trade st charlotte nc 28255,"administrative agent, swing line lender lender",2,0,1
44,what are the roles in the agreement of the company associated with one independence center mail code nc1 001 05 46 charlotte nc 28255 0001,"administrative agent, swing line lender lender",2,0,1
44,what are the roles in the agreement of the company associated with pa6 580 02 30 1 fleet way scranton pa 18507 attention alfonso malave jr,"administrative agent, swing line lender lender",2,0,1
44,who is the chief financial officer of the company associated with 430 airport road greeneville tennessee 37745,rodney l bell,3,0,0
44,who is the senior vice president of the company associated with nc1 026 06 03 900 w trade st charlotte nc 28255,john m hall,3,0,0
44,who is the vice president of the company associated with nc1 026 06 03 900 w trade st charlotte nc 28255,maria a mcclain,3,0,0
44,who is the senior vice president of the company associated with one independence center mail code nc1 001 05 46 charlotte nc 28255 0001,john m hall,3,0,0
44,who is the vice president of the company associated with one independence center mail code nc1 001 05 46 charlotte nc 28255 0001,maria a mcclain,3,0,0
44,who is the senior vice president of the company associated with pa6 580 02 30 1 fleet way scranton pa 18507 attention alfonso malave jr,john m hall,3,0,0
44,who is the vice president of the company associated with pa6 580 02 30 1 fleet way scranton pa 18507 attention alfonso malave jr,maria a mcclain,3,0,0
44,who is the senior vice president of the company where maria a mcclain is employed,john m hall,3,0,0
44,who is the vice president of the company where john m hall is employed,maria a mcclain,3,0,0
44,what is the address of trade finance of the company which is the administrative agent in the agreement,bank of america,3,0,0
44,what is the address of trade finance of the company which is the swing line lender lender in the agreement,bank of america,3,0,0
44,what is the address of trade finance of the company where john m hall is employed,pa6 580 02 30 1 fleet way scranton pa 18507 attention alfonso malave jr,3,0,0
44,what is the address of trade finance of the company where maria a mcclain is employed,pa6 580 02 30 1 fleet way scranton pa 18507 attention alfonso malave jr,3,0,0
50,what are the roles in the agreement of the company where philip k lievscher is employed,"agents, lender",2,0,1
50,what are the roles in the agreement of the company where derek r brunelle is employed,"agents, lender",2,0,1
50,what are the roles in the agreement of the company where david green is employed,"agents, lender",2,0,1
50,what are the roles in the agreement of the company where michael r brough is employed,"agents, lender",2,0,1
50,what are the roles in the agreement of the company where laura woodward is employed,"arrangers, swingline lender, administrative agent",2,0,1
50,what are the roles in the agreement of the company associated with 10 south dearborn floor l2 chicago illinois 60603,"arrangers, swingline lender, administrative agent",2,0,1
50,who is the vice president of the company which is the agent in the agreement,laura woodward,2,1,0
50,who is the chief financial officer of the company which is the borrower in the agreement,r bryan riggsbee,2,1,0
50,who is the director of the company which is the syndication agent in the agreement,darin mullis,2,1,0
50,who is the vice president of the company which is the administrative agent in the agreement,laura woodward,2,1,0
50,who is the vice president of the company which is the swingline lender in the agreement,laura woodward,2,1,0
50,who is the vice president of the company associated with 10 south dearborn floor l2 chicago illinois 60603,laura woodward,3,0,0
2,what are the roles in the agreement of the company where carl hinrichs is employed,"lender, administrative agent",2,0,1
2,who is the chief financial officer and executive vice president of dicks sporting goods inc,navdeep gupta,2,1,0
2,who is the director of the company which is the issuing lender in the agreement,anthony hoye,2,1,0
2,who is the director of the company which is the administrative agent in the agreement,carl hinrichs,2,1,0
2,who is the authorized signatory of the company associated with new york,michael borowiecki,3,0,0
145,who is the director and vice president of ap kent credit master fund lp,joseph d glatt,2,1,0
145,who is the director and vice president of apollo a n credit fund delaware lp,joseph d glatt,2,1,0
145,who is the director and vice president of apollo accord master fund iii lp,joseph d glatt,2,1,0
145,who is the director and vice president of apollo centre street partnership lp,joseph d glatt,2,1,0
145,who is the director and vice president of apollo credit funds icav,joseph d glatt,2,1,0
145,who is the director and vice president of apollo lincoln fixed income fund lp,joseph d glatt,2,1,0
145,who is the director and vice president of apollo moultrie credit fund lp,joseph d glatt,2,1,0
145,who is the director and vice president of apollo tactical value spn investments lp,joseph d glatt,2,1,0
145,who is the director and vice president of apollo tr enhanced levered yield llc,joseph d glatt,2,1,0
145,who is the director and vice president of apollo tr opportunistic ltd,joseph d glatt,2,1,0
145,who is the director and vice president of athene annuity and life assurance company,joseph d glatt,2,1,0
145,who is the director and vice president of athene annuity and life company,joseph d glatt,2,1,0
145,who is the director and vice president of athora lux invest scsp,joseph d glatt,2,1,0
145,who is the authorized signatory and chief financial officer of atlantic power holdings srl,christopher stephen guinta,2,1,0
145,who is the authorized signatory and director of atlantic power holdings srl,christopher stephen guinta,2,1,0
145,who is the authorized signatory and manager of atlantic power holdings srl,christopher stephen guinta,2,1,0
145,who is the chief financial officer and director of atlantic power holdings srl,christopher stephen guinta,2,1,0
145,who is the chief financial officer and manager of atlantic power holdings srl,christopher stephen guinta,2,1,0
145,who is the director and manager of atlantic power holdings srl,christopher stephen guinta,2,1,0
145,who is the authorized signatory and chief financial officer of new fortress intermediate llc,christopher stephen guinta,2,1,0
145,who is the authorized signatory and director of new fortress intermediate llc,christopher stephen guinta,2,1,0
145,who is the authorized signatory and manager of new fortress intermediate llc,christopher stephen guinta,2,1,0
145,who is the chief financial officer and director of new fortress intermediate llc,christopher stephen guinta,2,1,0
145,who is the chief financial officer and manager of new fortress intermediate llc,christopher stephen guinta,2,1,0
145,who is the director and manager of new fortress intermediate llc,christopher stephen guinta,2,1,0
145,who is the authorized signatory and chief financial officer of nfe atlantic holdings llc,christopher stephen guinta,2,1,0
145,who is the authorized signatory and director of nfe atlantic holdings llc,christopher stephen guinta,2,1,0
145,who is the authorized signatory and manager of nfe atlantic holdings llc,christopher stephen guinta,2,1,0
145,who is the chief financial officer and director of nfe atlantic holdings llc,christopher stephen guinta,2,1,0
145,who is the chief financial officer and manager of nfe atlantic holdings llc,christopher stephen guinta,2,1,0
145,who is the director and manager of nfe atlantic holdings llc,christopher stephen guinta,2,1,0
145,who is the authorized signatory and chief financial officer of nfe bahamas holdings ltd,christopher stephen guinta,2,1,0
145,who is the authorized signatory and director of nfe bahamas holdings ltd,christopher stephen guinta,2,1,0
145,who is the authorized signatory and manager of nfe bahamas holdings ltd,christopher stephen guinta,2,1,0
145,who is the chief financial officer and director of nfe bahamas holdings ltd,christopher stephen guinta,2,1,0
145,who is the chief financial officer and manager of nfe bahamas holdings ltd,christopher stephen guinta,2,1,0
145,who is the director and manager of nfe bahamas holdings ltd,christopher stephen guinta,2,1,0
145,who is the authorized signatory and chief financial officer of nfe sub llc,christopher stephen guinta,2,1,0
145,who is the authorized signatory and director of nfe sub llc,christopher stephen guinta,2,1,0
145,who is the authorized signatory and manager of nfe sub llc,christopher stephen guinta,2,1,0
145,who is the chief financial officer and director of nfe sub llc,christopher stephen guinta,2,1,0
145,who is the chief financial officer and manager of nfe sub llc,christopher stephen guinta,2,1,0
145,who is the director and manager of nfe sub llc,christopher stephen guinta,2,1,0
145,who is the authorized signatory and chief financial officer of path ltd,christopher stephen guinta,2,1,0
145,who is the authorized signatory and director of path ltd,christopher stephen guinta,2,1,0
145,who is the authorized signatory and manager of path ltd,christopher stephen guinta,2,1,0
145,who is the chief financial officer and director of path ltd,christopher stephen guinta,2,1,0
145,who is the chief financial officer and manager of path ltd,christopher stephen guinta,2,1,0
145,who is the director and manager of path ltd,christopher stephen guinta,2,1,0
145,who is the associate counsel of the company associated with 225 w washington st 9th floor chicago illinois 60606,emily ergang pappas,3,0,0
145,who is the executive assistant of the company associated with 111 w 19th st fl 8,lana guardino,3,0,0
145,who is the executive assistant of the company associated with new york ny 10011,lana guardino,3,0,0
151,what roles do both citibank and mizuho bankltd have in the agreement,"agent, lender, l c issuer",1,1,1
151,what roles do both citibank and bank of america have in the agreement,"agent, lender, l c issuer",1,1,1
151,what roles do both citibank and jpmorgan chase bank have in the agreement,"agent, lender, l c issuer",1,1,1
151,what roles do both mizuho bankltd and bank of america have in the agreement,"agent, lender, l c issuer",1,1,1
151,what roles do both mizuho bankltd and jpmorgan chase bank have in the agreement,"agent, lender, l c issuer",1,1,1
151,what roles do both bank of america and jpmorgan chase bank have in the agreement,"agent, lender, l c issuer",1,1,1
151,what role does barclays bank plc have in the agreement which is not the role of citibank,syndication agent,2,1,0
151,what role does barclays bank plc have in the agreement which is not the role of mizuho bankltd,syndication agent,2,1,0
151,what role does barclays bank plc have in the agreement which is not the role of bank of america,syndication agent,2,1,0
151,what role does barclays bank plc have in the agreement which is not the role of jpmorgan chase bank,syndication agent,2,1,0
151,what company is the l c issuer but not the agent in the agreement,barclays bank plc,2,1,0
151,who are the managing directors of bnp paribas,"john bosco, michael pearce",2,0,1
151,who are the authorized signatorys of credit suisse ag,"judith e smith, jessica gavarkovs",2,0,1
151,who are the directors of deutsche bank ag new york branch,"annie chung, mindy k chu",2,0,1
151,who are the directors of ing bank nv,"sean hassett, cormac langford",2,0,1
151,what are the roles in the agreement of the company where ronnie glenn is employed,"lender, l c issuer, syndication agent",2,0,1
151,what are the roles in the agreement of the company where richard rivera is employed,"agent, lender, l c issuer",2,0,1
151,what are the roles in the agreement of the company where tracy rahn is employed,"agent, lender, l c issuer",2,0,1
151,what are the roles in the agreement of the company where joseph l corah is employed,"agent, lender, l c issuer",2,0,1
151,what are the roles in the agreement of the company where christopher coney is employed,"agent, lender, l c issuer",2,0,1
151,what are the roles in the agreement of the company where robert botcherby is employed,"agent, lender, l c issuer",2,0,1
151,what are the roles in the agreement of the company where gregory t martin is employed,"agent, lender, l c issuer",2,0,1
151,who is the treasurer and vice president tax and treasury of thermo fisher scientific inc,anthony h smith,2,1,0
151,who is the director of the company which is the syndication agent in the agreement,ronnie glenn,2,1,0
151,who is the vice president of the company where joseph l corah is employed,christopher coney,3,0,0
151,who is the drector of the company where christopher coney is employed,joseph l corah,3,0,0
151,who is the executive director of the company where robert botcherby is employed,gregory t martin,3,0,0
151,who is the vice president of the company where gregory t martin is employed,robert botcherby,3,0,0
151,who is the executive director of the company where ola anderssen is employed,anders holmgaard,3,0,0
151,who is the first vice president of the company where anders holmgaard is employed,ola anderssen,3,0,0
87,who is the treasurer and vice president of afi licensing llc,douglas b bingham,2,1,0
87,who is the chief financial officer and senior vice president of armstrongflooringinc,ronald d ford,2,1,0
93,who is the senior vice president of the company associated with 300 west 6th street suite 1300 austin tx 78701,sterling j silver,3,0,0
93,who is the senior vice president of the company associated with 212 lavaca boulevard suite 300 austin texas 78701,erin d pickens,3,0,0
92,what roles do both midcap funding v llc and pernix therapeutics holdings inc have in the agreement,"lender, bookrunner, administrative agent",1,1,1
92,what role does midcap funding v llc have in the agreement which is not the role of pernix therapeutics holdings inc,sole lead arranger,2,1,0
92,what are the roles in the agreement of the company where michael min is employed,"lender, bookrunner, sole lead arranger, administrative agent",2,0,1
92,what are the roles in the agreement of the company where cooper c collins is employed,"lender, arranger, borrower, bookrunner, administrative agent",2,0,1
92,what are the roles in the agreement of the company associated with 10003 woodloch forest drive suite 950 the woodlands texas 77380,"lender, arranger, borrower, bookrunner, guarantors, administrative agent",2,0,1
92,what are the roles in the agreement of the company associated with 7725 woodmont ave 200 bethesda maryland 20814,"lender, bookrunner, sole lead arranger, administrative agent",2,0,1
92,who is the president and president and chief executive officer of cypress pharmaceuticals inc,cooper c collins,2,1,0
92,who is the president and president and chief executive officer pernix therapeutics holdings inc sole member and sole manager of pernix therapeutics llc of cypress pharmaceuticals inc,cooper c collins,2,1,0
92,who is the president and chief executive officer and president and chief executive officer pernix therapeutics holdings inc sole member and sole manager of pernix therapeutics llc of cypress pharmaceuticals inc,cooper c collins,2,1,0
92,who is the president and president and chief executive officer of gaine inc,cooper c collins,2,1,0
92,who is the president and president and chief executive officer pernix therapeutics holdings inc sole member and sole manager of pernix therapeutics llc of gaine inc,cooper c collins,2,1,0
92,who is the president and chief executive officer and president and chief executive officer pernix therapeutics holdings inc sole member and sole manager of pernix therapeutics llc of gaine inc,cooper c collins,2,1,0
92,who is the president and president and chief executive officer of gta gp inc,cooper c collins,2,1,0
92,who is the president and president and chief executive officer pernix therapeutics holdings inc sole member and sole manager of pernix therapeutics llc of gta gp inc,cooper c collins,2,1,0
92,who is the president and chief executive officer and president and chief executive officer pernix therapeutics holdings inc sole member and sole manager of pernix therapeutics llc of gta gp inc,cooper c collins,2,1,0
92,who is the president and president and chief executive officer of hawthorn pharmaceuticals inc,cooper c collins,2,1,0
92,who is the president and president and chief executive officer pernix therapeutics holdings inc sole member and sole manager of pernix therapeutics llc of hawthorn pharmaceuticals inc,cooper c collins,2,1,0
92,who is the president and chief executive officer and president and chief executive officer pernix therapeutics holdings inc sole member and sole manager of pernix therapeutics llc of hawthorn pharmaceuticals inc,cooper c collins,2,1,0
92,who is the president and president and chief executive officer of pernix acquisition corp i,cooper c collins,2,1,0
92,who is the president and president and chief executive officer pernix therapeutics holdings inc sole member and sole manager of pernix therapeutics llc of pernix acquisition corp i,cooper c collins,2,1,0
92,who is the president and chief executive officer and president and chief executive officer pernix therapeutics holdings inc sole member and sole manager of pernix therapeutics llc of pernix acquisition corp i,cooper c collins,2,1,0
92,who is the president and president and chief executive officer of pernix manufacturing llc,cooper c collins,2,1,0
92,who is the president and president and chief executive officer pernix therapeutics holdings inc sole member and sole manager of pernix therapeutics llc of pernix manufacturing llc,cooper c collins,2,1,0
92,who is the president and chief executive officer and president and chief executive officer pernix therapeutics holdings inc sole member and sole manager of pernix therapeutics llc of pernix manufacturing llc,cooper c collins,2,1,0
92,who is the president and president and chief executive officer of pernix therapeutics holdings inc,cooper c collins,2,1,0
92,who is the president and president and chief executive officer pernix therapeutics holdings inc sole member and sole manager of pernix therapeutics llc of pernix therapeutics holdings inc,cooper c collins,2,1,0
92,who is the president and chief executive officer and president and chief executive officer pernix therapeutics holdings inc sole member and sole manager of pernix therapeutics llc of pernix therapeutics holdings inc,cooper c collins,2,1,0
92,who is the president and president and chief executive officer of pernix therapeutics llc,cooper c collins,2,1,0
92,who is the president and president and chief executive officer pernix therapeutics holdings inc sole member and sole manager of pernix therapeutics llc of pernix therapeutics llc,cooper c collins,2,1,0
92,who is the president and chief executive officer and president and chief executive officer pernix therapeutics holdings inc sole member and sole manager of pernix therapeutics llc of pernix therapeutics llc,cooper c collins,2,1,0
92,who is the president and president and chief executive officer of respicopea inc,cooper c collins,2,1,0
92,who is the president and president and chief executive officer pernix therapeutics holdings inc sole member and sole manager of pernix therapeutics llc of respicopea inc,cooper c collins,2,1,0
92,who is the president and chief executive officer and president and chief executive officer pernix therapeutics holdings inc sole member and sole manager of pernix therapeutics llc of respicopea inc,cooper c collins,2,1,0
92,who is the director of the company which is the sole lead arranger in the agreement,michael min,2,1,0
92,who is the director of the company associated with 7725 woodmont ave 200 bethesda maryland 20814,michael min,3,0,0
92,who is the president and chief executive officer of the company associated with 10003 woodloch forest drive suite 950 the woodlands texas 77380,cooper c collins,3,0,0
92,who is the president and chief executive officer pernix therapeutics holdings inc sole member and sole manager of pernix therapeutics llc of the company associated with 10003 woodloch forest drive suite 950 the woodlands texas 77380,cooper c collins,3,0,0
92,who is the president of the company associated with 10003 woodloch forest drive suite 950 the woodlands texas 77380,cooper c collins,3,0,0
86,who is the cfo and executive vice president of id analytics inc,chris power,2,1,0
86,who is the cfo and executive vice president of ida inc,chris power,2,1,0
86,who is the cfo and executive vice president of lifelock inc,chris power,2,1,0
86,who is the vice president of the company where julie yamauchi is employed,rosanne parsill,3,0,0
86,who is the senior vice president of the company where rosanne parsill is employed,julie yamauchi,3,0,0
150,who is the vice president of the company associated with 500 delaware avenue 11th floor wilmington de 19081,raye goldsborough,3,0,0
150,who is the ceo of the company associated with 6300 south syracuse way suite 300 centennial co 80111,tom lesinski,3,0,0
144,who is the authorized signatory of the company associated with 7255 woodmont avenue suite 200 bethesda maryland 20814,maurice amsellem,3,0,0
144,who is the vice president of the company associated with apollo investment corporation 730 fifth avenue 11th floor new york new york 10019,joseph d glatt,3,0,0
144,who is the vice president of the company associated with apollo investment corporation 9 west 57th street 37th floor new york new york 10019,joseph d glatt,3,0,0
144,who is the treasurer of the company associated with 950 winter street waltham ma 02451,jos i carmona,3,0,0
51,what are the roles in the agreement of the company where cody gunsch is employed,"lender, administrative agent, joint lead arrangers",2,0,1
51,what are the roles in the agreement of the company associated with 1585 broadway new york ny 10036,"lender, administrative agent, joint lead arrangers",2,0,1
51,who is the treasurer and vice president finance of calpine corporation,zamir rauf,2,1,0
51,who is the vice president of the company which is the joint lead arrangers in the agreement,cody gunsch,2,1,0
51,who is the vice president of the company which is the lender in the agreement,cody gunsch,2,1,0
51,who is the vp of the company which is the collateral agent in the agreement,sonia flores,2,1,0
51,who is the vice president of the company associated with 1585 broadway new york ny 10036,cody gunsch,3,0,0
51,who is the vice president finance of the company associated with 717 texas avenue suite 1000 houston tx 77002,zamir rauf,3,0,0
51,who is the treasurer of the company associated with 717 texas avenue suite 1000 houston tx 77002,zamir rauf,3,0,0
51,who is the vp of the company associated with global trust services 350 california st 11thfloor san francisco ca 94014,sonia flores,3,0,0
3,what role does bofa securities inc have in the agreement which is not the role of wells fargo securities llc,joint lead arranger,2,1,0
3,what role does wells fargo bank national association have in the agreement which is not the role of bank of america na,syndication agent,2,1,0
3,what are the roles in the agreement of the company where christopher eng is employed,"parent borrower, general partner borrower",2,0,1
3,what are the roles in the agreement of the company where anand j jobanputra is employed,"lender, syndication agent",2,0,1
3,what are the roles in the agreement of the company where cindy jordan is employed,"lender, administrative agent",2,0,1
3,what are the roles in the agreement of the company where kyle pearson is employed,"lender, administrative agent",2,0,1
3,who is the secretary of the company which is the issuer in the agreement,christopher eng,2,1,0
3,who is the secretary of the company which is the general partner borrower in the agreement,christopher eng,2,1,0
3,who is the secretary of the company which is the parent borrower in the agreement,christopher eng,2,1,0
3,who is the managing director of the company which is the syndication agent in the agreement,anand j jobanputra,2,1,0
3,who is the vice president of the company where cindy jordan is employed,kyle pearson,3,0,0
3,who is the avp of the company where kyle pearson is employed,cindy jordan,3,0,0
45,who is the chief financial officer of the company which is the borrower in the agreement,harold r carpenter,2,1,0
45,who is the chief financial officer of the company associated with 150 third avenue south nashville tennessee 37201,harold r carpenter,3,0,0
45,who is the client services representative of the company associated with 5065 wooster road cn oh l2cb cincinnati ohio 45226 2326,cynthia m olson,3,0,0
45,who is the portfolio manager of the company associated with 5065 wooster road cn oh l2cb cincinnati ohio 45226 2326,eric niedbalski,3,0,0
45,who is the senior vice president of the company associated with 5065 wooster road cn oh l2cb cincinnati ohio 45226 2326,mark r cousineau,3,0,0
45,who is the client services representative of the company associated with one us bank plaza st louis missouri 63101,cynthia m olson,3,0,0
45,who is the portfolio manager of the company associated with one us bank plaza st louis missouri 63101,eric niedbalski,3,0,0
45,who is the senior vice president of the company associated with one us bank plaza st louis missouri 63101,mark r cousineau,3,0,0
45,who is the client services representative of the company where eric niedbalski is employed,cynthia m olson,3,0,0
45,who is the senior vice president of the company where eric niedbalski is employed,mark r cousineau,3,0,0
45,who is the client services representative of the company where mark r cousineau is employed,cynthia m olson,3,0,0
45,who is the portfolio manager of the company where mark r cousineau is employed,eric niedbalski,3,0,0
45,who is the portfolio manager of the company where cynthia m olson is employed,eric niedbalski,3,0,0
45,who is the senior vice president of the company where cynthia m olson is employed,mark r cousineau,3,0,0
79,what role does rbc capital markets llc have in the agreement which is not the role of wells fargo securities llc,joint bookrunners,2,1,0
79,what role does rbc capital markets llc have in the agreement which is not the role of citigroup global markets inc,joint bookrunners,2,1,0
79,what are the roles in the agreement of the company where john c rowland is employed,"arrangers, bookrunners",2,0,1
79,what are the roles in the agreement of the company where d bryan gregory is employed,"lenders, administrative agent",2,0,1
79,what are the roles in the agreement of the company associated with minneapolis loan center mac n9303 110 608 second avenue south 11thfloor minneapolis minnesota 55402 1916,"lenders, arrangers, bookrunners, administrative agent",2,0,1
79,what are the roles in the agreement of the company associated with 1615 brett road ops iii new castle de 19720,"arrangers, bookrunners",2,0,1
79,what are the roles in the agreement of the company associated with 550 south tryon street 6thfloor charlotte north carolina 28202,"lenders, administrative agent",2,0,1
79,who is the assistant secretary and chief financial officer of select income reit,john c popeo,2,1,0
79,who is the assistant secretary and treasurer of select income reit,john c popeo,2,1,0
79,who is the chief financial officer and treasurer of select income reit,john c popeo,2,1,0
79,who is the director of the company which is the administrative agent in the agreement,d bryan gregory,2,1,0
79,who is the director of the company which is the lenders in the agreement,d bryan gregory,2,1,0
79,who is the authorized signatory of the company associated with 200 vesey st 5thfloor new york ny 10281 8098,dan lepage,3,0,0
79,who is the director of the company associated with 550 south tryon street 6thfloor charlotte north carolina 28202,d bryan gregory,3,0,0
79,who is the vice president of the company associated with one fleet way 2nd floor mail code pa6 580 02 30 scranton pa 18507,cheryl snoor,3,0,0
79,who is the vice president of the company associated with 1615 brett road ops iii new castle de 19720,john c rowland,3,0,0
79,who is the director of the company associated with minneapolis loan center mac n9303 110 608 second avenue south 11thfloor minneapolis minnesota 55402 1916,d bryan gregory,3,0,0
79,who is the chief financial officer of the company associated with two newton place 255 washington street suite300 newton massachusetts 02458 1634,john c popeo,3,0,0
79,who is the assistant secretary of the company associated with two newton place 255 washington street suite300 newton massachusetts 02458 1634,john c popeo,3,0,0
79,who is the treasurer of the company associated with two newton place 255 washington street suite300 newton massachusetts 02458 1634,john c popeo,3,0,0
79,who is the vice president of the company where charles mclaughlin is employed,helen h gateson,3,0,0
79,who is the senior vice president of the company where helen h gateson is employed,charles mclaughlin,3,0,0
79,who is the director of the company where craig pearson is employed,darlene arias,3,0,0
79,who is the associate director of the company where darlene arias is employed,craig pearson,3,0,0
79,what is the address of global trade operations of the company where cheryl snoor is employed,one fleet way 2nd floor mail code pa6 580 02 30 scranton pa 18507,3,0,0
22,what roles do both bank of america na and jpmorgan chase bank na have in the agreement,"lender, arranger, joint book runner",1,1,1
22,what company is the joint book runner but not the lender in the agreement,wells fargo bank national association,2,1,0
22,what are the roles in the agreement of the company where ajay jagsi is employed,"lender, arranger, joint book runner",2,0,1
22,what are the roles in the agreement of the company where anca loghin is employed,"lender, arranger, joint book runner",2,0,1
22,what are the roles in the agreement of the company associated with 1100 abernathy road suite 1600 130 atlanta ga 30328,"agent, joint book runner, joint lead arranger",2,0,1
22,who is the chief financial officer and executive vice president of oil states international inc,lloyd a hajdik,2,1,0
22,who is the chief financial officer and treasurer of oil states international inc,lloyd a hajdik,2,1,0
22,who is the executive vice president and treasurer of oil states international inc,lloyd a hajdik,2,1,0
22,who is the chief financial officer of the company associated with three allen center 333 clay street suite 4620 houston texas 77002,lloyd a hajdik,3,0,0
22,who is the executive vice president of the company associated with three allen center 333 clay street suite 4620 houston texas 77002,lloyd a hajdik,3,0,0
22,who is the treasurer of the company associated with three allen center 333 clay street suite 4620 houston texas 77002,lloyd a hajdik,3,0,0
36,what are the roles in the agreement of the company where reagan philipp is employed,"agent, lender, arranger, bookrunner",2,0,1
36,what are the roles in the agreement of the company where robert j nikl is employed,"borrower, grantors",2,0,1
36,who is the authorized signatory of the company which is the bookrunner in the agreement,reagan philipp,2,1,0
36,who is the authorized signatory of the company which is the collateral agent in the agreement,reagan philipp,2,1,0
36,who is the authorized signatory of the company which is the arranger in the agreement,reagan philipp,2,1,0
36,who is the authorized signatory of the company which is the agent in the agreement,reagan philipp,2,1,0
36,who is the authorized signatory of the company which is the administrative agent in the agreement,reagan philipp,2,1,0
36,who is the authorized signatory of the company which is the lender in the agreement,reagan philipp,2,1,0
36,who is the chief financial officer of the company which is the borrower in the agreement,robert j nikl,2,1,0
123,what role does jp morgan securities llc have in the agreement which is not the role of rbc capital markets,bookrunners,2,1,0
123,what role does bank of america na have in the agreement which is not the role of jpmorgan chase bank na,agent,2,1,0
123,what role does bank of america na have in the agreement which is not the role of pnc bank,agent,2,1,0
123,what role does citibank na have in the agreement which is not the role of jpmorgan chase bank na,agent,2,1,0
123,what role does citibank na have in the agreement which is not the role of pnc bank,agent,2,1,0
123,what role does jpmorgan chase bank na have in the agreement which is not the role of pnc bank,administrative agent,2,1,0
123,what role does jpmorgan chase bank na have in the agreement which is not the role of the bank of tokyo mitsubishi ufj ltd,administrative agent,2,1,0
123,what role does jpmorgan chase bank na have in the agreement which is not the role of wells fargo bank,administrative agent,2,1,0
123,what role does jpmorgan chase bank na have in the agreement which is not the role of credit suisse ag,administrative agent,2,1,0
123,what role does pnc bank have in the agreement which is not the role of the bank of tokyo mitsubishi ufj ltd,documentation agent,2,1,0
123,what role does pnc bank have in the agreement which is not the role of wells fargo bank,documentation agent,2,1,0
123,what role does pnc bank have in the agreement which is not the role of credit suisse ag,documentation agent,2,1,0
123,what company is the bookrunners but not the arranger in the agreement,citigroup global markets inc,2,1,0
123,who are the authorized signatorys of credit suisse ag,"bill odaly, kelly heimrich",2,0,1
123,what are the roles in the agreement of the company where kyle lewis is employed,"agent, lender",2,0,1
123,what are the roles in the agreement of the company where lisa huang is employed,"agent, lender",2,0,1
123,what are the roles in the agreement of the company where robert ehudin is employed,"agent, lender, arranger, bookrunners",2,0,1
123,what are the roles in the agreement of the company where gene r riego de dios is employed,"lender, administrative agent",2,0,1
123,what are the roles in the agreement of the company where brandon k fiddler is employed,"lender, documentation agent",2,0,1
123,what are the roles in the agreement of the company where ravneet mumick is employed,"agent, lender",2,0,1
123,what are the roles in the agreement of the company where andrew payne is employed,"agent, lender",2,0,1
123,what are the roles in the agreement of the company where kelly heimrich is employed,"agent, lender",2,0,1
123,what are the roles in the agreement of the company where bill odaly is employed,"agent, lender",2,0,1
123,what are the roles in the agreement of the company associated with cayman islands,"agent, lender",2,0,1
123,who is the treasurer and vice president of newell rubbermaid inc,john b ellis,2,1,0
123,who is the vice president of the company which is the administrative agent in the agreement,gene r riego de dios,2,1,0
123,who is the vice president of the company which is the documentation agent in the agreement,brandon k fiddler,2,1,0
123,who is the director of the company associated with dublin,sean hassett,3,0,0
123,who is the vice president of the company associated with dublin,shaun hawley,3,0,0
123,who is the vice president of the company where sean hassett is employed,shaun hawley,3,0,0
123,who is the director of the company where shaun hawley is employed,sean hassett,3,0,0
123,what is the address of branch of the company where bill odaly is employed,cayman islands,3,0,0
123,what is the address of branch of the company where kelly heimrich is employed,cayman islands,3,0,0
123,what is the address of branch of the company where sean hassett is employed,dublin,3,0,0
123,what is the address of branch of the company where shaun hawley is employed,dublin,3,0,0
137,what role does initial issuing banks have in the agreement which is not the role of swing line banks,lenders,2,1,0
137,what role does bank of america na have in the agreement which is not the role of regions bank,co syndication agents,2,1,0
137,what company is the issuing banks but not the lenders in the agreement,swing line banks,2,1,0
137,what company is the lenders but not the swing line banks in the agreement,initial lenders,2,1,0
137,what are the roles in the agreement of the company where john sletten is employed,"bank, lender, co syndication agents",2,0,1
137,what are the roles in the agreement of the company where t barrett vawter is employed,"bank, agents, lender",2,0,1
137,what are the roles in the agreement of the company where murray mackinnon is employed,"lender, administrative agent",2,0,1
137,what are the roles in the agreement of the company where james rolison is employed,"lender, administrative agent",2,0,1
137,what are the roles in the agreement of the company associated with 101 n tryon street charlotte nc 28255,"bank, lender, co syndication agents",2,0,1
137,what are the roles in the agreement of the company associated with 1900 5th avenue north 15th flr birmingham al 35203,"bank, agents, lender",2,0,1
137,what are the roles in the agreement of the company associated with hanover street capital llc 48 wall street 14th floor new york ny 10005,"lender, administrative agent",2,0,1
137,who is the secretary of the company which is the borrower in the agreement,christopher eng,2,1,0
137,who is the secretary of the company which is the parent guarantor in the agreement,christopher eng,2,1,0
137,who is the vice president of the company which is the co syndication agents in the agreement,john sletten,2,1,0
137,who is the vice president of the company which is the agents in the agreement,t barrett vawter,2,1,0
137,who is the vice president of the company associated with 101 n tryon street charlotte nc 28255,john sletten,3,0,0
137,who is the vice president of the company associated with 1200 abernathy rd suite 1550 atlanta ga 30328,james komperda,3,0,0
137,who is the senior vice president of the company associated with 1420 5th avenue pd wa t9in seattle wa 98101,scott dejong,3,0,0
137,who is the vice president of the company associated with 1900 5th avenue north 15th flr birmingham al 35203,t barrett vawter,3,0,0
137,who is the senior vice president of the company associated with 200 west second street 16th floor winston salem nc 27101,eric searls,3,0,0
137,who is the vice president of the company associated with 500 first ave mailstop p7 pfsc 04 v pittsburgh pa 15219,joseph j seroke,3,0,0
137,who is the senior vice president of the company associated with 710 carillon parkway st petersburg fl 33716,alexander l rody,3,0,0
137,who is the authorized signatory of the company associated with global loans administration 20 king st west 4th floor toronto ontario canada m5h 1c4,joshua freedman,3,0,0
137,who is the managing director of the company associated with hanover street capital llc 48 wall street 14th floor new york ny 10005,james rolison,3,0,0
137,who is the vice president of the company associated with hanover street capital llc 48 wall street 14th floor new york ny 10005,murray mackinnon,3,0,0
137,who is the managing director of the company where murray mackinnon is employed,james rolison,3,0,0
137,who is the vice president of the company where james rolison is employed,murray mackinnon,3,0,0
137,what is the address of eurodollar lending office of the company where alexander l rody is employed,710 carillon parkway st petersburg fl 33716,3,0,0
137,what is the address of domestic lending office of the company where alexander l rody is employed,710 carillon parkway st petersburg fl 33716,3,0,0
137,what is the address of eurodollar lending office of the company where eric searls is employed,200 west second street 16th floor winston salem nc 27101,3,0,0
137,what is the address of domestic lending office of the company where eric searls is employed,200 west second street 16th floor winston salem nc 27101,3,0,0
137,what is the address of eurodollar lending office of the company where james komperda is employed,1200 abernathy rd suite 1550 atlanta ga 30328,3,0,0
137,what is the address of domestic lending office of the company where james komperda is employed,1200 abernathy rd suite 1550 atlanta ga 30328,3,0,0
137,what is the address of eurodollar lending office of the company where james rolison is employed,hanover street capital llc 48 wall street 14th floor new york ny 10005,3,0,0
137,what is the address of domestic lending office of the company where james rolison is employed,hanover street capital llc 48 wall street 14th floor new york ny 10005,3,0,0
137,what is the address of eurodollar lending office of the company where john sletten is employed,101 n tryon street charlotte nc 28255,3,0,0
137,what is the address of domestic lending office of the company where john sletten is employed,101 n tryon street charlotte nc 28255,3,0,0
137,what is the address of eurodollar lending office of the company where joseph j seroke is employed,500 first ave mailstop p7 pfsc 04 v pittsburgh pa 15219,3,0,0
137,what is the address of domestic lending office of the company where joseph j seroke is employed,500 first ave mailstop p7 pfsc 04 v pittsburgh pa 15219,3,0,0
137,what is the address of eurodollar lending office of the company where joshua freedman is employed,global loans administration 20 king st west 4th floor toronto ontario canada m5h 1c4,3,0,0
137,what is the address of domestic lending office of the company where joshua freedman is employed,global loans administration 20 king st west 4th floor toronto ontario canada m5h 1c4,3,0,0
137,what is the address of eurodollar lending office of the company where murray mackinnon is employed,hanover street capital llc 48 wall street 14th floor new york ny 10005,3,0,0
137,what is the address of domestic lending office of the company where murray mackinnon is employed,hanover street capital llc 48 wall street 14th floor new york ny 10005,3,0,0
137,what is the address of eurodollar lending office of the company where scott dejong is employed,1420 5th avenue pd wa t9in seattle wa 98101,3,0,0
137,what is the address of domestic lending office of the company where scott dejong is employed,1420 5th avenue pd wa t9in seattle wa 98101,3,0,0
137,what is the address of eurodollar lending office of the company where t barrett vawter is employed,1900 5th avenue north 15th flr birmingham al 35203,3,0,0
137,what is the address of domestic lending office of the company where t barrett vawter is employed,1900 5th avenue north 15th flr birmingham al 35203,3,0,0
136,what is the address of chief executive office of the company which is the borrower in the agreement,ahr first borrower llc,3,0,0
122,what role does citigroup global markets inc have in the agreement which is not the role of merrill lynch pierce fennerand smith incorporated,joint lead arranger,2,1,0
122,what role does merrill lynch pierce fennerand smith incorporated have in the agreement which is not the role of morgan stanley senior fundinginc,bookrunners,2,1,0
122,who are the authorized signatorys of credit suisse ag,"doreen barr, lingzi huang",2,0,1
122,who are the directors of unicredit bank ag,"maria lago, craig m pinsly cfa",2,0,1
122,who are the managing directors of deutsche bank ag,"ross levitsky, andres neumeier",2,0,1
122,who are the managing directors of bank of montreal,"tony gordon, andy mcclinton",2,0,1
122,what are the roles in the agreement of the company where christopher choi is employed,"lender, syndication agent",2,0,1
122,who is the director of the company which is the syndication agent in the agreement,christopher choi,2,1,0
122,who is the vice president of the company which is the administrative agent in the agreement,maureen maroney,2,1,0
122,who is the vice president of the company associated with 1615 brett road building 3 new castle delaware 19720,maureen maroney,3,0,0
122,who is the vice president of the company associated with london,anna smith,3,0,0
122,who is the general manager of the company associated with sa rotterdam,zhao caiyan,3,0,0
122,who is the secretary of the company where n j hardman is employed,p a hogwood,3,0,0
122,who is the director of the company where p a hogwood is employed,n j hardman,3,0,0
122,who is the vice president of the company where andy mcclinton is employed,anna smith,3,0,0
122,who is the vice president of the company where tony gordon is employed,anna smith,3,0,0
122,what is the address of branch of the company where andres neumeier is employed,new york,3,0,0
122,what is the address of branch of the company where andy mcclinton is employed,london,3,0,0
122,what is the address of branch of the company where anna smith is employed,london,3,0,0
122,what is the address of branch of the company where ross levitsky is employed,new york,3,0,0
122,what is the address of branch of the company where tony gordon is employed,london,3,0,0
37,what are the roles in the agreement of the company where maria f maia is employed,"lender, l c issuer, administrative agent",2,0,1
37,what are the roles in the agreement of the company associated with 100 federal street mail code ma5 100 09 07 boston ma 02110,"lender, l c issuer, administrative agent",2,0,1
37,what are the roles in the agreement of the company associated with 101 n tryon street mail code nc1 001 05 46 charlotte nc 28255 0001,"lender, l c issuer, administrative agent",2,0,1
37,what are the roles in the agreement of the company associated with 1 fleet way mail code pa6 580 02 30 scranton pa 18507,"lender, l c issuer, administrative agent",2,0,1
37,what are the roles in the agreement of the company associated with 555 california street 4th floor mail code ca5 705 04 09 san francisco ca 94104,"lender, l c issuer, administrative agent",2,0,1
37,who is the chief financial officer and executive vice president of waste connections inc,worthing f jackman,2,1,0
37,who is the managing director of the company which is the l c issuer in the agreement,maria f maia,2,1,0
37,who is the managing director of the company which is the administrative agent in the agreement,maria f maia,2,1,0
37,who is the managing director of the company associated with 100 federal street mail code ma5 100 09 07 boston ma 02110,maria f maia,3,0,0
37,who is the managing director of the company associated with 101 n tryon street mail code nc1 001 05 46 charlotte nc 28255 0001,maria f maia,3,0,0
37,who is the managing director of the company associated with 1 fleet way mail code pa6 580 02 30 scranton pa 18507,maria f maia,3,0,0
37,who is the chief financial officer of the company associated with 3 waterway square place suite 110 the woodlands tx 77380,worthing f jackman,3,0,0
37,who is the executive vice president of the company associated with 3 waterway square place suite 110 the woodlands tx 77380,worthing f jackman,3,0,0
37,who is the managing director of the company associated with 555 california street 4th floor mail code ca5 705 04 09 san francisco ca 94104,maria f maia,3,0,0
23,who are the authorized signatorys of credit suisse ag cayman islands branch,"komal shah, nawshaer safi",2,0,1
23,who is the director of the company associated with arranger,michael agrimis,3,0,0
23,who is the managing director of the company where kyle hatze is employed,jeremy eisman,3,0,0
23,who is the director of the company where jeremy eisman is employed,kyle hatze,3,0,0
35,what roles do both bank of america na and citibank na have in the agreement,"agents, lender, issuing bank",1,1,1
35,what roles do both bank of america na and goldman sachs bank usa have in the agreement,"agents, lender, issuing bank",1,1,1
35,what roles do both bank of america na and the bank of tokyo mitsubishi ufj ltd have in the agreement,"agents, lender, issuing bank",1,1,1
35,what roles do both bank of america na and wells fargo bank national association have in the agreement,"agents, lender, issuing bank",1,1,1
35,what roles do both citibank na and goldman sachs bank usa have in the agreement,"agents, lender, issuing bank",1,1,1
35,what roles do both citibank na and the bank of tokyo mitsubishi ufj ltd have in the agreement,"agents, lender, issuing bank",1,1,1
35,what roles do both citibank na and wells fargo bank national association have in the agreement,"agents, lender, issuing bank",1,1,1
35,what roles do both goldman sachs bank usa and the bank of tokyo mitsubishi ufj ltd have in the agreement,"agents, lender, arrangers, bookrunners, issuing bank",1,1,1
35,what roles do both goldman sachs bank usa and wells fargo bank national association have in the agreement,"agents, lender, issuing bank",1,1,1
35,what roles do both the bank of tokyo mitsubishi ufj ltd and wells fargo bank national association have in the agreement,"agents, lender, issuing bank",1,1,1
35,what is the position held by john p rielly but not by timothy b goodell,chief financial officer,1,2,0
35,what role does jp morgan securities llc have in the agreement which is not the role of morgan stanley senior funding inc,joint bookrunners,2,1,0
35,what role does jp morgan securities llc have in the agreement which is not the role of rbs securities inc,joint bookrunners,2,1,0
35,what role does jp morgan securities llc have in the agreement which is not the role of goldman sachs bank usa,joint bookrunners,2,1,0
35,what role does jp morgan securities llc have in the agreement which is not the role of the bank of tokyo mitsubishi ufj ltd,joint bookrunners,2,1,0
35,what role does bank of america na have in the agreement which is not the role of hsbc bank usa na,issuing bank,2,1,0
35,what role does bank of america na have in the agreement which is not the role of morgan stanley bank na,agents,2,1,0
35,what role does bank of america na have in the agreement which is not the role of sumitomo mitsui banking corporation,issuing bank,2,1,0
35,what role does bank of america na have in the agreement which is not the role of the bank of nova scotia,issuing bank,2,1,0
35,what role does bank of america na have in the agreement which is not the role of the royal bank of scotland plc,issuing bank,2,1,0
35,what role does bank of america na have in the agreement which is not the role of bnp paribas,issuing bank,2,1,0
35,what role does bank of america na have in the agreement which is not the role of jpmorgan chase bank na,agents,2,1,0
35,what role does citibank na have in the agreement which is not the role of hsbc bank usa na,issuing bank,2,1,0
35,what role does citibank na have in the agreement which is not the role of morgan stanley bank na,agents,2,1,0
35,what role does citibank na have in the agreement which is not the role of sumitomo mitsui banking corporation,issuing bank,2,1,0
35,what role does citibank na have in the agreement which is not the role of the bank of nova scotia,issuing bank,2,1,0
35,what role does citibank na have in the agreement which is not the role of the royal bank of scotland plc,issuing bank,2,1,0
35,what role does citibank na have in the agreement which is not the role of bnp paribas,issuing bank,2,1,0
35,what role does citibank na have in the agreement which is not the role of jpmorgan chase bank na,agents,2,1,0
35,what role does hsbc bank usa na have in the agreement which is not the role of morgan stanley bank na,agents,2,1,0
35,what role does hsbc bank usa na have in the agreement which is not the role of jpmorgan chase bank na,agents,2,1,0
35,what role does morgan stanley bank na have in the agreement which is not the role of sumitomo mitsui banking corporation,issuing bank,2,1,0
35,what role does morgan stanley bank na have in the agreement which is not the role of the bank of nova scotia,issuing bank,2,1,0
35,what role does morgan stanley bank na have in the agreement which is not the role of the royal bank of scotland plc,issuing bank,2,1,0
35,what role does morgan stanley bank na have in the agreement which is not the role of bnp paribas,issuing bank,2,1,0
35,what role does sumitomo mitsui banking corporation have in the agreement which is not the role of jpmorgan chase bank na,agents,2,1,0
35,what role does the bank of nova scotia have in the agreement which is not the role of jpmorgan chase bank na,agents,2,1,0
35,what role does the royal bank of scotland plc have in the agreement which is not the role of wells fargo bank national association,bank,2,1,0
35,what role does the royal bank of scotland plc have in the agreement which is not the role of bnp paribas,bank,2,1,0
35,what role does the royal bank of scotland plc have in the agreement which is not the role of jpmorgan chase bank na,agents,2,1,0
35,what role does wells fargo bank national association have in the agreement which is not the role of bnp paribas,issuing bank,2,1,0
35,what role does wells fargo bank national association have in the agreement which is not the role of jpmorgan chase bank na,agents,2,1,0
35,what role does bnp paribas have in the agreement which is not the role of jpmorgan chase bank na,agents,2,1,0
35,what company is the agents but not the lender in the agreement,dnb bank asa new york branch,2,1,0
35,who are the managing directors of credit agricole corporate and investment bank,"michael willis, david gurghigian",2,0,1
35,who are the senior vice presidents of dnb capital llc,"joe hykle, kelton glasscock",2,0,1
35,who are the senior vice presidents of hess corporation,"john p rielly, timothy b goodell",2,0,1
35,what are the roles in the agreement of the company where raza jafferi is employed,"agents, lender, issuing bank",2,0,1
35,what are the roles in the agreement of the company where maureen maroney is employed,"agents, lender, issuing bank",2,0,1
35,what are the roles in the agreement of the company where rebecca kratz is employed,"agents, lender, arrangers, bookrunners, issuing bank",2,0,1
35,what are the roles in the agreement of the company where steven smith is employed,"agents, lender",2,0,1
35,what are the roles in the agreement of the company where michael king is employed,"lender, issuing bank",2,0,1
35,what are the roles in the agreement of the company where james d weinstein is employed,"agents, lender",2,0,1
35,what are the roles in the agreement of the company where j frazell is employed,"agents, lender",2,0,1
35,what are the roles in the agreement of the company where kevin sparks is employed,"agents, lender, arrangers, bookrunners, issuing bank",2,0,1
35,what are the roles in the agreement of the company where steve ray is employed,"bank, agents, lender",2,0,1
35,what are the roles in the agreement of the company where peter carini is employed,"agents, lender, issuing bank",2,0,1
35,what are the roles in the agreement of the company where claudia zarate is employed,"agents, lender",2,0,1
35,what are the roles in the agreement of the company where nicolas anberree is employed,"agents, lender",2,0,1
35,what are the roles in the agreement of the company where debra hrelja is employed,"bank, lender, administrative agent",2,0,1
35,what are the roles in the agreement of the company associated with 270 park avenue new york ny 10017,"bank, lender, administrative agent",2,0,1
35,what are the roles in the agreement of the company associated with 500 stanton christiana rd ops 2 floor 3 newark delaware 19713,"bank, lender, administrative agent",2,0,1
35,who is the vice president of the company which is the administrative agent in the agreement,debra hrelja,2,1,0
35,who is the chief financial officer of the company associated with 1185 avenue of the americas new york new york 10036,john p rielly,3,0,0
35,who is the general counsel of the company associated with 1185 avenue of the americas new york new york 10036,timothy b goodell,3,0,0
35,who is the vice president of the company associated with 270 park avenue new york ny 10017,debra hrelja,3,0,0
35,who is the vice president of the company associated with 500 stanton christiana rd ops 2 floor 3 newark delaware 19713,debra hrelja,3,0,0
35,who is the managing director of the company associated with grand cayman,diane pockaj,3,0,0
35,who is the executive vice president of the company associated with new york,haifeng xu,3,0,0
35,who is the director of the company associated with new york,nurys maleki,3,0,0
35,who is the vice president of the company where claudia zarate is employed,nicolas anberree,3,0,0
35,who is the director of the company where nicolas anberree is employed,claudia zarate,3,0,0
35,who is the vice president of the company where marco pizzi is employed,glen binder,3,0,0
35,who is the global relationship manager of the company where glen binder is employed,marco pizzi,3,0,0
35,who is the associate director of the company where steve aloupis is employed,hsing h huang,3,0,0
35,who is the managing director capital markets of the company where hsing h huang is employed,steve aloupis,3,0,0
35,who is the managing director of the company where nurys maleki is employed,veronica incera,3,0,0
35,who is the director of the company where veronica incera is employed,nurys maleki,3,0,0
35,who is the chief financial officer of the company where timothy b goodell is employed,john p rielly,3,0,0
35,who is the general counsel of the company where john p rielly is employed,timothy b goodell,3,0,0
35,what is the address of branch of the company where haifeng xu is employed,new york,3,0,0
35,what is the address of branch of the company where nurys maleki is employed,new york,3,0,0
35,what is the address of branch of the company where veronica incera is employed,new york,3,0,0
21,what are the roles in the agreement of the company where robert j shusterman is employed,"lender, l c issuer, ally representative",2,0,1
21,what are the roles in the agreement of the company where nicole kroll is employed,"collateral agent, administrative agent",2,0,1
21,who is the secretary and treasurer of ld intermediate holdings inc,dawn m wilson,2,1,0
21,who is the secretary and treasurer of ld lower holdings inc,dawn m wilson,2,1,0
21,who is the secretary and treasurer of ld topco inc,dawn m wilson,2,1,0
21,who is the secretary and treasurer of wvld acquisition corp,dawn m wilson,2,1,0
21,who is the authorized signatory of the company which is the l c issuer in the agreement,robert j shusterman,2,1,0
21,who is the authorized signatory of the company which is the ally representative in the agreement,robert j shusterman,2,1,0
21,who is the assistant vice president of the company which is the collateral agent in the agreement,nicole kroll,2,1,0
21,who is the assistant vice president of the company which is the administrative agent in the agreement,nicole kroll,2,1,0
108,who is the executive vice president and secretary of 3949 lindell llc,randall h brown,2,1,0
108,who is the executive vice president and treasurer of 3949 lindell llc,randall h brown,2,1,0
108,who is the executive vice president and vice president of 3949 lindell llc,randall h brown,2,1,0
108,who is the secretary and treasurer of 3949 lindell llc,randall h brown,2,1,0
108,who is the secretary and vice president of 3949 lindell llc,randall h brown,2,1,0
108,who is the treasurer and vice president of 3949 lindell llc,randall h brown,2,1,0
108,who is the executive vice president and secretary of carrollton place llc,randall h brown,2,1,0
108,who is the executive vice president and treasurer of carrollton place llc,randall h brown,2,1,0
108,who is the executive vice president and vice president of carrollton place llc,randall h brown,2,1,0
108,who is the secretary and treasurer of carrollton place llc,randall h brown,2,1,0
108,who is the secretary and vice president of carrollton place llc,randall h brown,2,1,0
108,who is the treasurer and vice president of carrollton place llc,randall h brown,2,1,0
108,who is the executive vice president and secretary of cottages w lafayette in ll,randall h brown,2,1,0
108,who is the executive vice president and treasurer of cottages w lafayette in ll,randall h brown,2,1,0
108,who is the executive vice president and vice president of cottages w lafayette in ll,randall h brown,2,1,0
108,who is the secretary and treasurer of cottages w lafayette in ll,randall h brown,2,1,0
108,who is the secretary and vice president of cottages w lafayette in ll,randall h brown,2,1,0
108,who is the treasurer and vice president of cottages w lafayette in ll,randall h brown,2,1,0
108,who is the executive vice president and secretary of cv east lansing mi llc,randall h brown,2,1,0
108,who is the executive vice president and treasurer of cv east lansing mi llc,randall h brown,2,1,0
108,who is the executive vice president and vice president of cv east lansing mi llc,randall h brown,2,1,0
108,who is the secretary and treasurer of cv east lansing mi llc,randall h brown,2,1,0
108,who is the secretary and vice president of cv east lansing mi llc,randall h brown,2,1,0
108,who is the treasurer and vice president of cv east lansing mi llc,randall h brown,2,1,0
108,who is the executive vice president and secretary of district on 5th tuscon az llc,randall h brown,2,1,0
108,who is the executive vice president and treasurer of district on 5th tuscon az llc,randall h brown,2,1,0
108,who is the executive vice president and vice president of district on 5th tuscon az llc,randall h brown,2,1,0
108,who is the secretary and treasurer of district on 5th tuscon az llc,randall h brown,2,1,0
108,who is the secretary and vice president of district on 5th tuscon az llc,randall h brown,2,1,0
108,who is the treasurer and vice president of district on 5th tuscon az llc,randall h brown,2,1,0
108,who is the executive vice president and secretary of east edge tuscaloosa llc,randall h brown,2,1,0
108,who is the executive vice president and treasurer of east edge tuscaloosa llc,randall h brown,2,1,0
108,who is the executive vice president and vice president of east edge tuscaloosa llc,randall h brown,2,1,0
108,who is the secretary and treasurer of east edge tuscaloosa llc,randall h brown,2,1,0
108,who is the secretary and vice president of east edge tuscaloosa llc,randall h brown,2,1,0
108,who is the treasurer and vice president of east edge tuscaloosa llc,randall h brown,2,1,0
108,who is the executive vice president and secretary of edr austin llc,randall h brown,2,1,0
108,who is the executive vice president and treasurer of edr austin llc,randall h brown,2,1,0
108,who is the executive vice president and vice president of edr austin llc,randall h brown,2,1,0
108,who is the secretary and treasurer of edr austin llc,randall h brown,2,1,0
108,who is the secretary and vice president of edr austin llc,randall h brown,2,1,0
108,who is the treasurer and vice president of edr austin llc,randall h brown,2,1,0
108,who is the executive vice president and secretary of edr berkeley lp,randall h brown,2,1,0
108,who is the executive vice president and treasurer of edr berkeley lp,randall h brown,2,1,0
108,who is the executive vice president and vice president of edr berkeley lp,randall h brown,2,1,0
108,who is the secretary and treasurer of edr berkeley lp,randall h brown,2,1,0
108,who is the secretary and vice president of edr berkeley lp,randall h brown,2,1,0
108,who is the treasurer and vice president of edr berkeley lp,randall h brown,2,1,0
108,who is the executive vice president and secretary of edr carbondale llc,randall h brown,2,1,0
108,who is the executive vice president and treasurer of edr carbondale llc,randall h brown,2,1,0
108,who is the executive vice president and vice president of edr carbondale llc,randall h brown,2,1,0
108,who is the secretary and treasurer of edr carbondale llc,randall h brown,2,1,0
108,who is the secretary and vice president of edr carbondale llc,randall h brown,2,1,0
108,who is the treasurer and vice president of edr carbondale llc,randall h brown,2,1,0
108,who is the executive vice president and secretary of edr charlottesville jefferson llc,randall h brown,2,1,0
108,who is the executive vice president and treasurer of edr charlottesville jefferson llc,randall h brown,2,1,0
108,who is the executive vice president and vice president of edr charlottesville jefferson llc,randall h brown,2,1,0
108,who is the secretary and treasurer of edr charlottesville jefferson llc,randall h brown,2,1,0
108,who is the secretary and vice president of edr charlottesville jefferson llc,randall h brown,2,1,0
108,who is the treasurer and vice president of edr charlottesville jefferson llc,randall h brown,2,1,0
108,who is the executive vice president and secretary of edr charlottesville llc,randall h brown,2,1,0
108,who is the executive vice president and treasurer of edr charlottesville llc,randall h brown,2,1,0
108,who is the executive vice president and vice president of edr charlottesville llc,randall h brown,2,1,0
108,who is the secretary and treasurer of edr charlottesville llc,randall h brown,2,1,0
108,who is the secretary and vice president of edr charlottesville llc,randall h brown,2,1,0
108,who is the treasurer and vice president of edr charlottesville llc,randall h brown,2,1,0
108,who is the executive vice president and secretary of edr charlottesville wertland llc,randall h brown,2,1,0
108,who is the executive vice president and treasurer of edr charlottesville wertland llc,randall h brown,2,1,0
108,who is the executive vice president and vice president of edr charlottesville wertland llc,randall h brown,2,1,0
108,who is the secretary and treasurer of edr charlottesville wertland llc,randall h brown,2,1,0
108,who is the secretary and vice president of edr charlottesville wertland llc,randall h brown,2,1,0
108,who is the treasurer and vice president of edr charlottesville wertland llc,randall h brown,2,1,0
108,who is the executive vice president and secretary of edr gainesville limited partnership,randall h brown,2,1,0
108,who is the executive vice president and treasurer of edr gainesville limited partnership,randall h brown,2,1,0
108,who is the executive vice president and vice president of edr gainesville limited partnership,randall h brown,2,1,0
108,who is the secretary and treasurer of edr gainesville limited partnership,randall h brown,2,1,0
108,who is the secretary and vice president of edr gainesville limited partnership,randall h brown,2,1,0
108,who is the treasurer and vice president of edr gainesville limited partnership,randall h brown,2,1,0
108,who is the executive vice president and secretary of edr lawrence limited partnership,randall h brown,2,1,0
108,who is the executive vice president and treasurer of edr lawrence limited partnership,randall h brown,2,1,0
108,who is the executive vice president and vice president of edr lawrence limited partnership,randall h brown,2,1,0
108,who is the secretary and treasurer of edr lawrence limited partnership,randall h brown,2,1,0
108,who is the secretary and vice president of edr lawrence limited partnership,randall h brown,2,1,0
108,who is the treasurer and vice president of edr lawrence limited partnership,randall h brown,2,1,0
108,who is the executive vice president and secretary of edr lexington i llc,randall h brown,2,1,0
108,who is the executive vice president and treasurer of edr lexington i llc,randall h brown,2,1,0
108,who is the executive vice president and vice president of edr lexington i llc,randall h brown,2,1,0
108,who is the secretary and treasurer of edr lexington i llc,randall h brown,2,1,0
108,who is the secretary and vice president of edr lexington i llc,randall h brown,2,1,0
108,who is the treasurer and vice president of edr lexington i llc,randall h brown,2,1,0
108,who is the executive vice president and secretary of edr orlando limited partnership,randall h brown,2,1,0
108,who is the executive vice president and treasurer of edr orlando limited partnership,randall h brown,2,1,0
108,who is the executive vice president and vice president of edr orlando limited partnership,randall h brown,2,1,0
108,who is the secretary and treasurer of edr orlando limited partnership,randall h brown,2,1,0
108,who is the secretary and vice president of edr orlando limited partnership,randall h brown,2,1,0
108,who is the treasurer and vice president of edr orlando limited partnership,randall h brown,2,1,0
108,who is the executive vice president and secretary of edr oxford llc,randall h brown,2,1,0
108,who is the executive vice president and treasurer of edr oxford llc,randall h brown,2,1,0
108,who is the executive vice president and vice president of edr oxford llc,randall h brown,2,1,0
108,who is the secretary and treasurer of edr oxford llc,randall h brown,2,1,0
108,who is the secretary and vice president of edr oxford llc,randall h brown,2,1,0
108,who is the treasurer and vice president of edr oxford llc,randall h brown,2,1,0
108,who is the executive vice president and secretary of edr statesboro llc,randall h brown,2,1,0
108,who is the executive vice president and treasurer of edr statesboro llc,randall h brown,2,1,0
108,who is the executive vice president and vice president of edr statesboro llc,randall h brown,2,1,0
108,who is the secretary and treasurer of edr statesboro llc,randall h brown,2,1,0
108,who is the secretary and vice president of edr statesboro llc,randall h brown,2,1,0
108,who is the treasurer and vice president of edr statesboro llc,randall h brown,2,1,0
108,who is the executive vice president and secretary of edr syracuse campus west llc,randall h brown,2,1,0
108,who is the executive vice president and treasurer of edr syracuse campus west llc,randall h brown,2,1,0
108,who is the executive vice president and vice president of edr syracuse campus west llc,randall h brown,2,1,0
108,who is the secretary and treasurer of edr syracuse campus west llc,randall h brown,2,1,0
108,who is the secretary and vice president of edr syracuse campus west llc,randall h brown,2,1,0
108,who is the treasurer and vice president of edr syracuse campus west llc,randall h brown,2,1,0
108,who is the executive vice president and secretary of edr syracuse ll,randall h brown,2,1,0
108,who is the executive vice president and treasurer of edr syracuse ll,randall h brown,2,1,0
108,who is the executive vice president and vice president of edr syracuse ll,randall h brown,2,1,0
108,who is the secretary and treasurer of edr syracuse ll,randall h brown,2,1,0
108,who is the secretary and vice president of edr syracuse ll,randall h brown,2,1,0
108,who is the treasurer and vice president of edr syracuse ll,randall h brown,2,1,0
108,who is the executive vice president and secretary of edr tallahassee limited partnership,randall h brown,2,1,0
108,who is the executive vice president and treasurer of edr tallahassee limited partnership,randall h brown,2,1,0
108,who is the executive vice president and vice president of edr tallahassee limited partnership,randall h brown,2,1,0
108,who is the secretary and treasurer of edr tallahassee limited partnership,randall h brown,2,1,0
108,who is the secretary and vice president of edr tallahassee limited partnership,randall h brown,2,1,0
108,who is the treasurer and vice president of edr tallahassee limited partnership,randall h brown,2,1,0
108,who is the executive vice president and secretary of edr tampa limited partnership,randall h brown,2,1,0
108,who is the executive vice president and treasurer of edr tampa limited partnership,randall h brown,2,1,0
108,who is the executive vice president and vice president of edr tampa limited partnership,randall h brown,2,1,0
108,who is the secretary and treasurer of edr tampa limited partnership,randall h brown,2,1,0
108,who is the secretary and vice president of edr tampa limited partnership,randall h brown,2,1,0
108,who is the treasurer and vice president of edr tampa limited partnership,randall h brown,2,1,0
108,who is the executive vice president and secretary of education realty operating partnership lp,randall h brown,2,1,0
108,who is the executive vice president and treasurer of education realty operating partnership lp,randall h brown,2,1,0
108,who is the executive vice president and vice president of education realty operating partnership lp,randall h brown,2,1,0
108,who is the secretary and treasurer of education realty operating partnership lp,randall h brown,2,1,0
108,who is the secretary and vice president of education realty operating partnership lp,randall h brown,2,1,0
108,who is the treasurer and vice president of education realty operating partnership lp,randall h brown,2,1,0
108,who is the executive vice president and secretary of province kent oh llc,randall h brown,2,1,0
108,who is the executive vice president and treasurer of province kent oh llc,randall h brown,2,1,0
108,who is the executive vice president and vice president of province kent oh llc,randall h brown,2,1,0
108,who is the secretary and treasurer of province kent oh llc,randall h brown,2,1,0
108,who is the secretary and vice president of province kent oh llc,randall h brown,2,1,0
108,who is the treasurer and vice president of province kent oh llc,randall h brown,2,1,0
108,who is the executive vice president and secretary of retreat at state college llc,randall h brown,2,1,0
108,who is the executive vice president and treasurer of retreat at state college llc,randall h brown,2,1,0
108,who is the executive vice president and vice president of retreat at state college llc,randall h brown,2,1,0
108,who is the secretary and treasurer of retreat at state college llc,randall h brown,2,1,0
108,who is the secretary and vice president of retreat at state college llc,randall h brown,2,1,0
108,who is the treasurer and vice president of retreat at state college llc,randall h brown,2,1,0
108,who is the executive vice president and secretary of the province greenville nc lp,randall h brown,2,1,0
108,who is the executive vice president and treasurer of the province greenville nc lp,randall h brown,2,1,0
108,who is the executive vice president and vice president of the province greenville nc lp,randall h brown,2,1,0
108,who is the secretary and treasurer of the province greenville nc lp,randall h brown,2,1,0
108,who is the secretary and vice president of the province greenville nc lp,randall h brown,2,1,0
108,who is the treasurer and vice president of the province greenville nc lp,randall h brown,2,1,0
108,who is the executive vice president and secretary of university village towers lp,randall h brown,2,1,0
108,who is the executive vice president and treasurer of university village towers lp,randall h brown,2,1,0
108,who is the executive vice president and vice president of university village towers lp,randall h brown,2,1,0
108,who is the secretary and treasurer of university village towers lp,randall h brown,2,1,0
108,who is the secretary and vice president of university village towers lp,randall h brown,2,1,0
108,who is the treasurer and vice president of university village towers lp,randall h brown,2,1,0
108,who is the vice president of the company which is the syndication agent in the agreement,gregory w lane,2,1,0
108,who is the assistant vice president of the company associated with 222 s riverside plaza chicago il 60606,michael p perillo,3,0,0
108,who is the vice president of the company associated with 225 franklin 18th fl boston ma 02110,gregory w lane,3,0,0
134,what are the roles in the agreement of the company where mohammad s hasan is employed,"agent, lender, issuing bank",2,0,1
134,what are the roles in the agreement of the company associated with 383 madison avenue floor 24 new york ny 10179,"agent, lender, issuing bank",2,0,1
134,what are the roles in the agreement of the company associated with 500 stanton christiana road ops building 2 3rd floor newark de 19713 2107,"agent, lender, issuing bank",2,0,1
134,who is the authorized signatory of the company which is the borrower in the agreement,darren drake,2,1,0
134,who is the vice president of the company which is the collateral agent in the agreement,mohammad s hasan,2,1,0
134,who is the vice president of the company which is the issuing bank in the agreement,mohammad s hasan,2,1,0
134,who is the vice president of the company which is the agent in the agreement,mohammad s hasan,2,1,0
134,who is the vice president of the company which is the administrative agent in the agreement,mohammad s hasan,2,1,0
134,who is the vice president of the company associated with 383 madison avenue floor 24 new york ny 10179,mohammad s hasan,3,0,0
134,who is the authorized signatory of the company associated with 4 embarcadero center suite 3300 san francisco ca 94111,darren drake,3,0,0
134,who is the vice president of the company associated with 500 stanton christiana road ops building 2 3rd floor newark de 19713 2107,mohammad s hasan,3,0,0
120,who is the deputy gm and vp of mega international commercial bank co ltd,angela chen,2,1,0
120,who is the director and executive head of the bank of nova scotia,chad hale,2,1,0
120,who is the chief financial officer and executive vice president of equity commonwealth,adam markman,2,1,0
120,who is the chief financial officer and treasurer of equity commonwealth,adam markman,2,1,0
120,who is the executive vice president and treasurer of equity commonwealth,adam markman,2,1,0
120,who is the senior vice president of the company which is the documentation agent in the agreement,frederick h denecke,2,1,0
120,who is the senior vice president of the company which is the documentation agents in the agreement,curt steiner,2,1,0
120,who is the executive director of the company associated with 10420 highland manor drive fl 4 tampa fl 33610,marc costantino,3,0,0
120,who is the vice president of the company associated with global trade operations one fleet way 2nd floor mail code pa6 580 02 30 scranton pa 18507,cheryl sneor,3,0,0
120,who is the chief financial officer of the company associated with two north riverside plaza suite600 chicagoillinois 60606,adam markman,3,0,0
120,who is the executive vice president of the company associated with two north riverside plaza suite600 chicagoillinois 60606,adam markman,3,0,0
120,who is the treasurer of the company associated with two north riverside plaza suite600 chicagoillinois 60606,adam markman,3,0,0
120,who is the senior vice president of the company associated with 10 south wacker drive 32ndfloor chicagoillinois 60606,winita lau,3,0,0
120,who is the vice president of the company where charles mclaughlin is employed,james p surless,3,0,0
120,who is the senior vice president of the company where james p surless is employed,charles mclaughlin,3,0,0
121,what is the position held by angela chen but not by jane chang,dgm,1,2,0
121,what is the position held by kefel xu but not by paul hultgren,branch manager,1,2,0
121,what role does jp morgan securities llc have in the agreement which is not the role of merrill lynch pierce fenner and smith incorporated,bookrunners,2,1,0
121,what role does merrill lynch pierce fenner and smith incorporated have in the agreement which is not the role of us bank national association,joint bookrunners,2,1,0
121,what company is the arranger but not the bookrunners in the agreement,merrill lynch pierce fenner and smith incorporated,2,1,0
121,who are the svps of bank of east asia limited,"james hua, kitty sin",2,0,1
121,what are the roles in the agreement of the company where corey j davis is employed,"arranger, bookrunners, senior managing agent",2,0,1
121,who is the branch manager and svp of bank of china,kefel xu,2,1,0
121,who is the general manager and vp of bank of taiwan,jane chang,2,1,0
121,who is the director and svp of bmo harris bank na,paul hultgren,2,1,0
121,who is the dgm and vp of mega international commercial bank,angela chen,2,1,0
121,who is the general counsel and secretary of regal beloit corporation,peter c underwood,2,1,0
121,who is the general counsel and vice president of regal beloit corporation,peter c underwood,2,1,0
121,who is the secretary and vice president of regal beloit corporation,peter c underwood,2,1,0
121,who is the vice president of the company which is the co documentation agent in the agreement,s bradley mcdougall,2,1,0
121,who is the executive director of the company which is the administrative agent in the agreement,brian grossman,2,1,0
121,who is the vice president of the company which is the senior managing agent in the agreement,corey j davis,2,1,0
121,what is the address of branch of the company where james hua is employed,new york,3,0,0
121,what is the address of branch of the company where kitty sin is employed,new york,3,0,0
135,what roles do both citigroup global markets inc and dnb marketsinc have in the agreement,"arranger, bookrunner",1,1,1
135,what roles do both citigroup global markets inc and jp morgan securities llc have in the agreement,"arranger, bookrunner",1,1,1
135,what roles do both citigroup global markets inc and mizuho bankltd have in the agreement,"arranger, bookrunner",1,1,1
135,what roles do both dnb marketsinc and jp morgan securities llc have in the agreement,"arranger, bookrunner",1,1,1
135,what roles do both dnb marketsinc and mizuho bankltd have in the agreement,"arranger, bookrunner",1,1,1
135,what roles do both jp morgan securities llc and mizuho bankltd have in the agreement,"arranger, bookrunner",1,1,1
135,what role does citigroup global markets inc have in the agreement which is not the role of wells fargo securities llc,arrangers,2,1,0
135,what role does dnb marketsinc have in the agreement which is not the role of wells fargo securities llc,arrangers,2,1,0
135,what role does jp morgan securities llc have in the agreement which is not the role of wells fargo securities llc,arrangers,2,1,0
135,what role does wells fargo securities llc have in the agreement which is not the role of mizuho bankltd,joint lead arrangers,2,1,0
135,what role does citibank na have in the agreement which is not the role of mizuho bankltd,co syndication agent,2,1,0
135,what role does citibank na have in the agreement which is not the role of bank of america na,co syndication agent,2,1,0
135,what role does jpmorgan chase bank na have in the agreement which is not the role of mizuho bankltd,co syndication agent,2,1,0
135,what role does jpmorgan chase bank na have in the agreement which is not the role of bank of america na,co syndication agent,2,1,0
135,what company is the arranger but not the arrangers in the agreement,wells fargo securities llc,2,1,0
135,who are the authorized signatorys of canadian imperial bank of commerce new york branch,"richard antl, william reid",2,0,1
135,who are the senior vice presidents of dnb capital llc,"anders platou, cathleen buckley",2,0,1
135,what are the roles in the agreement of the company where gabriel juarez is employed,"lender, co syndication agent",2,0,1
135,what are the roles in the agreement of the company where stephanie balette is employed,"lender, co syndication agent",2,0,1
135,what are the roles in the agreement of the company where leon mo is employed,"agents, lender, arranger, bookrunner, co documentation agent",2,0,1
135,what are the roles in the agreement of the company where michael a tribolet is employed,"agents, lender, co syndication agent",2,0,1
135,what are the roles in the agreement of the company where adam h fey is employed,"lender, administrative agent",2,0,1
135,what are the roles in the agreement of the company where rosanne parsill is employed,"lender, administrative agent",2,0,1
135,what are the roles in the agreement of the company associated with 135 s lasalle st mail code il4 135 09 61 chicagoil 60603,"lender, administrative agent",2,0,1
135,who is the treasurer and vice president of plains all american pipeline lp,sharon s spurlin,2,1,0
135,who is the director of the company associated with 135 s lasalle st mail code il4 135 09 61 chicagoil 60603,adam h fey,3,0,0
135,who is the vice president of the company associated with 135 s lasalle st mail code il4 135 09 61 chicagoil 60603,rosanne parsill,3,0,0
135,who is the managing director of the company where reginald crichlow is employed,joseph onischuk,3,0,0
135,who is the vice president of the company where joseph onischuk is employed,reginald crichlow,3,0,0
135,who is the vice president of the company where andreas bubenzer paim is employed,virginia cosenza,3,0,0
135,who is the director of the company where virginia cosenza is employed,andreas bubenzer paim,3,0,0
135,who is the vice president of the company where adam h fey is employed,rosanne parsill,3,0,0
135,who is the director of the company where rosanne parsill is employed,adam h fey,3,0,0
135,what is the address of agency management of the company which is the administrative agent in the agreement,bank of america na,3,0,0
135,what is the address of agency management of the company where adam h fey is employed,135 s lasalle st mail code il4 135 09 61 chicagoil 60603,3,0,0
135,what is the address of agency management of the company where rosanne parsill is employed,135 s lasalle st mail code il4 135 09 61 chicagoil 60603,3,0,0
109,who are the directors of liberated syndication inc webmayhem inc and pair networks inc,"j gregory smith, douglas polinksy, denis yevstifeyey",2,0,1
109,who is the ceo and chief executive officer and chairman of the board of liberated syndication inc,christopher j spencer,2,1,0
109,who is the ceo and chief executive officer and chairman of the board of liberated syndication inc webmayhem inc and pair networks inc,christopher j spencer,2,1,0
109,who is the ceo of the company associated with 5001 baum blvd ste 770 pittsburgh pa 15213,christopher j spencer,3,0,0
109,who is the chief executive officer and chairman of the board of the company associated with 5001 baum blvd ste 770 pittsburgh pa 15213,christopher j spencer,3,0,0
109,who is the ceo of the company where john busshaus is employed,christopher j spencer,3,0,0
109,who is the chief executive officer and chairman of the board of the company where john busshaus is employed,christopher j spencer,3,0,0
109,who is the chief financial officer of the company where j gregory smith is employed,john busshaus,3,0,0
109,who is the ceo of the company where j gregory smith is employed,christopher j spencer,3,0,0
109,who is the chief executive officer and chairman of the board of the company where j gregory smith is employed,christopher j spencer,3,0,0
109,who is the chief financial officer of the company where denis yevstifeyey is employed,john busshaus,3,0,0
109,who is the ceo of the company where denis yevstifeyey is employed,christopher j spencer,3,0,0
109,who is the chief executive officer and chairman of the board of the company where denis yevstifeyey is employed,christopher j spencer,3,0,0
109,who is the chief financial officer of the company where douglas polinksy is employed,john busshaus,3,0,0
109,who is the ceo of the company where douglas polinksy is employed,christopher j spencer,3,0,0
109,who is the chief executive officer and chairman of the board of the company where douglas polinksy is employed,christopher j spencer,3,0,0
109,who is the chief financial officer of the company where christopher j spencer is employed,john busshaus,3,0,0
20,what are the roles in the agreement of the company where benjamin mlot is employed,"lender, administrative agent",2,0,1
20,who is the director of the company which is the administrative agent in the agreement,benjamin mlot,2,1,0
20,who is the director of the company which is the lender in the agreement,benjamin mlot,2,1,0
34,what are the roles in the agreement of the company associated with 27175 energy way novi mi 48377,"borrower, sole manager",2,0,1
34,what are the roles in the agreement of the company associated with 200 west street new york new york 10282 2198,"lender, arranger, sole bookrunner, administrative agent",2,0,1
34,what are the roles in the agreement of the company associated with 30 hudson street 36th floor jersey city nj 07302,"lender, arranger, sole bookrunner, administrative agent",2,0,1
34,what are the roles in the agreement of the company associated with c o goldman sachsand co 30 hudson street 36th floor jersey city nj 07302,"lender, arranger, sole bookrunner, administrative agent",2,0,1
34,who is the chief financial officer and executive vice president of michigan electric transmission company llc,cameron m bready,2,1,0
34,who is the general counsel and secretary of michigan electric transmission company llc,wendy a mcintyre,2,1,0
34,who is the general counsel and vice president of michigan electric transmission company llc,wendy a mcintyre,2,1,0
34,who is the secretary and vice president of michigan electric transmission company llc,wendy a mcintyre,2,1,0
34,who is the chief financial officer of the company associated with 27175 energy way novi mi 48377,cameron m bready,3,0,0
34,who is the executive vice president of the company associated with 27175 energy way novi mi 48377,cameron m bready,3,0,0
34,who is the vice president finance and treasurer of the company associated with 27175 energy way novi mi 48377,rejji p hayes,3,0,0
34,who is the secretary of the company associated with 27175 energy way novi mi 48377,wendy a mcintyre,3,0,0
34,who is the vice president of the company associated with 27175 energy way novi mi 48377,wendy a mcintyre,3,0,0
34,who is the general counsel of the company associated with 27175 energy way novi mi 48377,wendy a mcintyre,3,0,0
34,who is the vice president finance and treasurer of the company where cameron m bready is employed,rejji p hayes,3,0,0
34,who is the general counsel of the company where cameron m bready is employed,wendy a mcintyre,3,0,0
34,who is the secretary of the company where cameron m bready is employed,wendy a mcintyre,3,0,0
34,who is the vice president of the company where cameron m bready is employed,wendy a mcintyre,3,0,0
34,who is the chief financial officer of the company where rejji p hayes is employed,cameron m bready,3,0,0
34,who is the executive vice president of the company where rejji p hayes is employed,cameron m bready,3,0,0
34,who is the general counsel of the company where rejji p hayes is employed,wendy a mcintyre,3,0,0
34,who is the secretary of the company where rejji p hayes is employed,wendy a mcintyre,3,0,0
34,who is the vice president of the company where rejji p hayes is employed,wendy a mcintyre,3,0,0
34,who is the chief financial officer of the company where wendy a mcintyre is employed,cameron m bready,3,0,0
34,who is the executive vice president of the company where wendy a mcintyre is employed,cameron m bready,3,0,0
34,who is the vice president finance and treasurer of the company where wendy a mcintyre is employed,rejji p hayes,3,0,0
18,what role does capital one national association have in the agreement which is not the role of regions bank,documentation agent,2,1,0
18,what role does capital one national association have in the agreement which is not the role of wells fargo bank national association,documentation agent,2,1,0
18,what role does regions bank have in the agreement which is not the role of wells fargo bank national association,syndication agent,2,1,0
18,what are the roles in the agreement of the company where elizabeth dove is employed,"lender, documentation agent",2,0,1
18,what are the roles in the agreement of the company where ghi gavin is employed,"lender, syndication agent",2,0,1
18,what are the roles in the agreement of the company where kevin a stacker is employed,"lender, administrative agent",2,0,1
18,what are the roles in the agreement of the company where craig v koshkarian is employed,"lender, administrative agent",2,0,1
18,what are the roles in the agreement of the company associated with 10 south wacker drive chicago il 60606,"lender, administrative agent",2,0,1
18,what are the roles in the agreement of the company associated with minneapolis loan center mac n9300 091 600 south 4thstreet 9thfloor minneapolis minnesota 55415,"lender, administrative agent",2,0,1
18,who is the chief financial officer and managing director of black creek diversified property operating partnership lp,lainie minnick,2,1,0
18,who is the chief financial officer and treasurer of black creek diversified property operating partnership lp,lainie minnick,2,1,0
18,who is the managing director and treasurer of black creek diversified property operating partnership lp,lainie minnick,2,1,0
18,who is the vice president of the company which is the documentation agent in the agreement,elizabeth dove,2,1,0
18,who is the senior vice president of the company which is the syndication agent in the agreement,ghi gavin,2,1,0
18,who is the vice president of the company associated with 10 south wacker drive chicago il 60606,craig v koshkarian,3,0,0
18,who is the senior vice president of the company associated with 10 south wacker drive chicago il 60606,kevin a stacker,3,0,0
18,who is the chief financial officer of the company associated with 518 17th street suite 1700 denver co 80202,lainie minnick,3,0,0
18,who is the managing director of the company associated with 518 17th street suite 1700 denver co 80202,lainie minnick,3,0,0
18,who is the treasurer of the company associated with 518 17th street suite 1700 denver co 80202,lainie minnick,3,0,0
18,who is the vice president of the company associated with minneapolis loan center mac n9300 091 600 south 4thstreet 9thfloor minneapolis minnesota 55415,craig v koshkarian,3,0,0
18,who is the senior vice president of the company associated with minneapolis loan center mac n9300 091 600 south 4thstreet 9thfloor minneapolis minnesota 55415,kevin a stacker,3,0,0
18,who is the vice president of the company where kevin a stacker is employed,craig v koshkarian,3,0,0
18,who is the senior vice president of the company where craig v koshkarian is employed,kevin a stacker,3,0,0
30,what are the roles in the agreement of the company associated with 1000 louisiana 3rd floor houston texas 77002,"lender, administrative agent",2,0,1
30,what are the roles in the agreement of the company associated with mac d1109 019 1525 west w t harris blvd charlotte nc 28262,"lender, administrative agent",2,0,1
24,what role does regions bank have in the agreement which is not the role of jpmorgan chase bank na,agents,2,1,0
24,what role does suntrust bank have in the agreement which is not the role of jpmorgan chase bank na,agents,2,1,0
24,what are the roles in the agreement of the company where paul e burgan is employed,"agents, lender",2,0,1
24,what are the roles in the agreement of the company where courtney jones is employed,"agents, lender",2,0,1
24,what are the roles in the agreement of the company where j lee hord is employed,"agents, lender, lead arrangers",2,0,1
24,what are the roles in the agreement of the company where james a fleming is employed,"borrower, sole general partner",2,0,1
24,what are the roles in the agreement of the company where jaime gitler is employed,"lender, bookrunner, lead arranger, administrative agent, loan and agency services group agent",2,0,1
24,what are the roles in the agreement of the company associated with one glenlake parkway suite 1200 atlanta georgia 30328 7267,"borrower, sole general partner",2,0,1
24,what are the roles in the agreement of the company associated with 383 madison avenue 24th floor new york new york 10179,"lender, bookrunner, lead arranger, administrative agent, loan and agency services group agent",2,0,1
24,what are the roles in the agreement of the company associated with 500 stanton christiana road 3rd floor newark de 19713 2107,"lender, bookrunner, lead arranger, administrative agent, loan and agency services group agent",2,0,1
24,who is the chief financial officer and executive vice president of columbia property trust operating partnership lp,james a fleming,2,1,0
24,who is the vice president of the company which is the loan and agency services group agent in the agreement,jaime gitler,2,1,0
24,who is the vice president of the company which is the bookrunner in the agreement,jaime gitler,2,1,0
24,who is the vice president of the company which is the lead arranger in the agreement,jaime gitler,2,1,0
24,who is the vice president of the company which is the administrative agent in the agreement,jaime gitler,2,1,0
24,who is the partner of the company associated with 1180 peachtree street ne atlanta ga 30309,j craig lee,3,0,0
24,who is the vice president of the company associated with 383 madison avenue 24th floor new york new york 10179,jaime gitler,3,0,0
24,who is the vice president of the company associated with 500 stanton christiana road 3rd floor newark de 19713 2107,jaime gitler,3,0,0
24,who is the chief financial officer of the company associated with one glenlake parkway suite 1200 atlanta georgia 30328 7267,james a fleming,3,0,0
24,who is the executive vice president of the company associated with one glenlake parkway suite 1200 atlanta georgia 30328 7267,james a fleming,3,0,0
131,who is the authorized signatory of the company which is the borrower in the agreement,marisa j beeney,2,1,0
131,who is the authorized signatory of the company which is the administrative agent in the agreement,john bumgarner,2,1,0
131,who is the senior vice president of the company which is the collateral agent in the agreement,ralph j creasia jr,2,1,0
131,who is the authorized signatory of the company which is the lender in the agreement,matthieu milgrom,2,1,0
131,who is the authorized signatory of the company associated with 1300 thames street thames street wharf baltimore maryland 21231,matthieu milgrom,3,0,0
131,who is the authorized signatory of the company associated with 201 south main street salt lake city utah 84111 2215,matthieu milgrom,3,0,0
131,who is the senior vice president of the company associated with one federal street third floor boston massachusetts 02110,ralph j creasia jr,3,0,0
131,who is the authorized signatory of the company associated with 1585 broadway newyork newyork 10036,john bumgarner,3,0,0
131,who is the authorized signatory of the company associated with 345 park avenue 31st floor new york new york 10154,marisa j beeney,3,0,0
125,what are the roles in the agreement of the company where eric j cosgrove is employed,"lender, arranger, book manager, administrative agent",2,0,1
125,what are the roles in the agreement of the company associated with us bank utilities division 461 fifth avenue 8th floor new york ny 10017,"lender, arranger, book manager, administrative agent",2,0,1
125,who is the controller and treasurer of public service company of new mexico,joseph d tarry,2,1,0
125,who is the controller and vice president of public service company of new mexico,joseph d tarry,2,1,0
125,who is the treasurer and vice president of public service company of new mexico,joseph d tarry,2,1,0
125,who is the senior vice president of the company which is the book manager in the agreement,eric j cosgrove,2,1,0
125,who is the senior vice president of the company which is the administrative agent in the agreement,eric j cosgrove,2,1,0
125,who is the senior vice president of the company which is the arranger in the agreement,eric j cosgrove,2,1,0
125,who is the vice president of the company associated with 414 silver ave sw ms0905 albuquerque new mexico 87102 3289,joseph d tarry,3,0,0
125,who is the treasurer of the company associated with 414 silver ave sw ms0905 albuquerque new mexico 87102 3289,joseph d tarry,3,0,0
125,who is the controller of the company associated with 414 silver ave sw ms0905 albuquerque new mexico 87102 3289,joseph d tarry,3,0,0
125,who is the vice president of the company associated with new mexico,joseph d tarry,3,0,0
125,who is the treasurer of the company associated with new mexico,joseph d tarry,3,0,0
125,who is the controller of the company associated with new mexico,joseph d tarry,3,0,0
125,who is the senior vice president of the company associated with us bank utilities division 461 fifth avenue 8th floor new york ny 10017,eric j cosgrove,3,0,0
119,who is the chief operating officer and president of vaalco gabon etame inc,w russell scheirman,2,1,0
119,who is the senior manager of the company associated with 2121 pennsylvania avenue nw washington dc 20433 united states of america,delanson d crist,3,0,0
119,who is the chief operating officer of the company associated with 4600 post oak place suite 309 houston tx 77027,w russell scheirman,3,0,0
119,who is the president of the company associated with 4600 post oak place suite 309 houston tx 77027,w russell scheirman,3,0,0
118,who are the authorized signatorys of credit suisse ag,"samuel miller, christopher day",2,0,1
118,what are the roles in the agreement of the company where ronnie glenn is employed,"arrangers, bookrunners, syndication agent",2,0,1
118,what are the roles in the agreement of the company where charles d johnston is employed,"joint bookrunners, documentation agents, joint lead arrangers",2,0,1
118,what are the roles in the agreement of the company where daniel r van aken is employed,"agent, lender, l c issuer",2,0,1
118,what are the roles in the agreement of the company associated with 1525 west wt harris boulevard charlotte nc 28262,"agent, lender, l c issuer",2,0,1
118,who is the general counsel and secretary of post holdings inc,diedre j gray,2,1,0
118,who is the general counsel and svp of post holdings inc,diedre j gray,2,1,0
118,who is the secretary and svp of post holdings inc,diedre j gray,2,1,0
118,who is the vice president of the company which is the syndication agent in the agreement,ronnie glenn,2,1,0
118,who is the authorized signatory of the company which is the joint bookrunners in the agreement,charles d johnston,2,1,0
118,who is the authorized signatory of the company which is the joint lead arrangers in the agreement,charles d johnston,2,1,0
118,who is the authorized signatory of the company which is the documentation agents in the agreement,charles d johnston,2,1,0
118,who is the director of the company which is the swing line lender in the agreement,daniel r van aken,2,1,0
118,who is the director of the company which is the revolving credit lender in the agreement,daniel r van aken,2,1,0
118,who is the director of the company which is the l c issuer in the agreement,daniel r van aken,2,1,0
118,who is the director of the company which is the agent in the agreement,daniel r van aken,2,1,0
118,who is the director of the company which is the lender in the agreement,daniel r van aken,2,1,0
118,who is the director of the company associated with 1525 west wt harris boulevard charlotte nc 28262,daniel r van aken,3,0,0
118,who is the secretary of the company associated with 2503 s hanley road st louis mo 63144,diedre j gray,3,0,0
118,who is the general counsel of the company associated with 2503 s hanley road st louis mo 63144,diedre j gray,3,0,0
118,who is the svp of the company associated with 2503 s hanley road st louis mo 63144,diedre j gray,3,0,0
118,who is the managing director of the company where peter glawe is employed,peter duncan,3,0,0
118,who is the executive director of the company where peter duncan is employed,peter glawe,3,0,0
118,what is the address of branch of the company which is the agents in the agreement,credit suisse ag,3,0,0
118,what is the address of branch of the company where christopher day is employed,cayman islands,3,0,0
118,what is the address of branch of the company where samuel miller is employed,cayman islands,3,0,0
124,what company is the bookrunners but not the syndication agents in the agreement,merrill lynch pierce fennerand smith inc,2,1,0
124,what are the roles in the agreement of the company where michael k makaitis is employed,"lead arrangers, administrative agent",2,0,1
124,what are the roles in the agreement of the company where peter m killea is employed,"bookrunners, syndication agents",2,0,1
124,who is the chief financial officer and executive vice president of finance of monro muffler brake inc,catherine damico,2,1,0
124,who is the chief financial officer and treasurer of monro muffler brake inc,catherine damico,2,1,0
124,who is the executive vice president of finance and treasurer of monro muffler brake inc,catherine damico,2,1,0
124,who is the vice president of the company which is the administrative agent in the agreement,michael k makaitis,2,1,0
130,what roles do both rbc capital markets and jpmorgan chase bank na have in the agreement,"arranger, bookrunner, syndication agents, documentation agents",1,1,1
130,what role does bank of america na have in the agreement which is not the role of fifth third bank national association,issuing bank,2,1,0
130,what role does bank of america na have in the agreement which is not the role of jpmorgan chase bank na,lender,2,1,0
130,what role does bank of america na have in the agreement which is not the role of royal bank of canada,lender,2,1,0
130,what role does fifth third bank national association have in the agreement which is not the role of jpmorgan chase bank na,lender,2,1,0
130,what role does pnc bank national association have in the agreement which is not the role of jpmorgan chase bank na,lender,2,1,0
130,what role does pnc bank national association have in the agreement which is not the role of royal bank of canada,lender,2,1,0
130,what company is the documentation agents but not the issuing bank in the agreement,rbc capital markets,2,1,0
130,what company is the syndication agents but not the issuing bank in the agreement,rbc capital markets,2,1,0
130,what are the roles in the agreement of the company where kevin couch is employed,"lender, issuing bank",2,0,1
130,what are the roles in the agreement of the company where mike ross is employed,"lender, arranger, bookrunner",2,0,1
130,what are the roles in the agreement of the company where michael l monninger is employed,"lender, issuing bank",2,0,1
130,what are the roles in the agreement of the company where stephanie balette is employed,"arranger, bookrunner, issuing bank, collateral agent, syndication agents, documentation agents, revolving administrative agent",2,0,1
130,what are the roles in the agreement of the company where mindy k west is employed,"borrower, subsidiary",2,0,1
130,what are the roles in the agreement of the company where yvonne brazier is employed,"issuing bank, term administrative agent",2,0,1
130,what are the roles in the agreement of the company where john flores is employed,"issuing bank, term administrative agent",2,0,1
130,what are the roles in the agreement of the company associated with delaware,"borrower, subsidiary",2,0,1
130,what are the roles in the agreement of the company associated with 2200 ross avenue 9th floor dallas tx 75201,"arranger, bookrunner, issuing bank, collateral agent, syndication agents, documentation agents, revolving administrative agent",2,0,1
130,who is the chief financial office and chief financial officer of murphy usa inc,mindy k west,2,1,0
130,who is the chief financial office and executive vice president fuels of murphy usa inc,mindy k west,2,1,0
130,who is the chief financial office and treasurer of murphy usa inc,mindy k west,2,1,0
130,who is the chief financial officer and executive vice president fuels of murphy usa inc,mindy k west,2,1,0
130,who is the chief financial officer and treasurer of murphy usa inc,mindy k west,2,1,0
130,who is the executive vice president fuels and treasurer of murphy usa inc,mindy k west,2,1,0
130,who is the chief financial office and chief financial officer of murphy oil usa inc,mindy k west,2,1,0
130,who is the chief financial office and executive vice president fuels of murphy oil usa inc,mindy k west,2,1,0
130,who is the chief financial office and treasurer of murphy oil usa inc,mindy k west,2,1,0
130,who is the chief financial officer and executive vice president fuels of murphy oil usa inc,mindy k west,2,1,0
130,who is the chief financial officer and treasurer of murphy oil usa inc,mindy k west,2,1,0
130,who is the executive vice president fuels and treasurer of murphy oil usa inc,mindy k west,2,1,0
130,who is the authorized officer of the company which is the collateral agent in the agreement,stephanie balette,2,1,0
130,who is the authorized officer of the company which is the revolving administrative agent in the agreement,stephanie balette,2,1,0
130,who is the authorized officer of the company associated with 2200 ross avenue 9th floor dallas tx 75201,stephanie balette,3,0,0
130,who is the chief financial officer of the company associated with delaware,mindy k west,3,0,0
130,who is the executive vice president fuels of the company associated with delaware,mindy k west,3,0,0
130,who is the treasurer of the company associated with delaware,mindy k west,3,0,0
130,who is the chief financial office of the company associated with delaware,mindy k west,3,0,0
130,who is the authorized signatory of the company where yvonne brazier is employed,john flores,3,0,0
130,who is the manager agency services of the company where john flores is employed,yvonne brazier,3,0,0
25,what company is the guarantors but not the guarantor in the agreement,five oaks acquisition corp and hunt cmt equity llc,2,1,0
25,what are the roles in the agreement of the company where emily ergang pappas is employed,"lenders, collateral agent, administrative agent",2,0,1
25,what are the roles in the agreement of the company where michael larsen is employed,guarantor,2,0,1
25,who is the associate counsel of the company which is the collateral agent in the agreement,emily ergang pappas,2,1,0
25,who is the associate counsel of the company which is the administrative agent in the agreement,emily ergang pappas,2,1,0
25,who is the associate counsel of the company which is the lenders in the agreement,emily ergang pappas,2,1,0
25,who is the president of the company which is the borrower in the agreement,michael larsen,2,1,0
25,who is the svp of the company which is the initial lender in the agreement,william p mcloughlin,2,1,0
31,what roles do both the bank of tokyo mitsubishi ufj ltd and us bank national association have in the agreement,"agents, book runners, us swing lender",1,1,1
31,what roles do both the bank of tokyo mitsubishi ufj ltd and standard chartered bank have in the agreement,"agents, book runners, us swing lender",1,1,1
31,what roles do both us bank national association and standard chartered bank have in the agreement,"agents, book runners, us swing lender",1,1,1
31,what role does bank of china los angeles branch have in the agreement which is not the role of citibank na,book runners,2,1,0
31,what role does bank of china los angeles branch have in the agreement which is not the role of wells fargo bank national association,book runners,2,1,0
31,what role does citibank na have in the agreement which is not the role of canadian imperial bank of commerce new york agency,agents,2,1,0
31,what role does citibank na have in the agreement which is not the role of bank of america na,agents,2,1,0
31,what role does the bank of tokyo mitsubishi ufj ltd have in the agreement which is not the role of wells fargo bank national association,book runners,2,1,0
31,what role does us bank national association have in the agreement which is not the role of wells fargo bank national association,book runners,2,1,0
31,what role does wells fargo bank national association have in the agreement which is not the role of canadian imperial bank of commerce new york agency,agents,2,1,0
31,what role does wells fargo bank national association have in the agreement which is not the role of bank of america na,agents,2,1,0
31,what company is the agents but not the us swing lender in the agreement,bank of china los angeles branch,2,1,0
31,what are the roles in the agreement of the company where maureen maroney is employed,"agents, us swing lender",2,0,1
31,what are the roles in the agreement of the company where oscar d cortez is employed,"agents, book runners, us swing lender",2,0,1
31,what are the roles in the agreement of the company where kurban h merchant is employed,"agents, book runners, us swing lender",2,0,1
31,what are the roles in the agreement of the company where dhiren desai is employed,"agents, us swing lender",2,0,1
31,what are the roles in the agreement of the company where robert casey is employed,"us swing lender, joint book runners, documentation agents",2,0,1
31,what are the roles in the agreement of the company where eoin roche is employed,"us swing lender, joint book runners, documentation agents",2,0,1
31,what are the roles in the agreement of the company where johanna minaya is employed,"agents, book runners, us swing lender",2,0,1
31,what are the roles in the agreement of the company where robert k reddington is employed,"agents, book runners, us swing lender",2,0,1
31,what are the roles in the agreement of the company where richard j poworoznek is employed,"us swing lender, yen swing lender, syndication agent, sterling swing lender",2,0,1
31,what are the roles in the agreement of the company where richard laiderman is employed,"lenders, borrowers",2,0,1
31,what are the roles in the agreement of the company where scott w reynolds is employed,"us swing lender, euro swing lender, administrative agent",2,0,1
31,what are the roles in the agreement of the company where anthea del bianco is employed,"us swing lender, euro swing lender, administrative agent",2,0,1
31,what are the roles in the agreement of the company associated with 4th floor prestige knowledge park near marathalli junction outer ring road kadabeesanahalli vathur hobli bangalore 560087,"us swing lender, yen swing lender, syndication agent, sterling swing lender",2,0,1
31,what are the roles in the agreement of the company associated with tokyo building 2 7 3 marunouchi chiyoda ku tokyo 100 6432 japan,"us swing lender, yen swing lender, syndication agent, sterling swing lender",2,0,1
31,what are the roles in the agreement of the company associated with 900 metro center boulevard,"lenders, borrowers",2,0,1
31,what are the roles in the agreement of the company associated with 900 metro center boulevard treasury mailstop m1 6c foster city ca 94404,"lenders, borrowers",2,0,1
31,what are the roles in the agreement of the company associated with 101 n tryon street mail code nc1 001 05 46 charlotte north carolina 28255 0001,"us swing lender, euro swing lender, administrative agent",2,0,1
31,what are the roles in the agreement of the company associated with 1455 market street 5th floor mail code ca5 701 05 19 san francisco california 94103,"us swing lender, euro swing lender, administrative agent",2,0,1
31,what are the roles in the agreement of the company associated with 26 elmfield road bromley br1 1wa united kingdom,"us swing lender, euro swing lender, administrative agent",2,0,1
31,what are the roles in the agreement of the company associated with 901 main street 64th floor mail code tx1 492 64 01 dallas texas 75202 3714,"us swing lender, euro swing lender, administrative agent",2,0,1
31,who is the branch manager and vice president of the bank of china,haiyong yang,2,1,0
31,who is the director of the company which is the lender in the agreement,george manchenko,2,1,0
31,who is the executive director of the company which is the syndication agent in the agreement,richard j poworoznek,2,1,0
31,who is the executive director of the company which is the sterling swing lender in the agreement,richard j poworoznek,2,1,0
31,who is the executive director of the company which is the yen swing lender in the agreement,richard j poworoznek,2,1,0
31,who is the vice president of the company associated with 101 n tryon street mail code nc1 001 05 46 charlotte north carolina 28255 0001,anthea del bianco,3,0,0
31,who is the director of the company associated with 101 n tryon street mail code nc1 001 05 46 charlotte north carolina 28255 0001,scott w reynolds,3,0,0
31,who is the vice president of the company associated with 1455 market street 5th floor mail code ca5 701 05 19 san francisco california 94103,anthea del bianco,3,0,0
31,who is the director of the company associated with 1455 market street 5th floor mail code ca5 701 05 19 san francisco california 94103,scott w reynolds,3,0,0
31,who is the vice president of the company associated with 26 elmfield road bromley br1 1wa united kingdom,anthea del bianco,3,0,0
31,who is the director of the company associated with 26 elmfield road bromley br1 1wa united kingdom,scott w reynolds,3,0,0
31,who is the executive director of the company associated with 4th floor prestige knowledge park near marathalli junction outer ring road kadabeesanahalli vathur hobli bangalore 560087,richard j poworoznek,3,0,0
31,who is the vice president of the company associated with 901 main street 64th floor mail code tx1 492 64 01 dallas texas 75202 3714,anthea del bianco,3,0,0
31,who is the director of the company associated with 901 main street 64th floor mail code tx1 492 64 01 dallas texas 75202 3714,scott w reynolds,3,0,0
31,who is the executive director of the company associated with tokyo building 2 7 3 marunouchi chiyoda ku tokyo 100 6432 japan,richard j poworoznek,3,0,0
31,who is the treasurer of the company associated with 900 metro center boulevard,richard laiderman,3,0,0
31,who is the treasurer of the company associated with 900 metro center boulevard treasury mailstop m1 6c foster city ca 94404,richard laiderman,3,0,0
31,who is the executive director of the company where robert casey is employed,eoin roche,3,0,0
31,who is the authorized signatory of the company where eoin roche is employed,robert casey,3,0,0
31,who is the documentation manager of the company where johanna minaya is employed,robert k reddington,3,0,0
31,who is the vice president of the company where scott w reynolds is employed,anthea del bianco,3,0,0
31,who is the director of the company where anthea del bianco is employed,scott w reynolds,3,0,0
19,who is the president of the company which is the borrower in the agreement,terry w handley,2,1,0
19,who is the authorized signatory of the company associated with 200 vesey street new york new york 10281,john flores,3,0,0
19,who is the manager agency of the company associated with 200 vesey street new york new york 10281,rodica dutka,3,0,0
19,who is the president of the company associated with one convenience blvd ankeny ia 50021,terry w handley,3,0,0
19,who is the authorized signatory of the company associated with rbc agency services group 20 king street west 4th floor toronto ontario canada,john flores,3,0,0
19,who is the manager agency of the company associated with rbc agency services group 20 king street west 4th floor toronto ontario canada,rodica dutka,3,0,0
19,who is the managing director of the company where timothy j devane is employed,robert graff,3,0,0
19,who is the executive director of the company where robert graff is employed,timothy j devane,3,0,0
19,who is the authorized signatory of the company where rodica dutka is employed,john flores,3,0,0
19,who is the manager agency of the company where john flores is employed,rodica dutka,3,0,0
27,who is the chief financial and officer of gastar midco holdings llc,michael a gerlich,2,1,0
27,who is the chief financial and secretary of gastar midco holdings llc,michael a gerlich,2,1,0
27,who is the chief financial and senior vice president of gastar midco holdings llc,michael a gerlich,2,1,0
27,who is the officer and secretary of gastar midco holdings llc,michael a gerlich,2,1,0
27,who is the officer and senior vice president of gastar midco holdings llc,michael a gerlich,2,1,0
27,who is the secretary and senior vice president of gastar midco holdings llc,michael a gerlich,2,1,0
27,who is the authorized signatory of the company associated with ares management llc 2000 avenue of the stars 12th floor los angeles ca90067,gary levin,3,0,0
27,who is the secretary of the company associated with ares management llc 2000 avenue of the stars 12th floor los angeles ca90067,michael a gerlich,3,0,0
27,who is the chief financial of the company associated with ares management llc 2000 avenue of the stars 12th floor los angeles ca90067,michael a gerlich,3,0,0
27,who is the officer of the company associated with ares management llc 2000 avenue of the stars 12th floor los angeles ca90067,michael a gerlich,3,0,0
27,who is the senior vice president of the company associated with ares management llc 2000 avenue of the stars 12th floor los angeles ca90067,michael a gerlich,3,0,0
33,what role does credit suisse securities usa llc have in the agreement which is not the role of goldman sachs bank usa,bookrunners,2,1,0
33,what role does goldman sachs bank usa have in the agreement which is not the role of jp morgan securities llc,joint bookrunners,2,1,0
33,what role does goldman sachs bank usa have in the agreement which is not the role of ubs securities llc,joint bookrunners,2,1,0
33,what role does jp morgan securities llc have in the agreement which is not the role of ubs securities llc,syndication agent,2,1,0
33,what company is the arrangers but not the bookrunners in the agreement,goldman sachs bank usa,2,1,0
33,who are the authorized signatorys of credit suisse ag,"christopher day, jean marc vauclair",2,0,1
33,what are the roles in the agreement of the company where christopher day is employed,"collateral agent, administrative agent",2,0,1
33,what are the roles in the agreement of the company where jean marc vauclair is employed,"collateral agent, administrative agent",2,0,1
33,who is the chief financial officer and secretary of ply gem holdings inc,shawn k poe,2,1,0
33,who is the chief financial officer and treasurer of ply gem holdings inc,shawn k poe,2,1,0
33,who is the chief financial officer and vice president of ply gem holdings inc,shawn k poe,2,1,0
33,who is the secretary and treasurer of ply gem holdings inc,shawn k poe,2,1,0
33,who is the secretary and vice president of ply gem holdings inc,shawn k poe,2,1,0
33,who is the treasurer and vice president of ply gem holdings inc,shawn k poe,2,1,0
33,who is the chief financial officer and secretary of ply gem industries inc,shawn k poe,2,1,0
33,who is the chief financial officer and treasurer of ply gem industries inc,shawn k poe,2,1,0
33,who is the chief financial officer and vice president of ply gem industries inc,shawn k poe,2,1,0
33,who is the secretary and treasurer of ply gem industries inc,shawn k poe,2,1,0
33,who is the secretary and vice president of ply gem industries inc,shawn k poe,2,1,0
33,who is the treasurer and vice president of ply gem industries inc,shawn k poe,2,1,0
126,what roles do both mizuho bank ltd and mufg bank ltd have in the agreement,"lenders, arrangers, bookrunners",1,1,1
126,what roles do both mizuho bank ltd and sumitomo mitsui banking corporation have in the agreement,"lenders, arrangers, bookrunners",1,1,1
126,what roles do both mizuho bank ltd and citibank na have in the agreement,"lenders, arrangers, bookrunners",1,1,1
126,what roles do both mizuho bank ltd and jpmorgan chase bank na have in the agreement,"lenders, arrangers, bookrunners",1,1,1
126,what roles do both mufg bank ltd and sumitomo mitsui banking corporation have in the agreement,"lenders, arrangers, bookrunners",1,1,1
126,what roles do both mufg bank ltd and citibank na have in the agreement,"lenders, arrangers, bookrunners",1,1,1
126,what roles do both mufg bank ltd and jpmorgan chase bank na have in the agreement,"lenders, arrangers, bookrunners",1,1,1
126,what roles do both sumitomo mitsui banking corporation and citibank na have in the agreement,"lenders, arrangers, bookrunners",1,1,1
126,what roles do both sumitomo mitsui banking corporation and jpmorgan chase bank na have in the agreement,"lenders, arrangers, bookrunners",1,1,1
126,what roles do both citibank na and jpmorgan chase bank na have in the agreement,"lenders, arrangers, bookrunners",1,1,1
126,what role does mizuho bank ltd have in the agreement which is not the role of sumitomo mitsui banking corporation,agents,2,1,0
126,what role does mizuho bank ltd have in the agreement which is not the role of jpmorgan chase bank na,agents,2,1,0
126,what role does mufg bank ltd have in the agreement which is not the role of sumitomo mitsui banking corporation,co syndication agents,2,1,0
126,what role does mufg bank ltd have in the agreement which is not the role of citibank na,co syndication agents,2,1,0
126,what role does mufg bank ltd have in the agreement which is not the role of jpmorgan chase bank na,co syndication agents,2,1,0
126,what role does sumitomo mitsui banking corporation have in the agreement which is not the role of citibank na,documentation agents,2,1,0
126,what role does sumitomo mitsui banking corporation have in the agreement which is not the role of jpmorgan chase bank na,documentation agents,2,1,0
126,what role does bnp paribas have in the agreement which is not the role of citibank na,agents,2,1,0
126,what are the roles in the agreement of the company where tracy rahn is employed,"agents, lenders, arrangers, bookrunners",2,0,1
126,what are the roles in the agreement of the company where lillian kim is employed,"lenders, arrangers, bookrunners, co syndication agents",2,0,1
126,what are the roles in the agreement of the company where michael maguire is employed,"lenders, arrangers, bookrunners, documentation agents",2,0,1
126,what are the roles in the agreement of the company where karim remtoula is employed,"agents, lenders",2,0,1
126,what are the roles in the agreement of the company where brendan heneghan is employed,"agents, lenders",2,0,1
126,what are the roles in the agreement of the company where susan m olsen is employed,"agent, lenders, arrangers, bookrunners",2,0,1
126,what are the roles in the agreement of the company where min park is employed,"lenders, arrangers, bookrunners",2,0,1
126,what are the roles in the agreement of the company associated with 1615 brett road building 3 new castle delaware 19720,"agent, lenders, arrangers, bookrunners",2,0,1
126,what are the roles in the agreement of the company associated with 10 s dearborn chicago il 60670,"lenders, arrangers, bookrunners",2,0,1
126,who is the director of the company which is the co syndication agents in the agreement,lillian kim,2,1,0
126,who is the managing director of the company which is the documentation agents in the agreement,michael maguire,2,1,0
126,who is the vice president of the company which is the agent in the agreement,susan m olsen,2,1,0
126,who is the treasurer of the company which is the borrower in the agreement,sergio a cadavid,2,1,0
126,who is the treasurer of the company associated with 10560 drmartin luther king jr st north st petersburg fl 33716,sergio a cadavid,3,0,0
126,who is the vice president of the company associated with 10 s dearborn chicago il 60670,min park,3,0,0
126,who is the vice president of the company associated with 1615 brett road building 3 new castle delaware 19720,susan m olsen,3,0,0
126,who is the director of the company where karim remtoula is employed,brendan heneghan,3,0,0
126,who is the vice president of the company where brendan heneghan is employed,karim remtoula,3,0,0
126,who is the managing director of the company where gordon yip is employed,andrew sidford,3,0,0
126,who is the director of the company where andrew sidford is employed,gordon yip,3,0,0
126,who is the director of the company where dayi liu is employed,tony huang,3,0,0
126,who is the executive director of the company where tony huang is employed,dayi liu,3,0,0
132,what roles do both jpmorgan chase bank na and us bank national association have in the agreement,"lender, arrangers, book runners",1,1,1
132,what role does bmo capital markets corp have in the agreement which is not the role of wells fargo securities llc,book runners,2,1,0
132,what role does wells fargo securities llc have in the agreement which is not the role of jpmorgan chase bank na,joint book runners,2,1,0
132,what role does wells fargo securities llc have in the agreement which is not the role of us bank national association,joint book runners,2,1,0
132,what company is the arrangers but not the book runners in the agreement,wells fargo securities llc,2,1,0
132,what company is the book runners but not the lender in the agreement,bmo capital markets corp,2,1,0
132,who are the authorized signatorys of credit suisse ag new york branch,"doreen barr, andrew griffin",2,0,1
132,what are the roles in the agreement of the company where jennifer m dunneback is employed,"lender, arrangers, book runners",2,0,1
132,what are the roles in the agreement of the company where mark r cousineau is employed,"lender, arrangers, book runners",2,0,1
132,what are the roles in the agreement of the company where amy prager is employed,"agent, lender, l c issuer",2,0,1
132,what are the roles in the agreement of the company associated with 115 south lasalle street chicago illinois 60603,"agent, lender, l c issuer",2,0,1
132,who is the executive vice president and treasurer and executive vice president chief financial officer and treasurer of assetmark financial inc,gary g zyla,2,1,0
132,who is the executive vice president and treasurer and vice president and treasurer of assetmark financial inc,gary g zyla,2,1,0
132,who is the executive vice president chief financial officer and treasurer and vice president and treasurer of assetmark financial inc,gary g zyla,2,1,0
132,who is the executive vice president and treasurer and executive vice president chief financial officer and treasurer of assetmark inc,gary g zyla,2,1,0
132,who is the executive vice president and treasurer and vice president and treasurer of assetmark inc,gary g zyla,2,1,0
132,who is the executive vice president chief financial officer and treasurer and vice president and treasurer of assetmark inc,gary g zyla,2,1,0
132,who is the executive vice president and treasurer and executive vice president chief financial officer and treasurer of assetmark retirement services inc,gary g zyla,2,1,0
132,who is the executive vice president and treasurer and vice president and treasurer of assetmark retirement services inc,gary g zyla,2,1,0
132,who is the executive vice president chief financial officer and treasurer and vice president and treasurer of assetmark retirement services inc,gary g zyla,2,1,0
132,who is the executive vice president and treasurer and executive vice president chief financial officer and treasurer of global financial advisory llc,gary g zyla,2,1,0
132,who is the executive vice president and treasurer and vice president and treasurer of global financial advisory llc,gary g zyla,2,1,0
132,who is the executive vice president chief financial officer and treasurer and vice president and treasurer of global financial advisory llc,gary g zyla,2,1,0
132,who is the executive vice president and treasurer and executive vice president chief financial officer and treasurer of global financial private capital inc,gary g zyla,2,1,0
132,who is the executive vice president and treasurer and vice president and treasurer of global financial private capital inc,gary g zyla,2,1,0
132,who is the executive vice president chief financial officer and treasurer and vice president and treasurer of global financial private capital inc,gary g zyla,2,1,0
132,who is the executive vice president and treasurer and executive vice president chief financial officer and treasurer of obs financial services inc,gary g zyla,2,1,0
132,who is the executive vice president and treasurer and vice president and treasurer of obs financial services inc,gary g zyla,2,1,0
132,who is the executive vice president chief financial officer and treasurer and vice president and treasurer of obs financial services inc,gary g zyla,2,1,0
132,who is the executive vice president and treasurer and executive vice president chief financial officer and treasurer of obs holdings inc,gary g zyla,2,1,0
132,who is the executive vice president and treasurer and vice president and treasurer of obs holdings inc,gary g zyla,2,1,0
132,who is the executive vice president chief financial officer and treasurer and vice president and treasurer of obs holdings inc,gary g zyla,2,1,0
132,who is the executive vice president and treasurer and executive vice president chief financial officer and treasurer of wbi obs financial inc,gary g zyla,2,1,0
132,who is the executive vice president and treasurer and vice president and treasurer of wbi obs financial inc,gary g zyla,2,1,0
132,who is the executive vice president chief financial officer and treasurer and vice president and treasurer of wbi obs financial inc,gary g zyla,2,1,0
132,who is the executive vice president and treasurer and executive vice president chief financial officer and treasurer of assetmark financial holdings inc,gary g zyla,2,1,0
132,who is the executive vice president and treasurer and vice president and treasurer of assetmark financial holdings inc,gary g zyla,2,1,0
132,who is the executive vice president chief financial officer and treasurer and vice president and treasurer of assetmark financial holdings inc,gary g zyla,2,1,0
132,who is the director of the company which is the l c issuer in the agreement,amy prager,2,1,0
132,who is the director of the company which is the agent in the agreement,amy prager,2,1,0
132,who is the director of the company associated with 115 south lasalle street chicago illinois 60603,amy prager,3,0,0
132,who is the vice president and treasurer of the company associated with 1655 grant street 10th floor concord ca 94520,gary g zyla,3,0,0
132,who is the executive vice president and treasurer of the company associated with 1655 grant street 10th floor concord ca 94520,gary g zyla,3,0,0
132,who is the executive vice president chief financial officer and treasurer of the company associated with 1655 grant street 10th floor concord ca 94520,gary g zyla,3,0,0
133,what are the roles in the agreement of the company where william allen is employed,"lender, administrative agent",2,0,1
133,what are the roles in the agreement of the company associated with 1001 page mill road building 4 palo alto ca 94304,"lender, administrative agent",2,0,1
133,who is the senior vice president of the company which is the syndication agent in the agreement,ronald j drobny,2,1,0
133,who is the svp of the company which is the administrative agent in the agreement,william allen,2,1,0
133,who is the chief financial officer of the company which is the borrower in the agreement,marc stolzman,2,1,0
133,who is the svp of the company associated with 1001 page mill road building 4 palo alto ca 94304,william allen,3,0,0
133,who is the chief financial officer of the company associated with 2200 first avenue south seattle wa 98134,marc stolzman,3,0,0
127,what role does bofa securities have in the agreement which is not the role of bofa securities inc,arranger,2,1,0
127,what role does jpmorgan chase bank na have in the agreement which is not the role of bank of america na,agents,2,1,0
127,what role does morgan stanley bank na have in the agreement which is not the role of bank of america na,agents,2,1,0
127,what role does us bank national association have in the agreement which is not the role of bank of america na,agents,2,1,0
127,who are the directors of deutsche bank ag,"ming k chu, annie chung",2,0,1
127,what are the roles in the agreement of the company where eugene yermash is employed,"agents, lender",2,0,1
127,what are the roles in the agreement of the company where heather e hoopingarner is employed,"agents, lender",2,0,1
127,what are the roles in the agreement of the company where julie lilienfeld is employed,"agents, lender",2,0,1
127,what are the roles in the agreement of the company where ryan m black is employed,"agents, lender",2,0,1
127,what are the roles in the agreement of the company where darren merten is employed,"lender, l c issuer, administrative agent",2,0,1
127,what are the roles in the agreement of the company where taelitha bonds harris is employed,"lender, l c issuer, administrative agent",2,0,1
127,what are the roles in the agreement of the company where annie carr is employed,"agents, lender",2,0,1
127,what are the roles in the agreement of the company where tracy rahn is employed,"agents, lender",2,0,1
127,what are the roles in the agreement of the company where annie chung is employed,"agents, lender",2,0,1
127,what are the roles in the agreement of the company where ming k chu is employed,"agents, lender",2,0,1
127,what are the roles in the agreement of the company associated with usa,"agents, lender",2,0,1
127,what are the roles in the agreement of the company associated with new york,"agents, lender",2,0,1
127,who is the treasurer and vice president of biogen inc,michael dambach,2,1,0
127,who is the authorized signatory of the company associated with usa,annie carr,3,0,0
127,who is the executive director of the company associated with usa,tracy rahn,3,0,0
127,who is the assistant vice president of the company where darren merten is employed,taelitha bonds harris,3,0,0
127,who is the director of the company where taelitha bonds harris is employed,darren merten,3,0,0
32,what roles do both barclays bank plc and jp morgan securities llc have in the agreement,"agents, arranger, bookrunner, co syndication agent",1,1,1
32,what roles do both barclays bank plc and royal bank of canada have in the agreement,"agents, lender, arranger",1,1,1
32,what roles do both barclays bank plc and hsbc bank canada have in the agreement,"lender, arrangers, bookrunner",1,1,1
32,what roles do both barclays bank plc and ubs securities llc have in the agreement,"arranger, bookrunner",1,1,1
32,what roles do both jp morgan securities llc and hsbc bank canada have in the agreement,"arrangers, bookrunner",1,1,1
32,what roles do both jp morgan securities llc and ubs securities llc have in the agreement,"arranger, bookrunner",1,1,1
32,what role does rbc capital markets have in the agreement which is not the role of ubs securities llc,arrangers,2,1,0
32,what company is the lenders but not the lender in the agreement,bnp paribas canada,2,1,0
32,what company is the arrangers but not the bookrunner in the agreement,rbc capital markets,2,1,0
32,what company is the bookrunners but not the bookrunner in the agreement,rbc capital markets,2,1,0
32,what company is the agents but not the bookrunner in the agreement,royal bank of canada,2,1,0
32,what company is the agents but not the co syndication agent in the agreement,royal bank of canada,2,1,0
32,what company is the agents but not the lender in the agreement,jp morgan securities llc,2,1,0
32,what company is the arranger but not the bookrunner in the agreement,royal bank of canada,2,1,0
32,what company is the co syndication agent but not the lender in the agreement,jp morgan securities llc,2,1,0
32,who are the directors of ubs limited,"j campbell, alan greenhow",2,0,1
32,what are the roles in the agreement of the company where ann e sutton is employed,"agents, lender, arranger, bookrunner, co syndication agent",2,0,1
32,what are the roles in the agreement of the company where gregg l byers is employed,"agents, arranger, bookrunner, co syndication agent",2,0,1
32,what are the roles in the agreement of the company where muhammad hasan is employed,lender,2,0,1
32,what are the roles in the agreement of the company where mark lumpkin jr is employed,"agents, lender, arranger, co documentation agent",2,0,1
32,what are the roles in the agreement of the company where o lavitzson is employed,lender,2,0,1
32,what are the roles in the agreement of the company where john cantalupo is employed,lender,2,0,1
32,what are the roles in the agreement of the company where rebecca camden is employed,borrowers,2,0,1
32,what are the roles in the agreement of the company where douglas brandes is employed,"bank, lender, arrangers, bookrunner, joint lead arranger",2,0,1
32,what are the roles in the agreement of the company where todd patchell is employed,"bank, lender, arrangers, bookrunner, joint lead arranger",2,0,1
32,what are the roles in the agreement of the company where alan greenhow is employed,lender,2,0,1
32,what are the roles in the agreement of the company where j campbell is employed,lender,2,0,1
32,what are the roles in the agreement of the company where john stholl is employed,"agent, arranger, bookrunner",2,0,1
32,what are the roles in the agreement of the company where barbara s wang is employed,"agent, arranger, bookrunner",2,0,1
32,what are the roles in the agreement of the company where jeremy causton is employed,"collateral agent, administrative agent",2,0,1
32,what are the roles in the agreement of the company associated with 13 15 avenue de la libert l 1931 luxembourg,"borrower, the company",2,0,1
32,what are the roles in the agreement of the company associated with canada,borrowers,2,0,1
32,what are the roles in the agreement of the company associated with norway,borrowers,2,0,1
32,what are the roles in the agreement of the company associated with corporate trustand loan agency level 27 8 canada square london e14 5hq,"collateral agent, administrative agent",2,0,1
32,what are the roles in the agreement of the company associated with level 27 8 canada square london e14 5hq,"collateral agent, administrative agent",2,0,1
32,who is the authorized signatory of the company which is the parent guarantor in the agreement,john hanbury,2,1,0
32,who is the authorized signatory of the company which is the holdco in the agreement,rebecca camden,2,1,0
32,who is the authorized signatory of the company which is the co documentation agent in the agreement,mark lumpkin jr,2,1,0
32,who is the authorized signatory of the company which is the the company in the agreement,rebecca camden,2,1,0
32,who is the authorized signatory of the company which is the borrower in the agreement,rebecca camden,2,1,0
32,who is the authorized signatory of the company which is the initial borrower in the agreement,rebecca camden,2,1,0
32,who is the authorised signatory of the company which is the administrative agent in the agreement,jeremy causton,2,1,0
32,who is the authorised signatory of the company associated with corporate trustand loan agency level 27 8 canada square london e14 5hq,jeremy causton,3,0,0
32,who is the authorised signatory of the company associated with level 27 8 canada square london e14 5hq,jeremy causton,3,0,0
32,who is the authorized signatory of the company associated with 13 15 avenue de la libert l 1931 luxembourg,rebecca camden,3,0,0
32,who is the authorized signatory of the company associated with netherlands,rebecca camden,3,0,0
32,who is the authorized signatory of the company associated with norway,rebecca camden,3,0,0
32,who is the authorized signatory of the company associated with canada,rebecca camden,3,0,0
32,who is the director corporate banking of the company where tony baratta is employed,chris golding,3,0,0
32,who is the managing director corporate coverage canada of the company where chris golding is employed,tony baratta,3,0,0
32,who is the assistant vice president of the company where douglas brandes is employed,todd patchell,3,0,0
32,who is the vice president commercial banking of the company where todd patchell is employed,douglas brandes,3,0,0
32,who is the director and counsel region americas legal of the company where john stholl is employed,barbara s wang,3,0,0
32,who is the director of the company where barbara s wang is employed,john stholl,3,0,0
32,what is the address of registered office of the company which is the the company in the agreement,6922767 holding s rl,3,0,0
32,what is the address of registered office of the company which is the borrower in the agreement,chc helicopter sa,3,0,0
32,what is the address of registered office of the company which is the initial borrower in the agreement,chc helicopter sa,3,0,0
26,what roles do both credit suisse loan funding llc and barclays bank plc have in the agreement,"agents, bookrunners, lead arrangers",1,1,1
26,what roles do both credit suisse loan funding llc and mizuho bank ltd have in the agreement,"agents, bookrunners, lead arrangers",1,1,1
26,what roles do both barclays bank plc and mizuho bank ltd have in the agreement,"agents, lender, bookrunners, lead arrangers",1,1,1
26,what roles do both barclays bank plc and mufg bank ltd have in the agreement,"lender, bookrunners, lead arrangers",1,1,1
26,what roles do both barclays bank plc and morgan stanley senior funding inc have in the agreement,"lender, bookrunners, lead arrangers",1,1,1
26,what roles do both mizuho bank ltd and mufg bank ltd have in the agreement,"lender, bookrunners, lead arrangers",1,1,1
26,what roles do both mizuho bank ltd and morgan stanley senior funding inc have in the agreement,"lender, bookrunners, lead arrangers",1,1,1
26,what roles do both mufg bank ltd and morgan stanley senior funding inc have in the agreement,"lender, bookrunners, lead arrangers",1,1,1
26,what role does credit suisse loan funding llc have in the agreement which is not the role of wells fargo securities llc,agents,2,1,0
26,what role does credit suisse loan funding llc have in the agreement which is not the role of mufg bank ltd,agents,2,1,0
26,what role does credit suisse loan funding llc have in the agreement which is not the role of morgan stanley senior funding inc,agents,2,1,0
26,what role does barclays bank plc have in the agreement which is not the role of mufg bank ltd,agents,2,1,0
26,what role does barclays bank plc have in the agreement which is not the role of morgan stanley senior funding inc,agents,2,1,0
26,what role does mizuho bank ltd have in the agreement which is not the role of morgan stanley senior funding inc,agents,2,1,0
26,what role does mufg bank ltd have in the agreement which is not the role of morgan stanley senior funding inc,syndication agent,2,1,0
26,what role does wells fargo bank national association have in the agreement which is not the role of morgan stanley senior funding inc,documentation agents,2,1,0
26,who are the authorized signatorys of cayman islands brank,"john toronto, emerson almeida",2,0,1
26,who are the managing directors of banco bilbao vizcaya argentaria,"brian crowley, veronica incera",2,0,1
26,who are the managing directors of unicredit bank ag,"marc fussbahn, fabio della malva",2,0,1
26,what are the roles in the agreement of the company where ronnie glenn is employed,"agents, lender, bookrunners, lead arrangers",2,0,1
26,what are the roles in the agreement of the company where tracy rahn is employed,"agents, lender, bookrunners, lead arrangers",2,0,1
26,what are the roles in the agreement of the company where scott oconnell is employed,"lender, bookrunners, lead arrangers, syndication agent",2,0,1
26,what are the roles in the agreement of the company where jordan harris is employed,"lender, documentation agents",2,0,1
26,what are the roles in the agreement of the company where anish shah is employed,"lender, bookrunners, lead arrangers, administrative agent",2,0,1
26,what are the roles in the agreement of the company associated with 1300 thames street thames street wharf 4th floor baltimore md 21231,"lender, bookrunners, lead arrangers, administrative agent",2,0,1
26,what are the roles in the agreement of the company associated with 1585 broadway new york ny 10036,"lender, bookrunners, lead arrangers, administrative agent",2,0,1
26,who is the senior vice president and treasurer of bristol meyers squibb company,jeffrey galik,2,1,0
26,who is the director of the company which is the syndication agent in the agreement,scott oconnell,2,1,0
26,who is the director of the company which is the documentation agents in the agreement,jordan harris,2,1,0
26,who is the authorized signatory of the company which is the administrative agent in the agreement,anish shah,2,1,0
26,who is the authorized signatory of the company associated with 1300 thames street thames street wharf 4th floor baltimore md 21231,anish shah,3,0,0
26,who is the authorized signatory of the company associated with 1585 broadway new york ny 10036,anish shah,3,0,0
26,who is the treasurer of the company associated with 345 park avenue new york new york 10154,jeffreygalik,3,0,0
26,who is the corporate secretary of the company associated with 345 park avenue new york new york 10154,katherinekelly,3,0,0
26,who is the treasurer of the company associated with route 206 and province line road princeton new jersey 08543,jeffreygalik,3,0,0
26,who is the corporate secretary of the company associated with route 206 and province line road princeton new jersey 08543,katherinekelly,3,0,0
26,who is the director of the company associated with new york,ming k chu,3,0,0
26,who is the managing director of the company where ade adedeji is employed,christopher sked,3,0,0
26,who is the vice president of the company where christopher sked is employed,ade adedeji,3,0,0
26,who is the corporate secretary of the company where jeffrey galik is employed,katherine kelly,3,0,0
26,who is the senior vice president of the company where katherine kelly is employed,jeffrey galik,3,0,0
26,who is the treasurer of the company where katherine kelly is employed,jeffrey galik,3,0,0
26,who is the managing director of the company where jill wong is employed,gary herzog,3,0,0
26,who is the director of the company where gary herzog is employed,jill wong,3,0,0
26,who is the managing director of the company where veli matti abohen is employed,pedro bell,3,0,0
26,who is the vice president of the company where pedro bell is employed,veli matti abohen,3,0,0
26,who is the treasurer of the company where katherinekelly is employed,jeffreygalik,3,0,0
26,who is the corporate secretary of the company where jeffreygalik is employed,katherinekelly,3,0,0
26,what is the address of office of the company which is the administrative agent in the agreement,morgan stanley senior funding inc,3,0,0
26,what is the address of branch of the company where brian crowley is employed,new york,3,0,0
26,what is the address of branch of the company where fabio della malva is employed,new york,3,0,0
26,what is the address of branch of the company where marc fussbahn is employed,new york,3,0,0
26,what is the address of branch of the company where ming k chu is employed,new york,3,0,0
26,what is the address of branch of the company where pedro bell is employed,new york,3,0,0
26,what is the address of branch of the company where veli matti abohen is employed,new york,3,0,0
26,what is the address of branch of the company where virginia cosenza is employed,new york,3,0,0
