document_number,average_f1_score,average_edit_distance,average_cosine_similarity,total_questions
1,1.0,1.0,1.0000000000000002,14
2,0.7821219715956559,0.8060944869789809,0.7800949686244376,38
3,0.9497584541062802,0.9377266615052362,0.9557730002468606,23
4,0.7969841269841269,0.8247209953788901,0.7927299493506397,25
5,0.6125670525127047,0.6533098028861254,0.6301292211613309,20
