document_number,average_f1_score,average_edit_distance,average_cosine_similarity,total_questions
1,1.0,1.0,1.0000000000000002,14
4,0.8058730158730159,0.8209005468215994,0.7927299493506397,25
5,0.6571800301148127,0.6551081223507237,0.6267772744557093,20
