document_number,average_f1_score,average_edit_distance,average_cosine_similarity,total_questions
1,1.0,1.0,1.0000000000000002,14
4,0.8369841269841269,0.8545543287122235,0.8327299493506396,25
5,0.6125670525127047,0.6533098028861254,0.6301292211613309,20
