document_number,average_f1_score,average_edit_distance,total_questions
1,1.0,0.9251700680272109,14
2,0.7943400167084378,0.6450983317508086,38
3,0.9332196646774653,0.6229356781600821,23
4,0.27,0.34374147179901654,25
5,0.6025388570239829,0.434464001744729,20
6,0.7432216905901116,0.7188770825134462,11
