document_number,average_f1_score,average_edit_distance,average_cosine_similarity,total_questions
1,0.8571428571428571,0.8831632653061224,0.8571428571428571,14
4,0.2533333333333333,0.39511147093883664,0.22948046256739513,25
5,0.5128571428571428,0.5459432560878575,0.49395548141615436,20
